Command line invocation:
    /Applications/Xcode.app/Contents/Developer/usr/bin/xcodebuild -project /private/var/folders/6m/vxwlbjsn7vs6h80_98w6x7p40000gn/T/parlor-audit-dsc01-apphost-02-mxgx7n3y/copy/iosApp/iosApp.xcodeproj -scheme iosApp -configuration Debug -sdk iphonesimulator -destination id=C6EB83F8-9744-4515-A026-370C0F6B6000 -derivedDataPath /private/var/folders/6m/vxwlbjsn7vs6h80_98w6x7p40000gn/T/parlor-audit-dsc01-apphost-02-mxgx7n3y/DerivedData -resultBundlePath /private/var/folders/6m/vxwlbjsn7vs6h80_98w6x7p40000gn/T/parlor-audit-dsc01-apphost-02-mxgx7n3y/Results.xcresult -parallel-testing-enabled NO -maximum-concurrent-test-simulator-destinations 1 -disable-concurrent-destination-testing -jobs 1 -test-timeouts-enabled YES -default-test-execution-time-allowance 720 -maximum-test-execution-time-allowance 900 CODE_SIGNING_ALLOWED=NO CODE_SIGNING_REQUIRED=NO CODE_SIGN_IDENTITY= DEVELOPMENT_TEAM= ONLY_ACTIVE_ARCH=YES COMPILER_INDEX_STORE_ENABLE=NO test

Build settings from command line:
    CODE_SIGN_IDENTITY = 
    CODE_SIGNING_ALLOWED = NO
    CODE_SIGNING_REQUIRED = NO
    COMPILER_INDEX_STORE_ENABLE = NO
    DEVELOPMENT_TEAM = 
    ONLY_ACTIVE_ARCH = YES
    SDKROOT = iphonesimulator26.5

Writing result bundle at path:
	/private/var/folders/6m/vxwlbjsn7vs6h80_98w6x7p40000gn/T/parlor-audit-dsc01-apphost-02-mxgx7n3y/Results.xcresult

Build Preparation
Build task concurrency set to 1 via user default IDEBuildOperationMaxNumberOfConcurrentCompileTasks

note: Using codesigning identity override: 
ComputePackagePrebuildTargetDependencyGraph

Prepare packages

CreateBuildRequest

SendProjectDescription

CreateBuildOperation

ComputeTargetDependencyGraph
note: Building targets in dependency order
note: Target dependency graph (2 targets)
    Target 'iosAppUITests' in project 'iosApp'
        ➜ Explicit dependency on target 'iosApp' in project 'iosApp'
    Target 'iosApp' in project 'iosApp' (no dependencies)

GatherProvisioningInputs

CreateBuildDescription

ExecuteExternalTool /Applications/Xcode.app/Contents/Developer/Toolchains/XcodeDefault.xctoolchain/usr/bin/clang -v -E -dM -isysroot /Applications/Xcode.app/Contents/Developer/Platforms/iPhoneSimulator.platform/Developer/SDKs/iPhoneSimulator26.5.sdk -x c -c /dev/null

ExecuteExternalTool /Applications/Xcode.app/Contents/Developer/usr/bin/actool --print-asset-tag-combinations --output-format xml1 /var/folders/6m/vxwlbjsn7vs6h80_98w6x7p40000gn/T/parlor-audit-dsc01-apphost-02-mxgx7n3y/copy/iosApp/iosApp/Assets.xcassets

ExecuteExternalTool /Applications/Xcode.app/Contents/Developer/Toolchains/XcodeDefault.xctoolchain/usr/bin/swiftc --version

ExecuteExternalTool /Applications/Xcode.app/Contents/Developer/Toolchains/XcodeDefault.xctoolchain/usr/bin/ld -version_details

ExecuteExternalTool /Applications/Xcode.app/Contents/Developer/usr/bin/actool --version --output-format xml1

Build description signature: b0a056f62f81613fe7d3774f8adaa506
Build description path: /var/folders/6m/vxwlbjsn7vs6h80_98w6x7p40000gn/T/parlor-audit-dsc01-apphost-02-mxgx7n3y/DerivedData/Build/Intermediates.noindex/XCBuildData/b0a056f62f81613fe7d3774f8adaa506.xcbuilddata
ClangStatCache /Applications/Xcode.app/Contents/Developer/Toolchains/XcodeDefault.xctoolchain/usr/bin/clang-stat-cache /Applications/Xcode.app/Contents/Developer/Platforms/iPhoneSimulator.platform/Developer/SDKs/iPhoneSimulator26.5.sdk /var/folders/6m/vxwlbjsn7vs6h80_98w6x7p40000gn/T/parlor-audit-dsc01-apphost-02-mxgx7n3y/DerivedData/SDKStatCaches.noindex/iphonesimulator26.5-23F73-6cfe768891a92b912361537c460fe42b.sdkstatcache
    cd /var/folders/6m/vxwlbjsn7vs6h80_98w6x7p40000gn/T/parlor-audit-dsc01-apphost-02-mxgx7n3y/copy/iosApp/iosApp.xcodeproj
    /Applications/Xcode.app/Contents/Developer/Toolchains/XcodeDefault.xctoolchain/usr/bin/clang-stat-cache /Applications/Xcode.app/Contents/Developer/Platforms/iPhoneSimulator.platform/Developer/SDKs/iPhoneSimulator26.5.sdk -o /var/folders/6m/vxwlbjsn7vs6h80_98w6x7p40000gn/T/parlor-audit-dsc01-apphost-02-mxgx7n3y/DerivedData/SDKStatCaches.noindex/iphonesimulator26.5-23F73-6cfe768891a92b912361537c460fe42b.sdkstatcache

CreateBuildDirectory /var/folders/6m/vxwlbjsn7vs6h80_98w6x7p40000gn/T/parlor-audit-dsc01-apphost-02-mxgx7n3y/DerivedData/Build/Products
    cd /var/folders/6m/vxwlbjsn7vs6h80_98w6x7p40000gn/T/parlor-audit-dsc01-apphost-02-mxgx7n3y/copy/iosApp/iosApp.xcodeproj
    builtin-create-build-directory /var/folders/6m/vxwlbjsn7vs6h80_98w6x7p40000gn/T/parlor-audit-dsc01-apphost-02-mxgx7n3y/DerivedData/Build/Products

CreateBuildDirectory /var/folders/6m/vxwlbjsn7vs6h80_98w6x7p40000gn/T/parlor-audit-dsc01-apphost-02-mxgx7n3y/DerivedData/Build/Intermediates.noindex
    cd /var/folders/6m/vxwlbjsn7vs6h80_98w6x7p40000gn/T/parlor-audit-dsc01-apphost-02-mxgx7n3y/copy/iosApp/iosApp.xcodeproj
    builtin-create-build-directory /var/folders/6m/vxwlbjsn7vs6h80_98w6x7p40000gn/T/parlor-audit-dsc01-apphost-02-mxgx7n3y/DerivedData/Build/Intermediates.noindex

CreateBuildDirectory /var/folders/6m/vxwlbjsn7vs6h80_98w6x7p40000gn/T/parlor-audit-dsc01-apphost-02-mxgx7n3y/DerivedData/Build/Products/Debug-iphonesimulator
    cd /var/folders/6m/vxwlbjsn7vs6h80_98w6x7p40000gn/T/parlor-audit-dsc01-apphost-02-mxgx7n3y/copy/iosApp/iosApp.xcodeproj
    builtin-create-build-directory /var/folders/6m/vxwlbjsn7vs6h80_98w6x7p40000gn/T/parlor-audit-dsc01-apphost-02-mxgx7n3y/DerivedData/Build/Products/Debug-iphonesimulator

WriteAuxiliaryFile /var/folders/6m/vxwlbjsn7vs6h80_98w6x7p40000gn/T/parlor-audit-dsc01-apphost-02-mxgx7n3y/DerivedData/Build/Intermediates.noindex/iosApp.build/Debug-iphonesimulator/iosApp-7b79493a8b7fc1f2fff3c51cd12ba024-VFS-iphonesimulator/all-product-headers.yaml
    cd /var/folders/6m/vxwlbjsn7vs6h80_98w6x7p40000gn/T/parlor-audit-dsc01-apphost-02-mxgx7n3y/copy/iosApp/iosApp.xcodeproj
    write-file /var/folders/6m/vxwlbjsn7vs6h80_98w6x7p40000gn/T/parlor-audit-dsc01-apphost-02-mxgx7n3y/DerivedData/Build/Intermediates.noindex/iosApp.build/Debug-iphonesimulator/iosApp-7b79493a8b7fc1f2fff3c51cd12ba024-VFS-iphonesimulator/all-product-headers.yaml

CreateBuildDirectory /var/folders/6m/vxwlbjsn7vs6h80_98w6x7p40000gn/T/parlor-audit-dsc01-apphost-02-mxgx7n3y/DerivedData/Build/Intermediates.noindex/SwiftExplicitPrecompiledModules
    cd /var/folders/6m/vxwlbjsn7vs6h80_98w6x7p40000gn/T/parlor-audit-dsc01-apphost-02-mxgx7n3y/copy/iosApp/iosApp.xcodeproj
    builtin-create-build-directory /var/folders/6m/vxwlbjsn7vs6h80_98w6x7p40000gn/T/parlor-audit-dsc01-apphost-02-mxgx7n3y/DerivedData/Build/Intermediates.noindex/SwiftExplicitPrecompiledModules

CreateBuildDirectory /var/folders/6m/vxwlbjsn7vs6h80_98w6x7p40000gn/T/parlor-audit-dsc01-apphost-02-mxgx7n3y/DerivedData/Build/Intermediates.noindex/ExplicitPrecompiledModules
    cd /var/folders/6m/vxwlbjsn7vs6h80_98w6x7p40000gn/T/parlor-audit-dsc01-apphost-02-mxgx7n3y/copy/iosApp/iosApp.xcodeproj
    builtin-create-build-directory /var/folders/6m/vxwlbjsn7vs6h80_98w6x7p40000gn/T/parlor-audit-dsc01-apphost-02-mxgx7n3y/DerivedData/Build/Intermediates.noindex/ExplicitPrecompiledModules

CreateBuildDirectory /var/folders/6m/vxwlbjsn7vs6h80_98w6x7p40000gn/T/parlor-audit-dsc01-apphost-02-mxgx7n3y/DerivedData/Build/Intermediates.noindex/EagerLinkingTBDs/Debug-iphonesimulator
    cd /var/folders/6m/vxwlbjsn7vs6h80_98w6x7p40000gn/T/parlor-audit-dsc01-apphost-02-mxgx7n3y/copy/iosApp/iosApp.xcodeproj
    builtin-create-build-directory /var/folders/6m/vxwlbjsn7vs6h80_98w6x7p40000gn/T/parlor-audit-dsc01-apphost-02-mxgx7n3y/DerivedData/Build/Intermediates.noindex/EagerLinkingTBDs/Debug-iphonesimulator

WriteAuxiliaryFile /var/folders/6m/vxwlbjsn7vs6h80_98w6x7p40000gn/T/parlor-audit-dsc01-apphost-02-mxgx7n3y/DerivedData/Build/Intermediates.noindex/iosApp.build/Debug-iphonesimulator/iosAppUITests.build/iosAppUITests.hmap (in target 'iosAppUITests' from project 'iosApp')
    cd /var/folders/6m/vxwlbjsn7vs6h80_98w6x7p40000gn/T/parlor-audit-dsc01-apphost-02-mxgx7n3y/copy/iosApp
    write-file /var/folders/6m/vxwlbjsn7vs6h80_98w6x7p40000gn/T/parlor-audit-dsc01-apphost-02-mxgx7n3y/DerivedData/Build/Intermediates.noindex/iosApp.build/Debug-iphonesimulator/iosAppUITests.build/iosAppUITests.hmap

WriteAuxiliaryFile /var/folders/6m/vxwlbjsn7vs6h80_98w6x7p40000gn/T/parlor-audit-dsc01-apphost-02-mxgx7n3y/DerivedData/Build/Intermediates.noindex/iosApp.build/Debug-iphonesimulator/iosAppUITests.build/iosAppUITests.DependencyStaticMetadataFileList (in target 'iosAppUITests' from project 'iosApp')
    cd /var/folders/6m/vxwlbjsn7vs6h80_98w6x7p40000gn/T/parlor-audit-dsc01-apphost-02-mxgx7n3y/copy/iosApp
    write-file /var/folders/6m/vxwlbjsn7vs6h80_98w6x7p40000gn/T/parlor-audit-dsc01-apphost-02-mxgx7n3y/DerivedData/Build/Intermediates.noindex/iosApp.build/Debug-iphonesimulator/iosAppUITests.build/iosAppUITests.DependencyStaticMetadataFileList

WriteAuxiliaryFile /var/folders/6m/vxwlbjsn7vs6h80_98w6x7p40000gn/T/parlor-audit-dsc01-apphost-02-mxgx7n3y/DerivedData/Build/Intermediates.noindex/iosApp.build/Debug-iphonesimulator/iosAppUITests.build/iosAppUITests.DependencyMetadataFileList (in target 'iosAppUITests' from project 'iosApp')
    cd /var/folders/6m/vxwlbjsn7vs6h80_98w6x7p40000gn/T/parlor-audit-dsc01-apphost-02-mxgx7n3y/copy/iosApp
    write-file /var/folders/6m/vxwlbjsn7vs6h80_98w6x7p40000gn/T/parlor-audit-dsc01-apphost-02-mxgx7n3y/DerivedData/Build/Intermediates.noindex/iosApp.build/Debug-iphonesimulator/iosAppUITests.build/iosAppUITests.DependencyMetadataFileList

WriteAuxiliaryFile /var/folders/6m/vxwlbjsn7vs6h80_98w6x7p40000gn/T/parlor-audit-dsc01-apphost-02-mxgx7n3y/DerivedData/Build/Intermediates.noindex/iosApp.build/Debug-iphonesimulator/iosAppUITests.build/iosAppUITests-project-headers.hmap (in target 'iosAppUITests' from project 'iosApp')
    cd /var/folders/6m/vxwlbjsn7vs6h80_98w6x7p40000gn/T/parlor-audit-dsc01-apphost-02-mxgx7n3y/copy/iosApp
    write-file /var/folders/6m/vxwlbjsn7vs6h80_98w6x7p40000gn/T/parlor-audit-dsc01-apphost-02-mxgx7n3y/DerivedData/Build/Intermediates.noindex/iosApp.build/Debug-iphonesimulator/iosAppUITests.build/iosAppUITests-project-headers.hmap

WriteAuxiliaryFile /var/folders/6m/vxwlbjsn7vs6h80_98w6x7p40000gn/T/parlor-audit-dsc01-apphost-02-mxgx7n3y/DerivedData/Build/Intermediates.noindex/iosApp.build/Debug-iphonesimulator/iosAppUITests.build/iosAppUITests-own-target-headers.hmap (in target 'iosAppUITests' from project 'iosApp')
    cd /var/folders/6m/vxwlbjsn7vs6h80_98w6x7p40000gn/T/parlor-audit-dsc01-apphost-02-mxgx7n3y/copy/iosApp
    write-file /var/folders/6m/vxwlbjsn7vs6h80_98w6x7p40000gn/T/parlor-audit-dsc01-apphost-02-mxgx7n3y/DerivedData/Build/Intermediates.noindex/iosApp.build/Debug-iphonesimulator/iosAppUITests.build/iosAppUITests-own-target-headers.hmap

WriteAuxiliaryFile /var/folders/6m/vxwlbjsn7vs6h80_98w6x7p40000gn/T/parlor-audit-dsc01-apphost-02-mxgx7n3y/DerivedData/Build/Intermediates.noindex/iosApp.build/Debug-iphonesimulator/iosAppUITests.build/iosAppUITests-generated-files.hmap (in target 'iosAppUITests' from project 'iosApp')
    cd /var/folders/6m/vxwlbjsn7vs6h80_98w6x7p40000gn/T/parlor-audit-dsc01-apphost-02-mxgx7n3y/copy/iosApp
    write-file /var/folders/6m/vxwlbjsn7vs6h80_98w6x7p40000gn/T/parlor-audit-dsc01-apphost-02-mxgx7n3y/DerivedData/Build/Intermediates.noindex/iosApp.build/Debug-iphonesimulator/iosAppUITests.build/iosAppUITests-generated-files.hmap

WriteAuxiliaryFile /var/folders/6m/vxwlbjsn7vs6h80_98w6x7p40000gn/T/parlor-audit-dsc01-apphost-02-mxgx7n3y/DerivedData/Build/Intermediates.noindex/iosApp.build/Debug-iphonesimulator/iosAppUITests.build/iosAppUITests-all-target-headers.hmap (in target 'iosAppUITests' from project 'iosApp')
    cd /var/folders/6m/vxwlbjsn7vs6h80_98w6x7p40000gn/T/parlor-audit-dsc01-apphost-02-mxgx7n3y/copy/iosApp
    write-file /var/folders/6m/vxwlbjsn7vs6h80_98w6x7p40000gn/T/parlor-audit-dsc01-apphost-02-mxgx7n3y/DerivedData/Build/Intermediates.noindex/iosApp.build/Debug-iphonesimulator/iosAppUITests.build/iosAppUITests-all-target-headers.hmap

WriteAuxiliaryFile /var/folders/6m/vxwlbjsn7vs6h80_98w6x7p40000gn/T/parlor-audit-dsc01-apphost-02-mxgx7n3y/DerivedData/Build/Intermediates.noindex/iosApp.build/Debug-iphonesimulator/iosAppUITests.build/iosAppUITests-all-non-framework-target-headers.hmap (in target 'iosAppUITests' from project 'iosApp')
    cd /var/folders/6m/vxwlbjsn7vs6h80_98w6x7p40000gn/T/parlor-audit-dsc01-apphost-02-mxgx7n3y/copy/iosApp
    write-file /var/folders/6m/vxwlbjsn7vs6h80_98w6x7p40000gn/T/parlor-audit-dsc01-apphost-02-mxgx7n3y/DerivedData/Build/Intermediates.noindex/iosApp.build/Debug-iphonesimulator/iosAppUITests.build/iosAppUITests-all-non-framework-target-headers.hmap

WriteAuxiliaryFile /var/folders/6m/vxwlbjsn7vs6h80_98w6x7p40000gn/T/parlor-audit-dsc01-apphost-02-mxgx7n3y/DerivedData/Build/Intermediates.noindex/iosApp.build/Debug-iphonesimulator/iosAppUITests.build/empty-iosAppUITests.plist (in target 'iosAppUITests' from project 'iosApp')
    cd /var/folders/6m/vxwlbjsn7vs6h80_98w6x7p40000gn/T/parlor-audit-dsc01-apphost-02-mxgx7n3y/copy/iosApp
    write-file /var/folders/6m/vxwlbjsn7vs6h80_98w6x7p40000gn/T/parlor-audit-dsc01-apphost-02-mxgx7n3y/DerivedData/Build/Intermediates.noindex/iosApp.build/Debug-iphonesimulator/iosAppUITests.build/empty-iosAppUITests.plist

WriteAuxiliaryFile /var/folders/6m/vxwlbjsn7vs6h80_98w6x7p40000gn/T/parlor-audit-dsc01-apphost-02-mxgx7n3y/DerivedData/Build/Intermediates.noindex/iosApp.build/Debug-iphonesimulator/iosAppUITests.build/ProductTypeInfoPlistAdditions.plist (in target 'iosAppUITests' from project 'iosApp')
    cd /var/folders/6m/vxwlbjsn7vs6h80_98w6x7p40000gn/T/parlor-audit-dsc01-apphost-02-mxgx7n3y/copy/iosApp
    write-file /var/folders/6m/vxwlbjsn7vs6h80_98w6x7p40000gn/T/parlor-audit-dsc01-apphost-02-mxgx7n3y/DerivedData/Build/Intermediates.noindex/iosApp.build/Debug-iphonesimulator/iosAppUITests.build/ProductTypeInfoPlistAdditions.plist

WriteAuxiliaryFile /var/folders/6m/vxwlbjsn7vs6h80_98w6x7p40000gn/T/parlor-audit-dsc01-apphost-02-mxgx7n3y/DerivedData/Build/Intermediates.noindex/iosApp.build/Debug-iphonesimulator/iosAppUITests.build/Objects-normal/arm64/iosAppUITests_const_extract_protocols.json (in target 'iosAppUITests' from project 'iosApp')
    cd /var/folders/6m/vxwlbjsn7vs6h80_98w6x7p40000gn/T/parlor-audit-dsc01-apphost-02-mxgx7n3y/copy/iosApp
    write-file /var/folders/6m/vxwlbjsn7vs6h80_98w6x7p40000gn/T/parlor-audit-dsc01-apphost-02-mxgx7n3y/DerivedData/Build/Intermediates.noindex/iosApp.build/Debug-iphonesimulator/iosAppUITests.build/Objects-normal/arm64/iosAppUITests_const_extract_protocols.json

WriteAuxiliaryFile /var/folders/6m/vxwlbjsn7vs6h80_98w6x7p40000gn/T/parlor-audit-dsc01-apphost-02-mxgx7n3y/DerivedData/Build/Intermediates.noindex/iosApp.build/Debug-iphonesimulator/iosAppUITests.build/Objects-normal/arm64/iosAppUITests.SwiftFileList (in target 'iosAppUITests' from project 'iosApp')
    cd /var/folders/6m/vxwlbjsn7vs6h80_98w6x7p40000gn/T/parlor-audit-dsc01-apphost-02-mxgx7n3y/copy/iosApp
    write-file /var/folders/6m/vxwlbjsn7vs6h80_98w6x7p40000gn/T/parlor-audit-dsc01-apphost-02-mxgx7n3y/DerivedData/Build/Intermediates.noindex/iosApp.build/Debug-iphonesimulator/iosAppUITests.build/Objects-normal/arm64/iosAppUITests.SwiftFileList

WriteAuxiliaryFile /var/folders/6m/vxwlbjsn7vs6h80_98w6x7p40000gn/T/parlor-audit-dsc01-apphost-02-mxgx7n3y/DerivedData/Build/Intermediates.noindex/iosApp.build/Debug-iphonesimulator/iosAppUITests.build/Objects-normal/arm64/iosAppUITests.SwiftConstValuesFileList (in target 'iosAppUITests' from project 'iosApp')
    cd /var/folders/6m/vxwlbjsn7vs6h80_98w6x7p40000gn/T/parlor-audit-dsc01-apphost-02-mxgx7n3y/copy/iosApp
    write-file /var/folders/6m/vxwlbjsn7vs6h80_98w6x7p40000gn/T/parlor-audit-dsc01-apphost-02-mxgx7n3y/DerivedData/Build/Intermediates.noindex/iosApp.build/Debug-iphonesimulator/iosAppUITests.build/Objects-normal/arm64/iosAppUITests.SwiftConstValuesFileList

WriteAuxiliaryFile /var/folders/6m/vxwlbjsn7vs6h80_98w6x7p40000gn/T/parlor-audit-dsc01-apphost-02-mxgx7n3y/DerivedData/Build/Intermediates.noindex/iosApp.build/Debug-iphonesimulator/iosAppUITests.build/Objects-normal/arm64/iosAppUITests.LinkFileList (in target 'iosAppUITests' from project 'iosApp')
    cd /var/folders/6m/vxwlbjsn7vs6h80_98w6x7p40000gn/T/parlor-audit-dsc01-apphost-02-mxgx7n3y/copy/iosApp
    write-file /var/folders/6m/vxwlbjsn7vs6h80_98w6x7p40000gn/T/parlor-audit-dsc01-apphost-02-mxgx7n3y/DerivedData/Build/Intermediates.noindex/iosApp.build/Debug-iphonesimulator/iosAppUITests.build/Objects-normal/arm64/iosAppUITests.LinkFileList

WriteAuxiliaryFile /var/folders/6m/vxwlbjsn7vs6h80_98w6x7p40000gn/T/parlor-audit-dsc01-apphost-02-mxgx7n3y/DerivedData/Build/Intermediates.noindex/iosApp.build/Debug-iphonesimulator/iosAppUITests.build/Objects-normal/arm64/iosAppUITests-OutputFileMap.json (in target 'iosAppUITests' from project 'iosApp')
    cd /var/folders/6m/vxwlbjsn7vs6h80_98w6x7p40000gn/T/parlor-audit-dsc01-apphost-02-mxgx7n3y/copy/iosApp
    write-file /var/folders/6m/vxwlbjsn7vs6h80_98w6x7p40000gn/T/parlor-audit-dsc01-apphost-02-mxgx7n3y/DerivedData/Build/Intermediates.noindex/iosApp.build/Debug-iphonesimulator/iosAppUITests.build/Objects-normal/arm64/iosAppUITests-OutputFileMap.json

note: Run script build phase 'Compile Kotlin Framework' will be run during every build because the option to run the script phase "Based on dependency analysis" is unchecked. (in target 'iosApp' from project 'iosApp')
WriteAuxiliaryFile /var/folders/6m/vxwlbjsn7vs6h80_98w6x7p40000gn/T/parlor-audit-dsc01-apphost-02-mxgx7n3y/DerivedData/Build/Intermediates.noindex/iosApp.build/Debug-iphonesimulator/iosApp.build/Script-F7AC9D762B0E10F7008B8A48.sh (in target 'iosApp' from project 'iosApp')
    cd /var/folders/6m/vxwlbjsn7vs6h80_98w6x7p40000gn/T/parlor-audit-dsc01-apphost-02-mxgx7n3y/copy/iosApp
    write-file /var/folders/6m/vxwlbjsn7vs6h80_98w6x7p40000gn/T/parlor-audit-dsc01-apphost-02-mxgx7n3y/DerivedData/Build/Intermediates.noindex/iosApp.build/Debug-iphonesimulator/iosApp.build/Script-F7AC9D762B0E10F7008B8A48.sh

WriteAuxiliaryFile /var/folders/6m/vxwlbjsn7vs6h80_98w6x7p40000gn/T/parlor-audit-dsc01-apphost-02-mxgx7n3y/DerivedData/Build/Intermediates.noindex/iosApp.build/Debug-iphonesimulator/iosApp.build/Parlor.hmap (in target 'iosApp' from project 'iosApp')
    cd /var/folders/6m/vxwlbjsn7vs6h80_98w6x7p40000gn/T/parlor-audit-dsc01-apphost-02-mxgx7n3y/copy/iosApp
    write-file /var/folders/6m/vxwlbjsn7vs6h80_98w6x7p40000gn/T/parlor-audit-dsc01-apphost-02-mxgx7n3y/DerivedData/Build/Intermediates.noindex/iosApp.build/Debug-iphonesimulator/iosApp.build/Parlor.hmap

WriteAuxiliaryFile /var/folders/6m/vxwlbjsn7vs6h80_98w6x7p40000gn/T/parlor-audit-dsc01-apphost-02-mxgx7n3y/DerivedData/Build/Intermediates.noindex/iosApp.build/Debug-iphonesimulator/iosApp.build/Parlor.DependencyStaticMetadataFileList (in target 'iosApp' from project 'iosApp')
    cd /var/folders/6m/vxwlbjsn7vs6h80_98w6x7p40000gn/T/parlor-audit-dsc01-apphost-02-mxgx7n3y/copy/iosApp
    write-file /var/folders/6m/vxwlbjsn7vs6h80_98w6x7p40000gn/T/parlor-audit-dsc01-apphost-02-mxgx7n3y/DerivedData/Build/Intermediates.noindex/iosApp.build/Debug-iphonesimulator/iosApp.build/Parlor.DependencyStaticMetadataFileList

WriteAuxiliaryFile /var/folders/6m/vxwlbjsn7vs6h80_98w6x7p40000gn/T/parlor-audit-dsc01-apphost-02-mxgx7n3y/DerivedData/Build/Intermediates.noindex/iosApp.build/Debug-iphonesimulator/iosApp.build/Parlor.DependencyMetadataFileList (in target 'iosApp' from project 'iosApp')
    cd /var/folders/6m/vxwlbjsn7vs6h80_98w6x7p40000gn/T/parlor-audit-dsc01-apphost-02-mxgx7n3y/copy/iosApp
    write-file /var/folders/6m/vxwlbjsn7vs6h80_98w6x7p40000gn/T/parlor-audit-dsc01-apphost-02-mxgx7n3y/DerivedData/Build/Intermediates.noindex/iosApp.build/Debug-iphonesimulator/iosApp.build/Parlor.DependencyMetadataFileList

WriteAuxiliaryFile /var/folders/6m/vxwlbjsn7vs6h80_98w6x7p40000gn/T/parlor-audit-dsc01-apphost-02-mxgx7n3y/DerivedData/Build/Intermediates.noindex/iosApp.build/Debug-iphonesimulator/iosApp.build/Parlor-project-headers.hmap (in target 'iosApp' from project 'iosApp')
    cd /var/folders/6m/vxwlbjsn7vs6h80_98w6x7p40000gn/T/parlor-audit-dsc01-apphost-02-mxgx7n3y/copy/iosApp
    write-file /var/folders/6m/vxwlbjsn7vs6h80_98w6x7p40000gn/T/parlor-audit-dsc01-apphost-02-mxgx7n3y/DerivedData/Build/Intermediates.noindex/iosApp.build/Debug-iphonesimulator/iosApp.build/Parlor-project-headers.hmap

WriteAuxiliaryFile /var/folders/6m/vxwlbjsn7vs6h80_98w6x7p40000gn/T/parlor-audit-dsc01-apphost-02-mxgx7n3y/DerivedData/Build/Intermediates.noindex/iosApp.build/Debug-iphonesimulator/iosApp.build/Parlor-own-target-headers.hmap (in target 'iosApp' from project 'iosApp')
    cd /var/folders/6m/vxwlbjsn7vs6h80_98w6x7p40000gn/T/parlor-audit-dsc01-apphost-02-mxgx7n3y/copy/iosApp
    write-file /var/folders/6m/vxwlbjsn7vs6h80_98w6x7p40000gn/T/parlor-audit-dsc01-apphost-02-mxgx7n3y/DerivedData/Build/Intermediates.noindex/iosApp.build/Debug-iphonesimulator/iosApp.build/Parlor-own-target-headers.hmap

WriteAuxiliaryFile /var/folders/6m/vxwlbjsn7vs6h80_98w6x7p40000gn/T/parlor-audit-dsc01-apphost-02-mxgx7n3y/DerivedData/Build/Intermediates.noindex/iosApp.build/Debug-iphonesimulator/iosApp.build/Parlor-generated-files.hmap (in target 'iosApp' from project 'iosApp')
    cd /var/folders/6m/vxwlbjsn7vs6h80_98w6x7p40000gn/T/parlor-audit-dsc01-apphost-02-mxgx7n3y/copy/iosApp
    write-file /var/folders/6m/vxwlbjsn7vs6h80_98w6x7p40000gn/T/parlor-audit-dsc01-apphost-02-mxgx7n3y/DerivedData/Build/Intermediates.noindex/iosApp.build/Debug-iphonesimulator/iosApp.build/Parlor-generated-files.hmap

WriteAuxiliaryFile /var/folders/6m/vxwlbjsn7vs6h80_98w6x7p40000gn/T/parlor-audit-dsc01-apphost-02-mxgx7n3y/DerivedData/Build/Intermediates.noindex/iosApp.build/Debug-iphonesimulator/iosApp.build/Parlor-all-target-headers.hmap (in target 'iosApp' from project 'iosApp')
    cd /var/folders/6m/vxwlbjsn7vs6h80_98w6x7p40000gn/T/parlor-audit-dsc01-apphost-02-mxgx7n3y/copy/iosApp
    write-file /var/folders/6m/vxwlbjsn7vs6h80_98w6x7p40000gn/T/parlor-audit-dsc01-apphost-02-mxgx7n3y/DerivedData/Build/Intermediates.noindex/iosApp.build/Debug-iphonesimulator/iosApp.build/Parlor-all-target-headers.hmap

WriteAuxiliaryFile /var/folders/6m/vxwlbjsn7vs6h80_98w6x7p40000gn/T/parlor-audit-dsc01-apphost-02-mxgx7n3y/DerivedData/Build/Intermediates.noindex/iosApp.build/Debug-iphonesimulator/iosApp.build/Parlor-all-non-framework-target-headers.hmap (in target 'iosApp' from project 'iosApp')
    cd /var/folders/6m/vxwlbjsn7vs6h80_98w6x7p40000gn/T/parlor-audit-dsc01-apphost-02-mxgx7n3y/copy/iosApp
    write-file /var/folders/6m/vxwlbjsn7vs6h80_98w6x7p40000gn/T/parlor-audit-dsc01-apphost-02-mxgx7n3y/DerivedData/Build/Intermediates.noindex/iosApp.build/Debug-iphonesimulator/iosApp.build/Parlor-all-non-framework-target-headers.hmap

WriteAuxiliaryFile /var/folders/6m/vxwlbjsn7vs6h80_98w6x7p40000gn/T/parlor-audit-dsc01-apphost-02-mxgx7n3y/DerivedData/Build/Intermediates.noindex/iosApp.build/Debug-iphonesimulator/iosApp.build/Parlor-DebugDylibPath-normal-arm64.txt (in target 'iosApp' from project 'iosApp')
    cd /var/folders/6m/vxwlbjsn7vs6h80_98w6x7p40000gn/T/parlor-audit-dsc01-apphost-02-mxgx7n3y/copy/iosApp
    write-file /var/folders/6m/vxwlbjsn7vs6h80_98w6x7p40000gn/T/parlor-audit-dsc01-apphost-02-mxgx7n3y/DerivedData/Build/Intermediates.noindex/iosApp.build/Debug-iphonesimulator/iosApp.build/Parlor-DebugDylibPath-normal-arm64.txt

WriteAuxiliaryFile /var/folders/6m/vxwlbjsn7vs6h80_98w6x7p40000gn/T/parlor-audit-dsc01-apphost-02-mxgx7n3y/DerivedData/Build/Intermediates.noindex/iosApp.build/Debug-iphonesimulator/iosApp.build/Parlor-DebugDylibInstallName-normal-arm64.txt (in target 'iosApp' from project 'iosApp')
    cd /var/folders/6m/vxwlbjsn7vs6h80_98w6x7p40000gn/T/parlor-audit-dsc01-apphost-02-mxgx7n3y/copy/iosApp
    write-file /var/folders/6m/vxwlbjsn7vs6h80_98w6x7p40000gn/T/parlor-audit-dsc01-apphost-02-mxgx7n3y/DerivedData/Build/Intermediates.noindex/iosApp.build/Debug-iphonesimulator/iosApp.build/Parlor-DebugDylibInstallName-normal-arm64.txt

WriteAuxiliaryFile /var/folders/6m/vxwlbjsn7vs6h80_98w6x7p40000gn/T/parlor-audit-dsc01-apphost-02-mxgx7n3y/DerivedData/Build/Intermediates.noindex/iosApp.build/Debug-iphonesimulator/iosApp.build/Objects-normal/arm64/iosApp_const_extract_protocols.json (in target 'iosApp' from project 'iosApp')
    cd /var/folders/6m/vxwlbjsn7vs6h80_98w6x7p40000gn/T/parlor-audit-dsc01-apphost-02-mxgx7n3y/copy/iosApp
    write-file /var/folders/6m/vxwlbjsn7vs6h80_98w6x7p40000gn/T/parlor-audit-dsc01-apphost-02-mxgx7n3y/DerivedData/Build/Intermediates.noindex/iosApp.build/Debug-iphonesimulator/iosApp.build/Objects-normal/arm64/iosApp_const_extract_protocols.json

WriteAuxiliaryFile /var/folders/6m/vxwlbjsn7vs6h80_98w6x7p40000gn/T/parlor-audit-dsc01-apphost-02-mxgx7n3y/DerivedData/Build/Intermediates.noindex/iosApp.build/Debug-iphonesimulator/iosApp.build/Objects-normal/arm64/iosApp-OutputFileMap.json (in target 'iosApp' from project 'iosApp')
    cd /var/folders/6m/vxwlbjsn7vs6h80_98w6x7p40000gn/T/parlor-audit-dsc01-apphost-02-mxgx7n3y/copy/iosApp
    write-file /var/folders/6m/vxwlbjsn7vs6h80_98w6x7p40000gn/T/parlor-audit-dsc01-apphost-02-mxgx7n3y/DerivedData/Build/Intermediates.noindex/iosApp.build/Debug-iphonesimulator/iosApp.build/Objects-normal/arm64/iosApp-OutputFileMap.json

WriteAuxiliaryFile /var/folders/6m/vxwlbjsn7vs6h80_98w6x7p40000gn/T/parlor-audit-dsc01-apphost-02-mxgx7n3y/DerivedData/Build/Intermediates.noindex/iosApp.build/Debug-iphonesimulator/iosApp.build/Objects-normal/arm64/Parlor.SwiftFileList (in target 'iosApp' from project 'iosApp')
    cd /var/folders/6m/vxwlbjsn7vs6h80_98w6x7p40000gn/T/parlor-audit-dsc01-apphost-02-mxgx7n3y/copy/iosApp
    write-file /var/folders/6m/vxwlbjsn7vs6h80_98w6x7p40000gn/T/parlor-audit-dsc01-apphost-02-mxgx7n3y/DerivedData/Build/Intermediates.noindex/iosApp.build/Debug-iphonesimulator/iosApp.build/Objects-normal/arm64/Parlor.SwiftFileList

WriteAuxiliaryFile /var/folders/6m/vxwlbjsn7vs6h80_98w6x7p40000gn/T/parlor-audit-dsc01-apphost-02-mxgx7n3y/DerivedData/Build/Intermediates.noindex/iosApp.build/Debug-iphonesimulator/iosApp.build/Objects-normal/arm64/Parlor.SwiftConstValuesFileList (in target 'iosApp' from project 'iosApp')
    cd /var/folders/6m/vxwlbjsn7vs6h80_98w6x7p40000gn/T/parlor-audit-dsc01-apphost-02-mxgx7n3y/copy/iosApp
    write-file /var/folders/6m/vxwlbjsn7vs6h80_98w6x7p40000gn/T/parlor-audit-dsc01-apphost-02-mxgx7n3y/DerivedData/Build/Intermediates.noindex/iosApp.build/Debug-iphonesimulator/iosApp.build/Objects-normal/arm64/Parlor.SwiftConstValuesFileList

WriteAuxiliaryFile /var/folders/6m/vxwlbjsn7vs6h80_98w6x7p40000gn/T/parlor-audit-dsc01-apphost-02-mxgx7n3y/DerivedData/Build/Intermediates.noindex/iosApp.build/Debug-iphonesimulator/iosApp.build/Objects-normal/arm64/Parlor.LinkFileList (in target 'iosApp' from project 'iosApp')
    cd /var/folders/6m/vxwlbjsn7vs6h80_98w6x7p40000gn/T/parlor-audit-dsc01-apphost-02-mxgx7n3y/copy/iosApp
    write-file /var/folders/6m/vxwlbjsn7vs6h80_98w6x7p40000gn/T/parlor-audit-dsc01-apphost-02-mxgx7n3y/DerivedData/Build/Intermediates.noindex/iosApp.build/Debug-iphonesimulator/iosApp.build/Objects-normal/arm64/Parlor.LinkFileList

MkDir /var/folders/6m/vxwlbjsn7vs6h80_98w6x7p40000gn/T/parlor-audit-dsc01-apphost-02-mxgx7n3y/DerivedData/Build/Products/Debug-iphonesimulator/iosAppUITests-Runner.app/PlugIns/iosAppUITests.xctest (in target 'iosAppUITests' from project 'iosApp')
    cd /var/folders/6m/vxwlbjsn7vs6h80_98w6x7p40000gn/T/parlor-audit-dsc01-apphost-02-mxgx7n3y/copy/iosApp
    /bin/mkdir -p /var/folders/6m/vxwlbjsn7vs6h80_98w6x7p40000gn/T/parlor-audit-dsc01-apphost-02-mxgx7n3y/DerivedData/Build/Products/Debug-iphonesimulator/iosAppUITests-Runner.app/PlugIns/iosAppUITests.xctest

MkDir /var/folders/6m/vxwlbjsn7vs6h80_98w6x7p40000gn/T/parlor-audit-dsc01-apphost-02-mxgx7n3y/DerivedData/Build/Products/Debug-iphonesimulator/Parlor.app (in target 'iosApp' from project 'iosApp')
    cd /var/folders/6m/vxwlbjsn7vs6h80_98w6x7p40000gn/T/parlor-audit-dsc01-apphost-02-mxgx7n3y/copy/iosApp
    /bin/mkdir -p /var/folders/6m/vxwlbjsn7vs6h80_98w6x7p40000gn/T/parlor-audit-dsc01-apphost-02-mxgx7n3y/DerivedData/Build/Products/Debug-iphonesimulator/Parlor.app

ValidateDevelopmentAssets /var/folders/6m/vxwlbjsn7vs6h80_98w6x7p40000gn/T/parlor-audit-dsc01-apphost-02-mxgx7n3y/DerivedData/Build/Intermediates.noindex/iosApp.build/Debug-iphonesimulator/iosApp.build (in target 'iosApp' from project 'iosApp')
    cd /var/folders/6m/vxwlbjsn7vs6h80_98w6x7p40000gn/T/parlor-audit-dsc01-apphost-02-mxgx7n3y/copy/iosApp
    builtin-validate-development-assets --validate YES_ERROR /var/folders/6m/vxwlbjsn7vs6h80_98w6x7p40000gn/T/parlor-audit-dsc01-apphost-02-mxgx7n3y/copy/iosApp/iosApp/Preview\ Content

PhaseScriptExecution Compile\ Kotlin\ Framework /var/folders/6m/vxwlbjsn7vs6h80_98w6x7p40000gn/T/parlor-audit-dsc01-apphost-02-mxgx7n3y/DerivedData/Build/Intermediates.noindex/iosApp.build/Debug-iphonesimulator/iosApp.build/Script-F7AC9D762B0E10F7008B8A48.sh (in target 'iosApp' from project 'iosApp')
    cd /var/folders/6m/vxwlbjsn7vs6h80_98w6x7p40000gn/T/parlor-audit-dsc01-apphost-02-mxgx7n3y/copy/iosApp
    export ACTION\=build
    export AD_HOC_CODE_SIGNING_ALLOWED\=YES
    export AGGREGATE_TRACKED_DOMAINS\=YES
    export ALLOW_BUILD_REQUEST_OVERRIDES\=NO
    export ALLOW_TARGET_PLATFORM_SPECIALIZATION\=NO
    export ALTERNATE_GROUP\=staff
    export ALTERNATE_MODE\=u+w,go-w,a+rX
    export ALTERNATE_OWNER\=abdelrahman
    export ALTERNATIVE_DISTRIBUTION_WEB\=NO
    export ALWAYS_EMBED_SWIFT_STANDARD_LIBRARIES\=NO
    export ALWAYS_SEARCH_USER_PATHS\=NO
    export ALWAYS_USE_SEPARATE_HEADERMAPS\=NO
    export APPLICATION_EXTENSION_API_ONLY\=NO
    export APPLY_RULES_IN_COPY_FILES\=NO
    export APPLY_RULES_IN_COPY_HEADERS\=NO
    export APP_NAME\=Parlor
    export APP_SHORTCUTS_ENABLE_FLEXIBLE_MATCHING\=YES
    export ARCHS\=arm64
    export ARCHS_BASE\=arm64
    export ARCHS_STANDARD\=arm64\ x86_64
    export ARCHS_STANDARD_32_64_BIT\=arm64\ x86_64
    export ARCHS_STANDARD_64_BIT\=arm64\ x86_64
    export ARCHS_STANDARD_INCLUDING_64_BIT\=arm64\ x86_64
    export ARCHS_UNIVERSAL_IPHONE_OS\=arm64\ x86_64
    export ASSETCATALOG_COMPILER_APPICON_NAME\=AppIcon
    export ASSETCATALOG_COMPILER_GLOBAL_ACCENT_COLOR_NAME\=AccentColor
    export ASSETCATALOG_FILTER_FOR_DEVICE_MODEL\=iPhone18,1
    export ASSETCATALOG_FILTER_FOR_DEVICE_OS_VERSION\=26.5
    export ASSETCATALOG_FILTER_FOR_THINNING_DEVICE_CONFIGURATION\=iPhone18,1
    export AUTOMATICALLY_MERGE_DEPENDENCIES\=NO
    export AUTOMATION_APPLE_EVENTS\=NO
    export AVAILABLE_PLATFORMS\=android\ appletvos\ appletvsimulator\ driverkit\ freebsd\ iphoneos\ iphonesimulator\ linux\ macosx\ none\ openbsd\ qnx\ watchos\ watchsimulator\ webassembly\ xros\ xrsimulator
    export BUILD_ACTIVE_RESOURCES_ONLY\=YES
    export BUILD_COMPONENTS\=headers\ build
    export BUILD_DIR\=/var/folders/6m/vxwlbjsn7vs6h80_98w6x7p40000gn/T/parlor-audit-dsc01-apphost-02-mxgx7n3y/DerivedData/Build/Products
    export BUILD_LIBRARY_FOR_DISTRIBUTION\=NO
    export BUILD_ONLY_KNOWN_LOCALIZATIONS\=NO
    export BUILD_ROOT\=/var/folders/6m/vxwlbjsn7vs6h80_98w6x7p40000gn/T/parlor-audit-dsc01-apphost-02-mxgx7n3y/DerivedData/Build/Products
    export BUILD_STYLE\=
    export BUILD_VARIANTS\=normal
    export BUILT_PRODUCTS_DIR\=/var/folders/6m/vxwlbjsn7vs6h80_98w6x7p40000gn/T/parlor-audit-dsc01-apphost-02-mxgx7n3y/DerivedData/Build/Products/Debug-iphonesimulator
    export BUNDLE_CONTENTS_FOLDER_PATH_deep\=Contents/
    export BUNDLE_EXECUTABLE_FOLDER_NAME_deep\=MacOS
    export BUNDLE_EXTENSIONS_FOLDER_PATH\=Extensions
    export BUNDLE_FORMAT\=shallow
    export BUNDLE_FRAMEWORKS_FOLDER_PATH\=Frameworks
    export BUNDLE_ID\=com.parlor.app
    export BUNDLE_PLUGINS_FOLDER_PATH\=PlugIns
    export BUNDLE_PRIVATE_HEADERS_FOLDER_PATH\=PrivateHeaders
    export BUNDLE_PUBLIC_HEADERS_FOLDER_PATH\=Headers
    export CACHE_ROOT\=/var/folders/6m/vxwlbjsn7vs6h80_98w6x7p40000gn/C/com.apple.DeveloperTools/26.5-17F42/Xcode
    export CCHROOT\=/var/folders/6m/vxwlbjsn7vs6h80_98w6x7p40000gn/C/com.apple.DeveloperTools/26.5-17F42/Xcode
    export CHMOD\=/bin/chmod
    export CHOWN\=chown
    export CLANG_ANALYZER_NONNULL\=YES
    export CLANG_ANALYZER_NUMBER_OBJECT_CONVERSION\=YES_AGGRESSIVE
    export CLANG_CACHE_FINE_GRAINED_OUTPUTS\=YES
    export CLANG_CXX_LANGUAGE_STANDARD\=gnu++14
    export CLANG_CXX_LIBRARY\=libc++
    export CLANG_ENABLE_EXPLICIT_MODULES\=YES
    export CLANG_ENABLE_MODULES\=YES
    export CLANG_ENABLE_OBJC_ARC\=YES
    export CLANG_ENABLE_OBJC_WEAK\=YES
    export CLANG_MODULES_BUILD_SESSION_FILE\=/var/folders/6m/vxwlbjsn7vs6h80_98w6x7p40000gn/T/parlor-audit-dsc01-apphost-02-mxgx7n3y/DerivedData/ModuleCache.noindex/Session.modulevalidation
    export CLANG_WARN_BLOCK_CAPTURE_AUTORELEASING\=YES
    export CLANG_WARN_BOOL_CONVERSION\=YES
    export CLANG_WARN_COMMA\=YES
    export CLANG_WARN_CONSTANT_CONVERSION\=YES
    export CLANG_WARN_DEPRECATED_OBJC_IMPLEMENTATIONS\=YES
    export CLANG_WARN_DIRECT_OBJC_ISA_USAGE\=YES_ERROR
    export CLANG_WARN_DOCUMENTATION_COMMENTS\=YES
    export CLANG_WARN_EMPTY_BODY\=YES
    export CLANG_WARN_ENUM_CONVERSION\=YES
    export CLANG_WARN_INFINITE_RECURSION\=YES
    export CLANG_WARN_INT_CONVERSION\=YES
    export CLANG_WARN_NON_LITERAL_NULL_CONVERSION\=YES
    export CLANG_WARN_OBJC_IMPLICIT_RETAIN_SELF\=YES
    export CLANG_WARN_OBJC_LITERAL_CONVERSION\=YES
    export CLANG_WARN_OBJC_ROOT_CLASS\=YES_ERROR
    export CLANG_WARN_QUOTED_INCLUDE_IN_FRAMEWORK_HEADER\=YES
    export CLANG_WARN_RANGE_LOOP_ANALYSIS\=YES
    export CLANG_WARN_STRICT_PROTOTYPES\=YES
    export CLANG_WARN_SUSPICIOUS_MOVE\=YES
    export CLANG_WARN_UNGUARDED_AVAILABILITY\=YES_AGGRESSIVE
    export CLANG_WARN_UNREACHABLE_CODE\=YES
    export CLANG_WARN__DUPLICATE_METHOD_MATCH\=YES
    export CLASS_FILE_DIR\=/var/folders/6m/vxwlbjsn7vs6h80_98w6x7p40000gn/T/parlor-audit-dsc01-apphost-02-mxgx7n3y/DerivedData/Build/Intermediates.noindex/iosApp.build/Debug-iphonesimulator/iosApp.build/JavaClasses
    export CLEAN_PRECOMPS\=YES
    export CLONE_HEADERS\=NO
    export CODESIGNING_FOLDER_PATH\=/var/folders/6m/vxwlbjsn7vs6h80_98w6x7p40000gn/T/parlor-audit-dsc01-apphost-02-mxgx7n3y/DerivedData/Build/Products/Debug-iphonesimulator/Parlor.app
    export CODE_SIGNING_ALLOWED\=NO
    export CODE_SIGNING_REQUIRED\=NO
    export CODE_SIGN_CONTEXT_CLASS\=XCiPhoneSimulatorCodeSignContext
    export CODE_SIGN_INJECT_BASE_ENTITLEMENTS\=YES
    export CODE_SIGN_STYLE\=Automatic
    export COLOR_DIAGNOSTICS\=NO
    export COMBINE_HIDPI_IMAGES\=NO
    export COMPILATION_CACHE_CAS_PATH\=/var/folders/6m/vxwlbjsn7vs6h80_98w6x7p40000gn/T/parlor-audit-dsc01-apphost-02-mxgx7n3y/DerivedData/CompilationCache.noindex
    export COMPILATION_CACHE_KEEP_CAS_DIRECTORY\=YES
    export COMPILER_INDEX_STORE_ENABLE\=NO
    export COMPOSITE_SDK_DIRS\=/var/folders/6m/vxwlbjsn7vs6h80_98w6x7p40000gn/T/parlor-audit-dsc01-apphost-02-mxgx7n3y/DerivedData/Build/Intermediates.noindex/CompositeSDKs
    export COMPRESS_PNG_FILES\=YES
    export CONFIGURATION\=Debug
    export CONFIGURATION_BUILD_DIR\=/var/folders/6m/vxwlbjsn7vs6h80_98w6x7p40000gn/T/parlor-audit-dsc01-apphost-02-mxgx7n3y/DerivedData/Build/Products/Debug-iphonesimulator
    export CONFIGURATION_TEMP_DIR\=/var/folders/6m/vxwlbjsn7vs6h80_98w6x7p40000gn/T/parlor-audit-dsc01-apphost-02-mxgx7n3y/DerivedData/Build/Intermediates.noindex/iosApp.build/Debug-iphonesimulator
    export CONTENTS_FOLDER_PATH\=Parlor.app
    export CONTENTS_FOLDER_PATH_SHALLOW_BUNDLE_NO\=Parlor.app/Contents
    export CONTENTS_FOLDER_PATH_SHALLOW_BUNDLE_YES\=Parlor.app
    export COPYING_PRESERVES_HFS_DATA\=NO
    export COPY_HEADERS_RUN_UNIFDEF\=NO
    export COPY_PHASE_STRIP\=NO
    export CORRESPONDING_DEVICE_PLATFORM_DIR\=/Applications/Xcode.app/Contents/Developer/Platforms/iPhoneOS.platform
    export CORRESPONDING_DEVICE_PLATFORM_NAME\=iphoneos
    export CORRESPONDING_DEVICE_SDK_DIR\=/Applications/Xcode.app/Contents/Developer/Platforms/iPhoneOS.platform/Developer/SDKs/iPhoneOS26.5.sdk
    export CORRESPONDING_DEVICE_SDK_NAME\=iphoneos26.5
    export CP\=/bin/cp
    export CREATE_INFOPLIST_SECTION_IN_BINARY\=NO
    export CURRENT_ARCH\=undefined_arch
    export CURRENT_PROJECT_VERSION\=1
    export CURRENT_VARIANT\=normal
    export DEAD_CODE_STRIPPING\=YES
    export DEBUGGING_SYMBOLS\=YES
    export DEBUG_INFORMATION_FORMAT\=dwarf
    export DEBUG_INFORMATION_VERSION\=compiler-default
    export DEFAULT_COMPILER\=com.apple.compilers.llvm.clang.1_0
    export DEFAULT_DEXT_INSTALL_PATH\=/System/Library/DriverExtensions
    export DEFAULT_KEXT_INSTALL_PATH\=/System/Library/Extensions
    export DEFINES_MODULE\=NO
    export DEPLOYMENT_LOCATION\=NO
    export DEPLOYMENT_POSTPROCESSING\=NO
    export DEPLOYMENT_TARGET_SETTING_NAME\=IPHONEOS_DEPLOYMENT_TARGET
    export DEPLOYMENT_TARGET_SUGGESTED_VALUES\=12.0\ 12.1\ 12.2\ 12.3\ 12.4\ 13.0\ 13.1\ 13.2\ 13.3\ 13.4\ 13.5\ 13.6\ 14.0\ 14.1\ 14.2\ 14.3\ 14.4\ 14.5\ 14.6\ 14.7\ 15.0\ 15.1\ 15.2\ 15.3\ 15.4\ 15.5\ 15.6\ 16.0\ 16.1\ 16.2\ 16.3\ 16.4\ 16.5\ 16.6\ 17.0\ 17.1\ 17.2\ 17.3\ 17.4\ 17.5\ 17.6\ 18.0\ 18.1\ 18.2\ 18.3\ 18.4\ 18.5\ 18.6\ 26.0\ 26.2\ 26.3\ 26.4\ 26.5
    export DERIVED_FILES_DIR\=/var/folders/6m/vxwlbjsn7vs6h80_98w6x7p40000gn/T/parlor-audit-dsc01-apphost-02-mxgx7n3y/DerivedData/Build/Intermediates.noindex/iosApp.build/Debug-iphonesimulator/iosApp.build/DerivedSources
    export DERIVED_FILE_DIR\=/var/folders/6m/vxwlbjsn7vs6h80_98w6x7p40000gn/T/parlor-audit-dsc01-apphost-02-mxgx7n3y/DerivedData/Build/Intermediates.noindex/iosApp.build/Debug-iphonesimulator/iosApp.build/DerivedSources
    export DERIVED_SOURCES_DIR\=/var/folders/6m/vxwlbjsn7vs6h80_98w6x7p40000gn/T/parlor-audit-dsc01-apphost-02-mxgx7n3y/DerivedData/Build/Intermediates.noindex/iosApp.build/Debug-iphonesimulator/iosApp.build/DerivedSources
    export DEVELOPER_APPLICATIONS_DIR\=/Applications/Xcode.app/Contents/Developer/Applications
    export DEVELOPER_BIN_DIR\=/Applications/Xcode.app/Contents/Developer/usr/bin
    export DEVELOPER_DIR\=/Applications/Xcode.app/Contents/Developer
    export DEVELOPER_FRAMEWORKS_DIR\=/Applications/Xcode.app/Contents/Developer/Library/Frameworks
    export DEVELOPER_FRAMEWORKS_DIR_QUOTED\=/Applications/Xcode.app/Contents/Developer/Library/Frameworks
    export DEVELOPER_LIBRARY_DIR\=/Applications/Xcode.app/Contents/Developer/Library
    export DEVELOPER_SDK_DIR\=/Applications/Xcode.app/Contents/Developer/Platforms/MacOSX.platform/Developer/SDKs
    export DEVELOPER_TOOLS_DIR\=/Applications/Xcode.app/Contents/Developer/Tools
    export DEVELOPER_USR_DIR\=/Applications/Xcode.app/Contents/Developer/usr
    export DEVELOPMENT_ASSET_PATHS\=\"iosApp/Preview\ Content\"
    export DEVELOPMENT_LANGUAGE\=en
    export DIAGNOSE_MISSING_TARGET_DEPENDENCIES\=YES
    export DIFF\=/usr/bin/diff
    export DOCUMENTATION_FOLDER_PATH\=Parlor.app/en.lproj/Documentation
    export DONT_GENERATE_INFOPLIST_FILE\=NO
    export DSTROOT\=/tmp/iosApp.dst
    export DT_TOOLCHAIN_DIR\=/Applications/Xcode.app/Contents/Developer/Toolchains/XcodeDefault.xctoolchain
    export DUMP_DEPENDENCIES\=NO
    export DUMP_DEPENDENCIES_OUTPUT_PATH\=/var/folders/6m/vxwlbjsn7vs6h80_98w6x7p40000gn/T/parlor-audit-dsc01-apphost-02-mxgx7n3y/DerivedData/Build/Intermediates.noindex/iosApp.build/Debug-iphonesimulator/iosApp.build/iosApp-BuildDependencyInfo.json
    export DWARF_DSYM_FILE_NAME\=Parlor.app.dSYM
    export DWARF_DSYM_FILE_SHOULD_ACCOMPANY_PRODUCT\=NO
    export DWARF_DSYM_FOLDER_PATH\=/var/folders/6m/vxwlbjsn7vs6h80_98w6x7p40000gn/T/parlor-audit-dsc01-apphost-02-mxgx7n3y/DerivedData/Build/Products/Debug-iphonesimulator
    export DYNAMIC_LIBRARY_EXTENSION\=dylib
    export EAGER_COMPILATION_ALLOW_SCRIPTS\=NO
    export EAGER_LINKING\=NO
    export EFFECTIVE_PLATFORM_NAME\=-iphonesimulator
    export EFFECTIVE_SWIFT_VERSION\=5
    export EMBEDDED_CONTENT_CONTAINS_SWIFT\=NO
    export EMBED_ASSET_PACKS_IN_PRODUCT_BUNDLE\=NO
    export ENABLE_APP_SANDBOX\=NO
    export ENABLE_CODE_COVERAGE\=YES
    export ENABLE_COHORT_ARCHS\=NO
    export ENABLE_CPLUSPLUS_BOUNDS_SAFE_BUFFERS\=NO
    export ENABLE_C_BOUNDS_SAFETY\=NO
    export ENABLE_DEBUG_DYLIB\=YES
    export ENABLE_DEFAULT_HEADER_SEARCH_PATHS\=YES
    export ENABLE_DEFAULT_SEARCH_PATHS\=YES
    export ENABLE_ENHANCED_SECURITY\=NO
    export ENABLE_HARDENED_RUNTIME\=NO
    export ENABLE_HEADER_DEPENDENCIES\=YES
    export ENABLE_INCOMING_NETWORK_CONNECTIONS\=NO
    export ENABLE_ON_DEMAND_RESOURCES\=YES
    export ENABLE_OUTGOING_NETWORK_CONNECTIONS\=NO
    export ENABLE_POINTER_AUTHENTICATION\=NO
    export ENABLE_PREVIEWS\=NO
    export ENABLE_RESOURCE_ACCESS_AUDIO_INPUT\=NO
    export ENABLE_RESOURCE_ACCESS_BLUETOOTH\=NO
    export ENABLE_RESOURCE_ACCESS_CALENDARS\=NO
    export ENABLE_RESOURCE_ACCESS_CAMERA\=NO
    export ENABLE_RESOURCE_ACCESS_CONTACTS\=NO
    export ENABLE_RESOURCE_ACCESS_LOCATION\=NO
    export ENABLE_RESOURCE_ACCESS_PHOTO_LIBRARY\=NO
    export ENABLE_RESOURCE_ACCESS_PRINTING\=NO
    export ENABLE_RESOURCE_ACCESS_USB\=NO
    export ENABLE_SDK_IMPORTS\=NO
    export ENABLE_SECURITY_COMPILER_WARNINGS\=NO
    export ENABLE_STRICT_OBJC_MSGSEND\=YES
    export ENABLE_TESTABILITY\=YES
    export ENABLE_TESTING_SEARCH_PATHS\=NO
    export ENABLE_USER_SCRIPT_SANDBOXING\=NO
    export ENABLE_XOJIT_PREVIEWS\=YES
    export ENFORCE_VALID_ARCHS\=YES
    export ENTITLEMENTS_ALLOWED\=NO
    export ENTITLEMENTS_DESTINATION\=__entitlements
    export ENTITLEMENTS_REQUIRED\=NO
    export EXCLUDED_INSTALLSRC_SUBDIRECTORY_PATTERNS\=.DS_Store\ .svn\ .git\ .hg\ CVS
    export EXCLUDED_RECURSIVE_SEARCH_PATH_SUBDIRECTORIES\=\*.nib\ \*.lproj\ \*.framework\ \*.gch\ \*.xcode\*\ \*.xcassets\ \*.icon\ \(\*\)\ .DS_Store\ CVS\ .svn\ .git\ .hg\ \*.pbproj\ \*.pbxproj
    export EXECUTABLES_FOLDER_PATH\=Parlor.app/Executables
    export EXECUTABLE_BLANK_INJECTION_DYLIB_PATH\=Parlor.app/__preview.dylib
    export EXECUTABLE_DEBUG_DYLIB_INSTALL_NAME\=@rpath/Parlor.debug.dylib
    export EXECUTABLE_DEBUG_DYLIB_PATH\=Parlor.app/Parlor.debug.dylib
    export EXECUTABLE_FOLDER_PATH\=Parlor.app
    export EXECUTABLE_FOLDER_PATH_SHALLOW_BUNDLE_NO\=Parlor.app/MacOS
    export EXECUTABLE_FOLDER_PATH_SHALLOW_BUNDLE_YES\=Parlor.app
    export EXECUTABLE_NAME\=Parlor
    export EXECUTABLE_PATH\=Parlor.app/Parlor
    export EXTENSIONS_FOLDER_PATH\=Parlor.app/Extensions
    export FILE_LIST\=/var/folders/6m/vxwlbjsn7vs6h80_98w6x7p40000gn/T/parlor-audit-dsc01-apphost-02-mxgx7n3y/DerivedData/Build/Intermediates.noindex/iosApp.build/Debug-iphonesimulator/iosApp.build/Objects/LinkFileList
    export FIXED_FILES_DIR\=/var/folders/6m/vxwlbjsn7vs6h80_98w6x7p40000gn/T/parlor-audit-dsc01-apphost-02-mxgx7n3y/DerivedData/Build/Intermediates.noindex/iosApp.build/Debug-iphonesimulator/iosApp.build/FixedFiles
    export FRAMEWORKS_FOLDER_PATH\=Parlor.app/Frameworks
    export FRAMEWORK_FLAG_PREFIX\=-framework
    export FRAMEWORK_SEARCH_PATHS\=/var/folders/6m/vxwlbjsn7vs6h80_98w6x7p40000gn/T/parlor-audit-dsc01-apphost-02-mxgx7n3y/DerivedData/Build/Products/Debug-iphonesimulator\ \ /var/folders/6m/vxwlbjsn7vs6h80_98w6x7p40000gn/T/parlor-audit-dsc01-apphost-02-mxgx7n3y/copy/iosApp/../composeApp/build/xcode-frameworks/Debug/iphonesimulator26.5
    export FRAMEWORK_VERSION\=A
    export FULL_PRODUCT_NAME\=Parlor.app
    export FUSE_BUILD_PHASES\=YES
    export FUSE_BUILD_SCRIPT_PHASES\=NO
    export GCC3_VERSION\=3.3
    export GCC_C_LANGUAGE_STANDARD\=gnu11
    export GCC_DYNAMIC_NO_PIC\=NO
    export GCC_INLINES_ARE_PRIVATE_EXTERN\=YES
    export GCC_NO_COMMON_BLOCKS\=YES
    export GCC_OBJC_LEGACY_DISPATCH\=YES
    export GCC_OPTIMIZATION_LEVEL\=0
    export GCC_PFE_FILE_C_DIALECTS\=c\ objective-c\ c++\ objective-c++
    export GCC_PREPROCESSOR_DEFINITIONS\=DEBUG\=1\ 
    export GCC_SYMBOLS_PRIVATE_EXTERN\=NO
    export GCC_TREAT_WARNINGS_AS_ERRORS\=NO
    export GCC_VERSION\=com.apple.compilers.llvm.clang.1_0
    export GCC_VERSION_IDENTIFIER\=com_apple_compilers_llvm_clang_1_0
    export GCC_WARN_64_TO_32_BIT_CONVERSION\=YES
    export GCC_WARN_ABOUT_RETURN_TYPE\=YES_ERROR
    export GCC_WARN_UNDECLARED_SELECTOR\=YES
    export GCC_WARN_UNINITIALIZED_AUTOS\=YES_AGGRESSIVE
    export GCC_WARN_UNUSED_FUNCTION\=YES
    export GCC_WARN_UNUSED_VARIABLE\=YES
    export GENERATED_MODULEMAP_DIR\=/var/folders/6m/vxwlbjsn7vs6h80_98w6x7p40000gn/T/parlor-audit-dsc01-apphost-02-mxgx7n3y/DerivedData/Build/Intermediates.noindex/GeneratedModuleMaps-iphonesimulator
    export GENERATE_INFOPLIST_FILE\=NO
    export GENERATE_INTERMEDIATE_TEXT_BASED_STUBS\=YES
    export GENERATE_PKGINFO_FILE\=YES
    export GENERATE_PRELINK_OBJECT_FILE\=NO
    export GENERATE_PROFILING_CODE\=NO
    export GENERATE_TEXT_BASED_STUBS\=NO
    export GID\=20
    export GROUP\=staff
    export HEADERMAP_INCLUDES_FLAT_ENTRIES_FOR_TARGET_BEING_BUILT\=YES
    export HEADERMAP_INCLUDES_FRAMEWORK_ENTRIES_FOR_ALL_PRODUCT_TYPES\=YES
    export HEADERMAP_INCLUDES_FRAMEWORK_ENTRIES_FOR_TARGETS_NOT_BEING_BUILT\=YES
    export HEADERMAP_INCLUDES_NONPUBLIC_NONPRIVATE_HEADERS\=YES
    export HEADERMAP_INCLUDES_PROJECT_HEADERS\=YES
    export HEADERMAP_USES_FRAMEWORK_PREFIX_ENTRIES\=YES
    export HEADERMAP_USES_VFS\=NO
    export HEADER_SEARCH_PATHS\=/var/folders/6m/vxwlbjsn7vs6h80_98w6x7p40000gn/T/parlor-audit-dsc01-apphost-02-mxgx7n3y/DerivedData/Build/Products/Debug-iphonesimulator/include\ 
    export HOME\=/Users/abdelrahman
    export HOST_ARCH\=arm64
    export HOST_PLATFORM\=macosx
    export ICONV\=/usr/bin/iconv
    export IMPLICIT_DEPENDENCY_DOMAIN\=default
    export INDEX_STORE_COMPRESS\=NO
    export INDEX_STORE_ONLY_PROJECT_FILES\=NO
    export INFOPLIST_ENABLE_CFBUNDLEICONS_MERGE\=YES
    export INFOPLIST_EXPAND_BUILD_SETTINGS\=YES
    export INFOPLIST_FILE\=iosApp/Info.plist
    export INFOPLIST_OUTPUT_FORMAT\=binary
    export INFOPLIST_PATH\=Parlor.app/Info.plist
    export INFOPLIST_PREPROCESS\=NO
    export INFOSTRINGS_PATH\=Parlor.app/en.lproj/InfoPlist.strings
    export INLINE_PRIVATE_FRAMEWORKS\=NO
    export INSTALLAPI_IGNORE_SKIP_INSTALL\=YES
    export INSTALLHDRS_COPY_PHASE\=NO
    export INSTALLHDRS_SCRIPT_PHASE\=NO
    export INSTALL_DIR\=/tmp/iosApp.dst/Applications
    export INSTALL_GROUP\=staff
    export INSTALL_MODE_FLAG\=u+w,go-w,a+rX
    export INSTALL_OWNER\=abdelrahman
    export INSTALL_PATH\=/Applications
    export INSTALL_ROOT\=/tmp/iosApp.dst
    export IPHONEOS_DEPLOYMENT_TARGET\=16.0
    export IS_UNOPTIMIZED_BUILD\=YES
    export JAVAC_DEFAULT_FLAGS\=-J-Xms64m\ -J-XX:NewSize\=4M\ -J-Dfile.encoding\=UTF8
    export JAVA_APP_STUB\=/System/Library/Frameworks/JavaVM.framework/Resources/MacOS/JavaApplicationStub
    export JAVA_ARCHIVE_CLASSES\=YES
    export JAVA_ARCHIVE_TYPE\=JAR
    export JAVA_COMPILER\=/usr/bin/javac
    export JAVA_FOLDER_PATH\=Parlor.app/Java
    export JAVA_FRAMEWORK_RESOURCES_DIRS\=Resources
    export JAVA_JAR_FLAGS\=cv
    export JAVA_SOURCE_SUBDIR\=.
    export JAVA_USE_DEPENDENCIES\=YES
    export JAVA_ZIP_FLAGS\=-urg
    export JIKES_DEFAULT_FLAGS\=+E\ +OLDCSO
    export KEEP_PRIVATE_EXTERNS\=NO
    export LD_DEPENDENCY_INFO_FILE\=/var/folders/6m/vxwlbjsn7vs6h80_98w6x7p40000gn/T/parlor-audit-dsc01-apphost-02-mxgx7n3y/DerivedData/Build/Intermediates.noindex/iosApp.build/Debug-iphonesimulator/iosApp.build/Objects-normal/undefined_arch/Parlor_dependency_info.dat
    export LD_EXPORT_SYMBOLS\=YES
    export LD_GENERATE_MAP_FILE\=NO
    export LD_MAP_FILE_PATH\=/var/folders/6m/vxwlbjsn7vs6h80_98w6x7p40000gn/T/parlor-audit-dsc01-apphost-02-mxgx7n3y/DerivedData/Build/Intermediates.noindex/iosApp.build/Debug-iphonesimulator/iosApp.build/Parlor-LinkMap-normal-undefined_arch.txt
    export LD_NO_PIE\=NO
    export LD_QUOTE_LINKER_ARGUMENTS_FOR_COMPILER_DRIVER\=YES
    export LD_RUNPATH_SEARCH_PATHS\=\ @executable_path/Frameworks
    export LD_RUNPATH_SEARCH_PATHS_YES\=@loader_path/../Frameworks
    export LD_SHARED_CACHE_ELIGIBLE\=Automatic
    export LD_WARN_DUPLICATE_LIBRARIES\=NO
    export LD_WARN_UNUSED_DYLIBS\=NO
    export LEGACY_DEVELOPER_DIR\=/Applications/Xcode.app/Contents/PlugIns/Xcode3Core.ideplugin/Contents/SharedSupport/Developer
    export LEX\=lex
    export LIBRARY_DEXT_INSTALL_PATH\=/Library/DriverExtensions
    export LIBRARY_FLAG_NOSPACE\=YES
    export LIBRARY_FLAG_PREFIX\=-l
    export LIBRARY_KEXT_INSTALL_PATH\=/Library/Extensions
    export LIBRARY_SEARCH_PATHS\=/var/folders/6m/vxwlbjsn7vs6h80_98w6x7p40000gn/T/parlor-audit-dsc01-apphost-02-mxgx7n3y/DerivedData/Build/Products/Debug-iphonesimulator\ 
    export LINKER_DISPLAYS_MANGLED_NAMES\=NO
    export LINK_FILE_LIST_normal_arm64\=/var/folders/6m/vxwlbjsn7vs6h80_98w6x7p40000gn/T/parlor-audit-dsc01-apphost-02-mxgx7n3y/DerivedData/Build/Intermediates.noindex/iosApp.build/Debug-iphonesimulator/iosApp.build/Objects-normal/arm64/Parlor.LinkFileList
    export LINK_OBJC_RUNTIME\=YES
    export LINK_WITH_STANDARD_LIBRARIES\=YES
    export LLVM_TARGET_TRIPLE_OS_VERSION\=ios16.0
    export LLVM_TARGET_TRIPLE_SUFFIX\=-simulator
    export LLVM_TARGET_TRIPLE_VENDOR\=apple
    export LM_AUX_CONST_METADATA_LIST_PATH_normal_arm64\=/var/folders/6m/vxwlbjsn7vs6h80_98w6x7p40000gn/T/parlor-audit-dsc01-apphost-02-mxgx7n3y/DerivedData/Build/Intermediates.noindex/iosApp.build/Debug-iphonesimulator/iosApp.build/Objects-normal/arm64/Parlor.SwiftConstValuesFileList
    export LOCALIZATION_EXPORT_SUPPORTED\=YES
    export LOCALIZATION_PREFERS_STRING_CATALOGS\=NO
    export LOCALIZED_RESOURCES_FOLDER_PATH\=Parlor.app/en.lproj
    export LOCALIZED_STRING_CODE_COMMENTS\=NO
    export LOCALIZED_STRING_MACRO_NAMES\=NSLocalizedString\ CFCopyLocalizedString
    export LOCALIZED_STRING_SWIFTUI_SUPPORT\=YES
    export LOCAL_ADMIN_APPS_DIR\=/Applications/Utilities
    export LOCAL_APPS_DIR\=/Applications
    export LOCAL_DEVELOPER_DIR\=/Library/Developer
    export LOCAL_LIBRARY_DIR\=/Library
    export LOCROOT\=/var/folders/6m/vxwlbjsn7vs6h80_98w6x7p40000gn/T/parlor-audit-dsc01-apphost-02-mxgx7n3y/copy/iosApp
    export LOCSYMROOT\=/var/folders/6m/vxwlbjsn7vs6h80_98w6x7p40000gn/T/parlor-audit-dsc01-apphost-02-mxgx7n3y/copy/iosApp
    export MACH_O_TYPE\=mh_execute
    export MAC_OS_X_PRODUCT_BUILD_VERSION\=25C56
    export MAC_OS_X_VERSION_ACTUAL\=260200
    export MAC_OS_X_VERSION_MAJOR\=260000
    export MAC_OS_X_VERSION_MINOR\=260200
    export MAKE_MERGEABLE\=NO
    export MARKETING_VERSION\=1.0.0
    export MERGEABLE_LIBRARY\=NO
    export MERGED_BINARY_TYPE\=none
    export MERGE_LINKED_LIBRARIES\=NO
    export METAL_LIBRARY_FILE_BASE\=default
    export METAL_LIBRARY_OUTPUT_DIR\=/var/folders/6m/vxwlbjsn7vs6h80_98w6x7p40000gn/T/parlor-audit-dsc01-apphost-02-mxgx7n3y/DerivedData/Build/Products/Debug-iphonesimulator/Parlor.app
    export MOBILE_RELEASE_IOS_CODE_SIGN_STYLE\=Automatic
    export MODULES_FOLDER_PATH\=Parlor.app/Modules
    export MODULE_CACHE_DIR\=/var/folders/6m/vxwlbjsn7vs6h80_98w6x7p40000gn/T/parlor-audit-dsc01-apphost-02-mxgx7n3y/DerivedData/ModuleCache.noindex
    export MTL_ENABLE_DEBUG_INFO\=INCLUDE_SOURCE
    export MTL_FAST_MATH\=YES
    export NATIVE_ARCH\=arm64
    export NATIVE_ARCH_32_BIT\=arm
    export NATIVE_ARCH_64_BIT\=arm64
    export NATIVE_ARCH_ACTUAL\=arm64
    export NO_COMMON\=YES
    export OBJC_ABI_VERSION\=2
    export OBJECT_FILE_DIR\=/var/folders/6m/vxwlbjsn7vs6h80_98w6x7p40000gn/T/parlor-audit-dsc01-apphost-02-mxgx7n3y/DerivedData/Build/Intermediates.noindex/iosApp.build/Debug-iphonesimulator/iosApp.build/Objects
    export OBJECT_FILE_DIR_normal\=/var/folders/6m/vxwlbjsn7vs6h80_98w6x7p40000gn/T/parlor-audit-dsc01-apphost-02-mxgx7n3y/DerivedData/Build/Intermediates.noindex/iosApp.build/Debug-iphonesimulator/iosApp.build/Objects-normal
    export OBJROOT\=/var/folders/6m/vxwlbjsn7vs6h80_98w6x7p40000gn/T/parlor-audit-dsc01-apphost-02-mxgx7n3y/DerivedData/Build/Intermediates.noindex
    export ONLY_ACTIVE_ARCH\=YES
    export OS\=MACOS
    export OSAC\=/usr/bin/osacompile
    export PACKAGE_TYPE\=com.apple.package-type.wrapper.application
    export PARLOR_BUILD_NUMBER\=1
    export PARLOR_VERSION_NAME\=1.0.0
    export PASCAL_STRINGS\=YES
    export PATH\=/Applications/Xcode.app/Contents/SharedFrameworks/SwiftBuild.framework/Versions/A/PlugIns/SWBBuildService.bundle/Contents/PlugIns/SWBUniversalPlatformPlugin.bundle/Contents/Frameworks/SWBUniversalPlatform.framework/Resources:/Applications/Xcode.app/Contents/Developer/Toolchains/XcodeDefault.xctoolchain/usr/bin:/Applications/Xcode.app/Contents/Developer/Toolchains/XcodeDefault.xctoolchain/usr/local/bin:/Applications/Xcode.app/Contents/Developer/Toolchains/XcodeDefault.xctoolchain/usr/libexec:/Applications/Xcode.app/Contents/Developer/Platforms/iPhoneSimulator.platform/usr/bin:/Applications/Xcode.app/Contents/Developer/Platforms/iPhoneSimulator.platform/usr/local/bin:/Applications/Xcode.app/Contents/Developer/Platforms/iPhoneSimulator.platform/Developer/usr/bin:/Applications/Xcode.app/Contents/Developer/Platforms/iPhoneSimulator.platform/Developer/usr/local/bin:/Applications/Xcode.app/Contents/Developer/usr/bin:/Applications/Xcode.app/Contents/Developer/usr/local/bin:/opt/homebrew/Cellar/openjdk@21/21.0.11/libexec/openjdk.jdk/Contents/Home/bin:/usr/bin:/bin:/usr/sbin:/sbin
    export PATH_PREFIXES_EXCLUDED_FROM_HEADER_DEPENDENCIES\=/usr/include\ /usr/local/include\ /System/Library/Frameworks\ /System/Library/PrivateFrameworks\ /Applications/Xcode.app/Contents/Developer/Headers\ /Applications/Xcode.app/Contents/Developer/SDKs\ /Applications/Xcode.app/Contents/Developer/Platforms
    export PBDEVELOPMENTPLIST_PATH\=Parlor.app/pbdevelopment.plist
    export PER_ARCH_MODULE_FILE_DIR\=/var/folders/6m/vxwlbjsn7vs6h80_98w6x7p40000gn/T/parlor-audit-dsc01-apphost-02-mxgx7n3y/DerivedData/Build/Intermediates.noindex/iosApp.build/Debug-iphonesimulator/iosApp.build/Objects-normal/undefined_arch
    export PER_ARCH_OBJECT_FILE_DIR\=/var/folders/6m/vxwlbjsn7vs6h80_98w6x7p40000gn/T/parlor-audit-dsc01-apphost-02-mxgx7n3y/DerivedData/Build/Intermediates.noindex/iosApp.build/Debug-iphonesimulator/iosApp.build/Objects-normal/undefined_arch
    export PER_VARIANT_OBJECT_FILE_DIR\=/var/folders/6m/vxwlbjsn7vs6h80_98w6x7p40000gn/T/parlor-audit-dsc01-apphost-02-mxgx7n3y/DerivedData/Build/Intermediates.noindex/iosApp.build/Debug-iphonesimulator/iosApp.build/Objects-normal
    export PKGINFO_FILE_PATH\=/var/folders/6m/vxwlbjsn7vs6h80_98w6x7p40000gn/T/parlor-audit-dsc01-apphost-02-mxgx7n3y/DerivedData/Build/Intermediates.noindex/iosApp.build/Debug-iphonesimulator/iosApp.build/PkgInfo
    export PKGINFO_PATH\=Parlor.app/PkgInfo
    export PLATFORM_DEVELOPER_APPLICATIONS_DIR\=/Applications/Xcode.app/Contents/Developer/Platforms/iPhoneSimulator.platform/Developer/Applications
    export PLATFORM_DEVELOPER_BIN_DIR\=/Applications/Xcode.app/Contents/Developer/Platforms/iPhoneSimulator.platform/Developer/usr/bin
    export PLATFORM_DEVELOPER_LIBRARY_DIR\=/Applications/Xcode.app/Contents/Developer/Platforms/iPhoneSimulator.platform/Developer/Library
    export PLATFORM_DEVELOPER_SDK_DIR\=/Applications/Xcode.app/Contents/Developer/Platforms/iPhoneSimulator.platform/Developer/SDKs
    export PLATFORM_DEVELOPER_TOOLS_DIR\=/Applications/Xcode.app/Contents/Developer/Platforms/iPhoneSimulator.platform/Developer/Tools
    export PLATFORM_DEVELOPER_USR_DIR\=/Applications/Xcode.app/Contents/Developer/Platforms/iPhoneSimulator.platform/Developer/usr
    export PLATFORM_DIR\=/Applications/Xcode.app/Contents/Developer/Platforms/iPhoneSimulator.platform
    export PLATFORM_DISPLAY_NAME\=iOS\ Simulator
    export PLATFORM_FAMILY_NAME\=iOS
    export PLATFORM_NAME\=iphonesimulator
    export PLATFORM_PREFERRED_ARCH\=x86_64
    export PLATFORM_PRODUCT_BUILD_VERSION\=23F73
    export PLATFORM_REQUIRES_SWIFT_AUTOLINK_EXTRACT\=NO
    export PLATFORM_REQUIRES_SWIFT_MODULEWRAP\=NO
    export PLATFORM_USES_DSYMS\=YES
    export PLIST_FILE_OUTPUT_FORMAT\=binary
    export PLUGINS_FOLDER_PATH\=Parlor.app/PlugIns
    export PRECOMPS_INCLUDE_HEADERS_FROM_BUILT_PRODUCTS_DIR\=YES
    export PRECOMP_DESTINATION_DIR\=/var/folders/6m/vxwlbjsn7vs6h80_98w6x7p40000gn/T/parlor-audit-dsc01-apphost-02-mxgx7n3y/DerivedData/Build/Intermediates.noindex/iosApp.build/Debug-iphonesimulator/iosApp.build/PrefixHeaders
    export PRIVATE_HEADERS_FOLDER_PATH\=Parlor.app/PrivateHeaders
    export PROCESSED_INFOPLIST_PATH\=/var/folders/6m/vxwlbjsn7vs6h80_98w6x7p40000gn/T/parlor-audit-dsc01-apphost-02-mxgx7n3y/DerivedData/Build/Intermediates.noindex/iosApp.build/Debug-iphonesimulator/iosApp.build/Objects-normal/undefined_arch/Processed-Info.plist
    export PRODUCT_BUNDLE_IDENTIFIER\=com.parlor.app.debug
    export PRODUCT_BUNDLE_PACKAGE_TYPE\=APPL
    export PRODUCT_MODULE_NAME\=Parlor
    export PRODUCT_NAME\=Parlor
    export PRODUCT_SETTINGS_PATH\=/var/folders/6m/vxwlbjsn7vs6h80_98w6x7p40000gn/T/parlor-audit-dsc01-apphost-02-mxgx7n3y/copy/iosApp/iosApp/Info.plist
    export PRODUCT_TYPE\=com.apple.product-type.application
    export PROFILING_CODE\=NO
    export PROJECT\=iosApp
    export PROJECT_DERIVED_FILE_DIR\=/var/folders/6m/vxwlbjsn7vs6h80_98w6x7p40000gn/T/parlor-audit-dsc01-apphost-02-mxgx7n3y/DerivedData/Build/Intermediates.noindex/iosApp.build/DerivedSources
    export PROJECT_DIR\=/var/folders/6m/vxwlbjsn7vs6h80_98w6x7p40000gn/T/parlor-audit-dsc01-apphost-02-mxgx7n3y/copy/iosApp
    export PROJECT_FILE_PATH\=/var/folders/6m/vxwlbjsn7vs6h80_98w6x7p40000gn/T/parlor-audit-dsc01-apphost-02-mxgx7n3y/copy/iosApp/iosApp.xcodeproj
    export PROJECT_GUID\=7b79493a8b7fc1f2fff3c51cd12ba024
    export PROJECT_NAME\=iosApp
    export PROJECT_TEMP_DIR\=/var/folders/6m/vxwlbjsn7vs6h80_98w6x7p40000gn/T/parlor-audit-dsc01-apphost-02-mxgx7n3y/DerivedData/Build/Intermediates.noindex/iosApp.build
    export PROJECT_TEMP_ROOT\=/var/folders/6m/vxwlbjsn7vs6h80_98w6x7p40000gn/T/parlor-audit-dsc01-apphost-02-mxgx7n3y/DerivedData/Build/Intermediates.noindex
    export PROVISIONING_PROFILE_REQUIRED\=NO
    export PROVISIONING_PROFILE_REQUIRED_YES_YES\=YES
    export PROVISIONING_PROFILE_SUPPORTED\=YES
    export PUBLIC_HEADERS_FOLDER_PATH\=Parlor.app/Headers
    export RECOMMENDED_IPHONEOS_DEPLOYMENT_TARGET\=15.0
    export RECURSIVE_SEARCH_PATHS_FOLLOW_SYMLINKS\=YES
    export REMOVE_CVS_FROM_RESOURCES\=YES
    export REMOVE_GIT_FROM_RESOURCES\=YES
    export REMOVE_HEADERS_FROM_EMBEDDED_BUNDLES\=YES
    export REMOVE_HG_FROM_RESOURCES\=YES
    export REMOVE_STATIC_EXECUTABLES_FROM_EMBEDDED_BUNDLES\=YES
    export REMOVE_SVN_FROM_RESOURCES\=YES
    export RESCHEDULE_INDEPENDENT_HEADERS_PHASES\=YES
    export REZ_COLLECTOR_DIR\=/var/folders/6m/vxwlbjsn7vs6h80_98w6x7p40000gn/T/parlor-audit-dsc01-apphost-02-mxgx7n3y/DerivedData/Build/Intermediates.noindex/iosApp.build/Debug-iphonesimulator/iosApp.build/ResourceManagerResources
    export REZ_OBJECTS_DIR\=/var/folders/6m/vxwlbjsn7vs6h80_98w6x7p40000gn/T/parlor-audit-dsc01-apphost-02-mxgx7n3y/DerivedData/Build/Intermediates.noindex/iosApp.build/Debug-iphonesimulator/iosApp.build/ResourceManagerResources/Objects
    export REZ_SEARCH_PATHS\=/var/folders/6m/vxwlbjsn7vs6h80_98w6x7p40000gn/T/parlor-audit-dsc01-apphost-02-mxgx7n3y/DerivedData/Build/Products/Debug-iphonesimulator\ 
    export RPATH_ORIGIN\=@loader_path
    export RUNTIME_EXCEPTION_ALLOW_DYLD_ENVIRONMENT_VARIABLES\=NO
    export RUNTIME_EXCEPTION_ALLOW_JIT\=NO
    export RUNTIME_EXCEPTION_ALLOW_UNSIGNED_EXECUTABLE_MEMORY\=NO
    export RUNTIME_EXCEPTION_DEBUGGING_TOOL\=NO
    export RUNTIME_EXCEPTION_DISABLE_EXECUTABLE_PAGE_PROTECTION\=NO
    export RUNTIME_EXCEPTION_DISABLE_LIBRARY_VALIDATION\=NO
    export SCANNING_PCM_KEEP_CACHE_DIRECTORY\=YES
    export SCAN_ALL_SOURCE_FILES_FOR_INCLUDES\=NO
    export SCRIPTS_FOLDER_PATH\=Parlor.app/Scripts
    export SCRIPT_INPUT_FILE_COUNT\=0
    export SCRIPT_INPUT_FILE_LIST_COUNT\=0
    export SCRIPT_OUTPUT_FILE_COUNT\=0
    export SCRIPT_OUTPUT_FILE_LIST_COUNT\=0
    export SDKROOT\=/Applications/Xcode.app/Contents/Developer/Platforms/iPhoneSimulator.platform/Developer/SDKs/iPhoneSimulator26.5.sdk
    export SDK_DIR\=/Applications/Xcode.app/Contents/Developer/Platforms/iPhoneSimulator.platform/Developer/SDKs/iPhoneSimulator26.5.sdk
    export SDK_DIR_iphonesimulator\=/Applications/Xcode.app/Contents/Developer/Platforms/iPhoneSimulator.platform/Developer/SDKs/iPhoneSimulator26.5.sdk
    export SDK_DIR_iphonesimulator26_5\=/Applications/Xcode.app/Contents/Developer/Platforms/iPhoneSimulator.platform/Developer/SDKs/iPhoneSimulator26.5.sdk
    export SDK_NAME\=iphonesimulator26.5
    export SDK_NAMES\=iphonesimulator26.5
    export SDK_PRODUCT_BUILD_VERSION\=23F73
    export SDK_STAT_CACHE_DIR\=/var/folders/6m/vxwlbjsn7vs6h80_98w6x7p40000gn/T/parlor-audit-dsc01-apphost-02-mxgx7n3y/DerivedData
    export SDK_STAT_CACHE_ENABLE\=YES
    export SDK_STAT_CACHE_PATH\=/var/folders/6m/vxwlbjsn7vs6h80_98w6x7p40000gn/T/parlor-audit-dsc01-apphost-02-mxgx7n3y/DerivedData/SDKStatCaches.noindex/iphonesimulator26.5-23F73-6cfe768891a92b912361537c460fe42b.sdkstatcache
    export SDK_VERSION\=26.5
    export SDK_VERSION_ACTUAL\=260500
    export SDK_VERSION_MAJOR\=260000
    export SDK_VERSION_MINOR\=260500
    export SED\=/usr/bin/sed
    export SEPARATE_STRIP\=NO
    export SEPARATE_SYMBOL_EDIT\=NO
    export SET_DIR_MODE_OWNER_GROUP\=YES
    export SET_FILE_MODE_OWNER_GROUP\=NO
    export SHALLOW_BUNDLE\=YES
    export SHALLOW_BUNDLE_TRIPLE\=ios-simulator
    export SHALLOW_BUNDLE_ios_macabi\=NO
    export SHALLOW_BUNDLE_macos\=NO
    export SHARED_DERIVED_FILE_DIR\=/var/folders/6m/vxwlbjsn7vs6h80_98w6x7p40000gn/T/parlor-audit-dsc01-apphost-02-mxgx7n3y/DerivedData/Build/Products/Debug-iphonesimulator/DerivedSources
    export SHARED_FRAMEWORKS_FOLDER_PATH\=Parlor.app/SharedFrameworks
    export SHARED_PRECOMPS_DIR\=/var/folders/6m/vxwlbjsn7vs6h80_98w6x7p40000gn/T/parlor-audit-dsc01-apphost-02-mxgx7n3y/DerivedData/Build/Intermediates.noindex/PrecompiledHeaders
    export SHARED_SUPPORT_FOLDER_PATH\=Parlor.app/SharedSupport
    export SKIP_INSTALL\=NO
    export SKIP_MERGEABLE_LIBRARY_BUNDLE_HOOK\=NO
    export SOURCE_ROOT\=/var/folders/6m/vxwlbjsn7vs6h80_98w6x7p40000gn/T/parlor-audit-dsc01-apphost-02-mxgx7n3y/copy/iosApp
    export SRCROOT\=/var/folders/6m/vxwlbjsn7vs6h80_98w6x7p40000gn/T/parlor-audit-dsc01-apphost-02-mxgx7n3y/copy/iosApp
    export STRINGSDATA_DIR\=/var/folders/6m/vxwlbjsn7vs6h80_98w6x7p40000gn/T/parlor-audit-dsc01-apphost-02-mxgx7n3y/DerivedData/Build/Intermediates.noindex/iosApp.build/Debug-iphonesimulator/iosApp.build/Objects-normal/undefined_arch
    export STRINGSDATA_ROOT\=/var/folders/6m/vxwlbjsn7vs6h80_98w6x7p40000gn/T/parlor-audit-dsc01-apphost-02-mxgx7n3y/DerivedData/Build/Intermediates.noindex/iosApp.build/Debug-iphonesimulator/iosApp.build
    export STRINGS_FILE_INFOPLIST_RENAME\=YES
    export STRINGS_FILE_OUTPUT_ENCODING\=binary
    export STRING_CATALOG_GENERATE_SYMBOLS\=NO
    export STRIP_BITCODE_FROM_COPIED_FILES\=NO
    export STRIP_INSTALLED_PRODUCT\=NO
    export STRIP_STYLE\=all
    export STRIP_SWIFT_SYMBOLS\=YES
    export SUPPORTED_DEVICE_FAMILIES\=1,2
    export SUPPORTED_PLATFORMS\=iphoneos\ iphonesimulator
    export SUPPORTS_MACCATALYST\=NO
    export SUPPORTS_ON_DEMAND_RESOURCES\=YES
    export SUPPORTS_TEXT_BASED_API\=NO
    export SUPPRESS_WARNINGS\=NO
    export SWIFT_ACTIVE_COMPILATION_CONDITIONS\=DEBUG
    export SWIFT_EMIT_CONST_VALUE_PROTOCOLS\=AnyResolverProviding\ AppEntity\ AppEnum\ AppExtension\ AppIntent\ AppIntentsPackage\ AppShortcutProviding\ AppShortcutsProvider\ AppUnionValue\ AppUnionValueCasesProviding\ DynamicOptionsProvider\ EntityQuery\ ExtensionPointDefining\ IntentValueQuery\ Resolver\ TransientEntity\ _AssistantIntentsProvider\ _GenerativeFunctionExtractable\ _IntentValueRepresentable
    export SWIFT_EMIT_LOC_STRINGS\=YES
    export SWIFT_ENABLE_EXPLICIT_MODULES\=YES
    export SWIFT_OPTIMIZATION_LEVEL\=-Onone
    export SWIFT_PLATFORM_TARGET_PREFIX\=ios
    export SWIFT_RESPONSE_FILE_PATH_normal_arm64\=/var/folders/6m/vxwlbjsn7vs6h80_98w6x7p40000gn/T/parlor-audit-dsc01-apphost-02-mxgx7n3y/DerivedData/Build/Intermediates.noindex/iosApp.build/Debug-iphonesimulator/iosApp.build/Objects-normal/arm64/Parlor.SwiftFileList
    export SWIFT_VERSION\=5.0
    export SYMROOT\=/var/folders/6m/vxwlbjsn7vs6h80_98w6x7p40000gn/T/parlor-audit-dsc01-apphost-02-mxgx7n3y/DerivedData/Build/Products
    export SYSTEM_ADMIN_APPS_DIR\=/Applications/Utilities
    export SYSTEM_APPS_DIR\=/Applications
    export SYSTEM_CORE_SERVICES_DIR\=/System/Library/CoreServices
    export SYSTEM_DEMOS_DIR\=/Applications/Extras
    export SYSTEM_DEVELOPER_APPS_DIR\=/Applications/Xcode.app/Contents/Developer/Applications
    export SYSTEM_DEVELOPER_BIN_DIR\=/Applications/Xcode.app/Contents/Developer/usr/bin
    export SYSTEM_DEVELOPER_DEMOS_DIR\=/Applications/Xcode.app/Contents/Developer/Applications/Utilities/Built\ Examples
    export SYSTEM_DEVELOPER_DIR\=/Applications/Xcode.app/Contents/Developer
    export SYSTEM_DEVELOPER_DOC_DIR\=/Applications/Xcode.app/Contents/Developer/ADC\ Reference\ Library
    export SYSTEM_DEVELOPER_GRAPHICS_TOOLS_DIR\=/Applications/Xcode.app/Contents/Developer/Applications/Graphics\ Tools
    export SYSTEM_DEVELOPER_JAVA_TOOLS_DIR\=/Applications/Xcode.app/Contents/Developer/Applications/Java\ Tools
    export SYSTEM_DEVELOPER_PERFORMANCE_TOOLS_DIR\=/Applications/Xcode.app/Contents/Developer/Applications/Performance\ Tools
    export SYSTEM_DEVELOPER_RELEASENOTES_DIR\=/Applications/Xcode.app/Contents/Developer/ADC\ Reference\ Library/releasenotes
    export SYSTEM_DEVELOPER_TOOLS\=/Applications/Xcode.app/Contents/Developer/Tools
    export SYSTEM_DEVELOPER_TOOLS_DOC_DIR\=/Applications/Xcode.app/Contents/Developer/ADC\ Reference\ Library/documentation/DeveloperTools
    export SYSTEM_DEVELOPER_TOOLS_RELEASENOTES_DIR\=/Applications/Xcode.app/Contents/Developer/ADC\ Reference\ Library/releasenotes/DeveloperTools
    export SYSTEM_DEVELOPER_USR_DIR\=/Applications/Xcode.app/Contents/Developer/usr
    export SYSTEM_DEVELOPER_UTILITIES_DIR\=/Applications/Xcode.app/Contents/Developer/Applications/Utilities
    export SYSTEM_DEXT_INSTALL_PATH\=/System/Library/DriverExtensions
    export SYSTEM_DOCUMENTATION_DIR\=/Library/Documentation
    export SYSTEM_EXTENSIONS_FOLDER_PATH\=Parlor.app/SystemExtensions
    export SYSTEM_EXTENSIONS_FOLDER_PATH_SHALLOW_BUNDLE_NO\=Parlor.app/Library/SystemExtensions
    export SYSTEM_EXTENSIONS_FOLDER_PATH_SHALLOW_BUNDLE_YES\=Parlor.app/SystemExtensions
    export SYSTEM_KEXT_INSTALL_PATH\=/System/Library/Extensions
    export SYSTEM_LIBRARY_DIR\=/System/Library
    export TAPI_DEMANGLE\=YES
    export TAPI_ENABLE_PROJECT_HEADERS\=NO
    export TAPI_LANGUAGE\=objective-c
    export TAPI_LANGUAGE_STANDARD\=compiler-default
    export TAPI_USE_SRCROOT\=YES
    export TAPI_VERIFY_MODE\=Pedantic
    export TARGETED_DEVICE_FAMILY\=1,2
    export TARGETNAME\=iosApp
    export TARGET_BUILD_DIR\=/var/folders/6m/vxwlbjsn7vs6h80_98w6x7p40000gn/T/parlor-audit-dsc01-apphost-02-mxgx7n3y/DerivedData/Build/Products/Debug-iphonesimulator
    export TARGET_DEVICE_IDENTIFIER\=C6EB83F8-9744-4515-A026-370C0F6B6000
    export TARGET_DEVICE_MODEL\=iPhone18,1
    export TARGET_DEVICE_OS_VERSION\=26.5
    export TARGET_DEVICE_PLATFORM_NAME\=iphonesimulator
    export TARGET_NAME\=iosApp
    export TARGET_TEMP_DIR\=/var/folders/6m/vxwlbjsn7vs6h80_98w6x7p40000gn/T/parlor-audit-dsc01-apphost-02-mxgx7n3y/DerivedData/Build/Intermediates.noindex/iosApp.build/Debug-iphonesimulator/iosApp.build
    export TEMP_DIR\=/var/folders/6m/vxwlbjsn7vs6h80_98w6x7p40000gn/T/parlor-audit-dsc01-apphost-02-mxgx7n3y/DerivedData/Build/Intermediates.noindex/iosApp.build/Debug-iphonesimulator/iosApp.build
    export TEMP_FILES_DIR\=/var/folders/6m/vxwlbjsn7vs6h80_98w6x7p40000gn/T/parlor-audit-dsc01-apphost-02-mxgx7n3y/DerivedData/Build/Intermediates.noindex/iosApp.build/Debug-iphonesimulator/iosApp.build
    export TEMP_FILE_DIR\=/var/folders/6m/vxwlbjsn7vs6h80_98w6x7p40000gn/T/parlor-audit-dsc01-apphost-02-mxgx7n3y/DerivedData/Build/Intermediates.noindex/iosApp.build/Debug-iphonesimulator/iosApp.build
    export TEMP_ROOT\=/var/folders/6m/vxwlbjsn7vs6h80_98w6x7p40000gn/T/parlor-audit-dsc01-apphost-02-mxgx7n3y/DerivedData/Build/Intermediates.noindex
    export TEMP_SANDBOX_DIR\=/var/folders/6m/vxwlbjsn7vs6h80_98w6x7p40000gn/T/parlor-audit-dsc01-apphost-02-mxgx7n3y/DerivedData/Build/Intermediates.noindex/TemporaryTaskSandboxes
    export TEST_FRAMEWORK_SEARCH_PATHS\=\ /Applications/Xcode.app/Contents/Developer/Platforms/iPhoneSimulator.platform/Developer/Library/Frameworks\ /Applications/Xcode.app/Contents/Developer/Platforms/iPhoneSimulator.platform/Developer/SDKs/iPhoneSimulator26.5.sdk/Developer/Library/Frameworks
    export TEST_LIBRARY_SEARCH_PATHS\=\ /Applications/Xcode.app/Contents/Developer/Platforms/iPhoneSimulator.platform/Developer/usr/lib
    export TOOLCHAINS\=com.apple.dt.toolchain.XcodeDefault
    export TOOLCHAIN_DIR\=/Applications/Xcode.app/Contents/Developer/Toolchains/XcodeDefault.xctoolchain
    export TREAT_MISSING_BASELINES_AS_TEST_FAILURES\=NO
    export TREAT_MISSING_SCRIPT_PHASE_OUTPUTS_AS_ERRORS\=NO
    export UID\=501
    export UNINSTALLED_PRODUCTS_DIR\=/var/folders/6m/vxwlbjsn7vs6h80_98w6x7p40000gn/T/parlor-audit-dsc01-apphost-02-mxgx7n3y/DerivedData/Build/Intermediates.noindex/UninstalledProducts
    export UNLOCALIZED_RESOURCES_FOLDER_PATH\=Parlor.app
    export UNLOCALIZED_RESOURCES_FOLDER_PATH_SHALLOW_BUNDLE_NO\=Parlor.app/Resources
    export UNLOCALIZED_RESOURCES_FOLDER_PATH_SHALLOW_BUNDLE_YES\=Parlor.app
    export UNSTRIPPED_PRODUCT\=NO
    export USER\=abdelrahman
    export USER_APPS_DIR\=/Users/abdelrahman/Applications
    export USER_LIBRARY_DIR\=/Users/abdelrahman/Library
    export USE_DYNAMIC_NO_PIC\=YES
    export USE_HEADERMAP\=YES
    export USE_HEADER_SYMLINKS\=NO
    export VALIDATE_DEVELOPMENT_ASSET_PATHS\=YES_ERROR
    export VALIDATE_PRODUCT\=NO
    export VALID_ARCHS\=arm64\ x86_64
    export VERBOSE_PBXCP\=NO
    export VERSIONPLIST_PATH\=Parlor.app/version.plist
    export VERSION_INFO_BUILDER\=abdelrahman
    export VERSION_INFO_FILE\=Parlor_vers.c
    export VERSION_INFO_STRING\=\"@\(\#\)PROGRAM:Parlor\ \ PROJECT:iosApp-1\"
    export WORKSPACE_DIR\=/var/folders/6m/vxwlbjsn7vs6h80_98w6x7p40000gn/T/parlor-audit-dsc01-apphost-02-mxgx7n3y/copy/iosApp/iosApp.xcodeproj
    export WRAPPER_EXTENSION\=app
    export WRAPPER_NAME\=Parlor.app
    export WRAPPER_SUFFIX\=.app
    export WRAP_ASSET_PACKS_IN_SEPARATE_DIRECTORIES\=NO
    export XCODE_APP_SUPPORT_DIR\=/Applications/Xcode.app/Contents/Developer/Library/Xcode
    export XCODE_PRODUCT_BUILD_VERSION\=17F42
    export XCODE_VERSION_ACTUAL\=2650
    export XCODE_VERSION_MAJOR\=2600
    export XCODE_VERSION_MINOR\=2650
    export XPCSERVICES_FOLDER_PATH\=Parlor.app/XPCServices
    export YACC\=yacc
    export _DISCOVER_COMMAND_LINE_LINKER_INPUTS\=YES
    export _DISCOVER_COMMAND_LINE_LINKER_INPUTS_INCLUDE_WL\=YES
    export _LD_MULTIARCH\=YES
    export _WRAPPER_CONTENTS_DIR_SHALLOW_BUNDLE_NO\=/Contents
    export _WRAPPER_PARENT_PATH_SHALLOW_BUNDLE_NO\=/..
    export _WRAPPER_RESOURCES_DIR_SHALLOW_BUNDLE_NO\=/Resources
    export __DIAGNOSE_DEPRECATED_ARCHS\=YES
    export __IS_NOT_MACOS\=YES
    export __IS_NOT_MACOS_macosx\=NO
    export __IS_NOT_SIMULATOR\=NO
    export __IS_NOT_SIMULATOR_simulator\=NO
    export __ORIGINAL_SDK_DEFINED_LLVM_TARGET_TRIPLE_SYS\=ios
    export arch\=undefined_arch
    export variant\=normal
    /bin/sh -c /var/folders/6m/vxwlbjsn7vs6h80_98w6x7p40000gn/T/parlor-audit-dsc01-apphost-02-mxgx7n3y/DerivedData/Build/Intermediates.noindex/iosApp.build/Debug-iphonesimulator/iosApp.build/Script-F7AC9D762B0E10F7008B8A48.sh

Welcome to Gradle 8.13!

Here are the highlights of this release:
 - Daemon JVM auto-provisioning
 - Enhancements for Scala plugin and JUnit testing
 - Improvements for build authors and plugin developers

For more details see https://docs.gradle.org/8.13/release-notes.html

To honour the JVM settings for this build a single-use Daemon process will be forked. For more on this, please refer to https://docs.gradle.org/8.13/userguide/gradle_daemon.html#sec:disabling_the_daemon in the Gradle documentation.
Daemon will be stopped at the end of the build 
Type-safe project accessors is an incubating feature.
> Task :build-logic:convention:checkKotlinGradlePluginConfigurationErrors SKIPPED
> Task :build-logic:convention:compileKotlin
> Task :build-logic:convention:compileJava NO-SOURCE
> Task :build-logic:convention:pluginDescriptors
> Task :build-logic:convention:processResources
> Task :build-logic:convention:classes
> Task :build-logic:convention:jar

> Configure project :composeApp
WARNING: The option setting 'android.experimental.lint.version=9.1.1' is experimental.
w: ⚠️ Deprecated Gradle Version
The used Gradle version (Gradle 8.13) is deprecated and will not be supported in future Kotlin Gradle Plugin releases.
The minimum supported Gradle version will become Gradle 8.14.4 in Kotlin 2.5.0.

This warning can be suppressed in 'gradle.properties':
    kotlin.suppressGradlePluginWarnings=DeprecatedGradleVersionWarning
Solution: Please update the Gradle version to at least Gradle 8.14.4.

w: ⚠️ Native task 'iosX64Test' is disabled
Task 'iosX64Test' for target 'ios_x64' cannot run on the current host (macos-aarch64).
Reason: architecture mismatch - target requires X64, current host is ARM64
Solution: To suppress this warning, add 'kotlin.native.ignoreDisabledTargets=true' to gradle.properties.


> Task :composeApp:checkSandboxAndWriteProtection
> Task :composeApp:checkSyntheticImportProjectIsCorrectlyIntegrated SKIPPED
> Task :composeApp:generateSyntheticLinkageSwiftPMImportProjectForEmbedAndSignLinkage SKIPPED
> Task :composeApp:kmpPartiallyResolvedDependenciesChecker
> Task :composeApp:checkKotlinGradlePluginConfigurationErrors SKIPPED
> Task :composeApp:downloadKotlinNativeDistribution
> Task :composeApp:convertXmlValueResourcesForAppleMain NO-SOURCE
> Task :composeApp:copyNonXmlValueResourcesForAppleMain NO-SOURCE
> Task :composeApp:prepareComposeResourcesTaskForAppleMain NO-SOURCE
> Task :composeApp:generateResourceAccessorsForAppleMain NO-SOURCE
> Task :composeApp:convertXmlValueResourcesForCommonMain
> Task :composeApp:copyNonXmlValueResourcesForCommonMain NO-SOURCE
> Task :composeApp:prepareComposeResourcesTaskForCommonMain
> Task :composeApp:generateResourceAccessorsForCommonMain
> Task :composeApp:convertXmlValueResourcesForIosMain NO-SOURCE
> Task :composeApp:copyNonXmlValueResourcesForIosMain NO-SOURCE
> Task :composeApp:prepareComposeResourcesTaskForIosMain NO-SOURCE
> Task :composeApp:generateResourceAccessorsForIosMain NO-SOURCE
> Task :composeApp:convertXmlValueResourcesForIosSimulatorArm64Main NO-SOURCE
> Task :composeApp:copyNonXmlValueResourcesForIosSimulatorArm64Main NO-SOURCE
> Task :composeApp:prepareComposeResourcesTaskForIosSimulatorArm64Main NO-SOURCE
> Task :composeApp:generateResourceAccessorsForIosSimulatorArm64Main NO-SOURCE
> Task :composeApp:convertXmlValueResourcesForNativeMain NO-SOURCE
> Task :composeApp:copyNonXmlValueResourcesForNativeMain NO-SOURCE
> Task :composeApp:prepareComposeResourcesTaskForNativeMain NO-SOURCE
> Task :composeApp:generateResourceAccessorsForNativeMain NO-SOURCE
> Task :composeApp:generateActualResourceCollectorsForIosSimulatorArm64Main
> Task :composeApp:generateComposeResClass
> Task :composeApp:generateExpectResourceCollectorsForCommonMain
> Task :composeApp:generateParlorVersion
> Task :game-modes:mafia:kmpPartiallyResolvedDependenciesChecker
> Task :game-modes:mafia:checkKotlinGradlePluginConfigurationErrors SKIPPED
> Task :game-modes:mafia:downloadKotlinNativeDistribution
> Task :game-modes:mafia:convertXmlValueResourcesForAppleMain NO-SOURCE
> Task :game-modes:mafia:copyNonXmlValueResourcesForAppleMain NO-SOURCE
> Task :game-modes:mafia:prepareComposeResourcesTaskForAppleMain NO-SOURCE
> Task :game-modes:mafia:generateResourceAccessorsForAppleMain NO-SOURCE
> Task :game-modes:mafia:convertXmlValueResourcesForCommonMain
> Task :game-modes:mafia:copyNonXmlValueResourcesForCommonMain NO-SOURCE
> Task :game-modes:mafia:prepareComposeResourcesTaskForCommonMain
> Task :game-modes:mafia:generateResourceAccessorsForCommonMain
> Task :game-modes:mafia:convertXmlValueResourcesForIosMain NO-SOURCE
> Task :game-modes:mafia:copyNonXmlValueResourcesForIosMain NO-SOURCE
> Task :game-modes:mafia:prepareComposeResourcesTaskForIosMain NO-SOURCE
> Task :game-modes:mafia:generateResourceAccessorsForIosMain NO-SOURCE
> Task :game-modes:mafia:convertXmlValueResourcesForIosSimulatorArm64Main NO-SOURCE
> Task :game-modes:mafia:copyNonXmlValueResourcesForIosSimulatorArm64Main NO-SOURCE
> Task :game-modes:mafia:prepareComposeResourcesTaskForIosSimulatorArm64Main NO-SOURCE
> Task :game-modes:mafia:generateResourceAccessorsForIosSimulatorArm64Main NO-SOURCE
> Task :game-modes:mafia:convertXmlValueResourcesForNativeMain NO-SOURCE
> Task :game-modes:mafia:copyNonXmlValueResourcesForNativeMain NO-SOURCE
> Task :game-modes:mafia:prepareComposeResourcesTaskForNativeMain NO-SOURCE
> Task :game-modes:mafia:generateResourceAccessorsForNativeMain NO-SOURCE
> Task :game-modes:mafia:generateActualResourceCollectorsForIosSimulatorArm64Main
> Task :game-modes:mafia:generateComposeResClass
> Task :game-modes:mafia:generateExpectResourceCollectorsForCommonMain
> Task :shared:content:kmpPartiallyResolvedDependenciesChecker
> Task :shared:content:checkKotlinGradlePluginConfigurationErrors SKIPPED
> Task :shared:content:downloadKotlinNativeDistribution
> Task :shared:core:kmpPartiallyResolvedDependenciesChecker
> Task :shared:core:checkKotlinGradlePluginConfigurationErrors SKIPPED
> Task :shared:core:downloadKotlinNativeDistribution
> Task :shared:core:compileKotlinIosSimulatorArm64
> Task :shared:core:exportCrossCompilationMetadataForIosSimulatorArm64ApiElements
> Task :shared:engine:kmpPartiallyResolvedDependenciesChecker
> Task :shared:engine:checkKotlinGradlePluginConfigurationErrors SKIPPED
> Task :shared:engine:downloadKotlinNativeDistribution
> Task :shared:engine:compileKotlinIosSimulatorArm64
> Task :shared:engine:exportCrossCompilationMetadataForIosSimulatorArm64ApiElements
> Task :shared:content:compileKotlinIosSimulatorArm64
> Task :shared:content:exportCrossCompilationMetadataForIosSimulatorArm64ApiElements
> Task :shared:design-system:kmpPartiallyResolvedDependenciesChecker
> Task :shared:design-system:checkKotlinGradlePluginConfigurationErrors SKIPPED
> Task :shared:design-system:downloadKotlinNativeDistribution
> Task :shared:design-system:convertXmlValueResourcesForAppleMain NO-SOURCE
> Task :shared:design-system:copyNonXmlValueResourcesForAppleMain NO-SOURCE
> Task :shared:design-system:prepareComposeResourcesTaskForAppleMain NO-SOURCE
> Task :shared:design-system:generateResourceAccessorsForAppleMain NO-SOURCE
> Task :shared:design-system:convertXmlValueResourcesForCommonMain
> Task :shared:design-system:copyNonXmlValueResourcesForCommonMain
> Task :shared:design-system:prepareComposeResourcesTaskForCommonMain
> Task :shared:design-system:generateResourceAccessorsForCommonMain
> Task :shared:design-system:convertXmlValueResourcesForIosMain NO-SOURCE
> Task :shared:design-system:copyNonXmlValueResourcesForIosMain NO-SOURCE
> Task :shared:design-system:prepareComposeResourcesTaskForIosMain NO-SOURCE
> Task :shared:design-system:generateResourceAccessorsForIosMain NO-SOURCE
> Task :shared:design-system:convertXmlValueResourcesForIosSimulatorArm64Main NO-SOURCE
> Task :shared:design-system:copyNonXmlValueResourcesForIosSimulatorArm64Main NO-SOURCE
> Task :shared:design-system:prepareComposeResourcesTaskForIosSimulatorArm64Main NO-SOURCE
> Task :shared:design-system:generateResourceAccessorsForIosSimulatorArm64Main NO-SOURCE
> Task :shared:design-system:convertXmlValueResourcesForNativeMain NO-SOURCE
> Task :shared:design-system:copyNonXmlValueResourcesForNativeMain NO-SOURCE
> Task :shared:design-system:prepareComposeResourcesTaskForNativeMain NO-SOURCE
> Task :shared:design-system:generateResourceAccessorsForNativeMain NO-SOURCE
> Task :shared:design-system:generateActualResourceCollectorsForIosSimulatorArm64Main
> Task :shared:design-system:generateComposeResClass
> Task :shared:design-system:generateExpectResourceCollectorsForCommonMain
> Task :shared:design-system:compileKotlinIosSimulatorArm64
> Task :shared:design-system:exportCrossCompilationMetadataForIosSimulatorArm64ApiElements
> Task :shared:networking:kmpPartiallyResolvedDependenciesChecker
> Task :shared:networking:checkKotlinGradlePluginConfigurationErrors SKIPPED
> Task :shared:networking:downloadKotlinNativeDistribution
> Task :shared:networking:compileKotlinIosSimulatorArm64
> Task :shared:networking:exportCrossCompilationMetadataForIosSimulatorArm64ApiElements
> Task :shared:session:kmpPartiallyResolvedDependenciesChecker
> Task :shared:session:checkKotlinGradlePluginConfigurationErrors SKIPPED
> Task :shared:session:downloadKotlinNativeDistribution
> Task :shared:session:compileKotlinIosSimulatorArm64
> Task :shared:session:exportCrossCompilationMetadataForIosSimulatorArm64ApiElements
> Task :shared:storage:kmpPartiallyResolvedDependenciesChecker
> Task :shared:storage:checkKotlinGradlePluginConfigurationErrors SKIPPED
> Task :shared:storage:downloadKotlinNativeDistribution
> Task :shared:storage:compileKotlinIosSimulatorArm64
> Task :shared:storage:exportCrossCompilationMetadataForIosSimulatorArm64ApiElements
> Task :game-modes:mafia:compileKotlinIosSimulatorArm64
> Task :game-modes:mafia:exportCrossCompilationMetadataForIosSimulatorArm64ApiElements
> Task :game-modes:whodunit:kmpPartiallyResolvedDependenciesChecker
> Task :game-modes:whodunit:checkKotlinGradlePluginConfigurationErrors SKIPPED
> Task :game-modes:whodunit:downloadKotlinNativeDistribution
> Task :game-modes:whodunit:convertXmlValueResourcesForAppleMain NO-SOURCE
> Task :game-modes:whodunit:copyNonXmlValueResourcesForAppleMain NO-SOURCE
> Task :game-modes:whodunit:prepareComposeResourcesTaskForAppleMain NO-SOURCE
> Task :game-modes:whodunit:generateResourceAccessorsForAppleMain NO-SOURCE
> Task :game-modes:whodunit:convertXmlValueResourcesForCommonMain
> Task :game-modes:whodunit:copyNonXmlValueResourcesForCommonMain
> Task :game-modes:whodunit:prepareComposeResourcesTaskForCommonMain
> Task :game-modes:whodunit:generateResourceAccessorsForCommonMain
> Task :game-modes:whodunit:convertXmlValueResourcesForIosMain NO-SOURCE
> Task :game-modes:whodunit:copyNonXmlValueResourcesForIosMain NO-SOURCE
> Task :game-modes:whodunit:prepareComposeResourcesTaskForIosMain NO-SOURCE
> Task :game-modes:whodunit:generateResourceAccessorsForIosMain NO-SOURCE
> Task :game-modes:whodunit:convertXmlValueResourcesForIosSimulatorArm64Main NO-SOURCE
> Task :game-modes:whodunit:copyNonXmlValueResourcesForIosSimulatorArm64Main NO-SOURCE
> Task :game-modes:whodunit:prepareComposeResourcesTaskForIosSimulatorArm64Main NO-SOURCE
> Task :game-modes:whodunit:generateResourceAccessorsForIosSimulatorArm64Main NO-SOURCE
> Task :game-modes:whodunit:convertXmlValueResourcesForNativeMain NO-SOURCE
> Task :game-modes:whodunit:copyNonXmlValueResourcesForNativeMain NO-SOURCE
> Task :game-modes:whodunit:prepareComposeResourcesTaskForNativeMain NO-SOURCE
> Task :game-modes:whodunit:generateResourceAccessorsForNativeMain NO-SOURCE
> Task :game-modes:whodunit:generateActualResourceCollectorsForIosSimulatorArm64Main
> Task :game-modes:whodunit:generateComposeResClass
> Task :game-modes:whodunit:generateExpectResourceCollectorsForCommonMain
> Task :game-modes:whodunit:compileKotlinIosSimulatorArm64
> Task :game-modes:whodunit:exportCrossCompilationMetadataForIosSimulatorArm64ApiElements
> Task :shared:transport-p2p:kmpPartiallyResolvedDependenciesChecker
> Task :shared:transport-p2p:checkKotlinGradlePluginConfigurationErrors SKIPPED
> Task :shared:transport-p2p:downloadKotlinNativeDistribution
> Task :shared:transport-p2p:compileKotlinIosSimulatorArm64
> Task :shared:transport-p2p:exportCrossCompilationMetadataForIosSimulatorArm64ApiElements
> Task :composeApp:compileKotlinIosSimulatorArm64
> Task :composeApp:computeLocalPackageDependencyInputFiles
> Task :composeApp:generateSyntheticLinkageSwiftPMImportProjectForCinteropsAndLdDump SKIPPED
> Task :composeApp:serializeSwiftPMDependenciesMetadataForLockFiles
> Task :game-modes:mafia:serializeSwiftPMDependenciesMetadataForLockFiles
> Task :game-modes:whodunit:serializeSwiftPMDependenciesMetadataForLockFiles
> Task :shared:content:serializeSwiftPMDependenciesMetadataForLockFiles
> Task :shared:core:serializeSwiftPMDependenciesMetadataForLockFiles
> Task :shared:design-system:serializeSwiftPMDependenciesMetadataForLockFiles
> Task :shared:engine:serializeSwiftPMDependenciesMetadataForLockFiles
> Task :shared:engine-testing:serializeSwiftPMDependenciesMetadataForLockFiles
> Task :shared:networking:serializeSwiftPMDependenciesMetadataForLockFiles
> Task :shared:networking-testing:serializeSwiftPMDependenciesMetadataForLockFiles
> Task :shared:session:serializeSwiftPMDependenciesMetadataForLockFiles
> Task :shared:storage:serializeSwiftPMDependenciesMetadataForLockFiles
> Task :shared:transport-p2p:serializeSwiftPMDependenciesMetadataForLockFiles
> Task :composeApp:generateUmbrellaPackageIdentifierBasedResolutionForDefault SKIPPED
> Task :composeApp:fetchUmbrellaPackageIdentifierForDefault SKIPPED
> Task :composeApp:syncPersistedPackageResolvedToSynthetic SKIPPED
> Task :composeApp:fetchSyntheticImportProjectPackages SKIPPED
> Task :composeApp:convertSyntheticImportProjectIntoDefFileIphonesimulator
> Task :composeApp:linkDebugFrameworkIosSimulatorArm64
> Task :composeApp:assembleDebugAppleFrameworkForXcodeIosSimulatorArm64
> Task :composeApp:createBuildSystemDirectory
> Task :composeApp:symbolicLinkToAssembleDebugAppleFrameworkForXcodeIosSimulatorArm64
> Task :composeApp:copyDsymForEmbedAndSignAppleFrameworkForXcode SKIPPED
> Task :composeApp:checkCanSyncComposeResourcesForIos
> Task :game-modes:mafia:convertXmlValueResourcesForIosArm64Main NO-SOURCE
> Task :game-modes:mafia:copyNonXmlValueResourcesForIosArm64Main NO-SOURCE
> Task :game-modes:mafia:prepareComposeResourcesTaskForIosArm64Main NO-SOURCE
> Task :game-modes:mafia:assembleIosArm64MainResources
> Task :game-modes:mafia:iosArm64CopyHierarchicalMultiplatformResources
> Task :game-modes:mafia:iosArm64ZipMultiplatformResourcesForPublication
> Task :game-modes:whodunit:convertXmlValueResourcesForIosArm64Main NO-SOURCE
> Task :game-modes:whodunit:copyNonXmlValueResourcesForIosArm64Main NO-SOURCE
> Task :game-modes:whodunit:prepareComposeResourcesTaskForIosArm64Main NO-SOURCE
> Task :game-modes:whodunit:assembleIosArm64MainResources
> Task :game-modes:whodunit:iosArm64CopyHierarchicalMultiplatformResources
> Task :game-modes:whodunit:iosArm64ZipMultiplatformResourcesForPublication
> Task :shared:design-system:convertXmlValueResourcesForIosArm64Main NO-SOURCE
> Task :shared:design-system:copyNonXmlValueResourcesForIosArm64Main NO-SOURCE
> Task :shared:design-system:prepareComposeResourcesTaskForIosArm64Main NO-SOURCE
> Task :shared:design-system:assembleIosArm64MainResources
> Task :shared:design-system:iosArm64CopyHierarchicalMultiplatformResources
> Task :shared:design-system:iosArm64ZipMultiplatformResourcesForPublication
> Task :composeApp:iosArm64ResolveResourcesFromDependencies
> Task :composeApp:convertXmlValueResourcesForIosArm64Main NO-SOURCE
> Task :composeApp:copyNonXmlValueResourcesForIosArm64Main NO-SOURCE
> Task :composeApp:prepareComposeResourcesTaskForIosArm64Main NO-SOURCE
> Task :composeApp:assembleIosArm64MainResources
> Task :composeApp:iosArm64ResolveSelfResourcesCopyHierarchicalMultiplatformResources
> Task :composeApp:iosArm64AggregateResources
> Task :game-modes:mafia:assembleIosSimulatorArm64MainResources
> Task :game-modes:mafia:iosSimulatorArm64CopyHierarchicalMultiplatformResources
> Task :game-modes:mafia:iosSimulatorArm64ZipMultiplatformResourcesForPublication
> Task :game-modes:whodunit:assembleIosSimulatorArm64MainResources
> Task :game-modes:whodunit:iosSimulatorArm64CopyHierarchicalMultiplatformResources
> Task :game-modes:whodunit:iosSimulatorArm64ZipMultiplatformResourcesForPublication
> Task :shared:design-system:assembleIosSimulatorArm64MainResources
> Task :shared:design-system:iosSimulatorArm64CopyHierarchicalMultiplatformResources
> Task :shared:design-system:iosSimulatorArm64ZipMultiplatformResourcesForPublication
> Task :composeApp:iosSimulatorArm64ResolveResourcesFromDependencies
> Task :composeApp:assembleIosSimulatorArm64MainResources
> Task :composeApp:iosSimulatorArm64ResolveSelfResourcesCopyHierarchicalMultiplatformResources
> Task :composeApp:iosSimulatorArm64AggregateResources
> Task :game-modes:mafia:convertXmlValueResourcesForIosX64Main NO-SOURCE
> Task :game-modes:mafia:copyNonXmlValueResourcesForIosX64Main NO-SOURCE
> Task :game-modes:mafia:prepareComposeResourcesTaskForIosX64Main NO-SOURCE
> Task :game-modes:mafia:assembleIosX64MainResources
> Task :game-modes:mafia:iosX64CopyHierarchicalMultiplatformResources
> Task :game-modes:mafia:iosX64ZipMultiplatformResourcesForPublication
> Task :game-modes:whodunit:convertXmlValueResourcesForIosX64Main NO-SOURCE
> Task :game-modes:whodunit:copyNonXmlValueResourcesForIosX64Main NO-SOURCE
> Task :game-modes:whodunit:prepareComposeResourcesTaskForIosX64Main NO-SOURCE
> Task :game-modes:whodunit:assembleIosX64MainResources
> Task :game-modes:whodunit:iosX64CopyHierarchicalMultiplatformResources
> Task :game-modes:whodunit:iosX64ZipMultiplatformResourcesForPublication
> Task :shared:design-system:convertXmlValueResourcesForIosX64Main NO-SOURCE
> Task :shared:design-system:copyNonXmlValueResourcesForIosX64Main NO-SOURCE
> Task :shared:design-system:prepareComposeResourcesTaskForIosX64Main NO-SOURCE
> Task :shared:design-system:assembleIosX64MainResources
> Task :shared:design-system:iosX64CopyHierarchicalMultiplatformResources
> Task :shared:design-system:iosX64ZipMultiplatformResourcesForPublication
> Task :composeApp:iosX64ResolveResourcesFromDependencies
> Task :composeApp:convertXmlValueResourcesForIosX64Main NO-SOURCE
> Task :composeApp:copyNonXmlValueResourcesForIosX64Main NO-SOURCE
> Task :composeApp:prepareComposeResourcesTaskForIosX64Main NO-SOURCE
> Task :composeApp:assembleIosX64MainResources
> Task :composeApp:iosX64ResolveSelfResourcesCopyHierarchicalMultiplatformResources
> Task :composeApp:iosX64AggregateResources
> Task :composeApp:syncComposeResourcesForIos
> Task :composeApp:validateArchitecturesForEmbedAndSignAppleFrameworkForXcode
> Task :composeApp:embedAndSignAppleFrameworkForXcode

[Incubating] Problems report is available at: file:///private/var/folders/6m/vxwlbjsn7vs6h80_98w6x7p40000gn/T/parlor-audit-dsc01-apphost-02-mxgx7n3y/copy/build/reports/problems/problems-report.html

BUILD SUCCESSFUL in 1m 46s
137 actionable tasks: 137 executed
No Gradle daemons are running.

MkDir /var/folders/6m/vxwlbjsn7vs6h80_98w6x7p40000gn/T/parlor-audit-dsc01-apphost-02-mxgx7n3y/DerivedData/Build/Intermediates.noindex/iosApp.build/Debug-iphonesimulator/iosApp.build/assetcatalog_output/unthinned (in target 'iosApp' from project 'iosApp')
    cd /var/folders/6m/vxwlbjsn7vs6h80_98w6x7p40000gn/T/parlor-audit-dsc01-apphost-02-mxgx7n3y/copy/iosApp
    /bin/mkdir -p /var/folders/6m/vxwlbjsn7vs6h80_98w6x7p40000gn/T/parlor-audit-dsc01-apphost-02-mxgx7n3y/DerivedData/Build/Intermediates.noindex/iosApp.build/Debug-iphonesimulator/iosApp.build/assetcatalog_output/unthinned

Ld /var/folders/6m/vxwlbjsn7vs6h80_98w6x7p40000gn/T/parlor-audit-dsc01-apphost-02-mxgx7n3y/DerivedData/Build/Products/Debug-iphonesimulator/Parlor.app/__preview.dylib normal (in target 'iosApp' from project 'iosApp')
    cd /var/folders/6m/vxwlbjsn7vs6h80_98w6x7p40000gn/T/parlor-audit-dsc01-apphost-02-mxgx7n3y/copy/iosApp
    /Applications/Xcode.app/Contents/Developer/Toolchains/XcodeDefault.xctoolchain/usr/bin/clang -Xlinker -reproducible -target arm64-apple-ios16.0-simulator -dynamiclib -isysroot /Applications/Xcode.app/Contents/Developer/Platforms/iPhoneSimulator.platform/Developer/SDKs/iPhoneSimulator26.5.sdk -O0 -L/var/folders/6m/vxwlbjsn7vs6h80_98w6x7p40000gn/T/parlor-audit-dsc01-apphost-02-mxgx7n3y/DerivedData/Build/Products/Debug-iphonesimulator -F/var/folders/6m/vxwlbjsn7vs6h80_98w6x7p40000gn/T/parlor-audit-dsc01-apphost-02-mxgx7n3y/DerivedData/Build/Products/Debug-iphonesimulator -F/var/folders/6m/vxwlbjsn7vs6h80_98w6x7p40000gn/T/parlor-audit-dsc01-apphost-02-mxgx7n3y/copy/composeApp/build/xcode-frameworks/Debug/iphonesimulator26.5 -install_name @rpath/Parlor.debug.dylib -Xlinker -dead_strip -rdynamic -Xlinker -no_deduplicate -Xlinker -objc_abi_version -Xlinker 2 -Xlinker -dependency_info -Xlinker /var/folders/6m/vxwlbjsn7vs6h80_98w6x7p40000gn/T/parlor-audit-dsc01-apphost-02-mxgx7n3y/DerivedData/Build/Intermediates.noindex/iosApp.build/Debug-iphonesimulator/iosApp.build/Objects-normal/arm64/Parlor_dependency_info.dat -o /var/folders/6m/vxwlbjsn7vs6h80_98w6x7p40000gn/T/parlor-audit-dsc01-apphost-02-mxgx7n3y/DerivedData/Build/Products/Debug-iphonesimulator/Parlor.app/__preview.dylib

MkDir /var/folders/6m/vxwlbjsn7vs6h80_98w6x7p40000gn/T/parlor-audit-dsc01-apphost-02-mxgx7n3y/DerivedData/Build/Intermediates.noindex/iosApp.build/Debug-iphonesimulator/iosApp.build/assetcatalog_output/thinned (in target 'iosApp' from project 'iosApp')
    cd /var/folders/6m/vxwlbjsn7vs6h80_98w6x7p40000gn/T/parlor-audit-dsc01-apphost-02-mxgx7n3y/copy/iosApp
    /bin/mkdir -p /var/folders/6m/vxwlbjsn7vs6h80_98w6x7p40000gn/T/parlor-audit-dsc01-apphost-02-mxgx7n3y/DerivedData/Build/Intermediates.noindex/iosApp.build/Debug-iphonesimulator/iosApp.build/assetcatalog_output/thinned

GenerateAssetSymbols /var/folders/6m/vxwlbjsn7vs6h80_98w6x7p40000gn/T/parlor-audit-dsc01-apphost-02-mxgx7n3y/copy/iosApp/iosApp/Assets.xcassets (in target 'iosApp' from project 'iosApp')
    cd /var/folders/6m/vxwlbjsn7vs6h80_98w6x7p40000gn/T/parlor-audit-dsc01-apphost-02-mxgx7n3y/copy/iosApp
    /Applications/Xcode.app/Contents/Developer/usr/bin/actool /var/folders/6m/vxwlbjsn7vs6h80_98w6x7p40000gn/T/parlor-audit-dsc01-apphost-02-mxgx7n3y/copy/iosApp/iosApp/Assets.xcassets --compile /var/folders/6m/vxwlbjsn7vs6h80_98w6x7p40000gn/T/parlor-audit-dsc01-apphost-02-mxgx7n3y/DerivedData/Build/Products/Debug-iphonesimulator/Parlor.app --output-format human-readable-text --notices --warnings --export-dependency-info /var/folders/6m/vxwlbjsn7vs6h80_98w6x7p40000gn/T/parlor-audit-dsc01-apphost-02-mxgx7n3y/DerivedData/Build/Intermediates.noindex/iosApp.build/Debug-iphonesimulator/iosApp.build/assetcatalog_dependencies --output-partial-info-plist /var/folders/6m/vxwlbjsn7vs6h80_98w6x7p40000gn/T/parlor-audit-dsc01-apphost-02-mxgx7n3y/DerivedData/Build/Intermediates.noindex/iosApp.build/Debug-iphonesimulator/iosApp.build/assetcatalog_generated_info.plist --app-icon AppIcon --accent-color AccentColor --compress-pngs --enable-on-demand-resources YES --development-region en --target-device iphone --target-device ipad --minimum-deployment-target 16.0 --platform iphonesimulator --bundle-identifier com.parlor.app.debug --generate-swift-asset-symbol-extensions NO --generate-swift-asset-symbols /var/folders/6m/vxwlbjsn7vs6h80_98w6x7p40000gn/T/parlor-audit-dsc01-apphost-02-mxgx7n3y/DerivedData/Build/Intermediates.noindex/iosApp.build/Debug-iphonesimulator/iosApp.build/DerivedSources/GeneratedAssetSymbols.swift --generate-objc-asset-symbols /var/folders/6m/vxwlbjsn7vs6h80_98w6x7p40000gn/T/parlor-audit-dsc01-apphost-02-mxgx7n3y/DerivedData/Build/Intermediates.noindex/iosApp.build/Debug-iphonesimulator/iosApp.build/DerivedSources/GeneratedAssetSymbols.h --generate-asset-symbol-index /var/folders/6m/vxwlbjsn7vs6h80_98w6x7p40000gn/T/parlor-audit-dsc01-apphost-02-mxgx7n3y/DerivedData/Build/Intermediates.noindex/iosApp.build/Debug-iphonesimulator/iosApp.build/DerivedSources/GeneratedAssetSymbols-Index.plist
/* com.apple.actool.compilation-results */
/var/folders/6m/vxwlbjsn7vs6h80_98w6x7p40000gn/T/parlor-audit-dsc01-apphost-02-mxgx7n3y/DerivedData/Build/Intermediates.noindex/iosApp.build/Debug-iphonesimulator/iosApp.build/DerivedSources/GeneratedAssetSymbols-Index.plist
/var/folders/6m/vxwlbjsn7vs6h80_98w6x7p40000gn/T/parlor-audit-dsc01-apphost-02-mxgx7n3y/DerivedData/Build/Intermediates.noindex/iosApp.build/Debug-iphonesimulator/iosApp.build/DerivedSources/GeneratedAssetSymbols.h
/var/folders/6m/vxwlbjsn7vs6h80_98w6x7p40000gn/T/parlor-audit-dsc01-apphost-02-mxgx7n3y/DerivedData/Build/Intermediates.noindex/iosApp.build/Debug-iphonesimulator/iosApp.build/DerivedSources/GeneratedAssetSymbols.swift


CpResource /var/folders/6m/vxwlbjsn7vs6h80_98w6x7p40000gn/T/parlor-audit-dsc01-apphost-02-mxgx7n3y/DerivedData/Build/Products/Debug-iphonesimulator/Parlor.app/PrivacyInfo.xcprivacy /var/folders/6m/vxwlbjsn7vs6h80_98w6x7p40000gn/T/parlor-audit-dsc01-apphost-02-mxgx7n3y/copy/iosApp/iosApp/PrivacyInfo.xcprivacy (in target 'iosApp' from project 'iosApp')
    cd /var/folders/6m/vxwlbjsn7vs6h80_98w6x7p40000gn/T/parlor-audit-dsc01-apphost-02-mxgx7n3y/copy/iosApp
    builtin-copy -exclude .DS_Store -exclude CVS -exclude .svn -exclude .git -exclude .hg -resolve-src-symlinks /var/folders/6m/vxwlbjsn7vs6h80_98w6x7p40000gn/T/parlor-audit-dsc01-apphost-02-mxgx7n3y/copy/iosApp/iosApp/PrivacyInfo.xcprivacy /var/folders/6m/vxwlbjsn7vs6h80_98w6x7p40000gn/T/parlor-audit-dsc01-apphost-02-mxgx7n3y/DerivedData/Build/Products/Debug-iphonesimulator/Parlor.app

CopyStringsFile /var/folders/6m/vxwlbjsn7vs6h80_98w6x7p40000gn/T/parlor-audit-dsc01-apphost-02-mxgx7n3y/DerivedData/Build/Products/Debug-iphonesimulator/Parlor.app/en.lproj/InfoPlist.strings /var/folders/6m/vxwlbjsn7vs6h80_98w6x7p40000gn/T/parlor-audit-dsc01-apphost-02-mxgx7n3y/copy/iosApp/iosApp/en.lproj/InfoPlist.strings (in target 'iosApp' from project 'iosApp')
    cd /var/folders/6m/vxwlbjsn7vs6h80_98w6x7p40000gn/T/parlor-audit-dsc01-apphost-02-mxgx7n3y/copy/iosApp
    builtin-copyStrings --validate --outputencoding binary --outfilename InfoPlist.strings --outdir /var/folders/6m/vxwlbjsn7vs6h80_98w6x7p40000gn/T/parlor-audit-dsc01-apphost-02-mxgx7n3y/DerivedData/Build/Products/Debug-iphonesimulator/Parlor.app/en.lproj -- /var/folders/6m/vxwlbjsn7vs6h80_98w6x7p40000gn/T/parlor-audit-dsc01-apphost-02-mxgx7n3y/copy/iosApp/iosApp/en.lproj/InfoPlist.strings
/var/folders/6m/vxwlbjsn7vs6h80_98w6x7p40000gn/T/parlor-audit-dsc01-apphost-02-mxgx7n3y/copy/iosApp/iosApp/en.lproj/InfoPlist.strings:1:1: note: detected encoding of input file as Unicode (UTF-8) (in target 'iosApp' from project 'iosApp')

CopyStringsFile /var/folders/6m/vxwlbjsn7vs6h80_98w6x7p40000gn/T/parlor-audit-dsc01-apphost-02-mxgx7n3y/DerivedData/Build/Products/Debug-iphonesimulator/Parlor.app/ar.lproj/InfoPlist.strings /var/folders/6m/vxwlbjsn7vs6h80_98w6x7p40000gn/T/parlor-audit-dsc01-apphost-02-mxgx7n3y/copy/iosApp/iosApp/ar.lproj/InfoPlist.strings (in target 'iosApp' from project 'iosApp')
    cd /var/folders/6m/vxwlbjsn7vs6h80_98w6x7p40000gn/T/parlor-audit-dsc01-apphost-02-mxgx7n3y/copy/iosApp
    builtin-copyStrings --validate --outputencoding binary --outfilename InfoPlist.strings --outdir /var/folders/6m/vxwlbjsn7vs6h80_98w6x7p40000gn/T/parlor-audit-dsc01-apphost-02-mxgx7n3y/DerivedData/Build/Products/Debug-iphonesimulator/Parlor.app/ar.lproj -- /var/folders/6m/vxwlbjsn7vs6h80_98w6x7p40000gn/T/parlor-audit-dsc01-apphost-02-mxgx7n3y/copy/iosApp/iosApp/ar.lproj/InfoPlist.strings
/var/folders/6m/vxwlbjsn7vs6h80_98w6x7p40000gn/T/parlor-audit-dsc01-apphost-02-mxgx7n3y/copy/iosApp/iosApp/ar.lproj/InfoPlist.strings:1:1: note: detected encoding of input file as Unicode (UTF-8) (in target 'iosApp' from project 'iosApp')

CompileAssetCatalogVariant thinned /var/folders/6m/vxwlbjsn7vs6h80_98w6x7p40000gn/T/parlor-audit-dsc01-apphost-02-mxgx7n3y/DerivedData/Build/Products/Debug-iphonesimulator/Parlor.app /var/folders/6m/vxwlbjsn7vs6h80_98w6x7p40000gn/T/parlor-audit-dsc01-apphost-02-mxgx7n3y/copy/iosApp/iosApp/Assets.xcassets (in target 'iosApp' from project 'iosApp')
    cd /var/folders/6m/vxwlbjsn7vs6h80_98w6x7p40000gn/T/parlor-audit-dsc01-apphost-02-mxgx7n3y/copy/iosApp
    /Applications/Xcode.app/Contents/Developer/usr/bin/actool /var/folders/6m/vxwlbjsn7vs6h80_98w6x7p40000gn/T/parlor-audit-dsc01-apphost-02-mxgx7n3y/copy/iosApp/iosApp/Assets.xcassets --compile /var/folders/6m/vxwlbjsn7vs6h80_98w6x7p40000gn/T/parlor-audit-dsc01-apphost-02-mxgx7n3y/DerivedData/Build/Intermediates.noindex/iosApp.build/Debug-iphonesimulator/iosApp.build/assetcatalog_output/thinned --output-format human-readable-text --notices --warnings --export-dependency-info /var/folders/6m/vxwlbjsn7vs6h80_98w6x7p40000gn/T/parlor-audit-dsc01-apphost-02-mxgx7n3y/DerivedData/Build/Intermediates.noindex/iosApp.build/Debug-iphonesimulator/iosApp.build/assetcatalog_dependencies_thinned --output-partial-info-plist /var/folders/6m/vxwlbjsn7vs6h80_98w6x7p40000gn/T/parlor-audit-dsc01-apphost-02-mxgx7n3y/DerivedData/Build/Intermediates.noindex/iosApp.build/Debug-iphonesimulator/iosApp.build/assetcatalog_generated_info.plist_thinned --app-icon AppIcon --accent-color AccentColor --compress-pngs --enable-on-demand-resources YES --filter-for-thinning-device-configuration iPhone18,1 --filter-for-device-os-version 26.5 --development-region en --target-device iphone --target-device ipad --minimum-deployment-target 16.0 --platform iphonesimulator
/* com.apple.actool.compilation-results */
/var/folders/6m/vxwlbjsn7vs6h80_98w6x7p40000gn/T/parlor-audit-dsc01-apphost-02-mxgx7n3y/DerivedData/Build/Intermediates.noindex/iosApp.build/Debug-iphonesimulator/iosApp.build/assetcatalog_generated_info.plist_thinned
/var/folders/6m/vxwlbjsn7vs6h80_98w6x7p40000gn/T/parlor-audit-dsc01-apphost-02-mxgx7n3y/DerivedData/Build/Intermediates.noindex/iosApp.build/Debug-iphonesimulator/iosApp.build/assetcatalog_output/thinned/AppIcon60x60@2x.png
/var/folders/6m/vxwlbjsn7vs6h80_98w6x7p40000gn/T/parlor-audit-dsc01-apphost-02-mxgx7n3y/DerivedData/Build/Intermediates.noindex/iosApp.build/Debug-iphonesimulator/iosApp.build/assetcatalog_output/thinned/AppIcon76x76@2x~ipad.png
/var/folders/6m/vxwlbjsn7vs6h80_98w6x7p40000gn/T/parlor-audit-dsc01-apphost-02-mxgx7n3y/DerivedData/Build/Intermediates.noindex/iosApp.build/Debug-iphonesimulator/iosApp.build/assetcatalog_output/thinned/Assets.car


SwiftDriver iosApp normal arm64 com.apple.xcode.tools.swift.compiler (in target 'iosApp' from project 'iosApp')
    cd /var/folders/6m/vxwlbjsn7vs6h80_98w6x7p40000gn/T/parlor-audit-dsc01-apphost-02-mxgx7n3y/copy/iosApp
    builtin-SwiftDriver -- /Applications/Xcode.app/Contents/Developer/Toolchains/XcodeDefault.xctoolchain/usr/bin/swiftc -module-name Parlor -Onone @/var/folders/6m/vxwlbjsn7vs6h80_98w6x7p40000gn/T/parlor-audit-dsc01-apphost-02-mxgx7n3y/DerivedData/Build/Intermediates.noindex/iosApp.build/Debug-iphonesimulator/iosApp.build/Objects-normal/arm64/Parlor.SwiftFileList -DDEBUG -enable-bare-slash-regex -enable-experimental-feature DebugDescriptionMacro -sdk /Applications/Xcode.app/Contents/Developer/Platforms/iPhoneSimulator.platform/Developer/SDKs/iPhoneSimulator26.5.sdk -target arm64-apple-ios16.0-simulator -g -module-cache-path /var/folders/6m/vxwlbjsn7vs6h80_98w6x7p40000gn/T/parlor-audit-dsc01-apphost-02-mxgx7n3y/DerivedData/ModuleCache.noindex -Xfrontend -serialize-debugging-options -enable-testing -Xcc -D_LIBCPP_HARDENING_MODE\=_LIBCPP_HARDENING_MODE_DEBUG -swift-version 5 -I /var/folders/6m/vxwlbjsn7vs6h80_98w6x7p40000gn/T/parlor-audit-dsc01-apphost-02-mxgx7n3y/DerivedData/Build/Products/Debug-iphonesimulator -F /var/folders/6m/vxwlbjsn7vs6h80_98w6x7p40000gn/T/parlor-audit-dsc01-apphost-02-mxgx7n3y/DerivedData/Build/Products/Debug-iphonesimulator -F /var/folders/6m/vxwlbjsn7vs6h80_98w6x7p40000gn/T/parlor-audit-dsc01-apphost-02-mxgx7n3y/copy/composeApp/build/xcode-frameworks/Debug/iphonesimulator26.5 -emit-localized-strings -emit-localized-strings-path /var/folders/6m/vxwlbjsn7vs6h80_98w6x7p40000gn/T/parlor-audit-dsc01-apphost-02-mxgx7n3y/DerivedData/Build/Intermediates.noindex/iosApp.build/Debug-iphonesimulator/iosApp.build/Objects-normal/arm64 -c -j10 -enable-batch-mode -incremental -Xcc -ivfsstatcache -Xcc /var/folders/6m/vxwlbjsn7vs6h80_98w6x7p40000gn/T/parlor-audit-dsc01-apphost-02-mxgx7n3y/DerivedData/SDKStatCaches.noindex/iphonesimulator26.5-23F73-6cfe768891a92b912361537c460fe42b.sdkstatcache -output-file-map /var/folders/6m/vxwlbjsn7vs6h80_98w6x7p40000gn/T/parlor-audit-dsc01-apphost-02-mxgx7n3y/DerivedData/Build/Intermediates.noindex/iosApp.build/Debug-iphonesimulator/iosApp.build/Objects-normal/arm64/iosApp-OutputFileMap.json -use-frontend-parseable-output -save-temps -no-color-diagnostics -explicit-module-build -module-cache-path /var/folders/6m/vxwlbjsn7vs6h80_98w6x7p40000gn/T/parlor-audit-dsc01-apphost-02-mxgx7n3y/DerivedData/Build/Intermediates.noindex/SwiftExplicitPrecompiledModules -clang-scanner-module-cache-path /var/folders/6m/vxwlbjsn7vs6h80_98w6x7p40000gn/T/parlor-audit-dsc01-apphost-02-mxgx7n3y/DerivedData/ModuleCache.noindex -sdk-module-cache-path /var/folders/6m/vxwlbjsn7vs6h80_98w6x7p40000gn/T/parlor-audit-dsc01-apphost-02-mxgx7n3y/DerivedData/ModuleCache.noindex -serialize-diagnostics -emit-dependencies -emit-module -emit-module-path /var/folders/6m/vxwlbjsn7vs6h80_98w6x7p40000gn/T/parlor-audit-dsc01-apphost-02-mxgx7n3y/DerivedData/Build/Intermediates.noindex/iosApp.build/Debug-iphonesimulator/iosApp.build/Objects-normal/arm64/Parlor.swiftmodule -validate-clang-modules-once -clang-build-session-file /var/folders/6m/vxwlbjsn7vs6h80_98w6x7p40000gn/T/parlor-audit-dsc01-apphost-02-mxgx7n3y/DerivedData/ModuleCache.noindex/Session.modulevalidation -Xcc -I/var/folders/6m/vxwlbjsn7vs6h80_98w6x7p40000gn/T/parlor-audit-dsc01-apphost-02-mxgx7n3y/DerivedData/Build/Intermediates.noindex/iosApp.build/Debug-iphonesimulator/iosApp.build/swift-overrides.hmap -emit-const-values -Xfrontend -const-gather-protocols-file -Xfrontend /var/folders/6m/vxwlbjsn7vs6h80_98w6x7p40000gn/T/parlor-audit-dsc01-apphost-02-mxgx7n3y/DerivedData/Build/Intermediates.noindex/iosApp.build/Debug-iphonesimulator/iosApp.build/Objects-normal/arm64/iosApp_const_extract_protocols.json -Xcc -iquote -Xcc /var/folders/6m/vxwlbjsn7vs6h80_98w6x7p40000gn/T/parlor-audit-dsc01-apphost-02-mxgx7n3y/DerivedData/Build/Intermediates.noindex/iosApp.build/Debug-iphonesimulator/iosApp.build/Parlor-generated-files.hmap -Xcc -I/var/folders/6m/vxwlbjsn7vs6h80_98w6x7p40000gn/T/parlor-audit-dsc01-apphost-02-mxgx7n3y/DerivedData/Build/Intermediates.noindex/iosApp.build/Debug-iphonesimulator/iosApp.build/Parlor-own-target-headers.hmap -Xcc -I/var/folders/6m/vxwlbjsn7vs6h80_98w6x7p40000gn/T/parlor-audit-dsc01-apphost-02-mxgx7n3y/DerivedData/Build/Intermediates.noindex/iosApp.build/Debug-iphonesimulator/iosApp.build/Parlor-all-target-headers.hmap -Xcc -iquote -Xcc /var/folders/6m/vxwlbjsn7vs6h80_98w6x7p40000gn/T/parlor-audit-dsc01-apphost-02-mxgx7n3y/DerivedData/Build/Intermediates.noindex/iosApp.build/Debug-iphonesimulator/iosApp.build/Parlor-project-headers.hmap -Xcc -I/var/folders/6m/vxwlbjsn7vs6h80_98w6x7p40000gn/T/parlor-audit-dsc01-apphost-02-mxgx7n3y/DerivedData/Build/Products/Debug-iphonesimulator/include -Xcc -I/var/folders/6m/vxwlbjsn7vs6h80_98w6x7p40000gn/T/parlor-audit-dsc01-apphost-02-mxgx7n3y/DerivedData/Build/Intermediates.noindex/iosApp.build/Debug-iphonesimulator/iosApp.build/DerivedSources-normal/arm64 -Xcc -I/var/folders/6m/vxwlbjsn7vs6h80_98w6x7p40000gn/T/parlor-audit-dsc01-apphost-02-mxgx7n3y/DerivedData/Build/Intermediates.noindex/iosApp.build/Debug-iphonesimulator/iosApp.build/DerivedSources/arm64 -Xcc -I/var/folders/6m/vxwlbjsn7vs6h80_98w6x7p40000gn/T/parlor-audit-dsc01-apphost-02-mxgx7n3y/DerivedData/Build/Intermediates.noindex/iosApp.build/Debug-iphonesimulator/iosApp.build/DerivedSources -Xcc -DDEBUG\=1 -emit-objc-header -emit-objc-header-path /var/folders/6m/vxwlbjsn7vs6h80_98w6x7p40000gn/T/parlor-audit-dsc01-apphost-02-mxgx7n3y/DerivedData/Build/Intermediates.noindex/iosApp.build/Debug-iphonesimulator/iosApp.build/Objects-normal/arm64/Parlor-Swift.h -working-directory /var/folders/6m/vxwlbjsn7vs6h80_98w6x7p40000gn/T/parlor-audit-dsc01-apphost-02-mxgx7n3y/copy/iosApp -experimental-emit-module-separately -disable-cmo

LinkAssetCatalog /var/folders/6m/vxwlbjsn7vs6h80_98w6x7p40000gn/T/parlor-audit-dsc01-apphost-02-mxgx7n3y/copy/iosApp/iosApp/Assets.xcassets (in target 'iosApp' from project 'iosApp')
    cd /var/folders/6m/vxwlbjsn7vs6h80_98w6x7p40000gn/T/parlor-audit-dsc01-apphost-02-mxgx7n3y/copy/iosApp
    builtin-linkAssetCatalog --thinned /var/folders/6m/vxwlbjsn7vs6h80_98w6x7p40000gn/T/parlor-audit-dsc01-apphost-02-mxgx7n3y/DerivedData/Build/Intermediates.noindex/iosApp.build/Debug-iphonesimulator/iosApp.build/assetcatalog_output/thinned --thinned-dependencies /var/folders/6m/vxwlbjsn7vs6h80_98w6x7p40000gn/T/parlor-audit-dsc01-apphost-02-mxgx7n3y/DerivedData/Build/Intermediates.noindex/iosApp.build/Debug-iphonesimulator/iosApp.build/assetcatalog_dependencies_thinned --thinned-info-plist-content /var/folders/6m/vxwlbjsn7vs6h80_98w6x7p40000gn/T/parlor-audit-dsc01-apphost-02-mxgx7n3y/DerivedData/Build/Intermediates.noindex/iosApp.build/Debug-iphonesimulator/iosApp.build/assetcatalog_generated_info.plist_thinned --unthinned /var/folders/6m/vxwlbjsn7vs6h80_98w6x7p40000gn/T/parlor-audit-dsc01-apphost-02-mxgx7n3y/DerivedData/Build/Intermediates.noindex/iosApp.build/Debug-iphonesimulator/iosApp.build/assetcatalog_output/unthinned --unthinned-dependencies /var/folders/6m/vxwlbjsn7vs6h80_98w6x7p40000gn/T/parlor-audit-dsc01-apphost-02-mxgx7n3y/DerivedData/Build/Intermediates.noindex/iosApp.build/Debug-iphonesimulator/iosApp.build/assetcatalog_dependencies_unthinned --unthinned-info-plist-content /var/folders/6m/vxwlbjsn7vs6h80_98w6x7p40000gn/T/parlor-audit-dsc01-apphost-02-mxgx7n3y/DerivedData/Build/Intermediates.noindex/iosApp.build/Debug-iphonesimulator/iosApp.build/assetcatalog_generated_info.plist_unthinned --output /var/folders/6m/vxwlbjsn7vs6h80_98w6x7p40000gn/T/parlor-audit-dsc01-apphost-02-mxgx7n3y/DerivedData/Build/Products/Debug-iphonesimulator/Parlor.app --plist-output /var/folders/6m/vxwlbjsn7vs6h80_98w6x7p40000gn/T/parlor-audit-dsc01-apphost-02-mxgx7n3y/DerivedData/Build/Intermediates.noindex/iosApp.build/Debug-iphonesimulator/iosApp.build/assetcatalog_generated_info.plist
note: Emplaced /var/folders/6m/vxwlbjsn7vs6h80_98w6x7p40000gn/T/parlor-audit-dsc01-apphost-02-mxgx7n3y/DerivedData/Build/Products/Debug-iphonesimulator/Parlor.app/Assets.car (in target 'iosApp' from project 'iosApp')
note: Emplaced /var/folders/6m/vxwlbjsn7vs6h80_98w6x7p40000gn/T/parlor-audit-dsc01-apphost-02-mxgx7n3y/DerivedData/Build/Products/Debug-iphonesimulator/Parlor.app/AppIcon60x60@2x.png (in target 'iosApp' from project 'iosApp')
note: Emplaced /var/folders/6m/vxwlbjsn7vs6h80_98w6x7p40000gn/T/parlor-audit-dsc01-apphost-02-mxgx7n3y/DerivedData/Build/Products/Debug-iphonesimulator/Parlor.app/AppIcon76x76@2x~ipad.png (in target 'iosApp' from project 'iosApp')

SwiftExplicitDependencyGeneratePcm arm64 /var/folders/6m/vxwlbjsn7vs6h80_98w6x7p40000gn/T/parlor-audit-dsc01-apphost-02-mxgx7n3y/DerivedData/ModuleCache.noindex/_AvailabilityInternal-5V66EYCJR8SZRUK0TYP4KEC9T.pcm

SwiftExplicitDependencyGeneratePcm arm64 /var/folders/6m/vxwlbjsn7vs6h80_98w6x7p40000gn/T/parlor-audit-dsc01-apphost-02-mxgx7n3y/DerivedData/ModuleCache.noindex/_SwiftConcurrencyShims-60J4LKM9JVXA3CGS0X9ROTKJJ.pcm

SwiftExplicitDependencyGeneratePcm arm64 /var/folders/6m/vxwlbjsn7vs6h80_98w6x7p40000gn/T/parlor-audit-dsc01-apphost-02-mxgx7n3y/DerivedData/ModuleCache.noindex/_Builtin_stdbool-9X878W36UW9OJ92FM5XB723QE.pcm

SwiftExplicitDependencyGeneratePcm arm64 /var/folders/6m/vxwlbjsn7vs6h80_98w6x7p40000gn/T/parlor-audit-dsc01-apphost-02-mxgx7n3y/DerivedData/ModuleCache.noindex/_Builtin_stdarg-O599YGI0NDSQISIPD116BC0I.pcm

SwiftExplicitDependencyGeneratePcm arm64 /var/folders/6m/vxwlbjsn7vs6h80_98w6x7p40000gn/T/parlor-audit-dsc01-apphost-02-mxgx7n3y/DerivedData/ModuleCache.noindex/ptrcheck-1JSGN6QWLGZAWNKMDDJBCHSVZ.pcm

SwiftExplicitDependencyGeneratePcm arm64 /var/folders/6m/vxwlbjsn7vs6h80_98w6x7p40000gn/T/parlor-audit-dsc01-apphost-02-mxgx7n3y/DerivedData/ModuleCache.noindex/DeveloperToolsSupport-QN955ZQ06D348CHDMOI21QYW.pcm

SwiftExplicitDependencyGeneratePcm arm64 /var/folders/6m/vxwlbjsn7vs6h80_98w6x7p40000gn/T/parlor-audit-dsc01-apphost-02-mxgx7n3y/DerivedData/ModuleCache.noindex/_DarwinFoundation1-6GRHUC35JTYOOOQ2077RCGH8U.pcm

SwiftExplicitDependencyGeneratePcm arm64 /var/folders/6m/vxwlbjsn7vs6h80_98w6x7p40000gn/T/parlor-audit-dsc01-apphost-02-mxgx7n3y/DerivedData/ModuleCache.noindex/_Builtin_stddef-B8IQBOQZPQN9MDP7EFNBQXVVE.pcm

SwiftExplicitDependencyGeneratePcm arm64 /var/folders/6m/vxwlbjsn7vs6h80_98w6x7p40000gn/T/parlor-audit-dsc01-apphost-02-mxgx7n3y/DerivedData/ModuleCache.noindex/_Builtin_float-4KB8J9GZQZLJK51WAF7PKVZ5T.pcm

SwiftExplicitDependencyGeneratePcm arm64 /var/folders/6m/vxwlbjsn7vs6h80_98w6x7p40000gn/T/parlor-audit-dsc01-apphost-02-mxgx7n3y/DerivedData/ModuleCache.noindex/_DarwinFoundation2-YHQ6HYCJTET7I7NARBPB2AUF.pcm

SwiftExplicitDependencyGeneratePcm arm64 /var/folders/6m/vxwlbjsn7vs6h80_98w6x7p40000gn/T/parlor-audit-dsc01-apphost-02-mxgx7n3y/DerivedData/ModuleCache.noindex/SwiftShims-6RR20S2XKE03SZM0Q25615BXV.pcm

SwiftExplicitDependencyGeneratePcm arm64 /var/folders/6m/vxwlbjsn7vs6h80_98w6x7p40000gn/T/parlor-audit-dsc01-apphost-02-mxgx7n3y/DerivedData/ModuleCache.noindex/_Builtin_stdint-ABQDO946GGWYBDZMC6V8HCCIG.pcm

SwiftExplicitDependencyGeneratePcm arm64 /var/folders/6m/vxwlbjsn7vs6h80_98w6x7p40000gn/T/parlor-audit-dsc01-apphost-02-mxgx7n3y/DerivedData/ModuleCache.noindex/sys_types-28QEEUQLW80KVDVKZM49TE6HA.pcm

SwiftExplicitDependencyGeneratePcm arm64 /var/folders/6m/vxwlbjsn7vs6h80_98w6x7p40000gn/T/parlor-audit-dsc01-apphost-02-mxgx7n3y/DerivedData/ModuleCache.noindex/_Builtin_stdatomic-DV1ZX9540WXOHPSHU6XJBOPZK.pcm

SwiftExplicitDependencyGeneratePcm arm64 /var/folders/6m/vxwlbjsn7vs6h80_98w6x7p40000gn/T/parlor-audit-dsc01-apphost-02-mxgx7n3y/DerivedData/ModuleCache.noindex/_Builtin_intrinsics-2ZZ49BYSS3TEUKE5F7QNH2RUR.pcm

SwiftExplicitDependencyGeneratePcm arm64 /var/folders/6m/vxwlbjsn7vs6h80_98w6x7p40000gn/T/parlor-audit-dsc01-apphost-02-mxgx7n3y/DerivedData/ModuleCache.noindex/_DarwinFoundation3-LU0DBS7EG2LM6ME80FLYZBXP.pcm

SwiftExplicitDependencyGeneratePcm arm64 /var/folders/6m/vxwlbjsn7vs6h80_98w6x7p40000gn/T/parlor-audit-dsc01-apphost-02-mxgx7n3y/DerivedData/ModuleCache.noindex/_Builtin_tgmath-EPEJCMLNAIUF4S3PAIF73S52K.pcm

SwiftExplicitDependencyGeneratePcm arm64 /var/folders/6m/vxwlbjsn7vs6h80_98w6x7p40000gn/T/parlor-audit-dsc01-apphost-02-mxgx7n3y/DerivedData/ModuleCache.noindex/_Builtin_limits-77IISTWD6NETA3WUYNMPQUW1K.pcm

SwiftExplicitDependencyGeneratePcm arm64 /var/folders/6m/vxwlbjsn7vs6h80_98w6x7p40000gn/T/parlor-audit-dsc01-apphost-02-mxgx7n3y/DerivedData/ModuleCache.noindex/_Builtin_inttypes-41622LGI8CXX1WZKEREGZSMYO.pcm

SwiftExplicitDependencyGeneratePcm arm64 /var/folders/6m/vxwlbjsn7vs6h80_98w6x7p40000gn/T/parlor-audit-dsc01-apphost-02-mxgx7n3y/DerivedData/ModuleCache.noindex/simd-8AWXI17MN29A9LLUVQCYFGRPT.pcm

SwiftExplicitDependencyGeneratePcm arm64 /var/folders/6m/vxwlbjsn7vs6h80_98w6x7p40000gn/T/parlor-audit-dsc01-apphost-02-mxgx7n3y/DerivedData/ModuleCache.noindex/Darwin-3S46FHZ49MH9R43ETU8272HZD.pcm

SwiftExplicitDependencyGeneratePcm arm64 /var/folders/6m/vxwlbjsn7vs6h80_98w6x7p40000gn/T/parlor-audit-dsc01-apphost-02-mxgx7n3y/DerivedData/ModuleCache.noindex/Spatial-D1AF1UNBNJM7T3EV8RFCESRR7.pcm

SwiftExplicitDependencyGeneratePcm arm64 /var/folders/6m/vxwlbjsn7vs6h80_98w6x7p40000gn/T/parlor-audit-dsc01-apphost-02-mxgx7n3y/DerivedData/ModuleCache.noindex/ObjectiveC-45GMV5Q65PET7MVD1QBJV0PJ9.pcm

SwiftExplicitDependencyGeneratePcm arm64 /var/folders/6m/vxwlbjsn7vs6h80_98w6x7p40000gn/T/parlor-audit-dsc01-apphost-02-mxgx7n3y/DerivedData/ModuleCache.noindex/MachO-8PIZ82XXO7S472ONAQF57ZPRL.pcm

SwiftExplicitDependencyGeneratePcm arm64 /var/folders/6m/vxwlbjsn7vs6h80_98w6x7p40000gn/T/parlor-audit-dsc01-apphost-02-mxgx7n3y/DerivedData/ModuleCache.noindex/os_object-EOSJDG3KWZZGDLQ1V48NGBHSP.pcm

SwiftExplicitDependencyGeneratePcm arm64 /var/folders/6m/vxwlbjsn7vs6h80_98w6x7p40000gn/T/parlor-audit-dsc01-apphost-02-mxgx7n3y/DerivedData/ModuleCache.noindex/ptrauth-CKIZ43YPCHNZ2P3RNFJ6V4IBV.pcm

SwiftExplicitDependencyGeneratePcm arm64 /var/folders/6m/vxwlbjsn7vs6h80_98w6x7p40000gn/T/parlor-audit-dsc01-apphost-02-mxgx7n3y/DerivedData/ModuleCache.noindex/os_workgroup-8UGOGK06KAUOR15XI7T05T6CB.pcm

ProcessInfoPlistFile /var/folders/6m/vxwlbjsn7vs6h80_98w6x7p40000gn/T/parlor-audit-dsc01-apphost-02-mxgx7n3y/DerivedData/Build/Products/Debug-iphonesimulator/Parlor.app/Info.plist /var/folders/6m/vxwlbjsn7vs6h80_98w6x7p40000gn/T/parlor-audit-dsc01-apphost-02-mxgx7n3y/copy/iosApp/iosApp/Info.plist (in target 'iosApp' from project 'iosApp')
    cd /var/folders/6m/vxwlbjsn7vs6h80_98w6x7p40000gn/T/parlor-audit-dsc01-apphost-02-mxgx7n3y/copy/iosApp
    builtin-infoPlistUtility /var/folders/6m/vxwlbjsn7vs6h80_98w6x7p40000gn/T/parlor-audit-dsc01-apphost-02-mxgx7n3y/copy/iosApp/iosApp/Info.plist -producttype com.apple.product-type.application -genpkginfo /var/folders/6m/vxwlbjsn7vs6h80_98w6x7p40000gn/T/parlor-audit-dsc01-apphost-02-mxgx7n3y/DerivedData/Build/Products/Debug-iphonesimulator/Parlor.app/PkgInfo -expandbuildsettings -format binary -platform iphonesimulator -additionalcontentfile /var/folders/6m/vxwlbjsn7vs6h80_98w6x7p40000gn/T/parlor-audit-dsc01-apphost-02-mxgx7n3y/DerivedData/Build/Intermediates.noindex/iosApp.build/Debug-iphonesimulator/iosApp.build/assetcatalog_generated_info.plist -o /var/folders/6m/vxwlbjsn7vs6h80_98w6x7p40000gn/T/parlor-audit-dsc01-apphost-02-mxgx7n3y/DerivedData/Build/Products/Debug-iphonesimulator/Parlor.app/Info.plist

SwiftExplicitDependencyGeneratePcm arm64 /var/folders/6m/vxwlbjsn7vs6h80_98w6x7p40000gn/T/parlor-audit-dsc01-apphost-02-mxgx7n3y/DerivedData/ModuleCache.noindex/Dispatch-D5ZLNMVOB15U09JUM9YZMSKV2.pcm

SwiftExplicitDependencyGeneratePcm arm64 /var/folders/6m/vxwlbjsn7vs6h80_98w6x7p40000gn/T/parlor-audit-dsc01-apphost-02-mxgx7n3y/DerivedData/ModuleCache.noindex/XPC-EY7KHFYBRNSJ1C57KA3682A2T.pcm

SwiftExplicitDependencyGeneratePcm arm64 /var/folders/6m/vxwlbjsn7vs6h80_98w6x7p40000gn/T/parlor-audit-dsc01-apphost-02-mxgx7n3y/DerivedData/ModuleCache.noindex/CoreFoundation-7JBMU8S5RN1I6VX4QHFSBGP76.pcm

SwiftExplicitDependencyGeneratePcm arm64 /var/folders/6m/vxwlbjsn7vs6h80_98w6x7p40000gn/T/parlor-audit-dsc01-apphost-02-mxgx7n3y/DerivedData/ModuleCache.noindex/os-6YN0UGBDZNZMLCLNT322Z9EWJ.pcm

SwiftExplicitDependencyGeneratePcm arm64 /var/folders/6m/vxwlbjsn7vs6h80_98w6x7p40000gn/T/parlor-audit-dsc01-apphost-02-mxgx7n3y/DerivedData/ModuleCache.noindex/CFNetwork-1NOKNQVERDFCLQD5GO1JHWLK3.pcm

SwiftExplicitDependencyGeneratePcm arm64 /var/folders/6m/vxwlbjsn7vs6h80_98w6x7p40000gn/T/parlor-audit-dsc01-apphost-02-mxgx7n3y/DerivedData/ModuleCache.noindex/Security-3VIWDTOAUS8Y0LXS7EGX6W8NT.pcm

SwiftExplicitDependencyGeneratePcm arm64 /var/folders/6m/vxwlbjsn7vs6h80_98w6x7p40000gn/T/parlor-audit-dsc01-apphost-02-mxgx7n3y/DerivedData/ModuleCache.noindex/CoreGraphics-P0B8TCU741VXMP4NP0P9PRLH.pcm

SwiftExplicitDependencyGeneratePcm arm64 /var/folders/6m/vxwlbjsn7vs6h80_98w6x7p40000gn/T/parlor-audit-dsc01-apphost-02-mxgx7n3y/DerivedData/ModuleCache.noindex/Foundation-89QM16N0F7TBQU3KG4QTC45GA.pcm

SwiftExplicitDependencyGeneratePcm arm64 /var/folders/6m/vxwlbjsn7vs6h80_98w6x7p40000gn/T/parlor-audit-dsc01-apphost-02-mxgx7n3y/DerivedData/ModuleCache.noindex/ImageIO-DFO3C3CMOO6H1K8BKJ8P3433.pcm

SwiftExplicitDependencyGeneratePcm arm64 /var/folders/6m/vxwlbjsn7vs6h80_98w6x7p40000gn/T/parlor-audit-dsc01-apphost-02-mxgx7n3y/DerivedData/ModuleCache.noindex/UserNotifications-2YI8FUZERJHZSIONQ9R5HOSLY.pcm

SwiftExplicitDependencyGeneratePcm arm64 /var/folders/6m/vxwlbjsn7vs6h80_98w6x7p40000gn/T/parlor-audit-dsc01-apphost-02-mxgx7n3y/DerivedData/ModuleCache.noindex/Symbols-95WOGMSG1WS4ZDHWOZ7CZOG1E.pcm

SwiftExplicitDependencyGeneratePcm arm64 /var/folders/6m/vxwlbjsn7vs6h80_98w6x7p40000gn/T/parlor-audit-dsc01-apphost-02-mxgx7n3y/DerivedData/ModuleCache.noindex/IOSurface-2VSJ8272EL453DYLZ3JPNEZF1.pcm

SwiftExplicitDependencyGeneratePcm arm64 /var/folders/6m/vxwlbjsn7vs6h80_98w6x7p40000gn/T/parlor-audit-dsc01-apphost-02-mxgx7n3y/DerivedData/ModuleCache.noindex/CoreTransferable-4N3KNWDTEIYK96WF3HZJB893S.pcm

SwiftExplicitDependencyGeneratePcm arm64 /var/folders/6m/vxwlbjsn7vs6h80_98w6x7p40000gn/T/parlor-audit-dsc01-apphost-02-mxgx7n3y/DerivedData/ModuleCache.noindex/DataDetection-233VHNI79EXR1F7B4VGLYE5J3.pcm

SwiftExplicitDependencyGeneratePcm arm64 /var/folders/6m/vxwlbjsn7vs6h80_98w6x7p40000gn/T/parlor-audit-dsc01-apphost-02-mxgx7n3y/DerivedData/Build/Intermediates.noindex/SwiftExplicitPrecompiledModules/ComposeApp-59TGMKGR8RGK3HAKTVNUX1EDZ.pcm

SwiftExplicitDependencyGeneratePcm arm64 /var/folders/6m/vxwlbjsn7vs6h80_98w6x7p40000gn/T/parlor-audit-dsc01-apphost-02-mxgx7n3y/DerivedData/ModuleCache.noindex/FileProvider-9XQ6LPY4I5CVJKL6Y5M37BH1Q.pcm

SwiftExplicitDependencyGeneratePcm arm64 /var/folders/6m/vxwlbjsn7vs6h80_98w6x7p40000gn/T/parlor-audit-dsc01-apphost-02-mxgx7n3y/DerivedData/ModuleCache.noindex/OpenGLES-1ZDC15P3CO5GAG9ZL8O9G67G1.pcm

SwiftExplicitDependencyGeneratePcm arm64 /var/folders/6m/vxwlbjsn7vs6h80_98w6x7p40000gn/T/parlor-audit-dsc01-apphost-02-mxgx7n3y/DerivedData/ModuleCache.noindex/CoreText-DQ21R4DF306X3JDSSTO7YWD21.pcm

SwiftExplicitDependencyGeneratePcm arm64 /var/folders/6m/vxwlbjsn7vs6h80_98w6x7p40000gn/T/parlor-audit-dsc01-apphost-02-mxgx7n3y/DerivedData/ModuleCache.noindex/UniformTypeIdentifiers-8VQSH6J0U8TSSN3XM90UGQR22.pcm

SwiftExplicitDependencyGeneratePcm arm64 /var/folders/6m/vxwlbjsn7vs6h80_98w6x7p40000gn/T/parlor-audit-dsc01-apphost-02-mxgx7n3y/DerivedData/ModuleCache.noindex/Accessibility-3RPWD11HVX0XF118G4MXP0R3P.pcm

SwiftExplicitDependencyGeneratePcm arm64 /var/folders/6m/vxwlbjsn7vs6h80_98w6x7p40000gn/T/parlor-audit-dsc01-apphost-02-mxgx7n3y/DerivedData/ModuleCache.noindex/UIUtilities-D7UUGG98561KQN3JJCKV3NBHR.pcm

SwiftExplicitDependencyGeneratePcm arm64 /var/folders/6m/vxwlbjsn7vs6h80_98w6x7p40000gn/T/parlor-audit-dsc01-apphost-02-mxgx7n3y/DerivedData/ModuleCache.noindex/OSLog-D5XT3M1DJK60A1NS08QVZAQAP.pcm

SwiftExplicitDependencyGeneratePcm arm64 /var/folders/6m/vxwlbjsn7vs6h80_98w6x7p40000gn/T/parlor-audit-dsc01-apphost-02-mxgx7n3y/DerivedData/ModuleCache.noindex/CoreData-56MENUCN7GELMCV35RZF00WTS.pcm

SwiftExplicitDependencyGeneratePcm arm64 /var/folders/6m/vxwlbjsn7vs6h80_98w6x7p40000gn/T/parlor-audit-dsc01-apphost-02-mxgx7n3y/DerivedData/ModuleCache.noindex/Metal-6BY3T9MRC7ITGMPRQF8U3YEH9.pcm

SwiftExplicitDependencyGeneratePcm arm64 /var/folders/6m/vxwlbjsn7vs6h80_98w6x7p40000gn/T/parlor-audit-dsc01-apphost-02-mxgx7n3y/DerivedData/ModuleCache.noindex/CoreVideo-790EOL3SLUHA209LMZBC8OKZ9.pcm

SwiftExplicitDependencyGeneratePcm arm64 /var/folders/6m/vxwlbjsn7vs6h80_98w6x7p40000gn/T/parlor-audit-dsc01-apphost-02-mxgx7n3y/DerivedData/ModuleCache.noindex/QuartzCore-17X9GPKT6WHDW533PE0ZRINEI.pcm

SwiftExplicitDependencyGeneratePcm arm64 /var/folders/6m/vxwlbjsn7vs6h80_98w6x7p40000gn/T/parlor-audit-dsc01-apphost-02-mxgx7n3y/DerivedData/ModuleCache.noindex/CoreImage-D2ZR9UUW5K7X1C857UZ5ULTLK.pcm

SwiftExplicitDependencyGeneratePcm arm64 /var/folders/6m/vxwlbjsn7vs6h80_98w6x7p40000gn/T/parlor-audit-dsc01-apphost-02-mxgx7n3y/DerivedData/ModuleCache.noindex/SwiftUICore-4S3UPOPXIOGPWQN4W154AV03U.pcm

SwiftExplicitDependencyGeneratePcm arm64 /var/folders/6m/vxwlbjsn7vs6h80_98w6x7p40000gn/T/parlor-audit-dsc01-apphost-02-mxgx7n3y/DerivedData/ModuleCache.noindex/UIKit-A7832JOQUWOZ8XN7FUR66XJMY.pcm

SwiftExplicitDependencyGeneratePcm arm64 /var/folders/6m/vxwlbjsn7vs6h80_98w6x7p40000gn/T/parlor-audit-dsc01-apphost-02-mxgx7n3y/DerivedData/ModuleCache.noindex/SwiftUI-CEVSFLIUELH32L47X2QEG29CI.pcm

SwiftEmitModule normal arm64 Emitting\ module\ for\ Parlor (in target 'iosApp' from project 'iosApp')

EmitSwiftModule normal arm64 (in target 'iosApp' from project 'iosApp')
    cd /var/folders/6m/vxwlbjsn7vs6h80_98w6x7p40000gn/T/parlor-audit-dsc01-apphost-02-mxgx7n3y/copy/iosApp
    

SwiftCompile normal arm64 Compiling\ ContentView.swift /var/folders/6m/vxwlbjsn7vs6h80_98w6x7p40000gn/T/parlor-audit-dsc01-apphost-02-mxgx7n3y/copy/iosApp/iosApp/ContentView.swift (in target 'iosApp' from project 'iosApp')

SwiftCompile normal arm64 /var/folders/6m/vxwlbjsn7vs6h80_98w6x7p40000gn/T/parlor-audit-dsc01-apphost-02-mxgx7n3y/copy/iosApp/iosApp/ContentView.swift (in target 'iosApp' from project 'iosApp')
    cd /var/folders/6m/vxwlbjsn7vs6h80_98w6x7p40000gn/T/parlor-audit-dsc01-apphost-02-mxgx7n3y/copy/iosApp
    

SwiftDriverJobDiscovery normal arm64 Emitting module for Parlor (in target 'iosApp' from project 'iosApp')

SwiftDriver\ Compilation\ Requirements iosApp normal arm64 com.apple.xcode.tools.swift.compiler (in target 'iosApp' from project 'iosApp')
    cd /var/folders/6m/vxwlbjsn7vs6h80_98w6x7p40000gn/T/parlor-audit-dsc01-apphost-02-mxgx7n3y/copy/iosApp
    builtin-Swift-Compilation-Requirements -- /Applications/Xcode.app/Contents/Developer/Toolchains/XcodeDefault.xctoolchain/usr/bin/swiftc -module-name Parlor -Onone @/var/folders/6m/vxwlbjsn7vs6h80_98w6x7p40000gn/T/parlor-audit-dsc01-apphost-02-mxgx7n3y/DerivedData/Build/Intermediates.noindex/iosApp.build/Debug-iphonesimulator/iosApp.build/Objects-normal/arm64/Parlor.SwiftFileList -DDEBUG -enable-bare-slash-regex -enable-experimental-feature DebugDescriptionMacro -sdk /Applications/Xcode.app/Contents/Developer/Platforms/iPhoneSimulator.platform/Developer/SDKs/iPhoneSimulator26.5.sdk -target arm64-apple-ios16.0-simulator -g -module-cache-path /var/folders/6m/vxwlbjsn7vs6h80_98w6x7p40000gn/T/parlor-audit-dsc01-apphost-02-mxgx7n3y/DerivedData/ModuleCache.noindex -Xfrontend -serialize-debugging-options -enable-testing -Xcc -D_LIBCPP_HARDENING_MODE\=_LIBCPP_HARDENING_MODE_DEBUG -swift-version 5 -I /var/folders/6m/vxwlbjsn7vs6h80_98w6x7p40000gn/T/parlor-audit-dsc01-apphost-02-mxgx7n3y/DerivedData/Build/Products/Debug-iphonesimulator -F /var/folders/6m/vxwlbjsn7vs6h80_98w6x7p40000gn/T/parlor-audit-dsc01-apphost-02-mxgx7n3y/DerivedData/Build/Products/Debug-iphonesimulator -F /var/folders/6m/vxwlbjsn7vs6h80_98w6x7p40000gn/T/parlor-audit-dsc01-apphost-02-mxgx7n3y/copy/composeApp/build/xcode-frameworks/Debug/iphonesimulator26.5 -emit-localized-strings -emit-localized-strings-path /var/folders/6m/vxwlbjsn7vs6h80_98w6x7p40000gn/T/parlor-audit-dsc01-apphost-02-mxgx7n3y/DerivedData/Build/Intermediates.noindex/iosApp.build/Debug-iphonesimulator/iosApp.build/Objects-normal/arm64 -c -j10 -enable-batch-mode -incremental -Xcc -ivfsstatcache -Xcc /var/folders/6m/vxwlbjsn7vs6h80_98w6x7p40000gn/T/parlor-audit-dsc01-apphost-02-mxgx7n3y/DerivedData/SDKStatCaches.noindex/iphonesimulator26.5-23F73-6cfe768891a92b912361537c460fe42b.sdkstatcache -output-file-map /var/folders/6m/vxwlbjsn7vs6h80_98w6x7p40000gn/T/parlor-audit-dsc01-apphost-02-mxgx7n3y/DerivedData/Build/Intermediates.noindex/iosApp.build/Debug-iphonesimulator/iosApp.build/Objects-normal/arm64/iosApp-OutputFileMap.json -use-frontend-parseable-output -save-temps -no-color-diagnostics -explicit-module-build -module-cache-path /var/folders/6m/vxwlbjsn7vs6h80_98w6x7p40000gn/T/parlor-audit-dsc01-apphost-02-mxgx7n3y/DerivedData/Build/Intermediates.noindex/SwiftExplicitPrecompiledModules -clang-scanner-module-cache-path /var/folders/6m/vxwlbjsn7vs6h80_98w6x7p40000gn/T/parlor-audit-dsc01-apphost-02-mxgx7n3y/DerivedData/ModuleCache.noindex -sdk-module-cache-path /var/folders/6m/vxwlbjsn7vs6h80_98w6x7p40000gn/T/parlor-audit-dsc01-apphost-02-mxgx7n3y/DerivedData/ModuleCache.noindex -serialize-diagnostics -emit-dependencies -emit-module -emit-module-path /var/folders/6m/vxwlbjsn7vs6h80_98w6x7p40000gn/T/parlor-audit-dsc01-apphost-02-mxgx7n3y/DerivedData/Build/Intermediates.noindex/iosApp.build/Debug-iphonesimulator/iosApp.build/Objects-normal/arm64/Parlor.swiftmodule -validate-clang-modules-once -clang-build-session-file /var/folders/6m/vxwlbjsn7vs6h80_98w6x7p40000gn/T/parlor-audit-dsc01-apphost-02-mxgx7n3y/DerivedData/ModuleCache.noindex/Session.modulevalidation -Xcc -I/var/folders/6m/vxwlbjsn7vs6h80_98w6x7p40000gn/T/parlor-audit-dsc01-apphost-02-mxgx7n3y/DerivedData/Build/Intermediates.noindex/iosApp.build/Debug-iphonesimulator/iosApp.build/swift-overrides.hmap -emit-const-values -Xfrontend -const-gather-protocols-file -Xfrontend /var/folders/6m/vxwlbjsn7vs6h80_98w6x7p40000gn/T/parlor-audit-dsc01-apphost-02-mxgx7n3y/DerivedData/Build/Intermediates.noindex/iosApp.build/Debug-iphonesimulator/iosApp.build/Objects-normal/arm64/iosApp_const_extract_protocols.json -Xcc -iquote -Xcc /var/folders/6m/vxwlbjsn7vs6h80_98w6x7p40000gn/T/parlor-audit-dsc01-apphost-02-mxgx7n3y/DerivedData/Build/Intermediates.noindex/iosApp.build/Debug-iphonesimulator/iosApp.build/Parlor-generated-files.hmap -Xcc -I/var/folders/6m/vxwlbjsn7vs6h80_98w6x7p40000gn/T/parlor-audit-dsc01-apphost-02-mxgx7n3y/DerivedData/Build/Intermediates.noindex/iosApp.build/Debug-iphonesimulator/iosApp.build/Parlor-own-target-headers.hmap -Xcc -I/var/folders/6m/vxwlbjsn7vs6h80_98w6x7p40000gn/T/parlor-audit-dsc01-apphost-02-mxgx7n3y/DerivedData/Build/Intermediates.noindex/iosApp.build/Debug-iphonesimulator/iosApp.build/Parlor-all-target-headers.hmap -Xcc -iquote -Xcc /var/folders/6m/vxwlbjsn7vs6h80_98w6x7p40000gn/T/parlor-audit-dsc01-apphost-02-mxgx7n3y/DerivedData/Build/Intermediates.noindex/iosApp.build/Debug-iphonesimulator/iosApp.build/Parlor-project-headers.hmap -Xcc -I/var/folders/6m/vxwlbjsn7vs6h80_98w6x7p40000gn/T/parlor-audit-dsc01-apphost-02-mxgx7n3y/DerivedData/Build/Products/Debug-iphonesimulator/include -Xcc -I/var/folders/6m/vxwlbjsn7vs6h80_98w6x7p40000gn/T/parlor-audit-dsc01-apphost-02-mxgx7n3y/DerivedData/Build/Intermediates.noindex/iosApp.build/Debug-iphonesimulator/iosApp.build/DerivedSources-normal/arm64 -Xcc -I/var/folders/6m/vxwlbjsn7vs6h80_98w6x7p40000gn/T/parlor-audit-dsc01-apphost-02-mxgx7n3y/DerivedData/Build/Intermediates.noindex/iosApp.build/Debug-iphonesimulator/iosApp.build/DerivedSources/arm64 -Xcc -I/var/folders/6m/vxwlbjsn7vs6h80_98w6x7p40000gn/T/parlor-audit-dsc01-apphost-02-mxgx7n3y/DerivedData/Build/Intermediates.noindex/iosApp.build/Debug-iphonesimulator/iosApp.build/DerivedSources -Xcc -DDEBUG\=1 -emit-objc-header -emit-objc-header-path /var/folders/6m/vxwlbjsn7vs6h80_98w6x7p40000gn/T/parlor-audit-dsc01-apphost-02-mxgx7n3y/DerivedData/Build/Intermediates.noindex/iosApp.build/Debug-iphonesimulator/iosApp.build/Objects-normal/arm64/Parlor-Swift.h -working-directory /var/folders/6m/vxwlbjsn7vs6h80_98w6x7p40000gn/T/parlor-audit-dsc01-apphost-02-mxgx7n3y/copy/iosApp -experimental-emit-module-separately -disable-cmo

SwiftDriverJobDiscovery normal arm64 Compiling ContentView.swift (in target 'iosApp' from project 'iosApp')

SwiftCompile normal arm64 Compiling\ iOSApp.swift /var/folders/6m/vxwlbjsn7vs6h80_98w6x7p40000gn/T/parlor-audit-dsc01-apphost-02-mxgx7n3y/copy/iosApp/iosApp/iOSApp.swift (in target 'iosApp' from project 'iosApp')

SwiftCompile normal arm64 /var/folders/6m/vxwlbjsn7vs6h80_98w6x7p40000gn/T/parlor-audit-dsc01-apphost-02-mxgx7n3y/copy/iosApp/iosApp/iOSApp.swift (in target 'iosApp' from project 'iosApp')
    cd /var/folders/6m/vxwlbjsn7vs6h80_98w6x7p40000gn/T/parlor-audit-dsc01-apphost-02-mxgx7n3y/copy/iosApp
    

SwiftMergeGeneratedHeaders /var/folders/6m/vxwlbjsn7vs6h80_98w6x7p40000gn/T/parlor-audit-dsc01-apphost-02-mxgx7n3y/DerivedData/Build/Intermediates.noindex/iosApp.build/Debug-iphonesimulator/iosApp.build/DerivedSources/Parlor-Swift.h /var/folders/6m/vxwlbjsn7vs6h80_98w6x7p40000gn/T/parlor-audit-dsc01-apphost-02-mxgx7n3y/DerivedData/Build/Intermediates.noindex/iosApp.build/Debug-iphonesimulator/iosApp.build/Objects-normal/arm64/Parlor-Swift.h (in target 'iosApp' from project 'iosApp')
    cd /var/folders/6m/vxwlbjsn7vs6h80_98w6x7p40000gn/T/parlor-audit-dsc01-apphost-02-mxgx7n3y/copy/iosApp
    builtin-swiftHeaderTool -arch arm64 /var/folders/6m/vxwlbjsn7vs6h80_98w6x7p40000gn/T/parlor-audit-dsc01-apphost-02-mxgx7n3y/DerivedData/Build/Intermediates.noindex/iosApp.build/Debug-iphonesimulator/iosApp.build/Objects-normal/arm64/Parlor-Swift.h -o /var/folders/6m/vxwlbjsn7vs6h80_98w6x7p40000gn/T/parlor-audit-dsc01-apphost-02-mxgx7n3y/DerivedData/Build/Intermediates.noindex/iosApp.build/Debug-iphonesimulator/iosApp.build/DerivedSources/Parlor-Swift.h

SwiftDriverJobDiscovery normal arm64 Compiling iOSApp.swift (in target 'iosApp' from project 'iosApp')

Copy /var/folders/6m/vxwlbjsn7vs6h80_98w6x7p40000gn/T/parlor-audit-dsc01-apphost-02-mxgx7n3y/DerivedData/Build/Products/Debug-iphonesimulator/Parlor.swiftmodule/arm64-apple-ios-simulator.swiftmodule /var/folders/6m/vxwlbjsn7vs6h80_98w6x7p40000gn/T/parlor-audit-dsc01-apphost-02-mxgx7n3y/DerivedData/Build/Intermediates.noindex/iosApp.build/Debug-iphonesimulator/iosApp.build/Objects-normal/arm64/Parlor.swiftmodule (in target 'iosApp' from project 'iosApp')
    cd /var/folders/6m/vxwlbjsn7vs6h80_98w6x7p40000gn/T/parlor-audit-dsc01-apphost-02-mxgx7n3y/copy/iosApp
    builtin-copy -exclude .DS_Store -exclude CVS -exclude .svn -exclude .git -exclude .hg -resolve-src-symlinks -rename /var/folders/6m/vxwlbjsn7vs6h80_98w6x7p40000gn/T/parlor-audit-dsc01-apphost-02-mxgx7n3y/DerivedData/Build/Intermediates.noindex/iosApp.build/Debug-iphonesimulator/iosApp.build/Objects-normal/arm64/Parlor.swiftmodule /var/folders/6m/vxwlbjsn7vs6h80_98w6x7p40000gn/T/parlor-audit-dsc01-apphost-02-mxgx7n3y/DerivedData/Build/Products/Debug-iphonesimulator/Parlor.swiftmodule/arm64-apple-ios-simulator.swiftmodule

Copy /var/folders/6m/vxwlbjsn7vs6h80_98w6x7p40000gn/T/parlor-audit-dsc01-apphost-02-mxgx7n3y/DerivedData/Build/Products/Debug-iphonesimulator/Parlor.swiftmodule/arm64-apple-ios-simulator.swiftdoc /var/folders/6m/vxwlbjsn7vs6h80_98w6x7p40000gn/T/parlor-audit-dsc01-apphost-02-mxgx7n3y/DerivedData/Build/Intermediates.noindex/iosApp.build/Debug-iphonesimulator/iosApp.build/Objects-normal/arm64/Parlor.swiftdoc (in target 'iosApp' from project 'iosApp')
    cd /var/folders/6m/vxwlbjsn7vs6h80_98w6x7p40000gn/T/parlor-audit-dsc01-apphost-02-mxgx7n3y/copy/iosApp
    builtin-copy -exclude .DS_Store -exclude CVS -exclude .svn -exclude .git -exclude .hg -resolve-src-symlinks -rename /var/folders/6m/vxwlbjsn7vs6h80_98w6x7p40000gn/T/parlor-audit-dsc01-apphost-02-mxgx7n3y/DerivedData/Build/Intermediates.noindex/iosApp.build/Debug-iphonesimulator/iosApp.build/Objects-normal/arm64/Parlor.swiftdoc /var/folders/6m/vxwlbjsn7vs6h80_98w6x7p40000gn/T/parlor-audit-dsc01-apphost-02-mxgx7n3y/DerivedData/Build/Products/Debug-iphonesimulator/Parlor.swiftmodule/arm64-apple-ios-simulator.swiftdoc

Copy /var/folders/6m/vxwlbjsn7vs6h80_98w6x7p40000gn/T/parlor-audit-dsc01-apphost-02-mxgx7n3y/DerivedData/Build/Products/Debug-iphonesimulator/Parlor.swiftmodule/arm64-apple-ios-simulator.abi.json /var/folders/6m/vxwlbjsn7vs6h80_98w6x7p40000gn/T/parlor-audit-dsc01-apphost-02-mxgx7n3y/DerivedData/Build/Intermediates.noindex/iosApp.build/Debug-iphonesimulator/iosApp.build/Objects-normal/arm64/Parlor.abi.json (in target 'iosApp' from project 'iosApp')
    cd /var/folders/6m/vxwlbjsn7vs6h80_98w6x7p40000gn/T/parlor-audit-dsc01-apphost-02-mxgx7n3y/copy/iosApp
    builtin-copy -exclude .DS_Store -exclude CVS -exclude .svn -exclude .git -exclude .hg -resolve-src-symlinks -rename /var/folders/6m/vxwlbjsn7vs6h80_98w6x7p40000gn/T/parlor-audit-dsc01-apphost-02-mxgx7n3y/DerivedData/Build/Intermediates.noindex/iosApp.build/Debug-iphonesimulator/iosApp.build/Objects-normal/arm64/Parlor.abi.json /var/folders/6m/vxwlbjsn7vs6h80_98w6x7p40000gn/T/parlor-audit-dsc01-apphost-02-mxgx7n3y/DerivedData/Build/Products/Debug-iphonesimulator/Parlor.swiftmodule/arm64-apple-ios-simulator.abi.json

Copy /var/folders/6m/vxwlbjsn7vs6h80_98w6x7p40000gn/T/parlor-audit-dsc01-apphost-02-mxgx7n3y/DerivedData/Build/Products/Debug-iphonesimulator/Parlor.swiftmodule/Project/arm64-apple-ios-simulator.swiftsourceinfo /var/folders/6m/vxwlbjsn7vs6h80_98w6x7p40000gn/T/parlor-audit-dsc01-apphost-02-mxgx7n3y/DerivedData/Build/Intermediates.noindex/iosApp.build/Debug-iphonesimulator/iosApp.build/Objects-normal/arm64/Parlor.swiftsourceinfo (in target 'iosApp' from project 'iosApp')
    cd /var/folders/6m/vxwlbjsn7vs6h80_98w6x7p40000gn/T/parlor-audit-dsc01-apphost-02-mxgx7n3y/copy/iosApp
    builtin-copy -exclude .DS_Store -exclude CVS -exclude .svn -exclude .git -exclude .hg -resolve-src-symlinks -rename /var/folders/6m/vxwlbjsn7vs6h80_98w6x7p40000gn/T/parlor-audit-dsc01-apphost-02-mxgx7n3y/DerivedData/Build/Intermediates.noindex/iosApp.build/Debug-iphonesimulator/iosApp.build/Objects-normal/arm64/Parlor.swiftsourceinfo /var/folders/6m/vxwlbjsn7vs6h80_98w6x7p40000gn/T/parlor-audit-dsc01-apphost-02-mxgx7n3y/DerivedData/Build/Products/Debug-iphonesimulator/Parlor.swiftmodule/Project/arm64-apple-ios-simulator.swiftsourceinfo

SwiftCompile normal arm64 Compiling\ GeneratedAssetSymbols.swift /var/folders/6m/vxwlbjsn7vs6h80_98w6x7p40000gn/T/parlor-audit-dsc01-apphost-02-mxgx7n3y/DerivedData/Build/Intermediates.noindex/iosApp.build/Debug-iphonesimulator/iosApp.build/DerivedSources/GeneratedAssetSymbols.swift (in target 'iosApp' from project 'iosApp')

SwiftCompile normal arm64 /var/folders/6m/vxwlbjsn7vs6h80_98w6x7p40000gn/T/parlor-audit-dsc01-apphost-02-mxgx7n3y/DerivedData/Build/Intermediates.noindex/iosApp.build/Debug-iphonesimulator/iosApp.build/DerivedSources/GeneratedAssetSymbols.swift (in target 'iosApp' from project 'iosApp')
    cd /var/folders/6m/vxwlbjsn7vs6h80_98w6x7p40000gn/T/parlor-audit-dsc01-apphost-02-mxgx7n3y/copy/iosApp
    

SwiftDriverJobDiscovery normal arm64 Compiling GeneratedAssetSymbols.swift (in target 'iosApp' from project 'iosApp')

SwiftDriver\ Compilation iosApp normal arm64 com.apple.xcode.tools.swift.compiler (in target 'iosApp' from project 'iosApp')
    cd /var/folders/6m/vxwlbjsn7vs6h80_98w6x7p40000gn/T/parlor-audit-dsc01-apphost-02-mxgx7n3y/copy/iosApp
    builtin-Swift-Compilation -- /Applications/Xcode.app/Contents/Developer/Toolchains/XcodeDefault.xctoolchain/usr/bin/swiftc -module-name Parlor -Onone @/var/folders/6m/vxwlbjsn7vs6h80_98w6x7p40000gn/T/parlor-audit-dsc01-apphost-02-mxgx7n3y/DerivedData/Build/Intermediates.noindex/iosApp.build/Debug-iphonesimulator/iosApp.build/Objects-normal/arm64/Parlor.SwiftFileList -DDEBUG -enable-bare-slash-regex -enable-experimental-feature DebugDescriptionMacro -sdk /Applications/Xcode.app/Contents/Developer/Platforms/iPhoneSimulator.platform/Developer/SDKs/iPhoneSimulator26.5.sdk -target arm64-apple-ios16.0-simulator -g -module-cache-path /var/folders/6m/vxwlbjsn7vs6h80_98w6x7p40000gn/T/parlor-audit-dsc01-apphost-02-mxgx7n3y/DerivedData/ModuleCache.noindex -Xfrontend -serialize-debugging-options -enable-testing -Xcc -D_LIBCPP_HARDENING_MODE\=_LIBCPP_HARDENING_MODE_DEBUG -swift-version 5 -I /var/folders/6m/vxwlbjsn7vs6h80_98w6x7p40000gn/T/parlor-audit-dsc01-apphost-02-mxgx7n3y/DerivedData/Build/Products/Debug-iphonesimulator -F /var/folders/6m/vxwlbjsn7vs6h80_98w6x7p40000gn/T/parlor-audit-dsc01-apphost-02-mxgx7n3y/DerivedData/Build/Products/Debug-iphonesimulator -F /var/folders/6m/vxwlbjsn7vs6h80_98w6x7p40000gn/T/parlor-audit-dsc01-apphost-02-mxgx7n3y/copy/composeApp/build/xcode-frameworks/Debug/iphonesimulator26.5 -emit-localized-strings -emit-localized-strings-path /var/folders/6m/vxwlbjsn7vs6h80_98w6x7p40000gn/T/parlor-audit-dsc01-apphost-02-mxgx7n3y/DerivedData/Build/Intermediates.noindex/iosApp.build/Debug-iphonesimulator/iosApp.build/Objects-normal/arm64 -c -j10 -enable-batch-mode -incremental -Xcc -ivfsstatcache -Xcc /var/folders/6m/vxwlbjsn7vs6h80_98w6x7p40000gn/T/parlor-audit-dsc01-apphost-02-mxgx7n3y/DerivedData/SDKStatCaches.noindex/iphonesimulator26.5-23F73-6cfe768891a92b912361537c460fe42b.sdkstatcache -output-file-map /var/folders/6m/vxwlbjsn7vs6h80_98w6x7p40000gn/T/parlor-audit-dsc01-apphost-02-mxgx7n3y/DerivedData/Build/Intermediates.noindex/iosApp.build/Debug-iphonesimulator/iosApp.build/Objects-normal/arm64/iosApp-OutputFileMap.json -use-frontend-parseable-output -save-temps -no-color-diagnostics -explicit-module-build -module-cache-path /var/folders/6m/vxwlbjsn7vs6h80_98w6x7p40000gn/T/parlor-audit-dsc01-apphost-02-mxgx7n3y/DerivedData/Build/Intermediates.noindex/SwiftExplicitPrecompiledModules -clang-scanner-module-cache-path /var/folders/6m/vxwlbjsn7vs6h80_98w6x7p40000gn/T/parlor-audit-dsc01-apphost-02-mxgx7n3y/DerivedData/ModuleCache.noindex -sdk-module-cache-path /var/folders/6m/vxwlbjsn7vs6h80_98w6x7p40000gn/T/parlor-audit-dsc01-apphost-02-mxgx7n3y/DerivedData/ModuleCache.noindex -serialize-diagnostics -emit-dependencies -emit-module -emit-module-path /var/folders/6m/vxwlbjsn7vs6h80_98w6x7p40000gn/T/parlor-audit-dsc01-apphost-02-mxgx7n3y/DerivedData/Build/Intermediates.noindex/iosApp.build/Debug-iphonesimulator/iosApp.build/Objects-normal/arm64/Parlor.swiftmodule -validate-clang-modules-once -clang-build-session-file /var/folders/6m/vxwlbjsn7vs6h80_98w6x7p40000gn/T/parlor-audit-dsc01-apphost-02-mxgx7n3y/DerivedData/ModuleCache.noindex/Session.modulevalidation -Xcc -I/var/folders/6m/vxwlbjsn7vs6h80_98w6x7p40000gn/T/parlor-audit-dsc01-apphost-02-mxgx7n3y/DerivedData/Build/Intermediates.noindex/iosApp.build/Debug-iphonesimulator/iosApp.build/swift-overrides.hmap -emit-const-values -Xfrontend -const-gather-protocols-file -Xfrontend /var/folders/6m/vxwlbjsn7vs6h80_98w6x7p40000gn/T/parlor-audit-dsc01-apphost-02-mxgx7n3y/DerivedData/Build/Intermediates.noindex/iosApp.build/Debug-iphonesimulator/iosApp.build/Objects-normal/arm64/iosApp_const_extract_protocols.json -Xcc -iquote -Xcc /var/folders/6m/vxwlbjsn7vs6h80_98w6x7p40000gn/T/parlor-audit-dsc01-apphost-02-mxgx7n3y/DerivedData/Build/Intermediates.noindex/iosApp.build/Debug-iphonesimulator/iosApp.build/Parlor-generated-files.hmap -Xcc -I/var/folders/6m/vxwlbjsn7vs6h80_98w6x7p40000gn/T/parlor-audit-dsc01-apphost-02-mxgx7n3y/DerivedData/Build/Intermediates.noindex/iosApp.build/Debug-iphonesimulator/iosApp.build/Parlor-own-target-headers.hmap -Xcc -I/var/folders/6m/vxwlbjsn7vs6h80_98w6x7p40000gn/T/parlor-audit-dsc01-apphost-02-mxgx7n3y/DerivedData/Build/Intermediates.noindex/iosApp.build/Debug-iphonesimulator/iosApp.build/Parlor-all-target-headers.hmap -Xcc -iquote -Xcc /var/folders/6m/vxwlbjsn7vs6h80_98w6x7p40000gn/T/parlor-audit-dsc01-apphost-02-mxgx7n3y/DerivedData/Build/Intermediates.noindex/iosApp.build/Debug-iphonesimulator/iosApp.build/Parlor-project-headers.hmap -Xcc -I/var/folders/6m/vxwlbjsn7vs6h80_98w6x7p40000gn/T/parlor-audit-dsc01-apphost-02-mxgx7n3y/DerivedData/Build/Products/Debug-iphonesimulator/include -Xcc -I/var/folders/6m/vxwlbjsn7vs6h80_98w6x7p40000gn/T/parlor-audit-dsc01-apphost-02-mxgx7n3y/DerivedData/Build/Intermediates.noindex/iosApp.build/Debug-iphonesimulator/iosApp.build/DerivedSources-normal/arm64 -Xcc -I/var/folders/6m/vxwlbjsn7vs6h80_98w6x7p40000gn/T/parlor-audit-dsc01-apphost-02-mxgx7n3y/DerivedData/Build/Intermediates.noindex/iosApp.build/Debug-iphonesimulator/iosApp.build/DerivedSources/arm64 -Xcc -I/var/folders/6m/vxwlbjsn7vs6h80_98w6x7p40000gn/T/parlor-audit-dsc01-apphost-02-mxgx7n3y/DerivedData/Build/Intermediates.noindex/iosApp.build/Debug-iphonesimulator/iosApp.build/DerivedSources -Xcc -DDEBUG\=1 -emit-objc-header -emit-objc-header-path /var/folders/6m/vxwlbjsn7vs6h80_98w6x7p40000gn/T/parlor-audit-dsc01-apphost-02-mxgx7n3y/DerivedData/Build/Intermediates.noindex/iosApp.build/Debug-iphonesimulator/iosApp.build/Objects-normal/arm64/Parlor-Swift.h -working-directory /var/folders/6m/vxwlbjsn7vs6h80_98w6x7p40000gn/T/parlor-audit-dsc01-apphost-02-mxgx7n3y/copy/iosApp -experimental-emit-module-separately -disable-cmo

Ld /var/folders/6m/vxwlbjsn7vs6h80_98w6x7p40000gn/T/parlor-audit-dsc01-apphost-02-mxgx7n3y/DerivedData/Build/Products/Debug-iphonesimulator/Parlor.app/Parlor.debug.dylib normal (in target 'iosApp' from project 'iosApp')
    cd /var/folders/6m/vxwlbjsn7vs6h80_98w6x7p40000gn/T/parlor-audit-dsc01-apphost-02-mxgx7n3y/copy/iosApp
    /Applications/Xcode.app/Contents/Developer/Toolchains/XcodeDefault.xctoolchain/usr/bin/clang -Xlinker -reproducible -target arm64-apple-ios16.0-simulator -dynamiclib -isysroot /Applications/Xcode.app/Contents/Developer/Platforms/iPhoneSimulator.platform/Developer/SDKs/iPhoneSimulator26.5.sdk -O0 -L/var/folders/6m/vxwlbjsn7vs6h80_98w6x7p40000gn/T/parlor-audit-dsc01-apphost-02-mxgx7n3y/DerivedData/Build/Intermediates.noindex/EagerLinkingTBDs/Debug-iphonesimulator -L/var/folders/6m/vxwlbjsn7vs6h80_98w6x7p40000gn/T/parlor-audit-dsc01-apphost-02-mxgx7n3y/DerivedData/Build/Products/Debug-iphonesimulator -F/var/folders/6m/vxwlbjsn7vs6h80_98w6x7p40000gn/T/parlor-audit-dsc01-apphost-02-mxgx7n3y/DerivedData/Build/Intermediates.noindex/EagerLinkingTBDs/Debug-iphonesimulator -F/var/folders/6m/vxwlbjsn7vs6h80_98w6x7p40000gn/T/parlor-audit-dsc01-apphost-02-mxgx7n3y/DerivedData/Build/Products/Debug-iphonesimulator -F/var/folders/6m/vxwlbjsn7vs6h80_98w6x7p40000gn/T/parlor-audit-dsc01-apphost-02-mxgx7n3y/copy/composeApp/build/xcode-frameworks/Debug/iphonesimulator26.5 -filelist /var/folders/6m/vxwlbjsn7vs6h80_98w6x7p40000gn/T/parlor-audit-dsc01-apphost-02-mxgx7n3y/DerivedData/Build/Intermediates.noindex/iosApp.build/Debug-iphonesimulator/iosApp.build/Objects-normal/arm64/Parlor.LinkFileList -install_name @rpath/Parlor.debug.dylib -Xlinker -rpath -Xlinker /usr/lib/swift -Xlinker -rpath -Xlinker @executable_path/Frameworks -Xlinker -dead_strip -Xlinker -object_path_lto -Xlinker /var/folders/6m/vxwlbjsn7vs6h80_98w6x7p40000gn/T/parlor-audit-dsc01-apphost-02-mxgx7n3y/DerivedData/Build/Intermediates.noindex/iosApp.build/Debug-iphonesimulator/iosApp.build/Objects-normal/arm64/Parlor_lto.o -rdynamic -Xlinker -no_deduplicate -Xlinker -objc_abi_version -Xlinker 2 -Xlinker -dependency_info -Xlinker /var/folders/6m/vxwlbjsn7vs6h80_98w6x7p40000gn/T/parlor-audit-dsc01-apphost-02-mxgx7n3y/DerivedData/Build/Intermediates.noindex/iosApp.build/Debug-iphonesimulator/iosApp.build/Objects-normal/arm64/Parlor_dependency_info.dat -fobjc-link-runtime -L/Applications/Xcode.app/Contents/Developer/Toolchains/XcodeDefault.xctoolchain/usr/lib/swift/iphonesimulator -L/usr/lib/swift -Xlinker -add_ast_path -Xlinker /var/folders/6m/vxwlbjsn7vs6h80_98w6x7p40000gn/T/parlor-audit-dsc01-apphost-02-mxgx7n3y/DerivedData/Build/Intermediates.noindex/iosApp.build/Debug-iphonesimulator/iosApp.build/Objects-normal/arm64/Parlor.swiftmodule @/var/folders/6m/vxwlbjsn7vs6h80_98w6x7p40000gn/T/parlor-audit-dsc01-apphost-02-mxgx7n3y/DerivedData/Build/Intermediates.noindex/iosApp.build/Debug-iphonesimulator/iosApp.build/Objects-normal/arm64/Parlor-linker-args.resp -Xlinker -alias -Xlinker _main -Xlinker ___debug_main_executable_dylib_entry_point -o /var/folders/6m/vxwlbjsn7vs6h80_98w6x7p40000gn/T/parlor-audit-dsc01-apphost-02-mxgx7n3y/DerivedData/Build/Products/Debug-iphonesimulator/Parlor.app/Parlor.debug.dylib

ConstructStubExecutorLinkFileList /var/folders/6m/vxwlbjsn7vs6h80_98w6x7p40000gn/T/parlor-audit-dsc01-apphost-02-mxgx7n3y/DerivedData/Build/Intermediates.noindex/iosApp.build/Debug-iphonesimulator/iosApp.build/Parlor-ExecutorLinkFileList-normal-arm64.txt (in target 'iosApp' from project 'iosApp')
    cd /var/folders/6m/vxwlbjsn7vs6h80_98w6x7p40000gn/T/parlor-audit-dsc01-apphost-02-mxgx7n3y/copy/iosApp
    construct-stub-executor-link-file-list /var/folders/6m/vxwlbjsn7vs6h80_98w6x7p40000gn/T/parlor-audit-dsc01-apphost-02-mxgx7n3y/DerivedData/Build/Products/Debug-iphonesimulator/Parlor.app/Parlor.debug.dylib /Applications/Xcode.app/Contents/Developer/Platforms/iPhoneSimulator.platform/Developer/usr/lib/libPreviewsJITStubExecutor_no_swift_entry_point.a /Applications/Xcode.app/Contents/Developer/Platforms/iPhoneSimulator.platform/Developer/usr/lib/libPreviewsJITStubExecutor.a --output /var/folders/6m/vxwlbjsn7vs6h80_98w6x7p40000gn/T/parlor-audit-dsc01-apphost-02-mxgx7n3y/DerivedData/Build/Intermediates.noindex/iosApp.build/Debug-iphonesimulator/iosApp.build/Parlor-ExecutorLinkFileList-normal-arm64.txt
note: Using stub executor library with Swift entry point. (in target 'iosApp' from project 'iosApp')

Ld /var/folders/6m/vxwlbjsn7vs6h80_98w6x7p40000gn/T/parlor-audit-dsc01-apphost-02-mxgx7n3y/DerivedData/Build/Products/Debug-iphonesimulator/Parlor.app/Parlor normal (in target 'iosApp' from project 'iosApp')
    cd /var/folders/6m/vxwlbjsn7vs6h80_98w6x7p40000gn/T/parlor-audit-dsc01-apphost-02-mxgx7n3y/copy/iosApp
    /Applications/Xcode.app/Contents/Developer/Toolchains/XcodeDefault.xctoolchain/usr/bin/clang -Xlinker -reproducible -target arm64-apple-ios16.0-simulator -isysroot /Applications/Xcode.app/Contents/Developer/Platforms/iPhoneSimulator.platform/Developer/SDKs/iPhoneSimulator26.5.sdk -O0 -L/var/folders/6m/vxwlbjsn7vs6h80_98w6x7p40000gn/T/parlor-audit-dsc01-apphost-02-mxgx7n3y/DerivedData/Build/Products/Debug-iphonesimulator -F/var/folders/6m/vxwlbjsn7vs6h80_98w6x7p40000gn/T/parlor-audit-dsc01-apphost-02-mxgx7n3y/DerivedData/Build/Products/Debug-iphonesimulator -F/var/folders/6m/vxwlbjsn7vs6h80_98w6x7p40000gn/T/parlor-audit-dsc01-apphost-02-mxgx7n3y/copy/composeApp/build/xcode-frameworks/Debug/iphonesimulator26.5 -Xlinker -rpath -Xlinker @executable_path -Xlinker -rpath -Xlinker @executable_path/Frameworks -rdynamic -Xlinker -no_deduplicate -Xlinker -objc_abi_version -Xlinker 2 -e ___debug_blank_executor_main -Xlinker -sectcreate -Xlinker __TEXT -Xlinker __debug_dylib -Xlinker /var/folders/6m/vxwlbjsn7vs6h80_98w6x7p40000gn/T/parlor-audit-dsc01-apphost-02-mxgx7n3y/DerivedData/Build/Intermediates.noindex/iosApp.build/Debug-iphonesimulator/iosApp.build/Parlor-DebugDylibPath-normal-arm64.txt -Xlinker -sectcreate -Xlinker __TEXT -Xlinker __debug_instlnm -Xlinker /var/folders/6m/vxwlbjsn7vs6h80_98w6x7p40000gn/T/parlor-audit-dsc01-apphost-02-mxgx7n3y/DerivedData/Build/Intermediates.noindex/iosApp.build/Debug-iphonesimulator/iosApp.build/Parlor-DebugDylibInstallName-normal-arm64.txt -Xlinker -filelist -Xlinker /var/folders/6m/vxwlbjsn7vs6h80_98w6x7p40000gn/T/parlor-audit-dsc01-apphost-02-mxgx7n3y/DerivedData/Build/Intermediates.noindex/iosApp.build/Debug-iphonesimulator/iosApp.build/Parlor-ExecutorLinkFileList-normal-arm64.txt /var/folders/6m/vxwlbjsn7vs6h80_98w6x7p40000gn/T/parlor-audit-dsc01-apphost-02-mxgx7n3y/DerivedData/Build/Products/Debug-iphonesimulator/Parlor.app/Parlor.debug.dylib -o /var/folders/6m/vxwlbjsn7vs6h80_98w6x7p40000gn/T/parlor-audit-dsc01-apphost-02-mxgx7n3y/DerivedData/Build/Products/Debug-iphonesimulator/Parlor.app/Parlor

ExtractAppIntentsMetadata (in target 'iosApp' from project 'iosApp')
    cd /var/folders/6m/vxwlbjsn7vs6h80_98w6x7p40000gn/T/parlor-audit-dsc01-apphost-02-mxgx7n3y/copy/iosApp
    /Applications/Xcode.app/Contents/Developer/Toolchains/XcodeDefault.xctoolchain/usr/bin/appintentsmetadataprocessor --toolchain-dir /Applications/Xcode.app/Contents/Developer/Toolchains/XcodeDefault.xctoolchain --module-name Parlor --sdk-root /Applications/Xcode.app/Contents/Developer/Platforms/iPhoneSimulator.platform/Developer/SDKs/iPhoneSimulator26.5.sdk --xcode-version 17F42 --platform-family iOS --deployment-target 16.0 --bundle-identifier com.parlor.app.debug --output /var/folders/6m/vxwlbjsn7vs6h80_98w6x7p40000gn/T/parlor-audit-dsc01-apphost-02-mxgx7n3y/DerivedData/Build/Products/Debug-iphonesimulator/Parlor.app --target-triple arm64-apple-ios16.0-simulator --binary-file /var/folders/6m/vxwlbjsn7vs6h80_98w6x7p40000gn/T/parlor-audit-dsc01-apphost-02-mxgx7n3y/DerivedData/Build/Products/Debug-iphonesimulator/Parlor.app/Parlor --dependency-file /var/folders/6m/vxwlbjsn7vs6h80_98w6x7p40000gn/T/parlor-audit-dsc01-apphost-02-mxgx7n3y/DerivedData/Build/Intermediates.noindex/iosApp.build/Debug-iphonesimulator/iosApp.build/Objects-normal/arm64/Parlor_dependency_info.dat --stringsdata-file /var/folders/6m/vxwlbjsn7vs6h80_98w6x7p40000gn/T/parlor-audit-dsc01-apphost-02-mxgx7n3y/DerivedData/Build/Intermediates.noindex/iosApp.build/Debug-iphonesimulator/iosApp.build/Objects-normal/arm64/ExtractedAppShortcutsMetadata.stringsdata --source-file-list /var/folders/6m/vxwlbjsn7vs6h80_98w6x7p40000gn/T/parlor-audit-dsc01-apphost-02-mxgx7n3y/DerivedData/Build/Intermediates.noindex/iosApp.build/Debug-iphonesimulator/iosApp.build/Objects-normal/arm64/Parlor.SwiftFileList --metadata-file-list /var/folders/6m/vxwlbjsn7vs6h80_98w6x7p40000gn/T/parlor-audit-dsc01-apphost-02-mxgx7n3y/DerivedData/Build/Intermediates.noindex/iosApp.build/Debug-iphonesimulator/iosApp.build/Parlor.DependencyMetadataFileList --static-metadata-file-list /var/folders/6m/vxwlbjsn7vs6h80_98w6x7p40000gn/T/parlor-audit-dsc01-apphost-02-mxgx7n3y/DerivedData/Build/Intermediates.noindex/iosApp.build/Debug-iphonesimulator/iosApp.build/Parlor.DependencyStaticMetadataFileList --swift-const-vals-list /var/folders/6m/vxwlbjsn7vs6h80_98w6x7p40000gn/T/parlor-audit-dsc01-apphost-02-mxgx7n3y/DerivedData/Build/Intermediates.noindex/iosApp.build/Debug-iphonesimulator/iosApp.build/Objects-normal/arm64/Parlor.SwiftConstValuesFileList --compile-time-extraction --deployment-aware-processing --validate-assistant-intents --no-app-shortcuts-localization
2026-09-06 12:28:08.637 appintentsmetadataprocessor[44865:1960112] Starting appintentsmetadataprocessor export
2026-09-06 12:28:08.643 appintentsmetadataprocessor[44865:1960112] warning: Metadata extraction skipped. No AppIntents.framework dependency found.

CopySwiftLibs /var/folders/6m/vxwlbjsn7vs6h80_98w6x7p40000gn/T/parlor-audit-dsc01-apphost-02-mxgx7n3y/DerivedData/Build/Products/Debug-iphonesimulator/Parlor.app (in target 'iosApp' from project 'iosApp')
    cd /var/folders/6m/vxwlbjsn7vs6h80_98w6x7p40000gn/T/parlor-audit-dsc01-apphost-02-mxgx7n3y/copy/iosApp
    builtin-swiftStdLibTool --copy --verbose --scan-executable /var/folders/6m/vxwlbjsn7vs6h80_98w6x7p40000gn/T/parlor-audit-dsc01-apphost-02-mxgx7n3y/DerivedData/Build/Products/Debug-iphonesimulator/Parlor.app/Parlor.debug.dylib --scan-folder /var/folders/6m/vxwlbjsn7vs6h80_98w6x7p40000gn/T/parlor-audit-dsc01-apphost-02-mxgx7n3y/DerivedData/Build/Products/Debug-iphonesimulator/Parlor.app/Frameworks --scan-folder /var/folders/6m/vxwlbjsn7vs6h80_98w6x7p40000gn/T/parlor-audit-dsc01-apphost-02-mxgx7n3y/DerivedData/Build/Products/Debug-iphonesimulator/Parlor.app/PlugIns --scan-folder /var/folders/6m/vxwlbjsn7vs6h80_98w6x7p40000gn/T/parlor-audit-dsc01-apphost-02-mxgx7n3y/DerivedData/Build/Products/Debug-iphonesimulator/Parlor.app/SystemExtensions --scan-folder /var/folders/6m/vxwlbjsn7vs6h80_98w6x7p40000gn/T/parlor-audit-dsc01-apphost-02-mxgx7n3y/DerivedData/Build/Products/Debug-iphonesimulator/Parlor.app/Extensions --platform iphonesimulator --toolchain /Applications/Xcode.app/Contents/Developer/Toolchains/XcodeDefault.xctoolchain --destination /var/folders/6m/vxwlbjsn7vs6h80_98w6x7p40000gn/T/parlor-audit-dsc01-apphost-02-mxgx7n3y/DerivedData/Build/Products/Debug-iphonesimulator/Parlor.app/Frameworks --strip-bitcode --strip-bitcode-tool /Applications/Xcode.app/Contents/Developer/Toolchains/XcodeDefault.xctoolchain/usr/bin/bitcode_strip --emit-dependency-info /var/folders/6m/vxwlbjsn7vs6h80_98w6x7p40000gn/T/parlor-audit-dsc01-apphost-02-mxgx7n3y/DerivedData/Build/Intermediates.noindex/iosApp.build/Debug-iphonesimulator/iosApp.build/SwiftStdLibToolInputDependencies.dep --filter-for-swift-os
Ignoring --strip-bitcode because --sign was not passed

AppIntentsSSUTraining (in target 'iosApp' from project 'iosApp')
    cd /var/folders/6m/vxwlbjsn7vs6h80_98w6x7p40000gn/T/parlor-audit-dsc01-apphost-02-mxgx7n3y/copy/iosApp
    /Applications/Xcode.app/Contents/Developer/Toolchains/XcodeDefault.xctoolchain/usr/bin/appintentsnltrainingprocessor --infoplist-path /var/folders/6m/vxwlbjsn7vs6h80_98w6x7p40000gn/T/parlor-audit-dsc01-apphost-02-mxgx7n3y/DerivedData/Build/Products/Debug-iphonesimulator/Parlor.app/Info.plist --temp-dir-path /var/folders/6m/vxwlbjsn7vs6h80_98w6x7p40000gn/T/parlor-audit-dsc01-apphost-02-mxgx7n3y/DerivedData/Build/Intermediates.noindex/iosApp.build/Debug-iphonesimulator/iosApp.build/ssu --bundle-id com.parlor.app.debug --product-path /var/folders/6m/vxwlbjsn7vs6h80_98w6x7p40000gn/T/parlor-audit-dsc01-apphost-02-mxgx7n3y/DerivedData/Build/Products/Debug-iphonesimulator/Parlor.app --extracted-metadata-path /var/folders/6m/vxwlbjsn7vs6h80_98w6x7p40000gn/T/parlor-audit-dsc01-apphost-02-mxgx7n3y/DerivedData/Build/Products/Debug-iphonesimulator/Parlor.app/Metadata.appintents --metadata-file-list /var/folders/6m/vxwlbjsn7vs6h80_98w6x7p40000gn/T/parlor-audit-dsc01-apphost-02-mxgx7n3y/DerivedData/Build/Intermediates.noindex/iosApp.build/Debug-iphonesimulator/iosApp.build/Parlor.DependencyMetadataFileList --source-file /var/folders/6m/vxwlbjsn7vs6h80_98w6x7p40000gn/T/parlor-audit-dsc01-apphost-02-mxgx7n3y/DerivedData/Build/Products/Debug-iphonesimulator/Parlor.app/Info.plist --archive-ssu-assets
2026-09-06 12:28:08.707 appintentsnltrainingprocessor[44870:1960129] Parsing options for appintentsnltrainingprocessor
2026-09-06 12:28:08.708 appintentsnltrainingprocessor[44870:1960129] Starting AppIntents SSU YAML Generation
2026-09-06 12:28:08.710 appintentsnltrainingprocessor[44870:1960129] No AppShortcuts found - Skipping.

SwiftDriver iosAppUITests normal arm64 com.apple.xcode.tools.swift.compiler (in target 'iosAppUITests' from project 'iosApp')
    cd /var/folders/6m/vxwlbjsn7vs6h80_98w6x7p40000gn/T/parlor-audit-dsc01-apphost-02-mxgx7n3y/copy/iosApp
    builtin-SwiftDriver -- /Applications/Xcode.app/Contents/Developer/Toolchains/XcodeDefault.xctoolchain/usr/bin/swiftc -module-name iosAppUITests -Onone @/var/folders/6m/vxwlbjsn7vs6h80_98w6x7p40000gn/T/parlor-audit-dsc01-apphost-02-mxgx7n3y/DerivedData/Build/Intermediates.noindex/iosApp.build/Debug-iphonesimulator/iosAppUITests.build/Objects-normal/arm64/iosAppUITests.SwiftFileList -DDEBUG -module-alias Testing\=_Testing_Unavailable -plugin-path /Applications/Xcode.app/Contents/Developer/Toolchains/XcodeDefault.xctoolchain/usr/lib/swift/host/plugins/testing -enable-bare-slash-regex -enable-experimental-feature DebugDescriptionMacro -sdk /Applications/Xcode.app/Contents/Developer/Platforms/iPhoneSimulator.platform/Developer/SDKs/iPhoneSimulator26.5.sdk -target arm64-apple-ios16.0-simulator -g -module-cache-path /var/folders/6m/vxwlbjsn7vs6h80_98w6x7p40000gn/T/parlor-audit-dsc01-apphost-02-mxgx7n3y/DerivedData/ModuleCache.noindex -Xfrontend -serialize-debugging-options -enable-testing -Xcc -D_LIBCPP_HARDENING_MODE\=_LIBCPP_HARDENING_MODE_DEBUG -swift-version 5 -I /var/folders/6m/vxwlbjsn7vs6h80_98w6x7p40000gn/T/parlor-audit-dsc01-apphost-02-mxgx7n3y/DerivedData/Build/Products/Debug-iphonesimulator -Isystem /Applications/Xcode.app/Contents/Developer/Platforms/iPhoneSimulator.platform/Developer/usr/lib -F /var/folders/6m/vxwlbjsn7vs6h80_98w6x7p40000gn/T/parlor-audit-dsc01-apphost-02-mxgx7n3y/DerivedData/Build/Products/Debug-iphonesimulator -F /Applications/Xcode.app/Contents/Developer/Platforms/iPhoneSimulator.platform/Developer/Library/Frameworks -F /Applications/Xcode.app/Contents/Developer/Platforms/iPhoneSimulator.platform/Developer/SDKs/iPhoneSimulator26.5.sdk/Developer/Library/Frameworks -parse-as-library -c -j10 -enable-batch-mode -incremental -Xcc -ivfsstatcache -Xcc /var/folders/6m/vxwlbjsn7vs6h80_98w6x7p40000gn/T/parlor-audit-dsc01-apphost-02-mxgx7n3y/DerivedData/SDKStatCaches.noindex/iphonesimulator26.5-23F73-6cfe768891a92b912361537c460fe42b.sdkstatcache -output-file-map /var/folders/6m/vxwlbjsn7vs6h80_98w6x7p40000gn/T/parlor-audit-dsc01-apphost-02-mxgx7n3y/DerivedData/Build/Intermediates.noindex/iosApp.build/Debug-iphonesimulator/iosAppUITests.build/Objects-normal/arm64/iosAppUITests-OutputFileMap.json -use-frontend-parseable-output -save-temps -no-color-diagnostics -explicit-module-build -module-cache-path /var/folders/6m/vxwlbjsn7vs6h80_98w6x7p40000gn/T/parlor-audit-dsc01-apphost-02-mxgx7n3y/DerivedData/Build/Intermediates.noindex/SwiftExplicitPrecompiledModules -clang-scanner-module-cache-path /var/folders/6m/vxwlbjsn7vs6h80_98w6x7p40000gn/T/parlor-audit-dsc01-apphost-02-mxgx7n3y/DerivedData/ModuleCache.noindex -sdk-module-cache-path /var/folders/6m/vxwlbjsn7vs6h80_98w6x7p40000gn/T/parlor-audit-dsc01-apphost-02-mxgx7n3y/DerivedData/ModuleCache.noindex -serialize-diagnostics -emit-dependencies -emit-module -emit-module-path /var/folders/6m/vxwlbjsn7vs6h80_98w6x7p40000gn/T/parlor-audit-dsc01-apphost-02-mxgx7n3y/DerivedData/Build/Intermediates.noindex/iosApp.build/Debug-iphonesimulator/iosAppUITests.build/Objects-normal/arm64/iosAppUITests.swiftmodule -validate-clang-modules-once -clang-build-session-file /var/folders/6m/vxwlbjsn7vs6h80_98w6x7p40000gn/T/parlor-audit-dsc01-apphost-02-mxgx7n3y/DerivedData/ModuleCache.noindex/Session.modulevalidation -Xcc -I/var/folders/6m/vxwlbjsn7vs6h80_98w6x7p40000gn/T/parlor-audit-dsc01-apphost-02-mxgx7n3y/DerivedData/Build/Intermediates.noindex/iosApp.build/Debug-iphonesimulator/iosAppUITests.build/swift-overrides.hmap -emit-const-values -Xfrontend -const-gather-protocols-file -Xfrontend /var/folders/6m/vxwlbjsn7vs6h80_98w6x7p40000gn/T/parlor-audit-dsc01-apphost-02-mxgx7n3y/DerivedData/Build/Intermediates.noindex/iosApp.build/Debug-iphonesimulator/iosAppUITests.build/Objects-normal/arm64/iosAppUITests_const_extract_protocols.json -Xcc -iquote -Xcc /var/folders/6m/vxwlbjsn7vs6h80_98w6x7p40000gn/T/parlor-audit-dsc01-apphost-02-mxgx7n3y/DerivedData/Build/Intermediates.noindex/iosApp.build/Debug-iphonesimulator/iosAppUITests.build/iosAppUITests-generated-files.hmap -Xcc -I/var/folders/6m/vxwlbjsn7vs6h80_98w6x7p40000gn/T/parlor-audit-dsc01-apphost-02-mxgx7n3y/DerivedData/Build/Intermediates.noindex/iosApp.build/Debug-iphonesimulator/iosAppUITests.build/iosAppUITests-own-target-headers.hmap -Xcc -I/var/folders/6m/vxwlbjsn7vs6h80_98w6x7p40000gn/T/parlor-audit-dsc01-apphost-02-mxgx7n3y/DerivedData/Build/Intermediates.noindex/iosApp.build/Debug-iphonesimulator/iosAppUITests.build/iosAppUITests-all-target-headers.hmap -Xcc -iquote -Xcc /var/folders/6m/vxwlbjsn7vs6h80_98w6x7p40000gn/T/parlor-audit-dsc01-apphost-02-mxgx7n3y/DerivedData/Build/Intermediates.noindex/iosApp.build/Debug-iphonesimulator/iosAppUITests.build/iosAppUITests-project-headers.hmap -Xcc -I/var/folders/6m/vxwlbjsn7vs6h80_98w6x7p40000gn/T/parlor-audit-dsc01-apphost-02-mxgx7n3y/DerivedData/Build/Products/Debug-iphonesimulator/include -Xcc -I/var/folders/6m/vxwlbjsn7vs6h80_98w6x7p40000gn/T/parlor-audit-dsc01-apphost-02-mxgx7n3y/DerivedData/Build/Intermediates.noindex/iosApp.build/Debug-iphonesimulator/iosAppUITests.build/DerivedSources-normal/arm64 -Xcc -I/var/folders/6m/vxwlbjsn7vs6h80_98w6x7p40000gn/T/parlor-audit-dsc01-apphost-02-mxgx7n3y/DerivedData/Build/Intermediates.noindex/iosApp.build/Debug-iphonesimulator/iosAppUITests.build/DerivedSources/arm64 -Xcc -I/var/folders/6m/vxwlbjsn7vs6h80_98w6x7p40000gn/T/parlor-audit-dsc01-apphost-02-mxgx7n3y/DerivedData/Build/Intermediates.noindex/iosApp.build/Debug-iphonesimulator/iosAppUITests.build/DerivedSources -Xcc -DDEBUG\=1 -emit-objc-header -emit-objc-header-path /var/folders/6m/vxwlbjsn7vs6h80_98w6x7p40000gn/T/parlor-audit-dsc01-apphost-02-mxgx7n3y/DerivedData/Build/Intermediates.noindex/iosApp.build/Debug-iphonesimulator/iosAppUITests.build/Objects-normal/arm64/iosAppUITests-Swift.h -working-directory /var/folders/6m/vxwlbjsn7vs6h80_98w6x7p40000gn/T/parlor-audit-dsc01-apphost-02-mxgx7n3y/copy/iosApp -experimental-emit-module-separately -disable-cmo

SwiftExplicitDependencyGeneratePcm arm64 /var/folders/6m/vxwlbjsn7vs6h80_98w6x7p40000gn/T/parlor-audit-dsc01-apphost-02-mxgx7n3y/DerivedData/Build/Intermediates.noindex/SwiftExplicitPrecompiledModules/XCUIAutomation-8NFW2P36MWQIZ2VS9DQ1855OC.pcm

SwiftExplicitDependencyCompileModuleFromInterface arm64 /var/folders/6m/vxwlbjsn7vs6h80_98w6x7p40000gn/T/parlor-audit-dsc01-apphost-02-mxgx7n3y/DerivedData/Build/Intermediates.noindex/SwiftExplicitPrecompiledModules/XCUIAutomation-20OGNS92DOTFB.swiftmodule

SwiftExplicitDependencyGeneratePcm arm64 /var/folders/6m/vxwlbjsn7vs6h80_98w6x7p40000gn/T/parlor-audit-dsc01-apphost-02-mxgx7n3y/DerivedData/Build/Intermediates.noindex/SwiftExplicitPrecompiledModules/XCTest-4U2DK4JLSOVZBYR9A3SR5LD0U.pcm

SwiftExplicitDependencyCompileModuleFromInterface arm64 /var/folders/6m/vxwlbjsn7vs6h80_98w6x7p40000gn/T/parlor-audit-dsc01-apphost-02-mxgx7n3y/DerivedData/Build/Intermediates.noindex/SwiftExplicitPrecompiledModules/XCTest-1H2VV38OM1Q8X.swiftmodule

SwiftEmitModule normal arm64 Emitting\ module\ for\ iosAppUITests (in target 'iosAppUITests' from project 'iosApp')

SwiftCompile normal arm64 /var/folders/6m/vxwlbjsn7vs6h80_98w6x7p40000gn/T/parlor-audit-dsc01-apphost-02-mxgx7n3y/copy/iosApp/iosAppUITests/IOSAppLaunchUITests.swift (in target 'iosAppUITests' from project 'iosApp')
    cd /var/folders/6m/vxwlbjsn7vs6h80_98w6x7p40000gn/T/parlor-audit-dsc01-apphost-02-mxgx7n3y/copy/iosApp
    

SwiftCompile normal arm64 Compiling\ IOSAppLaunchUITests.swift /var/folders/6m/vxwlbjsn7vs6h80_98w6x7p40000gn/T/parlor-audit-dsc01-apphost-02-mxgx7n3y/copy/iosApp/iosAppUITests/IOSAppLaunchUITests.swift (in target 'iosAppUITests' from project 'iosApp')

SwiftCompile normal arm64 /var/folders/6m/vxwlbjsn7vs6h80_98w6x7p40000gn/T/parlor-audit-dsc01-apphost-02-mxgx7n3y/copy/iosApp/iosAppUITests/IOSAppLaunchUITests.swift (in target 'iosAppUITests' from project 'iosApp')
    cd /var/folders/6m/vxwlbjsn7vs6h80_98w6x7p40000gn/T/parlor-audit-dsc01-apphost-02-mxgx7n3y/copy/iosApp
    

SwiftDriverJobDiscovery normal arm64 Emitting module for iosAppUITests (in target 'iosAppUITests' from project 'iosApp')

SwiftDriver\ Compilation\ Requirements iosAppUITests normal arm64 com.apple.xcode.tools.swift.compiler (in target 'iosAppUITests' from project 'iosApp')
    cd /var/folders/6m/vxwlbjsn7vs6h80_98w6x7p40000gn/T/parlor-audit-dsc01-apphost-02-mxgx7n3y/copy/iosApp
    builtin-Swift-Compilation-Requirements -- /Applications/Xcode.app/Contents/Developer/Toolchains/XcodeDefault.xctoolchain/usr/bin/swiftc -module-name iosAppUITests -Onone @/var/folders/6m/vxwlbjsn7vs6h80_98w6x7p40000gn/T/parlor-audit-dsc01-apphost-02-mxgx7n3y/DerivedData/Build/Intermediates.noindex/iosApp.build/Debug-iphonesimulator/iosAppUITests.build/Objects-normal/arm64/iosAppUITests.SwiftFileList -DDEBUG -module-alias Testing\=_Testing_Unavailable -plugin-path /Applications/Xcode.app/Contents/Developer/Toolchains/XcodeDefault.xctoolchain/usr/lib/swift/host/plugins/testing -enable-bare-slash-regex -enable-experimental-feature DebugDescriptionMacro -sdk /Applications/Xcode.app/Contents/Developer/Platforms/iPhoneSimulator.platform/Developer/SDKs/iPhoneSimulator26.5.sdk -target arm64-apple-ios16.0-simulator -g -module-cache-path /var/folders/6m/vxwlbjsn7vs6h80_98w6x7p40000gn/T/parlor-audit-dsc01-apphost-02-mxgx7n3y/DerivedData/ModuleCache.noindex -Xfrontend -serialize-debugging-options -enable-testing -Xcc -D_LIBCPP_HARDENING_MODE\=_LIBCPP_HARDENING_MODE_DEBUG -swift-version 5 -I /var/folders/6m/vxwlbjsn7vs6h80_98w6x7p40000gn/T/parlor-audit-dsc01-apphost-02-mxgx7n3y/DerivedData/Build/Products/Debug-iphonesimulator -Isystem /Applications/Xcode.app/Contents/Developer/Platforms/iPhoneSimulator.platform/Developer/usr/lib -F /var/folders/6m/vxwlbjsn7vs6h80_98w6x7p40000gn/T/parlor-audit-dsc01-apphost-02-mxgx7n3y/DerivedData/Build/Products/Debug-iphonesimulator -F /Applications/Xcode.app/Contents/Developer/Platforms/iPhoneSimulator.platform/Developer/Library/Frameworks -F /Applications/Xcode.app/Contents/Developer/Platforms/iPhoneSimulator.platform/Developer/SDKs/iPhoneSimulator26.5.sdk/Developer/Library/Frameworks -parse-as-library -c -j10 -enable-batch-mode -incremental -Xcc -ivfsstatcache -Xcc /var/folders/6m/vxwlbjsn7vs6h80_98w6x7p40000gn/T/parlor-audit-dsc01-apphost-02-mxgx7n3y/DerivedData/SDKStatCaches.noindex/iphonesimulator26.5-23F73-6cfe768891a92b912361537c460fe42b.sdkstatcache -output-file-map /var/folders/6m/vxwlbjsn7vs6h80_98w6x7p40000gn/T/parlor-audit-dsc01-apphost-02-mxgx7n3y/DerivedData/Build/Intermediates.noindex/iosApp.build/Debug-iphonesimulator/iosAppUITests.build/Objects-normal/arm64/iosAppUITests-OutputFileMap.json -use-frontend-parseable-output -save-temps -no-color-diagnostics -explicit-module-build -module-cache-path /var/folders/6m/vxwlbjsn7vs6h80_98w6x7p40000gn/T/parlor-audit-dsc01-apphost-02-mxgx7n3y/DerivedData/Build/Intermediates.noindex/SwiftExplicitPrecompiledModules -clang-scanner-module-cache-path /var/folders/6m/vxwlbjsn7vs6h80_98w6x7p40000gn/T/parlor-audit-dsc01-apphost-02-mxgx7n3y/DerivedData/ModuleCache.noindex -sdk-module-cache-path /var/folders/6m/vxwlbjsn7vs6h80_98w6x7p40000gn/T/parlor-audit-dsc01-apphost-02-mxgx7n3y/DerivedData/ModuleCache.noindex -serialize-diagnostics -emit-dependencies -emit-module -emit-module-path /var/folders/6m/vxwlbjsn7vs6h80_98w6x7p40000gn/T/parlor-audit-dsc01-apphost-02-mxgx7n3y/DerivedData/Build/Intermediates.noindex/iosApp.build/Debug-iphonesimulator/iosAppUITests.build/Objects-normal/arm64/iosAppUITests.swiftmodule -validate-clang-modules-once -clang-build-session-file /var/folders/6m/vxwlbjsn7vs6h80_98w6x7p40000gn/T/parlor-audit-dsc01-apphost-02-mxgx7n3y/DerivedData/ModuleCache.noindex/Session.modulevalidation -Xcc -I/var/folders/6m/vxwlbjsn7vs6h80_98w6x7p40000gn/T/parlor-audit-dsc01-apphost-02-mxgx7n3y/DerivedData/Build/Intermediates.noindex/iosApp.build/Debug-iphonesimulator/iosAppUITests.build/swift-overrides.hmap -emit-const-values -Xfrontend -const-gather-protocols-file -Xfrontend /var/folders/6m/vxwlbjsn7vs6h80_98w6x7p40000gn/T/parlor-audit-dsc01-apphost-02-mxgx7n3y/DerivedData/Build/Intermediates.noindex/iosApp.build/Debug-iphonesimulator/iosAppUITests.build/Objects-normal/arm64/iosAppUITests_const_extract_protocols.json -Xcc -iquote -Xcc /var/folders/6m/vxwlbjsn7vs6h80_98w6x7p40000gn/T/parlor-audit-dsc01-apphost-02-mxgx7n3y/DerivedData/Build/Intermediates.noindex/iosApp.build/Debug-iphonesimulator/iosAppUITests.build/iosAppUITests-generated-files.hmap -Xcc -I/var/folders/6m/vxwlbjsn7vs6h80_98w6x7p40000gn/T/parlor-audit-dsc01-apphost-02-mxgx7n3y/DerivedData/Build/Intermediates.noindex/iosApp.build/Debug-iphonesimulator/iosAppUITests.build/iosAppUITests-own-target-headers.hmap -Xcc -I/var/folders/6m/vxwlbjsn7vs6h80_98w6x7p40000gn/T/parlor-audit-dsc01-apphost-02-mxgx7n3y/DerivedData/Build/Intermediates.noindex/iosApp.build/Debug-iphonesimulator/iosAppUITests.build/iosAppUITests-all-target-headers.hmap -Xcc -iquote -Xcc /var/folders/6m/vxwlbjsn7vs6h80_98w6x7p40000gn/T/parlor-audit-dsc01-apphost-02-mxgx7n3y/DerivedData/Build/Intermediates.noindex/iosApp.build/Debug-iphonesimulator/iosAppUITests.build/iosAppUITests-project-headers.hmap -Xcc -I/var/folders/6m/vxwlbjsn7vs6h80_98w6x7p40000gn/T/parlor-audit-dsc01-apphost-02-mxgx7n3y/DerivedData/Build/Products/Debug-iphonesimulator/include -Xcc -I/var/folders/6m/vxwlbjsn7vs6h80_98w6x7p40000gn/T/parlor-audit-dsc01-apphost-02-mxgx7n3y/DerivedData/Build/Intermediates.noindex/iosApp.build/Debug-iphonesimulator/iosAppUITests.build/DerivedSources-normal/arm64 -Xcc -I/var/folders/6m/vxwlbjsn7vs6h80_98w6x7p40000gn/T/parlor-audit-dsc01-apphost-02-mxgx7n3y/DerivedData/Build/Intermediates.noindex/iosApp.build/Debug-iphonesimulator/iosAppUITests.build/DerivedSources/arm64 -Xcc -I/var/folders/6m/vxwlbjsn7vs6h80_98w6x7p40000gn/T/parlor-audit-dsc01-apphost-02-mxgx7n3y/DerivedData/Build/Intermediates.noindex/iosApp.build/Debug-iphonesimulator/iosAppUITests.build/DerivedSources -Xcc -DDEBUG\=1 -emit-objc-header -emit-objc-header-path /var/folders/6m/vxwlbjsn7vs6h80_98w6x7p40000gn/T/parlor-audit-dsc01-apphost-02-mxgx7n3y/DerivedData/Build/Intermediates.noindex/iosApp.build/Debug-iphonesimulator/iosAppUITests.build/Objects-normal/arm64/iosAppUITests-Swift.h -working-directory /var/folders/6m/vxwlbjsn7vs6h80_98w6x7p40000gn/T/parlor-audit-dsc01-apphost-02-mxgx7n3y/copy/iosApp -experimental-emit-module-separately -disable-cmo

SwiftDriverJobDiscovery normal arm64 Compiling IOSAppLaunchUITests.swift (in target 'iosAppUITests' from project 'iosApp')

SwiftDriver\ Compilation iosAppUITests normal arm64 com.apple.xcode.tools.swift.compiler (in target 'iosAppUITests' from project 'iosApp')
    cd /var/folders/6m/vxwlbjsn7vs6h80_98w6x7p40000gn/T/parlor-audit-dsc01-apphost-02-mxgx7n3y/copy/iosApp
    builtin-Swift-Compilation -- /Applications/Xcode.app/Contents/Developer/Toolchains/XcodeDefault.xctoolchain/usr/bin/swiftc -module-name iosAppUITests -Onone @/var/folders/6m/vxwlbjsn7vs6h80_98w6x7p40000gn/T/parlor-audit-dsc01-apphost-02-mxgx7n3y/DerivedData/Build/Intermediates.noindex/iosApp.build/Debug-iphonesimulator/iosAppUITests.build/Objects-normal/arm64/iosAppUITests.SwiftFileList -DDEBUG -module-alias Testing\=_Testing_Unavailable -plugin-path /Applications/Xcode.app/Contents/Developer/Toolchains/XcodeDefault.xctoolchain/usr/lib/swift/host/plugins/testing -enable-bare-slash-regex -enable-experimental-feature DebugDescriptionMacro -sdk /Applications/Xcode.app/Contents/Developer/Platforms/iPhoneSimulator.platform/Developer/SDKs/iPhoneSimulator26.5.sdk -target arm64-apple-ios16.0-simulator -g -module-cache-path /var/folders/6m/vxwlbjsn7vs6h80_98w6x7p40000gn/T/parlor-audit-dsc01-apphost-02-mxgx7n3y/DerivedData/ModuleCache.noindex -Xfrontend -serialize-debugging-options -enable-testing -Xcc -D_LIBCPP_HARDENING_MODE\=_LIBCPP_HARDENING_MODE_DEBUG -swift-version 5 -I /var/folders/6m/vxwlbjsn7vs6h80_98w6x7p40000gn/T/parlor-audit-dsc01-apphost-02-mxgx7n3y/DerivedData/Build/Products/Debug-iphonesimulator -Isystem /Applications/Xcode.app/Contents/Developer/Platforms/iPhoneSimulator.platform/Developer/usr/lib -F /var/folders/6m/vxwlbjsn7vs6h80_98w6x7p40000gn/T/parlor-audit-dsc01-apphost-02-mxgx7n3y/DerivedData/Build/Products/Debug-iphonesimulator -F /Applications/Xcode.app/Contents/Developer/Platforms/iPhoneSimulator.platform/Developer/Library/Frameworks -F /Applications/Xcode.app/Contents/Developer/Platforms/iPhoneSimulator.platform/Developer/SDKs/iPhoneSimulator26.5.sdk/Developer/Library/Frameworks -parse-as-library -c -j10 -enable-batch-mode -incremental -Xcc -ivfsstatcache -Xcc /var/folders/6m/vxwlbjsn7vs6h80_98w6x7p40000gn/T/parlor-audit-dsc01-apphost-02-mxgx7n3y/DerivedData/SDKStatCaches.noindex/iphonesimulator26.5-23F73-6cfe768891a92b912361537c460fe42b.sdkstatcache -output-file-map /var/folders/6m/vxwlbjsn7vs6h80_98w6x7p40000gn/T/parlor-audit-dsc01-apphost-02-mxgx7n3y/DerivedData/Build/Intermediates.noindex/iosApp.build/Debug-iphonesimulator/iosAppUITests.build/Objects-normal/arm64/iosAppUITests-OutputFileMap.json -use-frontend-parseable-output -save-temps -no-color-diagnostics -explicit-module-build -module-cache-path /var/folders/6m/vxwlbjsn7vs6h80_98w6x7p40000gn/T/parlor-audit-dsc01-apphost-02-mxgx7n3y/DerivedData/Build/Intermediates.noindex/SwiftExplicitPrecompiledModules -clang-scanner-module-cache-path /var/folders/6m/vxwlbjsn7vs6h80_98w6x7p40000gn/T/parlor-audit-dsc01-apphost-02-mxgx7n3y/DerivedData/ModuleCache.noindex -sdk-module-cache-path /var/folders/6m/vxwlbjsn7vs6h80_98w6x7p40000gn/T/parlor-audit-dsc01-apphost-02-mxgx7n3y/DerivedData/ModuleCache.noindex -serialize-diagnostics -emit-dependencies -emit-module -emit-module-path /var/folders/6m/vxwlbjsn7vs6h80_98w6x7p40000gn/T/parlor-audit-dsc01-apphost-02-mxgx7n3y/DerivedData/Build/Intermediates.noindex/iosApp.build/Debug-iphonesimulator/iosAppUITests.build/Objects-normal/arm64/iosAppUITests.swiftmodule -validate-clang-modules-once -clang-build-session-file /var/folders/6m/vxwlbjsn7vs6h80_98w6x7p40000gn/T/parlor-audit-dsc01-apphost-02-mxgx7n3y/DerivedData/ModuleCache.noindex/Session.modulevalidation -Xcc -I/var/folders/6m/vxwlbjsn7vs6h80_98w6x7p40000gn/T/parlor-audit-dsc01-apphost-02-mxgx7n3y/DerivedData/Build/Intermediates.noindex/iosApp.build/Debug-iphonesimulator/iosAppUITests.build/swift-overrides.hmap -emit-const-values -Xfrontend -const-gather-protocols-file -Xfrontend /var/folders/6m/vxwlbjsn7vs6h80_98w6x7p40000gn/T/parlor-audit-dsc01-apphost-02-mxgx7n3y/DerivedData/Build/Intermediates.noindex/iosApp.build/Debug-iphonesimulator/iosAppUITests.build/Objects-normal/arm64/iosAppUITests_const_extract_protocols.json -Xcc -iquote -Xcc /var/folders/6m/vxwlbjsn7vs6h80_98w6x7p40000gn/T/parlor-audit-dsc01-apphost-02-mxgx7n3y/DerivedData/Build/Intermediates.noindex/iosApp.build/Debug-iphonesimulator/iosAppUITests.build/iosAppUITests-generated-files.hmap -Xcc -I/var/folders/6m/vxwlbjsn7vs6h80_98w6x7p40000gn/T/parlor-audit-dsc01-apphost-02-mxgx7n3y/DerivedData/Build/Intermediates.noindex/iosApp.build/Debug-iphonesimulator/iosAppUITests.build/iosAppUITests-own-target-headers.hmap -Xcc -I/var/folders/6m/vxwlbjsn7vs6h80_98w6x7p40000gn/T/parlor-audit-dsc01-apphost-02-mxgx7n3y/DerivedData/Build/Intermediates.noindex/iosApp.build/Debug-iphonesimulator/iosAppUITests.build/iosAppUITests-all-target-headers.hmap -Xcc -iquote -Xcc /var/folders/6m/vxwlbjsn7vs6h80_98w6x7p40000gn/T/parlor-audit-dsc01-apphost-02-mxgx7n3y/DerivedData/Build/Intermediates.noindex/iosApp.build/Debug-iphonesimulator/iosAppUITests.build/iosAppUITests-project-headers.hmap -Xcc -I/var/folders/6m/vxwlbjsn7vs6h80_98w6x7p40000gn/T/parlor-audit-dsc01-apphost-02-mxgx7n3y/DerivedData/Build/Products/Debug-iphonesimulator/include -Xcc -I/var/folders/6m/vxwlbjsn7vs6h80_98w6x7p40000gn/T/parlor-audit-dsc01-apphost-02-mxgx7n3y/DerivedData/Build/Intermediates.noindex/iosApp.build/Debug-iphonesimulator/iosAppUITests.build/DerivedSources-normal/arm64 -Xcc -I/var/folders/6m/vxwlbjsn7vs6h80_98w6x7p40000gn/T/parlor-audit-dsc01-apphost-02-mxgx7n3y/DerivedData/Build/Intermediates.noindex/iosApp.build/Debug-iphonesimulator/iosAppUITests.build/DerivedSources/arm64 -Xcc -I/var/folders/6m/vxwlbjsn7vs6h80_98w6x7p40000gn/T/parlor-audit-dsc01-apphost-02-mxgx7n3y/DerivedData/Build/Intermediates.noindex/iosApp.build/Debug-iphonesimulator/iosAppUITests.build/DerivedSources -Xcc -DDEBUG\=1 -emit-objc-header -emit-objc-header-path /var/folders/6m/vxwlbjsn7vs6h80_98w6x7p40000gn/T/parlor-audit-dsc01-apphost-02-mxgx7n3y/DerivedData/Build/Intermediates.noindex/iosApp.build/Debug-iphonesimulator/iosAppUITests.build/Objects-normal/arm64/iosAppUITests-Swift.h -working-directory /var/folders/6m/vxwlbjsn7vs6h80_98w6x7p40000gn/T/parlor-audit-dsc01-apphost-02-mxgx7n3y/copy/iosApp -experimental-emit-module-separately -disable-cmo

SwiftMergeGeneratedHeaders /var/folders/6m/vxwlbjsn7vs6h80_98w6x7p40000gn/T/parlor-audit-dsc01-apphost-02-mxgx7n3y/DerivedData/Build/Intermediates.noindex/iosApp.build/Debug-iphonesimulator/iosAppUITests.build/DerivedSources/iosAppUITests-Swift.h /var/folders/6m/vxwlbjsn7vs6h80_98w6x7p40000gn/T/parlor-audit-dsc01-apphost-02-mxgx7n3y/DerivedData/Build/Intermediates.noindex/iosApp.build/Debug-iphonesimulator/iosAppUITests.build/Objects-normal/arm64/iosAppUITests-Swift.h (in target 'iosAppUITests' from project 'iosApp')
    cd /var/folders/6m/vxwlbjsn7vs6h80_98w6x7p40000gn/T/parlor-audit-dsc01-apphost-02-mxgx7n3y/copy/iosApp
    builtin-swiftHeaderTool -arch arm64 /var/folders/6m/vxwlbjsn7vs6h80_98w6x7p40000gn/T/parlor-audit-dsc01-apphost-02-mxgx7n3y/DerivedData/Build/Intermediates.noindex/iosApp.build/Debug-iphonesimulator/iosAppUITests.build/Objects-normal/arm64/iosAppUITests-Swift.h -o /var/folders/6m/vxwlbjsn7vs6h80_98w6x7p40000gn/T/parlor-audit-dsc01-apphost-02-mxgx7n3y/DerivedData/Build/Intermediates.noindex/iosApp.build/Debug-iphonesimulator/iosAppUITests.build/DerivedSources/iosAppUITests-Swift.h

Copy /var/folders/6m/vxwlbjsn7vs6h80_98w6x7p40000gn/T/parlor-audit-dsc01-apphost-02-mxgx7n3y/DerivedData/Build/Products/Debug-iphonesimulator/iosAppUITests.swiftmodule/arm64-apple-ios-simulator.swiftmodule /var/folders/6m/vxwlbjsn7vs6h80_98w6x7p40000gn/T/parlor-audit-dsc01-apphost-02-mxgx7n3y/DerivedData/Build/Intermediates.noindex/iosApp.build/Debug-iphonesimulator/iosAppUITests.build/Objects-normal/arm64/iosAppUITests.swiftmodule (in target 'iosAppUITests' from project 'iosApp')
    cd /var/folders/6m/vxwlbjsn7vs6h80_98w6x7p40000gn/T/parlor-audit-dsc01-apphost-02-mxgx7n3y/copy/iosApp
    builtin-copy -exclude .DS_Store -exclude CVS -exclude .svn -exclude .git -exclude .hg -resolve-src-symlinks -rename /var/folders/6m/vxwlbjsn7vs6h80_98w6x7p40000gn/T/parlor-audit-dsc01-apphost-02-mxgx7n3y/DerivedData/Build/Intermediates.noindex/iosApp.build/Debug-iphonesimulator/iosAppUITests.build/Objects-normal/arm64/iosAppUITests.swiftmodule /var/folders/6m/vxwlbjsn7vs6h80_98w6x7p40000gn/T/parlor-audit-dsc01-apphost-02-mxgx7n3y/DerivedData/Build/Products/Debug-iphonesimulator/iosAppUITests.swiftmodule/arm64-apple-ios-simulator.swiftmodule

Copy /var/folders/6m/vxwlbjsn7vs6h80_98w6x7p40000gn/T/parlor-audit-dsc01-apphost-02-mxgx7n3y/DerivedData/Build/Products/Debug-iphonesimulator/iosAppUITests.swiftmodule/arm64-apple-ios-simulator.swiftdoc /var/folders/6m/vxwlbjsn7vs6h80_98w6x7p40000gn/T/parlor-audit-dsc01-apphost-02-mxgx7n3y/DerivedData/Build/Intermediates.noindex/iosApp.build/Debug-iphonesimulator/iosAppUITests.build/Objects-normal/arm64/iosAppUITests.swiftdoc (in target 'iosAppUITests' from project 'iosApp')
    cd /var/folders/6m/vxwlbjsn7vs6h80_98w6x7p40000gn/T/parlor-audit-dsc01-apphost-02-mxgx7n3y/copy/iosApp
    builtin-copy -exclude .DS_Store -exclude CVS -exclude .svn -exclude .git -exclude .hg -resolve-src-symlinks -rename /var/folders/6m/vxwlbjsn7vs6h80_98w6x7p40000gn/T/parlor-audit-dsc01-apphost-02-mxgx7n3y/DerivedData/Build/Intermediates.noindex/iosApp.build/Debug-iphonesimulator/iosAppUITests.build/Objects-normal/arm64/iosAppUITests.swiftdoc /var/folders/6m/vxwlbjsn7vs6h80_98w6x7p40000gn/T/parlor-audit-dsc01-apphost-02-mxgx7n3y/DerivedData/Build/Products/Debug-iphonesimulator/iosAppUITests.swiftmodule/arm64-apple-ios-simulator.swiftdoc

Copy /var/folders/6m/vxwlbjsn7vs6h80_98w6x7p40000gn/T/parlor-audit-dsc01-apphost-02-mxgx7n3y/DerivedData/Build/Products/Debug-iphonesimulator/iosAppUITests.swiftmodule/arm64-apple-ios-simulator.abi.json /var/folders/6m/vxwlbjsn7vs6h80_98w6x7p40000gn/T/parlor-audit-dsc01-apphost-02-mxgx7n3y/DerivedData/Build/Intermediates.noindex/iosApp.build/Debug-iphonesimulator/iosAppUITests.build/Objects-normal/arm64/iosAppUITests.abi.json (in target 'iosAppUITests' from project 'iosApp')
    cd /var/folders/6m/vxwlbjsn7vs6h80_98w6x7p40000gn/T/parlor-audit-dsc01-apphost-02-mxgx7n3y/copy/iosApp
    builtin-copy -exclude .DS_Store -exclude CVS -exclude .svn -exclude .git -exclude .hg -resolve-src-symlinks -rename /var/folders/6m/vxwlbjsn7vs6h80_98w6x7p40000gn/T/parlor-audit-dsc01-apphost-02-mxgx7n3y/DerivedData/Build/Intermediates.noindex/iosApp.build/Debug-iphonesimulator/iosAppUITests.build/Objects-normal/arm64/iosAppUITests.abi.json /var/folders/6m/vxwlbjsn7vs6h80_98w6x7p40000gn/T/parlor-audit-dsc01-apphost-02-mxgx7n3y/DerivedData/Build/Products/Debug-iphonesimulator/iosAppUITests.swiftmodule/arm64-apple-ios-simulator.abi.json

Copy /var/folders/6m/vxwlbjsn7vs6h80_98w6x7p40000gn/T/parlor-audit-dsc01-apphost-02-mxgx7n3y/DerivedData/Build/Products/Debug-iphonesimulator/iosAppUITests.swiftmodule/Project/arm64-apple-ios-simulator.swiftsourceinfo /var/folders/6m/vxwlbjsn7vs6h80_98w6x7p40000gn/T/parlor-audit-dsc01-apphost-02-mxgx7n3y/DerivedData/Build/Intermediates.noindex/iosApp.build/Debug-iphonesimulator/iosAppUITests.build/Objects-normal/arm64/iosAppUITests.swiftsourceinfo (in target 'iosAppUITests' from project 'iosApp')
    cd /var/folders/6m/vxwlbjsn7vs6h80_98w6x7p40000gn/T/parlor-audit-dsc01-apphost-02-mxgx7n3y/copy/iosApp
    builtin-copy -exclude .DS_Store -exclude CVS -exclude .svn -exclude .git -exclude .hg -resolve-src-symlinks -rename /var/folders/6m/vxwlbjsn7vs6h80_98w6x7p40000gn/T/parlor-audit-dsc01-apphost-02-mxgx7n3y/DerivedData/Build/Intermediates.noindex/iosApp.build/Debug-iphonesimulator/iosAppUITests.build/Objects-normal/arm64/iosAppUITests.swiftsourceinfo /var/folders/6m/vxwlbjsn7vs6h80_98w6x7p40000gn/T/parlor-audit-dsc01-apphost-02-mxgx7n3y/DerivedData/Build/Products/Debug-iphonesimulator/iosAppUITests.swiftmodule/Project/arm64-apple-ios-simulator.swiftsourceinfo

RegisterExecutionPolicyException /var/folders/6m/vxwlbjsn7vs6h80_98w6x7p40000gn/T/parlor-audit-dsc01-apphost-02-mxgx7n3y/DerivedData/Build/Products/Debug-iphonesimulator/Parlor.app (in target 'iosApp' from project 'iosApp')
    cd /var/folders/6m/vxwlbjsn7vs6h80_98w6x7p40000gn/T/parlor-audit-dsc01-apphost-02-mxgx7n3y/copy/iosApp
    builtin-RegisterExecutionPolicyException /var/folders/6m/vxwlbjsn7vs6h80_98w6x7p40000gn/T/parlor-audit-dsc01-apphost-02-mxgx7n3y/DerivedData/Build/Products/Debug-iphonesimulator/Parlor.app

Validate /var/folders/6m/vxwlbjsn7vs6h80_98w6x7p40000gn/T/parlor-audit-dsc01-apphost-02-mxgx7n3y/DerivedData/Build/Products/Debug-iphonesimulator/Parlor.app (in target 'iosApp' from project 'iosApp')
    cd /var/folders/6m/vxwlbjsn7vs6h80_98w6x7p40000gn/T/parlor-audit-dsc01-apphost-02-mxgx7n3y/copy/iosApp
    builtin-validationUtility /var/folders/6m/vxwlbjsn7vs6h80_98w6x7p40000gn/T/parlor-audit-dsc01-apphost-02-mxgx7n3y/DerivedData/Build/Products/Debug-iphonesimulator/Parlor.app -shallow-bundle -infoplist-subpath Info.plist

Touch /var/folders/6m/vxwlbjsn7vs6h80_98w6x7p40000gn/T/parlor-audit-dsc01-apphost-02-mxgx7n3y/DerivedData/Build/Products/Debug-iphonesimulator/Parlor.app (in target 'iosApp' from project 'iosApp')
    cd /var/folders/6m/vxwlbjsn7vs6h80_98w6x7p40000gn/T/parlor-audit-dsc01-apphost-02-mxgx7n3y/copy/iosApp
    /usr/bin/touch -c /var/folders/6m/vxwlbjsn7vs6h80_98w6x7p40000gn/T/parlor-audit-dsc01-apphost-02-mxgx7n3y/DerivedData/Build/Products/Debug-iphonesimulator/Parlor.app

ProcessInfoPlistFile /var/folders/6m/vxwlbjsn7vs6h80_98w6x7p40000gn/T/parlor-audit-dsc01-apphost-02-mxgx7n3y/DerivedData/Build/Products/Debug-iphonesimulator/iosAppUITests-Runner.app/PlugIns/iosAppUITests.xctest/Info.plist /var/folders/6m/vxwlbjsn7vs6h80_98w6x7p40000gn/T/parlor-audit-dsc01-apphost-02-mxgx7n3y/DerivedData/Build/Intermediates.noindex/iosApp.build/Debug-iphonesimulator/iosAppUITests.build/empty-iosAppUITests.plist (in target 'iosAppUITests' from project 'iosApp')
    cd /var/folders/6m/vxwlbjsn7vs6h80_98w6x7p40000gn/T/parlor-audit-dsc01-apphost-02-mxgx7n3y/copy/iosApp
    builtin-infoPlistUtility /var/folders/6m/vxwlbjsn7vs6h80_98w6x7p40000gn/T/parlor-audit-dsc01-apphost-02-mxgx7n3y/DerivedData/Build/Intermediates.noindex/iosApp.build/Debug-iphonesimulator/iosAppUITests.build/empty-iosAppUITests.plist -producttype com.apple.product-type.bundle.ui-testing -expandbuildsettings -format binary -platform iphonesimulator -additionalcontentfile /var/folders/6m/vxwlbjsn7vs6h80_98w6x7p40000gn/T/parlor-audit-dsc01-apphost-02-mxgx7n3y/DerivedData/Build/Intermediates.noindex/iosApp.build/Debug-iphonesimulator/iosAppUITests.build/ProductTypeInfoPlistAdditions.plist -o /var/folders/6m/vxwlbjsn7vs6h80_98w6x7p40000gn/T/parlor-audit-dsc01-apphost-02-mxgx7n3y/DerivedData/Build/Products/Debug-iphonesimulator/iosAppUITests-Runner.app/PlugIns/iosAppUITests.xctest/Info.plist

Ld /var/folders/6m/vxwlbjsn7vs6h80_98w6x7p40000gn/T/parlor-audit-dsc01-apphost-02-mxgx7n3y/DerivedData/Build/Products/Debug-iphonesimulator/iosAppUITests-Runner.app/PlugIns/iosAppUITests.xctest/iosAppUITests normal (in target 'iosAppUITests' from project 'iosApp')
    cd /var/folders/6m/vxwlbjsn7vs6h80_98w6x7p40000gn/T/parlor-audit-dsc01-apphost-02-mxgx7n3y/copy/iosApp
    /Applications/Xcode.app/Contents/Developer/Toolchains/XcodeDefault.xctoolchain/usr/bin/clang -Xlinker -reproducible -target arm64-apple-ios16.0-simulator -bundle -isysroot /Applications/Xcode.app/Contents/Developer/Platforms/iPhoneSimulator.platform/Developer/SDKs/iPhoneSimulator26.5.sdk -O0 -L/var/folders/6m/vxwlbjsn7vs6h80_98w6x7p40000gn/T/parlor-audit-dsc01-apphost-02-mxgx7n3y/DerivedData/Build/Intermediates.noindex/EagerLinkingTBDs/Debug-iphonesimulator -L/var/folders/6m/vxwlbjsn7vs6h80_98w6x7p40000gn/T/parlor-audit-dsc01-apphost-02-mxgx7n3y/DerivedData/Build/Products/Debug-iphonesimulator -L/Applications/Xcode.app/Contents/Developer/Platforms/iPhoneSimulator.platform/Developer/usr/lib -F/var/folders/6m/vxwlbjsn7vs6h80_98w6x7p40000gn/T/parlor-audit-dsc01-apphost-02-mxgx7n3y/DerivedData/Build/Intermediates.noindex/EagerLinkingTBDs/Debug-iphonesimulator -F/var/folders/6m/vxwlbjsn7vs6h80_98w6x7p40000gn/T/parlor-audit-dsc01-apphost-02-mxgx7n3y/DerivedData/Build/Products/Debug-iphonesimulator -iframework /Applications/Xcode.app/Contents/Developer/Platforms/iPhoneSimulator.platform/Developer/Library/Frameworks -iframework /Applications/Xcode.app/Contents/Developer/Platforms/iPhoneSimulator.platform/Developer/SDKs/iPhoneSimulator26.5.sdk/Developer/Library/Frameworks -filelist /var/folders/6m/vxwlbjsn7vs6h80_98w6x7p40000gn/T/parlor-audit-dsc01-apphost-02-mxgx7n3y/DerivedData/Build/Intermediates.noindex/iosApp.build/Debug-iphonesimulator/iosAppUITests.build/Objects-normal/arm64/iosAppUITests.LinkFileList -Xlinker -rpath -Xlinker /usr/lib/swift -Xlinker -rpath -Xlinker @loader_path/Frameworks -Xlinker -dead_strip -Xlinker -object_path_lto -Xlinker /var/folders/6m/vxwlbjsn7vs6h80_98w6x7p40000gn/T/parlor-audit-dsc01-apphost-02-mxgx7n3y/DerivedData/Build/Intermediates.noindex/iosApp.build/Debug-iphonesimulator/iosAppUITests.build/Objects-normal/arm64/iosAppUITests_lto.o -rdynamic -Xlinker -no_deduplicate -Xlinker -objc_abi_version -Xlinker 2 -Xlinker -dependency_info -Xlinker /var/folders/6m/vxwlbjsn7vs6h80_98w6x7p40000gn/T/parlor-audit-dsc01-apphost-02-mxgx7n3y/DerivedData/Build/Intermediates.noindex/iosApp.build/Debug-iphonesimulator/iosAppUITests.build/Objects-normal/arm64/iosAppUITests_dependency_info.dat -fobjc-link-runtime -L/Applications/Xcode.app/Contents/Developer/Toolchains/XcodeDefault.xctoolchain/usr/lib/swift/iphonesimulator -L/usr/lib/swift -Xlinker -add_ast_path -Xlinker /var/folders/6m/vxwlbjsn7vs6h80_98w6x7p40000gn/T/parlor-audit-dsc01-apphost-02-mxgx7n3y/DerivedData/Build/Intermediates.noindex/iosApp.build/Debug-iphonesimulator/iosAppUITests.build/Objects-normal/arm64/iosAppUITests.swiftmodule @/var/folders/6m/vxwlbjsn7vs6h80_98w6x7p40000gn/T/parlor-audit-dsc01-apphost-02-mxgx7n3y/DerivedData/Build/Intermediates.noindex/iosApp.build/Debug-iphonesimulator/iosAppUITests.build/Objects-normal/arm64/iosAppUITests-linker-args.resp -Xlinker -needed_framework -Xlinker XCTest -framework XCTest -Xlinker -needed-lXCTestSwiftSupport -lXCTestSwiftSupport -o /var/folders/6m/vxwlbjsn7vs6h80_98w6x7p40000gn/T/parlor-audit-dsc01-apphost-02-mxgx7n3y/DerivedData/Build/Products/Debug-iphonesimulator/iosAppUITests-Runner.app/PlugIns/iosAppUITests.xctest/iosAppUITests

ExtractAppIntentsMetadata (in target 'iosAppUITests' from project 'iosApp')
    cd /var/folders/6m/vxwlbjsn7vs6h80_98w6x7p40000gn/T/parlor-audit-dsc01-apphost-02-mxgx7n3y/copy/iosApp
    /Applications/Xcode.app/Contents/Developer/Toolchains/XcodeDefault.xctoolchain/usr/bin/appintentsmetadataprocessor --toolchain-dir /Applications/Xcode.app/Contents/Developer/Toolchains/XcodeDefault.xctoolchain --module-name iosAppUITests --sdk-root /Applications/Xcode.app/Contents/Developer/Platforms/iPhoneSimulator.platform/Developer/SDKs/iPhoneSimulator26.5.sdk --xcode-version 17F42 --platform-family iOS --deployment-target 16.0 --bundle-identifier com.parlor.app.uitests --output /var/folders/6m/vxwlbjsn7vs6h80_98w6x7p40000gn/T/parlor-audit-dsc01-apphost-02-mxgx7n3y/DerivedData/Build/Products/Debug-iphonesimulator/iosAppUITests-Runner.app/PlugIns/iosAppUITests.xctest --target-triple arm64-apple-ios16.0-simulator --binary-file /var/folders/6m/vxwlbjsn7vs6h80_98w6x7p40000gn/T/parlor-audit-dsc01-apphost-02-mxgx7n3y/DerivedData/Build/Products/Debug-iphonesimulator/iosAppUITests-Runner.app/PlugIns/iosAppUITests.xctest/iosAppUITests --dependency-file /var/folders/6m/vxwlbjsn7vs6h80_98w6x7p40000gn/T/parlor-audit-dsc01-apphost-02-mxgx7n3y/DerivedData/Build/Intermediates.noindex/iosApp.build/Debug-iphonesimulator/iosAppUITests.build/Objects-normal/arm64/iosAppUITests_dependency_info.dat --stringsdata-file /var/folders/6m/vxwlbjsn7vs6h80_98w6x7p40000gn/T/parlor-audit-dsc01-apphost-02-mxgx7n3y/DerivedData/Build/Intermediates.noindex/iosApp.build/Debug-iphonesimulator/iosAppUITests.build/Objects-normal/arm64/ExtractedAppShortcutsMetadata.stringsdata --source-file-list /var/folders/6m/vxwlbjsn7vs6h80_98w6x7p40000gn/T/parlor-audit-dsc01-apphost-02-mxgx7n3y/DerivedData/Build/Intermediates.noindex/iosApp.build/Debug-iphonesimulator/iosAppUITests.build/Objects-normal/arm64/iosAppUITests.SwiftFileList --metadata-file-list /var/folders/6m/vxwlbjsn7vs6h80_98w6x7p40000gn/T/parlor-audit-dsc01-apphost-02-mxgx7n3y/DerivedData/Build/Intermediates.noindex/iosApp.build/Debug-iphonesimulator/iosAppUITests.build/iosAppUITests.DependencyMetadataFileList --static-metadata-file-list /var/folders/6m/vxwlbjsn7vs6h80_98w6x7p40000gn/T/parlor-audit-dsc01-apphost-02-mxgx7n3y/DerivedData/Build/Intermediates.noindex/iosApp.build/Debug-iphonesimulator/iosAppUITests.build/iosAppUITests.DependencyStaticMetadataFileList --swift-const-vals-list /var/folders/6m/vxwlbjsn7vs6h80_98w6x7p40000gn/T/parlor-audit-dsc01-apphost-02-mxgx7n3y/DerivedData/Build/Intermediates.noindex/iosApp.build/Debug-iphonesimulator/iosAppUITests.build/Objects-normal/arm64/iosAppUITests.SwiftConstValuesFileList --compile-time-extraction --deployment-aware-processing --validate-assistant-intents --no-app-shortcuts-localization
2026-09-06 12:28:09.923 appintentsmetadataprocessor[44884:1960303] Starting appintentsmetadataprocessor export
2026-09-06 12:28:09.924 appintentsmetadataprocessor[44884:1960303] warning: Metadata extraction skipped. No AppIntents.framework dependency found.

CopySwiftLibs /var/folders/6m/vxwlbjsn7vs6h80_98w6x7p40000gn/T/parlor-audit-dsc01-apphost-02-mxgx7n3y/DerivedData/Build/Products/Debug-iphonesimulator/iosAppUITests-Runner.app/PlugIns/iosAppUITests.xctest (in target 'iosAppUITests' from project 'iosApp')
    cd /var/folders/6m/vxwlbjsn7vs6h80_98w6x7p40000gn/T/parlor-audit-dsc01-apphost-02-mxgx7n3y/copy/iosApp
    builtin-swiftStdLibTool --copy --verbose --scan-executable /var/folders/6m/vxwlbjsn7vs6h80_98w6x7p40000gn/T/parlor-audit-dsc01-apphost-02-mxgx7n3y/DerivedData/Build/Products/Debug-iphonesimulator/iosAppUITests-Runner.app/PlugIns/iosAppUITests.xctest/iosAppUITests --scan-folder /var/folders/6m/vxwlbjsn7vs6h80_98w6x7p40000gn/T/parlor-audit-dsc01-apphost-02-mxgx7n3y/DerivedData/Build/Products/Debug-iphonesimulator/iosAppUITests-Runner.app/PlugIns/iosAppUITests.xctest/Frameworks --scan-folder /var/folders/6m/vxwlbjsn7vs6h80_98w6x7p40000gn/T/parlor-audit-dsc01-apphost-02-mxgx7n3y/DerivedData/Build/Products/Debug-iphonesimulator/iosAppUITests-Runner.app/PlugIns/iosAppUITests.xctest/PlugIns --scan-folder /var/folders/6m/vxwlbjsn7vs6h80_98w6x7p40000gn/T/parlor-audit-dsc01-apphost-02-mxgx7n3y/DerivedData/Build/Products/Debug-iphonesimulator/iosAppUITests-Runner.app/PlugIns/iosAppUITests.xctest/SystemExtensions --scan-folder /var/folders/6m/vxwlbjsn7vs6h80_98w6x7p40000gn/T/parlor-audit-dsc01-apphost-02-mxgx7n3y/DerivedData/Build/Products/Debug-iphonesimulator/iosAppUITests-Runner.app/PlugIns/iosAppUITests.xctest/Extensions --platform iphonesimulator --toolchain /Applications/Xcode.app/Contents/Developer/Toolchains/XcodeDefault.xctoolchain --destination /var/folders/6m/vxwlbjsn7vs6h80_98w6x7p40000gn/T/parlor-audit-dsc01-apphost-02-mxgx7n3y/DerivedData/Build/Products/Debug-iphonesimulator/iosAppUITests-Runner.app/PlugIns/iosAppUITests.xctest/Frameworks --strip-bitcode --scan-executable /Applications/Xcode.app/Contents/Developer/Platforms/iPhoneSimulator.platform/Developer/usr/lib/libXCTestSwiftSupport.dylib --strip-bitcode-tool /Applications/Xcode.app/Contents/Developer/Toolchains/XcodeDefault.xctoolchain/usr/bin/bitcode_strip --emit-dependency-info /var/folders/6m/vxwlbjsn7vs6h80_98w6x7p40000gn/T/parlor-audit-dsc01-apphost-02-mxgx7n3y/DerivedData/Build/Intermediates.noindex/iosApp.build/Debug-iphonesimulator/iosAppUITests.build/SwiftStdLibToolInputDependencies.dep --filter-for-swift-os
Ignoring --strip-bitcode because --sign was not passed

AppIntentsSSUTraining (in target 'iosAppUITests' from project 'iosApp')
    cd /var/folders/6m/vxwlbjsn7vs6h80_98w6x7p40000gn/T/parlor-audit-dsc01-apphost-02-mxgx7n3y/copy/iosApp
    /Applications/Xcode.app/Contents/Developer/Toolchains/XcodeDefault.xctoolchain/usr/bin/appintentsnltrainingprocessor --infoplist-path /var/folders/6m/vxwlbjsn7vs6h80_98w6x7p40000gn/T/parlor-audit-dsc01-apphost-02-mxgx7n3y/DerivedData/Build/Products/Debug-iphonesimulator/iosAppUITests-Runner.app/PlugIns/iosAppUITests.xctest/Info.plist --temp-dir-path /var/folders/6m/vxwlbjsn7vs6h80_98w6x7p40000gn/T/parlor-audit-dsc01-apphost-02-mxgx7n3y/DerivedData/Build/Intermediates.noindex/iosApp.build/Debug-iphonesimulator/iosAppUITests.build/ssu --bundle-id com.parlor.app.uitests --product-path /var/folders/6m/vxwlbjsn7vs6h80_98w6x7p40000gn/T/parlor-audit-dsc01-apphost-02-mxgx7n3y/DerivedData/Build/Products/Debug-iphonesimulator/iosAppUITests-Runner.app/PlugIns/iosAppUITests.xctest --extracted-metadata-path /var/folders/6m/vxwlbjsn7vs6h80_98w6x7p40000gn/T/parlor-audit-dsc01-apphost-02-mxgx7n3y/DerivedData/Build/Products/Debug-iphonesimulator/iosAppUITests-Runner.app/PlugIns/iosAppUITests.xctest/Metadata.appintents --metadata-file-list /var/folders/6m/vxwlbjsn7vs6h80_98w6x7p40000gn/T/parlor-audit-dsc01-apphost-02-mxgx7n3y/DerivedData/Build/Intermediates.noindex/iosApp.build/Debug-iphonesimulator/iosAppUITests.build/iosAppUITests.DependencyMetadataFileList --source-file /var/folders/6m/vxwlbjsn7vs6h80_98w6x7p40000gn/T/parlor-audit-dsc01-apphost-02-mxgx7n3y/DerivedData/Build/Products/Debug-iphonesimulator/iosAppUITests-Runner.app/PlugIns/iosAppUITests.xctest/Info.plist --archive-ssu-assets
2026-09-06 12:28:09.944 appintentsnltrainingprocessor[44885:1960306] Parsing options for appintentsnltrainingprocessor
2026-09-06 12:28:09.944 appintentsnltrainingprocessor[44885:1960306] Starting AppIntents SSU YAML Generation
2026-09-06 12:28:09.944 appintentsnltrainingprocessor[44885:1960306] No AppShortcuts found - Skipping.

CopyPlistFile /var/folders/6m/vxwlbjsn7vs6h80_98w6x7p40000gn/T/parlor-audit-dsc01-apphost-02-mxgx7n3y/DerivedData/Build/Products/Debug-iphonesimulator/iosAppUITests-Runner.app/Info.plist /Applications/Xcode.app/Contents/Developer/Platforms/iPhoneSimulator.platform/Developer/Library/Xcode/Agents/XCTRunner.app/Info.plist (in target 'iosAppUITests' from project 'iosApp')
    cd /var/folders/6m/vxwlbjsn7vs6h80_98w6x7p40000gn/T/parlor-audit-dsc01-apphost-02-mxgx7n3y/copy/iosApp
    builtin-copyPlist --validate --convert xml1 --macro-expansion WRAPPEDPRODUCTNAME iosAppUITests-Runner --macro-expansion WRAPPEDPRODUCTBUNDLEIDENTIFIER com.parlor.app.uitests.xctrunner --macro-expansion TESTPRODUCTNAME iosAppUITests --macro-expansion TESTPRODUCTBUNDLEIDENTIFIER com.parlor.app.uitests --copy-value UIDeviceFamily /var/folders/6m/vxwlbjsn7vs6h80_98w6x7p40000gn/T/parlor-audit-dsc01-apphost-02-mxgx7n3y/DerivedData/Build/Products/Debug-iphonesimulator/iosAppUITests-Runner.app/PlugIns/iosAppUITests.xctest/Info.plist --outdir /var/folders/6m/vxwlbjsn7vs6h80_98w6x7p40000gn/T/parlor-audit-dsc01-apphost-02-mxgx7n3y/DerivedData/Build/Products/Debug-iphonesimulator/iosAppUITests-Runner.app -- /Applications/Xcode.app/Contents/Developer/Platforms/iPhoneSimulator.platform/Developer/Library/Xcode/Agents/XCTRunner.app/Info.plist

MkDir /var/folders/6m/vxwlbjsn7vs6h80_98w6x7p40000gn/T/parlor-audit-dsc01-apphost-02-mxgx7n3y/DerivedData/Build/Products/Debug-iphonesimulator/iosAppUITests-Runner.app (in target 'iosAppUITests' from project 'iosApp')
    cd /var/folders/6m/vxwlbjsn7vs6h80_98w6x7p40000gn/T/parlor-audit-dsc01-apphost-02-mxgx7n3y/copy/iosApp
    /bin/mkdir -p /var/folders/6m/vxwlbjsn7vs6h80_98w6x7p40000gn/T/parlor-audit-dsc01-apphost-02-mxgx7n3y/DerivedData/Build/Products/Debug-iphonesimulator/iosAppUITests-Runner.app

CopyAndPreserveArchs /var/folders/6m/vxwlbjsn7vs6h80_98w6x7p40000gn/T/parlor-audit-dsc01-apphost-02-mxgx7n3y/DerivedData/Build/Products/Debug-iphonesimulator/iosAppUITests-Runner.app/iosAppUITests-Runner (in target 'iosAppUITests' from project 'iosApp')
    cd /var/folders/6m/vxwlbjsn7vs6h80_98w6x7p40000gn/T/parlor-audit-dsc01-apphost-02-mxgx7n3y/copy/iosApp
    /Applications/Xcode.app/Contents/Developer/Toolchains/XcodeDefault.xctoolchain/usr/bin/lipo /Applications/Xcode.app/Contents/Developer/Platforms/iPhoneSimulator.platform/Developer/Library/Xcode/Agents/XCTRunner.app/XCTRunner -output /var/folders/6m/vxwlbjsn7vs6h80_98w6x7p40000gn/T/parlor-audit-dsc01-apphost-02-mxgx7n3y/DerivedData/Build/Products/Debug-iphonesimulator/iosAppUITests-Runner.app/iosAppUITests-Runner -extract arm64

Copy /var/folders/6m/vxwlbjsn7vs6h80_98w6x7p40000gn/T/parlor-audit-dsc01-apphost-02-mxgx7n3y/DerivedData/Build/Products/Debug-iphonesimulator/iosAppUITests-Runner.app/PkgInfo /Applications/Xcode.app/Contents/Developer/Platforms/iPhoneSimulator.platform/Developer/Library/Xcode/Agents/XCTRunner.app/PkgInfo (in target 'iosAppUITests' from project 'iosApp')
    cd /var/folders/6m/vxwlbjsn7vs6h80_98w6x7p40000gn/T/parlor-audit-dsc01-apphost-02-mxgx7n3y/copy/iosApp
    builtin-copy -exclude .DS_Store -exclude CVS -exclude .svn -exclude .git -exclude .hg -resolve-src-symlinks /Applications/Xcode.app/Contents/Developer/Platforms/iPhoneSimulator.platform/Developer/Library/Xcode/Agents/XCTRunner.app/PkgInfo /var/folders/6m/vxwlbjsn7vs6h80_98w6x7p40000gn/T/parlor-audit-dsc01-apphost-02-mxgx7n3y/DerivedData/Build/Products/Debug-iphonesimulator/iosAppUITests-Runner.app

Copy /var/folders/6m/vxwlbjsn7vs6h80_98w6x7p40000gn/T/parlor-audit-dsc01-apphost-02-mxgx7n3y/DerivedData/Build/Products/Debug-iphonesimulator/iosAppUITests-Runner.app/Frameworks/libXCTestSwiftSupport.dylib /Applications/Xcode.app/Contents/Developer/Platforms/iPhoneSimulator.platform/Developer/usr/lib/libXCTestSwiftSupport.dylib (in target 'iosAppUITests' from project 'iosApp')
    cd /var/folders/6m/vxwlbjsn7vs6h80_98w6x7p40000gn/T/parlor-audit-dsc01-apphost-02-mxgx7n3y/copy/iosApp
    builtin-copy -exclude .DS_Store -exclude CVS -exclude .svn -exclude .git -exclude .hg -exclude Headers -exclude PrivateHeaders -exclude Modules -exclude \*.tbd -resolve-src-symlinks /Applications/Xcode.app/Contents/Developer/Platforms/iPhoneSimulator.platform/Developer/usr/lib/libXCTestSwiftSupport.dylib /var/folders/6m/vxwlbjsn7vs6h80_98w6x7p40000gn/T/parlor-audit-dsc01-apphost-02-mxgx7n3y/DerivedData/Build/Products/Debug-iphonesimulator/iosAppUITests-Runner.app/Frameworks

Copy /var/folders/6m/vxwlbjsn7vs6h80_98w6x7p40000gn/T/parlor-audit-dsc01-apphost-02-mxgx7n3y/DerivedData/Build/Products/Debug-iphonesimulator/iosAppUITests-Runner.app/Frameworks/XCUnit.framework /Applications/Xcode.app/Contents/Developer/Platforms/iPhoneSimulator.platform/Developer/Library/PrivateFrameworks/XCUnit.framework (in target 'iosAppUITests' from project 'iosApp')
    cd /var/folders/6m/vxwlbjsn7vs6h80_98w6x7p40000gn/T/parlor-audit-dsc01-apphost-02-mxgx7n3y/copy/iosApp
    builtin-copy -exclude .DS_Store -exclude CVS -exclude .svn -exclude .git -exclude .hg -exclude Headers -exclude PrivateHeaders -exclude Modules -exclude \*.tbd -resolve-src-symlinks /Applications/Xcode.app/Contents/Developer/Platforms/iPhoneSimulator.platform/Developer/Library/PrivateFrameworks/XCUnit.framework /var/folders/6m/vxwlbjsn7vs6h80_98w6x7p40000gn/T/parlor-audit-dsc01-apphost-02-mxgx7n3y/DerivedData/Build/Products/Debug-iphonesimulator/iosAppUITests-Runner.app/Frameworks

Copy /var/folders/6m/vxwlbjsn7vs6h80_98w6x7p40000gn/T/parlor-audit-dsc01-apphost-02-mxgx7n3y/DerivedData/Build/Products/Debug-iphonesimulator/iosAppUITests-Runner.app/Frameworks/XCUIAutomation.framework /Applications/Xcode.app/Contents/Developer/Platforms/iPhoneSimulator.platform/Developer/Library/Frameworks/XCUIAutomation.framework (in target 'iosAppUITests' from project 'iosApp')
    cd /var/folders/6m/vxwlbjsn7vs6h80_98w6x7p40000gn/T/parlor-audit-dsc01-apphost-02-mxgx7n3y/copy/iosApp
    builtin-copy -exclude .DS_Store -exclude CVS -exclude .svn -exclude .git -exclude .hg -exclude Headers -exclude PrivateHeaders -exclude Modules -exclude \*.tbd -resolve-src-symlinks /Applications/Xcode.app/Contents/Developer/Platforms/iPhoneSimulator.platform/Developer/Library/Frameworks/XCUIAutomation.framework /var/folders/6m/vxwlbjsn7vs6h80_98w6x7p40000gn/T/parlor-audit-dsc01-apphost-02-mxgx7n3y/DerivedData/Build/Products/Debug-iphonesimulator/iosAppUITests-Runner.app/Frameworks

Copy /var/folders/6m/vxwlbjsn7vs6h80_98w6x7p40000gn/T/parlor-audit-dsc01-apphost-02-mxgx7n3y/DerivedData/Build/Products/Debug-iphonesimulator/iosAppUITests-Runner.app/Frameworks/XCTestSupport.framework /Applications/Xcode.app/Contents/Developer/Platforms/iPhoneSimulator.platform/Developer/Library/PrivateFrameworks/XCTestSupport.framework (in target 'iosAppUITests' from project 'iosApp')
    cd /var/folders/6m/vxwlbjsn7vs6h80_98w6x7p40000gn/T/parlor-audit-dsc01-apphost-02-mxgx7n3y/copy/iosApp
    builtin-copy -exclude .DS_Store -exclude CVS -exclude .svn -exclude .git -exclude .hg -exclude Headers -exclude PrivateHeaders -exclude Modules -exclude \*.tbd -resolve-src-symlinks /Applications/Xcode.app/Contents/Developer/Platforms/iPhoneSimulator.platform/Developer/Library/PrivateFrameworks/XCTestSupport.framework /var/folders/6m/vxwlbjsn7vs6h80_98w6x7p40000gn/T/parlor-audit-dsc01-apphost-02-mxgx7n3y/DerivedData/Build/Products/Debug-iphonesimulator/iosAppUITests-Runner.app/Frameworks

Copy /var/folders/6m/vxwlbjsn7vs6h80_98w6x7p40000gn/T/parlor-audit-dsc01-apphost-02-mxgx7n3y/DerivedData/Build/Products/Debug-iphonesimulator/iosAppUITests-Runner.app/Frameworks/XCTestCore.framework /Applications/Xcode.app/Contents/Developer/Platforms/iPhoneSimulator.platform/Developer/Library/PrivateFrameworks/XCTestCore.framework (in target 'iosAppUITests' from project 'iosApp')
    cd /var/folders/6m/vxwlbjsn7vs6h80_98w6x7p40000gn/T/parlor-audit-dsc01-apphost-02-mxgx7n3y/copy/iosApp
    builtin-copy -exclude .DS_Store -exclude CVS -exclude .svn -exclude .git -exclude .hg -exclude Headers -exclude PrivateHeaders -exclude Modules -exclude \*.tbd -resolve-src-symlinks /Applications/Xcode.app/Contents/Developer/Platforms/iPhoneSimulator.platform/Developer/Library/PrivateFrameworks/XCTestCore.framework /var/folders/6m/vxwlbjsn7vs6h80_98w6x7p40000gn/T/parlor-audit-dsc01-apphost-02-mxgx7n3y/DerivedData/Build/Products/Debug-iphonesimulator/iosAppUITests-Runner.app/Frameworks

Copy /var/folders/6m/vxwlbjsn7vs6h80_98w6x7p40000gn/T/parlor-audit-dsc01-apphost-02-mxgx7n3y/DerivedData/Build/Products/Debug-iphonesimulator/iosAppUITests-Runner.app/Frameworks/XCTest.framework /Applications/Xcode.app/Contents/Developer/Platforms/iPhoneSimulator.platform/Developer/Library/Frameworks/XCTest.framework (in target 'iosAppUITests' from project 'iosApp')
    cd /var/folders/6m/vxwlbjsn7vs6h80_98w6x7p40000gn/T/parlor-audit-dsc01-apphost-02-mxgx7n3y/copy/iosApp
    builtin-copy -exclude .DS_Store -exclude CVS -exclude .svn -exclude .git -exclude .hg -exclude Headers -exclude PrivateHeaders -exclude Modules -exclude \*.tbd -resolve-src-symlinks /Applications/Xcode.app/Contents/Developer/Platforms/iPhoneSimulator.platform/Developer/Library/Frameworks/XCTest.framework /var/folders/6m/vxwlbjsn7vs6h80_98w6x7p40000gn/T/parlor-audit-dsc01-apphost-02-mxgx7n3y/DerivedData/Build/Products/Debug-iphonesimulator/iosAppUITests-Runner.app/Frameworks

Copy /var/folders/6m/vxwlbjsn7vs6h80_98w6x7p40000gn/T/parlor-audit-dsc01-apphost-02-mxgx7n3y/DerivedData/Build/Products/Debug-iphonesimulator/iosAppUITests-Runner.app/Frameworks/XCTAutomationSupport.framework /Applications/Xcode.app/Contents/Developer/Platforms/iPhoneSimulator.platform/Developer/Library/PrivateFrameworks/XCTAutomationSupport.framework (in target 'iosAppUITests' from project 'iosApp')
    cd /var/folders/6m/vxwlbjsn7vs6h80_98w6x7p40000gn/T/parlor-audit-dsc01-apphost-02-mxgx7n3y/copy/iosApp
    builtin-copy -exclude .DS_Store -exclude CVS -exclude .svn -exclude .git -exclude .hg -exclude Headers -exclude PrivateHeaders -exclude Modules -exclude \*.tbd -resolve-src-symlinks /Applications/Xcode.app/Contents/Developer/Platforms/iPhoneSimulator.platform/Developer/Library/PrivateFrameworks/XCTAutomationSupport.framework /var/folders/6m/vxwlbjsn7vs6h80_98w6x7p40000gn/T/parlor-audit-dsc01-apphost-02-mxgx7n3y/DerivedData/Build/Products/Debug-iphonesimulator/iosAppUITests-Runner.app/Frameworks

Copy /var/folders/6m/vxwlbjsn7vs6h80_98w6x7p40000gn/T/parlor-audit-dsc01-apphost-02-mxgx7n3y/DerivedData/Build/Products/Debug-iphonesimulator/iosAppUITests-Runner.app/Frameworks/Testing.framework /Applications/Xcode.app/Contents/Developer/Platforms/iPhoneSimulator.platform/Developer/Library/Frameworks/Testing.framework (in target 'iosAppUITests' from project 'iosApp')
    cd /var/folders/6m/vxwlbjsn7vs6h80_98w6x7p40000gn/T/parlor-audit-dsc01-apphost-02-mxgx7n3y/copy/iosApp
    builtin-copy -exclude .DS_Store -exclude CVS -exclude .svn -exclude .git -exclude .hg -exclude Headers -exclude PrivateHeaders -exclude Modules -exclude \*.tbd -resolve-src-symlinks /Applications/Xcode.app/Contents/Developer/Platforms/iPhoneSimulator.platform/Developer/Library/Frameworks/Testing.framework /var/folders/6m/vxwlbjsn7vs6h80_98w6x7p40000gn/T/parlor-audit-dsc01-apphost-02-mxgx7n3y/DerivedData/Build/Products/Debug-iphonesimulator/iosAppUITests-Runner.app/Frameworks

RegisterExecutionPolicyException /var/folders/6m/vxwlbjsn7vs6h80_98w6x7p40000gn/T/parlor-audit-dsc01-apphost-02-mxgx7n3y/DerivedData/Build/Products/Debug-iphonesimulator/iosAppUITests-Runner.app/PlugIns/iosAppUITests.xctest (in target 'iosAppUITests' from project 'iosApp')
    cd /var/folders/6m/vxwlbjsn7vs6h80_98w6x7p40000gn/T/parlor-audit-dsc01-apphost-02-mxgx7n3y/copy/iosApp
    builtin-RegisterExecutionPolicyException /var/folders/6m/vxwlbjsn7vs6h80_98w6x7p40000gn/T/parlor-audit-dsc01-apphost-02-mxgx7n3y/DerivedData/Build/Products/Debug-iphonesimulator/iosAppUITests-Runner.app/PlugIns/iosAppUITests.xctest

Touch /var/folders/6m/vxwlbjsn7vs6h80_98w6x7p40000gn/T/parlor-audit-dsc01-apphost-02-mxgx7n3y/DerivedData/Build/Products/Debug-iphonesimulator/iosAppUITests-Runner.app/PlugIns/iosAppUITests.xctest (in target 'iosAppUITests' from project 'iosApp')
    cd /var/folders/6m/vxwlbjsn7vs6h80_98w6x7p40000gn/T/parlor-audit-dsc01-apphost-02-mxgx7n3y/copy/iosApp
    /usr/bin/touch -c /var/folders/6m/vxwlbjsn7vs6h80_98w6x7p40000gn/T/parlor-audit-dsc01-apphost-02-mxgx7n3y/DerivedData/Build/Products/Debug-iphonesimulator/iosAppUITests-Runner.app/PlugIns/iosAppUITests.xctest

2026-09-06 12:28:16.090951+0300 iosAppUITests-Runner[44914:1960858] [Default] Running tests...
objc[44914]: Class UIAccessibilityLoaderWebShared is implemented in both /Library/Developer/CoreSimulator/Volumes/iOS_23F77/Library/Developer/CoreSimulator/Profiles/Runtimes/iOS 26.5.simruntime/Contents/Resources/RuntimeRoot/System/Library/AccessibilityBundles/WebCore.axbundle/WebCore (0x107498310) and /Library/Developer/CoreSimulator/Volumes/iOS_23F77/Library/Developer/CoreSimulator/Profiles/Runtimes/iOS 26.5.simruntime/Contents/Resources/RuntimeRoot/System/Library/AccessibilityBundles/WebKit.axbundle/WebKit (0x10686c398). This may cause spurious casting failures and mysterious crashes. One of the duplicates must be removed or renamed.
    t =      nans Interface orientation changed to Portrait
Test Suite 'All tests' started at 2026-09-06 12:28:19.084.
Test Suite 'iosAppUITests.xctest' started at 2026-09-06 12:28:19.085.
Test Suite 'IOSAppLaunchUITests' started at 2026-09-06 12:28:19.085.
Test Case '-[iosAppUITests.IOSAppLaunchUITests testDSC01ActualSettingsLocalSessionsAndOSInvestigation]' started.
    t =     0.00s Start Test at 2026-09-06 12:28:19.086
    t =     0.17s Set Up
    t =     0.17s Open com.parlor.app.debug
    t =     0.18s     Launch com.parlor.app.debug
2026-09-06 12:28:19.436 xcodebuild[43507:1947796] [MT] IDELaunchParametersSnapshot: The operation couldn’t be completed. (DebuggerLLDB.DebuggerVersionStore.StoreError error 0.)
2026-09-06 12:28:19.436 xcodebuild[43507:1947796] [MT] IDELaunchParametersSnapshot: no debugger version
    t =     0.97s         Setting up automation session
    t =     1.69s         Wait for com.parlor.app.debug to idle
    t =     3.65s Wait for com.parlor.app.debug to become Running Foreground
    t =     3.65s Waiting 30.0s for "parlor-home-brand" StaticText to exist
    t =     4.70s     Checking `Expect predicate `existsNoRetry == 1` for object "parlor-home-brand" StaticText`
    t =     4.71s         Checking existence of `"parlor-home-brand" StaticText`
    t =     4.79s Waiting 10.0s for "parlor-dsc01-observe" Button to exist
    t =     5.86s     Checking `Expect predicate `existsNoRetry == 1` for object "parlor-dsc01-observe" Button`
    t =     5.86s         Checking existence of `"parlor-dsc01-observe" Button`
    t =     5.88s Checking existence of `Alert (First Match)`
    t =     5.90s Waiting 10.0s for "parlor-dsc01-state" StaticText to exist
    t =     6.95s     Checking `Expect predicate `existsNoRetry == 1` for object "parlor-dsc01-state" StaticText`
    t =     6.95s         Checking existence of `"parlor-dsc01-state" StaticText`
    t =     6.98s Find the "parlor-dsc01-state" StaticText
    t =     7.00s Tap "parlor-dsc01-observe" Button
    t =     7.00s     Wait for com.parlor.app.debug to idle
    t =     7.00s     Find the "parlor-dsc01-observe" Button
    t =     7.01s     Check for interrupting elements affecting "parlor-dsc01-observe" Button
    t =     7.03s     Synthesize event
    t =     7.44s     Wait for com.parlor.app.debug to idle
    t =     8.50s Find the "parlor-dsc01-state" StaticText
    t =     8.52s Find the "parlor-dsc01-state" StaticText
    t =     8.54s Waiting 15.0s for Any (First Match) to exist
    t =     9.59s     Checking `Expect predicate `existsNoRetry == 1` for object Any (First Match)`
    t =     9.59s         Checking existence of `Any (First Match)`
    t =     9.61s Get all elements bound by index for: Elements matching predicate 'label == "Open settings., SETTINGS"'
    t =     9.62s Find the Any (Element at index 0)
    t =     9.64s Tap "Open settings., SETTINGS" Button
    t =     9.64s     Wait for com.parlor.app.debug to idle
    t =     9.64s     Find the "Open settings., SETTINGS" Button
    t =     9.65s     Check for interrupting elements affecting "Open settings., SETTINGS" Button
    t =     9.67s     Synthesize event
    t =     9.96s     Wait for com.parlor.app.debug to idle
    t =     9.96s Waiting 15.0s for Any (First Match) to exist
    t =    11.02s     Checking `Expect predicate `existsNoRetry == 1` for object Any (First Match)`
    t =    11.02s         Checking existence of `Any (First Match)`
    t =    11.06s Checking existence of `Any (First Match)`
    t =    11.07s Waiting 10.0s for "parlor-dsc01-state" StaticText to exist
    t =    12.10s     Checking `Expect predicate `existsNoRetry == 1` for object "parlor-dsc01-state" StaticText`
    t =    12.10s         Checking existence of `"parlor-dsc01-state" StaticText`
    t =    12.11s Find the "parlor-dsc01-state" StaticText
    t =    12.12s Tap "parlor-dsc01-observe" Button
    t =    12.12s     Wait for com.parlor.app.debug to idle
    t =    12.12s     Find the "parlor-dsc01-observe" Button
    t =    12.13s     Check for interrupting elements affecting "parlor-dsc01-observe" Button
    t =    12.15s     Synthesize event
    t =    12.44s     Wait for com.parlor.app.debug to idle
    t =    13.48s Find the "parlor-dsc01-state" StaticText
    t =    13.49s Find the "parlor-dsc01-state" StaticText
    t =    13.51s Waiting 15.0s for Any (First Match) to exist
    t =    14.55s     Checking `Expect predicate `existsNoRetry == 1` for object Any (First Match)`
    t =    14.55s         Checking existence of `Any (First Match)`
    t =    14.59s Get all elements bound by index for: Elements matching predicate 'label == "العربية"'
    t =    14.60s Find the Any (Element at index 0)
    t =    14.62s Tap "العربية" Button
    t =    14.62s     Wait for com.parlor.app.debug to idle
    t =    14.62s     Find the "العربية" Button
    t =    14.63s     Check for interrupting elements affecting "العربية" Button
    t =    14.64s     Synthesize event
    t =    14.92s     Wait for com.parlor.app.debug to idle
    t =    14.92s Waiting 15.0s for Any (First Match) to exist
    t =    15.95s     Checking `Expect predicate `existsNoRetry == 1` for object Any (First Match)`
    t =    15.96s         Checking existence of `Any (First Match)`
    t =    15.98s Checking existence of `Any (First Match)`
    t =    16.00s Waiting 10.0s for "parlor-dsc01-state" StaticText to exist
    t =    17.03s     Checking `Expect predicate `existsNoRetry == 1` for object "parlor-dsc01-state" StaticText`
    t =    17.04s         Checking existence of `"parlor-dsc01-state" StaticText`
    t =    17.06s Find the "parlor-dsc01-state" StaticText
    t =    17.08s Tap "parlor-dsc01-observe" Button
    t =    17.08s     Wait for com.parlor.app.debug to idle
    t =    17.08s     Find the "parlor-dsc01-observe" Button
    t =    17.10s     Check for interrupting elements affecting "parlor-dsc01-observe" Button
    t =    17.11s     Synthesize event
    t =    17.39s     Wait for com.parlor.app.debug to idle
    t =    18.42s Find the "parlor-dsc01-state" StaticText
    t =    18.44s Find the "parlor-dsc01-state" StaticText
    t =    18.45s Waiting 10.0s for "parlor-dsc01-state" StaticText to exist
    t =    19.50s     Checking `Expect predicate `existsNoRetry == 1` for object "parlor-dsc01-state" StaticText`
    t =    19.51s         Checking existence of `"parlor-dsc01-state" StaticText`
    t =    19.53s Find the "parlor-dsc01-state" StaticText
    t =    19.54s Tap "parlor-dsc01-observe" Button
    t =    19.54s     Wait for com.parlor.app.debug to idle
    t =    19.55s     Find the "parlor-dsc01-observe" Button
    t =    19.56s     Check for interrupting elements affecting "parlor-dsc01-observe" Button
    t =    19.57s     Synthesize event
    t =    19.86s     Wait for com.parlor.app.debug to idle
    t =    20.89s Find the "parlor-dsc01-state" StaticText
    t =    20.91s Find the "parlor-dsc01-state" StaticText
    t =    20.93s Terminate com.parlor.app.debug:44942
    t =    21.98s Wait for com.parlor.app.debug to become Not Running
    t =    21.99s Open com.parlor.app.debug
    t =    21.99s     Launch com.parlor.app.debug
2026-09-06 12:28:41.075 xcodebuild[43507:1947796] [MT] IDELaunchParametersSnapshot: The operation couldn’t be completed. (DebuggerLLDB.DebuggerVersionStore.StoreError error 0.)
2026-09-06 12:28:41.075 xcodebuild[43507:1947796] [MT] IDELaunchParametersSnapshot: no debugger version
    t =    22.20s         Setting up automation session
    t =    22.84s         Wait for com.parlor.app.debug to idle
    t =    24.09s Wait for com.parlor.app.debug to become Running Foreground
    t =    24.10s Waiting 30.0s for "parlor-home-brand" StaticText to exist
    t =    25.10s     Checking `Expect predicate `existsNoRetry == 1` for object "parlor-home-brand" StaticText`
    t =    25.10s         Checking existence of `"parlor-home-brand" StaticText`
    t =    25.18s Waiting 10.0s for "parlor-dsc01-observe" Button to exist
    t =    26.22s     Checking `Expect predicate `existsNoRetry == 1` for object "parlor-dsc01-observe" Button`
    t =    26.22s         Checking existence of `"parlor-dsc01-observe" Button`
    t =    26.25s Checking existence of `Alert (First Match)`
    t =    26.27s Waiting 10.0s for "parlor-dsc01-state" StaticText to exist
    t =    27.28s     Checking `Expect predicate `existsNoRetry == 1` for object "parlor-dsc01-state" StaticText`
    t =    27.28s         Checking existence of `"parlor-dsc01-state" StaticText`
    t =    27.29s Find the "parlor-dsc01-state" StaticText
    t =    27.30s Tap "parlor-dsc01-observe" Button
    t =    27.30s     Wait for com.parlor.app.debug to idle
    t =    27.30s     Find the "parlor-dsc01-observe" Button
    t =    27.31s     Check for interrupting elements affecting "parlor-dsc01-observe" Button
    t =    27.32s     Synthesize event
    t =    27.61s     Wait for com.parlor.app.debug to idle
    t =    28.64s Find the "parlor-dsc01-state" StaticText
    t =    28.65s Find the "parlor-dsc01-state" StaticText
    t =    28.66s Waiting 15.0s for Any (First Match) to exist
    t =    29.68s     Checking `Expect predicate `existsNoRetry == 1` for object Any (First Match)`
    t =    29.68s         Checking existence of `Any (First Match)`
    t =    29.71s Get all elements bound by index for: Elements matching predicate 'label == "افتح الإعدادات., الإعدادات"'
    t =    29.72s Find the Any (Element at index 0)
    t =    29.73s Tap "افتح الإعدادات., الإعدادات" Button
    t =    29.73s     Wait for com.parlor.app.debug to idle
    t =    29.74s     Find the "افتح الإعدادات., الإعدادات" Button
    t =    29.75s     Check for interrupting elements affecting "افتح الإعدادات., الإعدادات" Button
    t =    29.76s     Synthesize event
    t =    30.04s     Wait for com.parlor.app.debug to idle
    t =    30.04s Waiting 15.0s for Any (First Match) to exist
    t =    31.07s     Checking `Expect predicate `existsNoRetry == 1` for object Any (First Match)`
    t =    31.07s         Checking existence of `Any (First Match)`
    t =    31.10s Checking existence of `Any (First Match)`
    t =    31.12s Waiting 10.0s for "parlor-dsc01-state" StaticText to exist
    t =    32.13s     Checking `Expect predicate `existsNoRetry == 1` for object "parlor-dsc01-state" StaticText`
    t =    32.13s         Checking existence of `"parlor-dsc01-state" StaticText`
    t =    32.16s Find the "parlor-dsc01-state" StaticText
    t =    32.17s Tap "parlor-dsc01-observe" Button
    t =    32.17s     Wait for com.parlor.app.debug to idle
    t =    32.17s     Find the "parlor-dsc01-observe" Button
    t =    32.18s     Check for interrupting elements affecting "parlor-dsc01-observe" Button
    t =    32.20s     Synthesize event
    t =    32.49s     Wait for com.parlor.app.debug to idle
    t =    33.52s Find the "parlor-dsc01-state" StaticText
    t =    33.53s Find the "parlor-dsc01-state" StaticText
    t =    33.54s Waiting 15.0s for Any (First Match) to exist
    t =    34.58s     Checking `Expect predicate `existsNoRetry == 1` for object Any (First Match)`
    t =    34.58s         Checking existence of `Any (First Match)`
    t =    34.60s Get all elements bound by index for: Elements matching predicate 'label == "لغة النظام"'
    t =    34.61s Find the Any (Element at index 0)
    t =    34.63s Tap "لغة النظام" Button
    t =    34.63s     Wait for com.parlor.app.debug to idle
    t =    34.63s     Find the "لغة النظام" Button
    t =    34.64s     Check for interrupting elements affecting "لغة النظام" Button
    t =    34.65s     Synthesize event
    t =    34.93s     Wait for com.parlor.app.debug to idle
    t =    34.94s Waiting 15.0s for Any (First Match) to exist
    t =    35.97s     Checking `Expect predicate `existsNoRetry == 1` for object Any (First Match)`
    t =    35.97s         Checking existence of `Any (First Match)`
    t =    35.98s Checking existence of `Any (First Match)`
    t =    35.99s Waiting 10.0s for "parlor-dsc01-state" StaticText to exist
    t =    37.02s     Checking `Expect predicate `existsNoRetry == 1` for object "parlor-dsc01-state" StaticText`
    t =    37.02s         Checking existence of `"parlor-dsc01-state" StaticText`
    t =    37.03s Find the "parlor-dsc01-state" StaticText
    t =    37.04s Tap "parlor-dsc01-observe" Button
    t =    37.04s     Wait for com.parlor.app.debug to idle
    t =    37.04s     Find the "parlor-dsc01-observe" Button
    t =    37.06s     Check for interrupting elements affecting "parlor-dsc01-observe" Button
    t =    37.07s     Synthesize event
    t =    37.36s     Wait for com.parlor.app.debug to idle
    t =    38.38s Find the "parlor-dsc01-state" StaticText
    t =    38.40s Find the "parlor-dsc01-state" StaticText
    t =    38.41s Waiting 10.0s for "parlor-dsc01-state" StaticText to exist
    t =    39.45s     Checking `Expect predicate `existsNoRetry == 1` for object "parlor-dsc01-state" StaticText`
    t =    39.45s         Checking existence of `"parlor-dsc01-state" StaticText`
    t =    39.47s Find the "parlor-dsc01-state" StaticText
    t =    39.49s Tap "parlor-dsc01-observe" Button
    t =    39.49s     Wait for com.parlor.app.debug to idle
    t =    39.49s     Find the "parlor-dsc01-observe" Button
    t =    39.50s     Check for interrupting elements affecting "parlor-dsc01-observe" Button
    t =    39.52s     Synthesize event
    t =    39.80s     Wait for com.parlor.app.debug to idle
    t =    40.84s Find the "parlor-dsc01-state" StaticText
    t =    40.87s Find the "parlor-dsc01-state" StaticText
    t =    40.89s Terminate com.parlor.app.debug:45059
    t =    41.94s Wait for com.parlor.app.debug to become Not Running
    t =    41.94s Open com.parlor.app.debug
    t =    41.94s     Launch com.parlor.app.debug
2026-09-06 12:29:01.027 xcodebuild[43507:1947796] [MT] IDELaunchParametersSnapshot: The operation couldn’t be completed. (DebuggerLLDB.DebuggerVersionStore.StoreError error 0.)
2026-09-06 12:29:01.027 xcodebuild[43507:1947796] [MT] IDELaunchParametersSnapshot: no debugger version
    t =    42.15s         Setting up automation session
    t =    42.74s         Wait for com.parlor.app.debug to idle
    t =    43.97s Wait for com.parlor.app.debug to become Running Foreground
    t =    43.97s Waiting 30.0s for "parlor-home-brand" StaticText to exist
    t =    44.98s     Checking `Expect predicate `existsNoRetry == 1` for object "parlor-home-brand" StaticText`
    t =    44.98s         Checking existence of `"parlor-home-brand" StaticText`
    t =    45.06s Waiting 10.0s for "parlor-dsc01-observe" Button to exist
    t =    46.08s     Checking `Expect predicate `existsNoRetry == 1` for object "parlor-dsc01-observe" Button`
    t =    46.09s         Checking existence of `"parlor-dsc01-observe" Button`
    t =    46.11s Checking existence of `Alert (First Match)`
    t =    46.14s Waiting 10.0s for "parlor-dsc01-state" StaticText to exist
    t =    47.17s     Checking `Expect predicate `existsNoRetry == 1` for object "parlor-dsc01-state" StaticText`
    t =    47.17s         Checking existence of `"parlor-dsc01-state" StaticText`
    t =    47.18s Find the "parlor-dsc01-state" StaticText
    t =    47.19s Tap "parlor-dsc01-observe" Button
    t =    47.19s     Wait for com.parlor.app.debug to idle
    t =    47.19s     Find the "parlor-dsc01-observe" Button
    t =    47.20s     Check for interrupting elements affecting "parlor-dsc01-observe" Button
    t =    47.21s     Synthesize event
    t =    47.50s     Wait for com.parlor.app.debug to idle
    t =    48.56s Find the "parlor-dsc01-state" StaticText
    t =    48.57s Find the "parlor-dsc01-state" StaticText
    t =    48.58s Waiting 15.0s for Any (First Match) to exist
    t =    49.60s     Checking `Expect predicate `existsNoRetry == 1` for object Any (First Match)`
    t =    49.60s         Checking existence of `Any (First Match)`
    t =    49.63s Get all elements bound by index for: Elements matching predicate 'label == "افتح الإعدادات., الإعدادات"'
    t =    49.64s Find the Any (Element at index 0)
    t =    49.66s Tap "افتح الإعدادات., الإعدادات" Button
    t =    49.66s     Wait for com.parlor.app.debug to idle
    t =    49.66s     Find the "افتح الإعدادات., الإعدادات" Button
    t =    49.67s     Check for interrupting elements affecting "افتح الإعدادات., الإعدادات" Button
    t =    49.68s     Synthesize event
    t =    49.97s     Wait for com.parlor.app.debug to idle
    t =    49.97s Waiting 15.0s for Any (First Match) to exist
    t =    51.00s     Checking `Expect predicate `existsNoRetry == 1` for object Any (First Match)`
    t =    51.00s         Checking existence of `Any (First Match)`
    t =    51.01s Checking existence of `Any (First Match)`
    t =    51.02s Waiting 10.0s for "parlor-dsc01-state" StaticText to exist
    t =    52.05s     Checking `Expect predicate `existsNoRetry == 1` for object "parlor-dsc01-state" StaticText`
    t =    52.06s         Checking existence of `"parlor-dsc01-state" StaticText`
    t =    52.08s Find the "parlor-dsc01-state" StaticText
    t =    52.10s Tap "parlor-dsc01-observe" Button
    t =    52.10s     Wait for com.parlor.app.debug to idle
    t =    52.10s     Find the "parlor-dsc01-observe" Button
    t =    52.11s     Check for interrupting elements affecting "parlor-dsc01-observe" Button
    t =    52.13s     Synthesize event
    t =    52.40s     Wait for com.parlor.app.debug to idle
    t =    53.45s Find the "parlor-dsc01-state" StaticText
    t =    53.48s Find the "parlor-dsc01-state" StaticText
    t =    53.50s Waiting 15.0s for Any (First Match) to exist
    t =    54.56s     Checking `Expect predicate `existsNoRetry == 1` for object Any (First Match)`
    t =    54.56s         Checking existence of `Any (First Match)`
    t =    54.58s Get all elements bound by index for: Elements matching predicate 'label == "English"'
    t =    54.60s Find the Any (Element at index 0)
    t =    54.61s Tap "English" Button
    t =    54.61s     Wait for com.parlor.app.debug to idle
    t =    54.62s     Find the "English" Button
    t =    54.63s     Check for interrupting elements affecting "English" Button
    t =    54.64s     Synthesize event
    t =    54.92s     Wait for com.parlor.app.debug to idle
    t =    54.92s Waiting 15.0s for Any (First Match) to exist
    t =    55.95s     Checking `Expect predicate `existsNoRetry == 1` for object Any (First Match)`
    t =    55.96s         Checking existence of `Any (First Match)`
    t =    55.99s Checking existence of `Any (First Match)`
    t =    56.00s Waiting 10.0s for "parlor-dsc01-state" StaticText to exist
    t =    57.04s     Checking `Expect predicate `existsNoRetry == 1` for object "parlor-dsc01-state" StaticText`
    t =    57.04s         Checking existence of `"parlor-dsc01-state" StaticText`
    t =    57.07s Find the "parlor-dsc01-state" StaticText
    t =    57.08s Tap "parlor-dsc01-observe" Button
    t =    57.08s     Wait for com.parlor.app.debug to idle
    t =    57.09s     Find the "parlor-dsc01-observe" Button
    t =    57.10s     Check for interrupting elements affecting "parlor-dsc01-observe" Button
    t =    57.11s     Synthesize event
    t =    57.39s     Wait for com.parlor.app.debug to idle
    t =    58.42s Find the "parlor-dsc01-state" StaticText
    t =    58.43s Find the "parlor-dsc01-state" StaticText
    t =    58.44s Waiting 10.0s for "parlor-dsc01-state" StaticText to exist
    t =    59.48s     Checking `Expect predicate `existsNoRetry == 1` for object "parlor-dsc01-state" StaticText`
    t =    59.48s         Checking existence of `"parlor-dsc01-state" StaticText`
    t =    59.51s Find the "parlor-dsc01-state" StaticText
    t =    59.53s Tap "parlor-dsc01-observe" Button
    t =    59.53s     Wait for com.parlor.app.debug to idle
    t =    59.53s     Find the "parlor-dsc01-observe" Button
    t =    59.54s     Check for interrupting elements affecting "parlor-dsc01-observe" Button
    t =    59.56s     Synthesize event
    t =    59.84s     Wait for com.parlor.app.debug to idle
    t =    60.87s Find the "parlor-dsc01-state" StaticText
    t =    60.89s Find the "parlor-dsc01-state" StaticText
    t =    60.91s Terminate com.parlor.app.debug:45200
    t =    61.95s Wait for com.parlor.app.debug to become Not Running
    t =    61.95s Open com.parlor.app.debug
    t =    61.95s     Launch com.parlor.app.debug
2026-09-06 12:29:21.036 xcodebuild[43507:1947796] [MT] IDELaunchParametersSnapshot: The operation couldn’t be completed. (DebuggerLLDB.DebuggerVersionStore.StoreError error 0.)
2026-09-06 12:29:21.036 xcodebuild[43507:1947796] [MT] IDELaunchParametersSnapshot: no debugger version
    t =    62.16s         Setting up automation session
    t =    62.76s         Wait for com.parlor.app.debug to idle
    t =    63.99s Wait for com.parlor.app.debug to become Running Foreground
    t =    63.99s Waiting 30.0s for "parlor-home-brand" StaticText to exist
    t =    65.02s     Checking `Expect predicate `existsNoRetry == 1` for object "parlor-home-brand" StaticText`
    t =    65.02s         Checking existence of `"parlor-home-brand" StaticText`
    t =    65.09s Waiting 10.0s for "parlor-dsc01-observe" Button to exist
    t =    66.12s     Checking `Expect predicate `existsNoRetry == 1` for object "parlor-dsc01-observe" Button`
    t =    66.12s         Checking existence of `"parlor-dsc01-observe" Button`
    t =    66.14s Checking existence of `Alert (First Match)`
    t =    66.16s Waiting 10.0s for "parlor-dsc01-state" StaticText to exist
    t =    67.18s     Checking `Expect predicate `existsNoRetry == 1` for object "parlor-dsc01-state" StaticText`
    t =    67.18s         Checking existence of `"parlor-dsc01-state" StaticText`
    t =    67.19s Find the "parlor-dsc01-state" StaticText
    t =    67.20s Tap "parlor-dsc01-observe" Button
    t =    67.20s     Wait for com.parlor.app.debug to idle
    t =    67.20s     Find the "parlor-dsc01-observe" Button
    t =    67.21s     Check for interrupting elements affecting "parlor-dsc01-observe" Button
    t =    67.22s     Synthesize event
    t =    67.50s     Wait for com.parlor.app.debug to idle
    t =    68.55s Find the "parlor-dsc01-state" StaticText
    t =    68.57s Find the "parlor-dsc01-state" StaticText
    t =    68.58s Waiting 15.0s for Any (First Match) to exist
    t =    69.60s     Checking `Expect predicate `existsNoRetry == 1` for object Any (First Match)`
    t =    69.60s         Checking existence of `Any (First Match)`
    t =    69.62s Get all elements bound by index for: Elements matching predicate 'label == "Open settings., SETTINGS"'
    t =    69.64s Find the Any (Element at index 0)
    t =    69.66s Tap "Open settings., SETTINGS" Button
    t =    69.66s     Wait for com.parlor.app.debug to idle
    t =    69.66s     Find the "Open settings., SETTINGS" Button
    t =    69.67s     Check for interrupting elements affecting "Open settings., SETTINGS" Button
    t =    69.68s     Synthesize event
    t =    69.97s     Wait for com.parlor.app.debug to idle
    t =    69.97s Waiting 15.0s for Any (First Match) to exist
    t =    70.98s     Checking `Expect predicate `existsNoRetry == 1` for object Any (First Match)`
    t =    70.98s         Checking existence of `Any (First Match)`
    t =    71.01s Checking existence of `Any (First Match)`
    t =    71.02s Waiting 10.0s for "parlor-dsc01-state" StaticText to exist
    t =    72.05s     Checking `Expect predicate `existsNoRetry == 1` for object "parlor-dsc01-state" StaticText`
    t =    72.05s         Checking existence of `"parlor-dsc01-state" StaticText`
    t =    72.08s Find the "parlor-dsc01-state" StaticText
    t =    72.09s Tap "parlor-dsc01-observe" Button
    t =    72.09s     Wait for com.parlor.app.debug to idle
    t =    72.09s     Find the "parlor-dsc01-observe" Button
    t =    72.11s     Check for interrupting elements affecting "parlor-dsc01-observe" Button
    t =    72.12s     Synthesize event
    t =    72.40s     Wait for com.parlor.app.debug to idle
    t =    73.45s Find the "parlor-dsc01-state" StaticText
    t =    73.48s Find the "parlor-dsc01-state" StaticText
    t =    73.50s Waiting 15.0s for Any (First Match) to exist
    t =    74.53s     Checking `Expect predicate `existsNoRetry == 1` for object Any (First Match)`
    t =    74.53s         Checking existence of `Any (First Match)`
    t =    74.56s Get all elements bound by index for: Elements matching predicate 'label == "System language"'
    t =    74.57s Find the Any (Element at index 0)
    t =    74.59s Tap "System language" Button
    t =    74.59s     Wait for com.parlor.app.debug to idle
    t =    74.59s     Find the "System language" Button
    t =    74.60s     Check for interrupting elements affecting "System language" Button
    t =    74.61s     Synthesize event
    t =    74.90s     Wait for com.parlor.app.debug to idle
    t =    74.91s Waiting 15.0s for Any (First Match) to exist
    t =    75.95s     Checking `Expect predicate `existsNoRetry == 1` for object Any (First Match)`
    t =    75.95s         Checking existence of `Any (First Match)`
    t =    75.96s Checking existence of `Any (First Match)`
    t =    75.97s Waiting 10.0s for "parlor-dsc01-state" StaticText to exist
    t =    77.00s     Checking `Expect predicate `existsNoRetry == 1` for object "parlor-dsc01-state" StaticText`
    t =    77.00s         Checking existence of `"parlor-dsc01-state" StaticText`
    t =    77.01s Find the "parlor-dsc01-state" StaticText
    t =    77.02s Tap "parlor-dsc01-observe" Button
    t =    77.02s     Wait for com.parlor.app.debug to idle
    t =    77.02s     Find the "parlor-dsc01-observe" Button
    t =    77.03s     Check for interrupting elements affecting "parlor-dsc01-observe" Button
    t =    77.04s     Synthesize event
    t =    77.32s     Wait for com.parlor.app.debug to idle
    t =    78.36s Find the "parlor-dsc01-state" StaticText
    t =    78.39s Find the "parlor-dsc01-state" StaticText
    t =    78.40s Waiting 10.0s for "parlor-dsc01-state" StaticText to exist
    t =    79.42s     Checking `Expect predicate `existsNoRetry == 1` for object "parlor-dsc01-state" StaticText`
    t =    79.42s         Checking existence of `"parlor-dsc01-state" StaticText`
    t =    79.45s Find the "parlor-dsc01-state" StaticText
    t =    79.47s Tap "parlor-dsc01-observe" Button
    t =    79.47s     Wait for com.parlor.app.debug to idle
    t =    79.47s     Find the "parlor-dsc01-observe" Button
    t =    79.48s     Check for interrupting elements affecting "parlor-dsc01-observe" Button
    t =    79.50s     Synthesize event
    t =    79.78s     Wait for com.parlor.app.debug to idle
    t =    80.82s Find the "parlor-dsc01-state" StaticText
    t =    80.84s Find the "parlor-dsc01-state" StaticText
    t =    80.86s Tap "parlor-dsc01-complete" Button
    t =    80.86s     Wait for com.parlor.app.debug to idle
    t =    80.86s     Find the "parlor-dsc01-complete" Button
    t =    80.87s     Check for interrupting elements affecting "parlor-dsc01-complete" Button
    t =    80.88s     Synthesize event
    t =    81.17s     Wait for com.parlor.app.debug to idle
    t =    81.18s Waiting 10.0s for "parlor-dsc01-state" StaticText to exist
    t =    82.20s     Checking `Expect predicate `existsNoRetry == 1` for object "parlor-dsc01-state" StaticText`
    t =    82.20s         Checking existence of `"parlor-dsc01-state" StaticText`
    t =    82.23s Find the "parlor-dsc01-state" StaticText
    t =    82.24s Tap "parlor-dsc01-observe" Button
    t =    82.24s     Wait for com.parlor.app.debug to idle
    t =    82.25s     Find the "parlor-dsc01-observe" Button
    t =    82.26s     Check for interrupting elements affecting "parlor-dsc01-observe" Button
    t =    82.27s     Synthesize event
    t =    82.56s     Wait for com.parlor.app.debug to idle
    t =    83.62s Find the "parlor-dsc01-state" StaticText
    t =    83.65s Find the "parlor-dsc01-state" StaticText
    t =    83.67s Terminate com.parlor.app.debug:45278
    t =    84.72s Wait for com.parlor.app.debug to become Not Running
    t =    84.72s Open com.parlor.app.debug
    t =    84.72s     Launch com.parlor.app.debug
2026-09-06 12:29:43.804 xcodebuild[43507:1947796] [MT] IDELaunchParametersSnapshot: The operation couldn’t be completed. (DebuggerLLDB.DebuggerVersionStore.StoreError error 0.)
2026-09-06 12:29:43.804 xcodebuild[43507:1947796] [MT] IDELaunchParametersSnapshot: no debugger version
    t =    84.93s         Setting up automation session
    t =    85.60s         Wait for com.parlor.app.debug to idle
    t =    86.84s Wait for com.parlor.app.debug to become Running Foreground
    t =    86.84s Waiting 30.0s for "parlor-home-brand" StaticText to exist
    t =    87.86s     Checking `Expect predicate `existsNoRetry == 1` for object "parlor-home-brand" StaticText`
    t =    87.86s         Checking existence of `"parlor-home-brand" StaticText`
    t =    87.91s Waiting 10.0s for "parlor-dsc01-observe" Button to exist
    t =    88.95s     Checking `Expect predicate `existsNoRetry == 1` for object "parlor-dsc01-observe" Button`
    t =    88.95s         Checking existence of `"parlor-dsc01-observe" Button`
    t =    88.97s Checking existence of `Alert (First Match)`
    t =    88.98s Waiting 10.0s for "parlor-dsc01-state" StaticText to exist
    t =    90.02s     Checking `Expect predicate `existsNoRetry == 1` for object "parlor-dsc01-state" StaticText`
    t =    90.02s         Checking existence of `"parlor-dsc01-state" StaticText`
    t =    90.04s Find the "parlor-dsc01-state" StaticText
    t =    90.05s Tap "parlor-dsc01-observe" Button
    t =    90.05s     Wait for com.parlor.app.debug to idle
    t =    90.06s     Find the "parlor-dsc01-observe" Button
    t =    90.07s     Check for interrupting elements affecting "parlor-dsc01-observe" Button
    t =    90.08s     Synthesize event
    t =    90.37s     Wait for com.parlor.app.debug to idle
    t =    91.42s Find the "parlor-dsc01-state" StaticText
    t =    91.45s Find the "parlor-dsc01-state" StaticText
    t =    91.46s Waiting 10.0s for "parlor-dsc01-state" StaticText to exist
    t =    92.48s     Checking `Expect predicate `existsNoRetry == 1` for object "parlor-dsc01-state" StaticText`
    t =    92.48s         Checking existence of `"parlor-dsc01-state" StaticText`
    t =    92.50s Find the "parlor-dsc01-state" StaticText
    t =    92.51s Tap "parlor-dsc01-observe" Button
    t =    92.51s     Wait for com.parlor.app.debug to idle
    t =    92.52s     Find the "parlor-dsc01-observe" Button
    t =    92.53s     Check for interrupting elements affecting "parlor-dsc01-observe" Button
    t =    92.54s     Synthesize event
    t =    92.82s     Wait for com.parlor.app.debug to idle
    t =    93.87s Find the "parlor-dsc01-state" StaticText
    t =    93.89s Find the "parlor-dsc01-state" StaticText
    t =    93.91s Waiting 10.0s for "parlor-dsc01-state" StaticText to exist
    t =    94.95s     Checking `Expect predicate `existsNoRetry == 1` for object "parlor-dsc01-state" StaticText`
    t =    94.95s         Checking existence of `"parlor-dsc01-state" StaticText`
    t =    94.97s Find the "parlor-dsc01-state" StaticText
    t =    94.99s Tap "parlor-dsc01-observe" Button
    t =    94.99s     Wait for com.parlor.app.debug to idle
    t =    94.99s     Find the "parlor-dsc01-observe" Button
    t =    95.01s     Check for interrupting elements affecting "parlor-dsc01-observe" Button
    t =    95.02s     Synthesize event
    t =    95.31s     Wait for com.parlor.app.debug to idle
    t =    96.36s Find the "parlor-dsc01-state" StaticText
    t =    96.38s Find the "parlor-dsc01-state" StaticText
    t =    96.40s Tap "parlor-dsc01-synthetic-en" Button
    t =    96.40s     Wait for com.parlor.app.debug to idle
    t =    96.40s     Find the "parlor-dsc01-synthetic-en" Button
    t =    96.41s     Check for interrupting elements affecting "parlor-dsc01-synthetic-en" Button
    t =    96.42s     Synthesize event
    t =    96.70s     Wait for com.parlor.app.debug to idle
    t =    96.71s Waiting 10.0s for "parlor-dsc01-state" StaticText to exist
    t =    97.73s     Checking `Expect predicate `existsNoRetry == 1` for object "parlor-dsc01-state" StaticText`
    t =    97.73s         Checking existence of `"parlor-dsc01-state" StaticText`
    t =    97.75s Find the "parlor-dsc01-state" StaticText
    t =    97.77s Tap "parlor-dsc01-observe" Button
    t =    97.77s     Wait for com.parlor.app.debug to idle
    t =    97.77s     Find the "parlor-dsc01-observe" Button
    t =    97.78s     Check for interrupting elements affecting "parlor-dsc01-observe" Button
    t =    97.79s     Synthesize event
    t =    98.07s     Wait for com.parlor.app.debug to idle
    t =    99.10s Find the "parlor-dsc01-state" StaticText
    t =    99.12s Find the "parlor-dsc01-state" StaticText
    t =    99.13s Waiting 15.0s for Any (First Match) to exist
    t =   100.16s     Checking `Expect predicate `existsNoRetry == 1` for object Any (First Match)`
    t =   100.16s         Checking existence of `Any (First Match)`
    t =   100.19s Get number of matches for: Elements matching predicate 'label BEGINSWITH "Open Whodunit and pick how you want to play."'
    t =   100.20s Get all elements bound by index for: Elements matching predicate 'label BEGINSWITH "Open Whodunit and pick how you want to play."'
    t =   100.21s Find the Any (Element at index 0)
    t =   100.23s Tap "Open Whodunit and pick how you want to play., CASE FILE · 1" Button
    t =   100.23s     Wait for com.parlor.app.debug to idle
    t =   100.23s     Find the "Open Whodunit and pick how you want to play., CASE FILE · 1" Button
    t =   100.24s     Check for interrupting elements affecting "Open Whodunit and pick how you want to play., CASE FILE · 1" Button
    t =   100.25s     Synthesize event
    t =   100.54s     Wait for com.parlor.app.debug to idle
    t =   100.54s Waiting 15.0s for Any (First Match) to exist
    t =   101.57s     Checking `Expect predicate `existsNoRetry == 1` for object Any (First Match)`
    t =   101.57s         Checking existence of `Any (First Match)`
    t =   101.60s Get number of matches for: Elements matching predicate 'label BEGINSWITH "Start a pass-and-play session on this device."'
    t =   101.61s Get all elements bound by index for: Elements matching predicate 'label BEGINSWITH "Start a pass-and-play session on this device."'
    t =   101.62s Find the Any (Element at index 0)
    t =   101.64s Tap "Start a pass-and-play session on this device., Pass and Play, Hand one phone around. Private turns stay covered between players., 1 phone · 6 players" Button
    t =   101.64s     Wait for com.parlor.app.debug to idle
    t =   101.64s     Find the "Start a pass-and-play session on this device., Pass and Play, Hand one phone around. Private turns stay covered between players., 1 phone · 6 players" Button
    t =   101.65s     Check for interrupting elements affecting "Start a pass-and-play session on this device., Pass and Play, Hand one phone around. Private turns stay covered between players., 1 phone · 6 players" Button
    t =   101.66s     Synthesize event
    t =   101.94s     Wait for com.parlor.app.debug to idle
    t =   102.07s Waiting 15.0s for Any (First Match) to exist
    t =   103.08s     Checking `Expect predicate `existsNoRetry == 1` for object Any (First Match)`
    t =   103.08s         Checking existence of `Any (First Match)`
    t =   103.11s Get number of matches for: Elements matching predicate 'label BEGINSWITH "Continue with "'
    t =   103.12s Get all elements bound by index for: Elements matching predicate 'label BEGINSWITH "Continue with "'
    t =   103.14s Find the Any (Element at index 0)
    t =   103.15s Tap "Continue with The Last Dinner., Continue with this story" Button
    t =   103.15s     Wait for com.parlor.app.debug to idle
    t =   103.16s     Find the "Continue with The Last Dinner., Continue with this story" Button
    t =   103.17s     Check for interrupting elements affecting "Continue with The Last Dinner., Continue with this story" Button
    t =   103.18s     Synthesize event
    t =   103.46s     Wait for com.parlor.app.debug to idle
    t =   103.46s Waiting 15.0s for Any (First Match) to exist
    t =   104.50s     Checking `Expect predicate `existsNoRetry == 1` for object Any (First Match)`
    t =   104.50s         Checking existence of `Any (First Match)`
    t =   104.52s Get number of matches for: Elements matching predicate 'label BEGINSWITH "Choose Classic Vote mode and proceed to player setup."'
    t =   104.53s Get all elements bound by index for: Elements matching predicate 'label BEGINSWITH "Choose Classic Vote mode and proceed to player setup."'
    t =   104.54s Find the Any (Element at index 0)
    t =   104.55s Tap "Choose Classic Vote mode and proceed to player setup., Choose Classic Vote" Button
    t =   104.55s     Wait for com.parlor.app.debug to idle
    t =   104.55s     Find the "Choose Classic Vote mode and proceed to player setup., Choose Classic Vote" Button
    t =   104.56s     Check for interrupting elements affecting "Choose Classic Vote mode and proceed to player setup., Choose Classic Vote" Button
    t =   104.57s     Synthesize event
    t =   104.86s     Wait for com.parlor.app.debug to idle
    t =   104.86s Waiting 15.0s for Any (First Match) to exist
    t =   105.90s     Checking `Expect predicate `existsNoRetry == 1` for object Any (First Match)`
    t =   105.90s         Checking existence of `Any (First Match)`
    t =   105.93s Get all elements bound by index for: Elements matching predicate 'label == "6"'
    t =   105.94s Find the Any (Element at index 0)
    t =   105.95s Tap "6" Button
    t =   105.95s     Wait for com.parlor.app.debug to idle
    t =   105.95s     Find the "6" Button
    t =   105.96s     Check for interrupting elements affecting "6" Button
    t =   105.97s     Synthesize event
    t =   106.26s     Wait for com.parlor.app.debug to idle
    t =   106.26s Waiting 10.0s for "dsc01-player-1" Any to exist
    t =   107.28s     Checking `Expect predicate `existsNoRetry == 1` for object "dsc01-player-1" Any`
    t =   107.28s         Checking existence of `"dsc01-player-1" Any`
    t =   107.32s Get number of matches for: Elements matching predicate '"dsc01-player-1" IN identifiers'
    t =   108.37s Checking existence of `"dsc01-player-1" Any`
    t =   108.40s Find the "dsc01-player-1" Any
    t =   108.43s Tap "dsc01-player-1" TextView
    t =   108.43s     Wait for com.parlor.app.debug to idle
    t =   108.43s     Find the "dsc01-player-1" TextView
    t =   108.45s     Check for interrupting elements affecting "dsc01-player-1" TextView
    t =   108.47s     Synthesize event
    t =   108.76s     Wait for com.parlor.app.debug to idle
    t =   108.96s Type 'Audit Player 1' into "dsc01-player-1" TextView
    t =   108.96s     Wait for com.parlor.app.debug to idle
    t =   109.43s     Find the "dsc01-player-1" TextView
    t =   109.52s     Check for interrupting elements affecting "dsc01-player-1" TextView
    t =   109.55s     Synthesize event
    t =   109.98s     Wait for com.parlor.app.debug to idle
    t =   111.02s Find the "dsc01-player-1" TextView
    t =   111.13s Type '
' into "dsc01-player-1" TextView
    t =   111.13s     Wait for com.parlor.app.debug to idle
    t =   111.13s     Find the "dsc01-player-1" TextView
    t =   111.20s     Check for interrupting elements affecting "dsc01-player-1" TextView
    t =   111.23s     Synthesize event
    t =   111.44s     Wait for com.parlor.app.debug to idle
    t =   111.44s Waiting 10.0s for "dsc01-player-2" Any to exist
    t =   112.50s     Checking `Expect predicate `existsNoRetry == 1` for object "dsc01-player-2" Any`
    t =   112.50s         Checking existence of `"dsc01-player-2" Any`
    t =   112.58s Get number of matches for: Elements matching predicate '"dsc01-player-2" IN identifiers'
    t =   113.66s Checking existence of `"dsc01-player-2" Any`
    t =   113.76s Find the "dsc01-player-2" Any
    t =   113.83s Type 'Audit Player 2' into "dsc01-player-2" TextView
    t =   113.83s     Wait for com.parlor.app.debug to idle
    t =   113.83s     Find the "dsc01-player-2" TextView
    t =   113.90s     Check for interrupting elements affecting "dsc01-player-2" TextView
    t =   113.92s     Synthesize event
    t =   114.36s     Wait for com.parlor.app.debug to idle
    t =   115.40s Find the "dsc01-player-2" TextView
    t =   115.50s Type '
' into "dsc01-player-2" TextView
    t =   115.50s     Wait for com.parlor.app.debug to idle
    t =   115.50s     Find the "dsc01-player-2" TextView
    t =   115.56s     Check for interrupting elements affecting "dsc01-player-2" TextView
    t =   115.59s     Synthesize event
    t =   115.80s     Wait for com.parlor.app.debug to idle
    t =   115.81s Waiting 10.0s for "dsc01-player-3" Any to exist
    t =   116.85s     Checking `Expect predicate `existsNoRetry == 1` for object "dsc01-player-3" Any`
    t =   116.85s         Checking existence of `"dsc01-player-3" Any`
    t =   116.93s Get number of matches for: Elements matching predicate '"dsc01-player-3" IN identifiers'
    t =   117.98s Checking existence of `"dsc01-player-3" Any`
    t =   118.08s Find the "dsc01-player-3" Any
    t =   118.16s Type 'Audit Player 3' into "dsc01-player-3" TextView
    t =   118.16s     Wait for com.parlor.app.debug to idle
    t =   118.16s     Find the "dsc01-player-3" TextView
    t =   118.23s     Check for interrupting elements affecting "dsc01-player-3" TextView
    t =   118.26s     Synthesize event
    t =   118.69s     Wait for com.parlor.app.debug to idle
    t =   119.73s Find the "dsc01-player-3" TextView
    t =   119.80s Type '
' into "dsc01-player-3" TextView
    t =   119.80s     Wait for com.parlor.app.debug to idle
    t =   119.80s     Find the "dsc01-player-3" TextView
    t =   119.87s     Check for interrupting elements affecting "dsc01-player-3" TextView
    t =   119.89s     Synthesize event
    t =   120.10s     Wait for com.parlor.app.debug to idle
    t =   120.10s Waiting 10.0s for "dsc01-player-4" Any to exist
    t =   121.12s     Checking `Expect predicate `existsNoRetry == 1` for object "dsc01-player-4" Any`
    t =   121.12s         Checking existence of `"dsc01-player-4" Any`
    t =   121.20s Get number of matches for: Elements matching predicate '"dsc01-player-4" IN identifiers'
    t =   122.26s Checking existence of `"dsc01-player-4" Any`
    t =   122.34s Find the "dsc01-player-4" Any
    t =   122.41s Type 'Audit Player 4' into "dsc01-player-4" TextView
    t =   122.41s     Wait for com.parlor.app.debug to idle
    t =   122.42s     Find the "dsc01-player-4" TextView
    t =   122.48s     Check for interrupting elements affecting "dsc01-player-4" TextView
    t =   122.51s     Synthesize event
    t =   122.94s     Wait for com.parlor.app.debug to idle
    t =   123.97s Find the "dsc01-player-4" TextView
    t =   124.07s Type '
' into "dsc01-player-4" TextView
    t =   124.07s     Wait for com.parlor.app.debug to idle
    t =   124.07s     Find the "dsc01-player-4" TextView
    t =   124.14s     Check for interrupting elements affecting "dsc01-player-4" TextView
    t =   124.16s     Synthesize event
    t =   124.37s     Wait for com.parlor.app.debug to idle
    t =   124.37s Waiting 10.0s for "dsc01-player-5" Any to exist
    t =   125.40s     Checking `Expect predicate `existsNoRetry == 1` for object "dsc01-player-5" Any`
    t =   125.40s         Checking existence of `"dsc01-player-5" Any`
    t =   125.49s Get number of matches for: Elements matching predicate '"dsc01-player-5" IN identifiers'
    t =   126.55s Checking existence of `"dsc01-player-5" Any`
    t =   126.66s Find the "dsc01-player-5" Any
    t =   126.74s Type 'Audit Player 5' into "dsc01-player-5" TextView
    t =   126.74s     Wait for com.parlor.app.debug to idle
    t =   126.75s     Find the "dsc01-player-5" TextView
    t =   126.81s     Check for interrupting elements affecting "dsc01-player-5" TextView
    t =   126.84s     Synthesize event
    t =   127.27s     Wait for com.parlor.app.debug to idle
    t =   128.30s Find the "dsc01-player-5" TextView
    t =   128.39s Type '
' into "dsc01-player-5" TextView
    t =   128.39s     Wait for com.parlor.app.debug to idle
    t =   128.39s     Find the "dsc01-player-5" TextView
    t =   128.46s     Check for interrupting elements affecting "dsc01-player-5" TextView
    t =   128.49s     Synthesize event
    t =   128.70s     Wait for com.parlor.app.debug to idle
    t =   128.70s Waiting 10.0s for "dsc01-player-6" Any to exist
    t =   129.73s     Checking `Expect predicate `existsNoRetry == 1` for object "dsc01-player-6" Any`
    t =   129.73s         Checking existence of `"dsc01-player-6" Any`
    t =   129.80s Get number of matches for: Elements matching predicate '"dsc01-player-6" IN identifiers'
    t =   130.85s Checking existence of `"dsc01-player-6" Any`
    t =   130.95s Find the "dsc01-player-6" Any
    t =   131.03s Type 'Audit Player 6' into "dsc01-player-6" TextView
    t =   131.03s     Wait for com.parlor.app.debug to idle
    t =   131.03s     Find the "dsc01-player-6" TextView
    t =   131.09s     Check for interrupting elements affecting "dsc01-player-6" TextView
    t =   131.12s     Synthesize event
    t =   131.55s     Wait for com.parlor.app.debug to idle
    t =   132.58s Find the "dsc01-player-6" TextView
    t =   132.67s Type '
' into "dsc01-player-6" TextView
    t =   132.67s     Wait for com.parlor.app.debug to idle
    t =   132.67s     Find the "dsc01-player-6" TextView
    t =   132.73s     Check for interrupting elements affecting "dsc01-player-6" TextView
    t =   132.76s     Synthesize event
    t =   132.97s     Wait for com.parlor.app.debug to idle
    t =   134.24s Checking existence of `Keyboard (First Match)`
    t =   134.27s Waiting 15.0s for Any (First Match) to exist
    t =   135.28s     Checking `Expect predicate `existsNoRetry == 1` for object Any (First Match)`
    t =   135.28s         Checking existence of `Any (First Match)`
    t =   135.32s Get number of matches for: Elements matching predicate 'label BEGINSWITH "Confirm player names and continue to the case intro."'
    t =   135.33s Get all elements bound by index for: Elements matching predicate 'label BEGINSWITH "Confirm player names and continue to the case intro."'
    t =   135.35s Find the Any (Element at index 0)
    t =   135.36s Tap "Confirm player names and continue to the case intro., Begin" Button
    t =   135.36s     Wait for com.parlor.app.debug to idle
    t =   135.36s     Find the "Confirm player names and continue to the case intro., Begin" Button
    t =   135.38s     Check for interrupting elements affecting "Confirm player names and continue to the case intro., Begin" Button
    t =   135.39s     Synthesize event
    t =   135.67s     Wait for com.parlor.app.debug to idle
    t =   135.67s Waiting 10.0s for "parlor-dsc01-state" StaticText to exist
    t =   136.68s     Checking `Expect predicate `existsNoRetry == 1` for object "parlor-dsc01-state" StaticText`
    t =   136.68s         Checking existence of `"parlor-dsc01-state" StaticText`
    t =   136.71s Find the "parlor-dsc01-state" StaticText
    t =   136.73s Tap "parlor-dsc01-observe" Button
    t =   136.73s     Wait for com.parlor.app.debug to idle
    t =   136.73s     Find the "parlor-dsc01-observe" Button
    t =   136.74s     Check for interrupting elements affecting "parlor-dsc01-observe" Button
    t =   136.76s     Synthesize event
    t =   137.04s     Wait for com.parlor.app.debug to idle
    t =   138.07s Find the "parlor-dsc01-state" StaticText
    t =   138.09s Find the "parlor-dsc01-state" StaticText
    t =   138.10s Tap "parlor-dsc01-capture" Button
    t =   138.10s     Wait for com.parlor.app.debug to idle
    t =   138.11s     Find the "parlor-dsc01-capture" Button
    t =   138.12s     Check for interrupting elements affecting "parlor-dsc01-capture" Button
    t =   138.13s     Synthesize event
    t =   138.42s     Wait for com.parlor.app.debug to idle
    t =   138.42s Waiting 10.0s for "parlor-dsc01-state" StaticText to exist
    t =   139.45s     Checking `Expect predicate `existsNoRetry == 1` for object "parlor-dsc01-state" StaticText`
    t =   139.45s         Checking existence of `"parlor-dsc01-state" StaticText`
    t =   139.48s Find the "parlor-dsc01-state" StaticText
    t =   139.49s Tap "parlor-dsc01-observe" Button
    t =   139.49s     Wait for com.parlor.app.debug to idle
    t =   139.50s     Find the "parlor-dsc01-observe" Button
    t =   139.51s     Check for interrupting elements affecting "parlor-dsc01-observe" Button
    t =   139.52s     Synthesize event
    t =   139.80s     Wait for com.parlor.app.debug to idle
    t =   140.84s Find the "parlor-dsc01-state" StaticText
    t =   140.86s Find the "parlor-dsc01-state" StaticText
    t =   140.87s Waiting 10.0s for "parlor-dsc01-state" StaticText to exist
    t =   141.88s     Checking `Expect predicate `existsNoRetry == 1` for object "parlor-dsc01-state" StaticText`
    t =   141.88s         Checking existence of `"parlor-dsc01-state" StaticText`
    t =   141.90s Find the "parlor-dsc01-state" StaticText
    t =   141.92s Tap "parlor-dsc01-observe" Button
    t =   141.92s     Wait for com.parlor.app.debug to idle
    t =   141.92s     Find the "parlor-dsc01-observe" Button
    t =   141.93s     Check for interrupting elements affecting "parlor-dsc01-observe" Button
    t =   141.95s     Synthesize event
    t =   142.23s     Wait for com.parlor.app.debug to idle
    t =   143.25s Find the "parlor-dsc01-state" StaticText
    t =   143.28s Find the "parlor-dsc01-state" StaticText
    t =   143.30s Tap "parlor-dsc01-synthetic-ar" Button
    t =   143.30s     Wait for com.parlor.app.debug to idle
    t =   143.30s     Find the "parlor-dsc01-synthetic-ar" Button
    t =   143.31s     Check for interrupting elements affecting "parlor-dsc01-synthetic-ar" Button
    t =   143.32s     Synthesize event
    t =   143.61s     Wait for com.parlor.app.debug to idle
    t =   143.61s Waiting 10.0s for "parlor-dsc01-state" StaticText to exist
    t =   144.64s     Checking `Expect predicate `existsNoRetry == 1` for object "parlor-dsc01-state" StaticText`
    t =   144.64s         Checking existence of `"parlor-dsc01-state" StaticText`
    t =   144.66s Find the "parlor-dsc01-state" StaticText
    t =   144.67s Tap "parlor-dsc01-observe" Button
    t =   144.67s     Wait for com.parlor.app.debug to idle
    t =   144.67s     Find the "parlor-dsc01-observe" Button
    t =   144.68s     Check for interrupting elements affecting "parlor-dsc01-observe" Button
    t =   144.70s     Synthesize event
    t =   144.98s     Wait for com.parlor.app.debug to idle
    t =   146.00s Find the "parlor-dsc01-state" StaticText
    t =   146.03s Find the "parlor-dsc01-state" StaticText
    t =   146.04s Waiting 10.0s for "parlor-dsc01-state" StaticText to exist
    t =   147.07s     Checking `Expect predicate `existsNoRetry == 1` for object "parlor-dsc01-state" StaticText`
    t =   147.07s         Checking existence of `"parlor-dsc01-state" StaticText`
    t =   147.09s Find the "parlor-dsc01-state" StaticText
    t =   147.11s Tap "parlor-dsc01-observe" Button
    t =   147.11s     Wait for com.parlor.app.debug to idle
    t =   147.11s     Find the "parlor-dsc01-observe" Button
    t =   147.12s     Check for interrupting elements affecting "parlor-dsc01-observe" Button
    t =   147.13s     Synthesize event
    t =   147.42s     Wait for com.parlor.app.debug to idle
    t =   148.44s Find the "parlor-dsc01-state" StaticText
    t =   148.45s Find the "parlor-dsc01-state" StaticText
    t =   148.46s Pressing Home button
    t =   148.92s Wait for com.parlor.app.debug to become Running Background
    t =   149.46s Open com.parlor.app.debug
    t =   149.46s     Activate com.parlor.app.debug
    t =   149.48s         Wait for com.parlor.app.debug to idle
    t =   149.50s Wait for com.parlor.app.debug to become Running Foreground
    t =   149.50s Waiting 10.0s for "parlor-dsc01-state" StaticText to exist
    t =   150.52s     Checking `Expect predicate `existsNoRetry == 1` for object "parlor-dsc01-state" StaticText`
    t =   150.52s         Checking existence of `"parlor-dsc01-state" StaticText`
    t =   150.54s Find the "parlor-dsc01-state" StaticText
    t =   150.56s Tap "parlor-dsc01-observe" Button
    t =   150.56s     Wait for com.parlor.app.debug to idle
    t =   150.56s     Find the "parlor-dsc01-observe" Button
    t =   150.57s     Check for interrupting elements affecting "parlor-dsc01-observe" Button
    t =   150.58s     Synthesize event
    t =   150.87s     Wait for com.parlor.app.debug to idle
    t =   151.92s Find the "parlor-dsc01-state" StaticText
    t =   151.94s Find the "parlor-dsc01-state" StaticText
    t =   151.95s Waiting 10.0s for "parlor-dsc01-state" StaticText to exist
    t =   152.97s     Checking `Expect predicate `existsNoRetry == 1` for object "parlor-dsc01-state" StaticText`
    t =   152.97s         Checking existence of `"parlor-dsc01-state" StaticText`
    t =   152.99s Find the "parlor-dsc01-state" StaticText
    t =   153.01s Tap "parlor-dsc01-observe" Button
    t =   153.01s     Wait for com.parlor.app.debug to idle
    t =   153.01s     Find the "parlor-dsc01-observe" Button
    t =   153.02s     Check for interrupting elements affecting "parlor-dsc01-observe" Button
    t =   153.03s     Synthesize event
    t =   153.32s     Wait for com.parlor.app.debug to idle
    t =   154.37s Find the "parlor-dsc01-state" StaticText
    t =   154.40s Find the "parlor-dsc01-state" StaticText
    t =   154.41s Tap "parlor-dsc01-synthetic-en" Button
    t =   154.41s     Wait for com.parlor.app.debug to idle
    t =   154.41s     Find the "parlor-dsc01-synthetic-en" Button
    t =   154.42s     Check for interrupting elements affecting "parlor-dsc01-synthetic-en" Button
    t =   154.43s     Synthesize event
    t =   154.72s     Wait for com.parlor.app.debug to idle
    t =   154.72s Waiting 10.0s for "parlor-dsc01-state" StaticText to exist
    t =   155.77s     Checking `Expect predicate `existsNoRetry == 1` for object "parlor-dsc01-state" StaticText`
    t =   155.77s         Checking existence of `"parlor-dsc01-state" StaticText`
    t =   155.79s Find the "parlor-dsc01-state" StaticText
    t =   155.80s Tap "parlor-dsc01-observe" Button
    t =   155.80s     Wait for com.parlor.app.debug to idle
    t =   155.80s     Find the "parlor-dsc01-observe" Button
    t =   155.82s     Check for interrupting elements affecting "parlor-dsc01-observe" Button
    t =   155.83s     Synthesize event
    t =   156.12s     Wait for com.parlor.app.debug to idle
    t =   157.14s Find the "parlor-dsc01-state" StaticText
    t =   157.16s Find the "parlor-dsc01-state" StaticText
    t =   157.18s Waiting 10.0s for "parlor-dsc01-state" StaticText to exist
    t =   158.22s     Checking `Expect predicate `existsNoRetry == 1` for object "parlor-dsc01-state" StaticText`
    t =   158.22s         Checking existence of `"parlor-dsc01-state" StaticText`
    t =   158.22s Find the "parlor-dsc01-state" StaticText
    t =   158.23s Tap "parlor-dsc01-observe" Button
    t =   158.23s     Wait for com.parlor.app.debug to idle
    t =   158.23s     Find the "parlor-dsc01-observe" Button
    t =   158.24s     Check for interrupting elements affecting "parlor-dsc01-observe" Button
    t =   158.25s     Synthesize event
    t =   158.54s     Wait for com.parlor.app.debug to idle
    t =   159.58s Find the "parlor-dsc01-state" StaticText
    t =   159.60s Find the "parlor-dsc01-state" StaticText
    t =   159.61s Pressing Home button
    t =   160.07s Wait for com.parlor.app.debug to become Running Background
    t =   160.62s Open com.parlor.app.debug
    t =   160.62s     Activate com.parlor.app.debug
    t =   160.64s         Wait for com.parlor.app.debug to idle
    t =   160.65s Wait for com.parlor.app.debug to become Running Foreground
    t =   160.65s Waiting 10.0s for "parlor-dsc01-state" StaticText to exist
    t =   161.67s     Checking `Expect predicate `existsNoRetry == 1` for object "parlor-dsc01-state" StaticText`
    t =   161.67s         Checking existence of `"parlor-dsc01-state" StaticText`
    t =   161.69s Find the "parlor-dsc01-state" StaticText
    t =   161.70s Tap "parlor-dsc01-observe" Button
    t =   161.70s     Wait for com.parlor.app.debug to idle
    t =   161.70s     Find the "parlor-dsc01-observe" Button
    t =   161.72s     Check for interrupting elements affecting "parlor-dsc01-observe" Button
    t =   161.73s     Synthesize event
    t =   162.01s     Wait for com.parlor.app.debug to idle
    t =   163.04s Find the "parlor-dsc01-state" StaticText
    t =   163.07s Find the "parlor-dsc01-state" StaticText
/var/folders/6m/vxwlbjsn7vs6h80_98w6x7p40000gn/T/parlor-audit-dsc01-apphost-02-mxgx7n3y/copy/iosApp/iosAppUITests/IOSAppLaunchUITests.swift:213: error: -[iosAppUITests.IOSAppLaunchUITests testDSC01ActualSettingsLocalSessionsAndOSInvestigation] : XCTAssertEqual failed: ("Optional("force_rtl")") is not equal to ("Optional("force_ltr")")
    t =   163.13s Tear Down
Test Case '-[iosAppUITests.IOSAppLaunchUITests testDSC01ActualSettingsLocalSessionsAndOSInvestigation]' failed (163.510 seconds).
Test Suite 'IOSAppLaunchUITests' failed at 2026-09-06 12:31:02.595.
	 Executed 1 test, with 1 failure (0 unexpected) in 163.510 (163.511) seconds
Test Suite 'iosAppUITests.xctest' failed at 2026-09-06 12:31:02.596.
	 Executed 1 test, with 1 failure (0 unexpected) in 163.510 (163.511) seconds
Test Suite 'All tests' failed at 2026-09-06 12:31:02.596.
	 Executed 1 test, with 1 failure (0 unexpected) in 163.510 (163.512) seconds
2026-09-06 12:31:19.940 xcodebuild[43507:1947796] [MT] IDETestOperationsObserverDebug: 189.840 elapsed -- Testing started completed.
2026-09-06 12:31:19.941 xcodebuild[43507:1947796] [MT] IDETestOperationsObserverDebug: 0.000 sec, +0.000 sec -- start
2026-09-06 12:31:19.941 xcodebuild[43507:1947796] [MT] IDETestOperationsObserverDebug: 189.840 sec, +189.840 sec -- end

Test session results, code coverage, and logs:
	/var/folders/6m/vxwlbjsn7vs6h80_98w6x7p40000gn/T/parlor-audit-dsc01-apphost-02-mxgx7n3y/Results.xcresult

Failing tests:
	IOSAppLaunchUITests.testDSC01ActualSettingsLocalSessionsAndOSInvestigation()

** TEST FAILED **

Testing started
