Command line invocation:
    /Applications/Xcode_26.3.app/Contents/Developer/usr/bin/xcodebuild -project /private/var/folders/bl/vzjcvbz95c3dk19cb0fw46180000gn/T/parlor-audit-ios-readiness-29-nn754kh4/copy/iosApp/iosApp.xcodeproj -scheme iosApp -configuration Debug -sdk iphonesimulator26.2 -destination id=D2EABE0F-F3C7-4D8A-AD23-4AD501ADB44B -derivedDataPath /private/var/folders/bl/vzjcvbz95c3dk19cb0fw46180000gn/T/parlor-audit-ios-readiness-29-nn754kh4/DerivedData -resultBundlePath /private/var/folders/bl/vzjcvbz95c3dk19cb0fw46180000gn/T/parlor-audit-ios-readiness-29-nn754kh4/Results.xcresult -parallel-testing-enabled NO -maximum-concurrent-test-simulator-destinations 1 -disable-concurrent-destination-testing -jobs 1 -test-timeouts-enabled YES -default-test-execution-time-allowance 3000 -maximum-test-execution-time-allowance 3300 CODE_SIGNING_ALLOWED=YES CODE_SIGNING_REQUIRED=YES CODE_SIGN_IDENTITY=- CODE_SIGN_STYLE=Manual DEVELOPMENT_TEAM= PROVISIONING_PROFILE= PROVISIONING_PROFILE_SPECIFIER= CODE_SIGN_ENTITLEMENTS= OTHER_CODE_SIGN_FLAGS= ONLY_ACTIVE_ARCH=YES COMPILER_INDEX_STORE_ENABLE=NO test

Build settings from command line:
    CODE_SIGN_ENTITLEMENTS = 
    CODE_SIGN_IDENTITY = -
    CODE_SIGN_STYLE = Manual
    CODE_SIGNING_ALLOWED = YES
    CODE_SIGNING_REQUIRED = YES
    COMPILER_INDEX_STORE_ENABLE = NO
    DEVELOPMENT_TEAM = 
    ONLY_ACTIVE_ARCH = YES
    OTHER_CODE_SIGN_FLAGS = 
    PROVISIONING_PROFILE = 
    PROVISIONING_PROFILE_SPECIFIER = 
    SDKROOT = iphonesimulator26.2

Writing result bundle at path:
	/private/var/folders/bl/vzjcvbz95c3dk19cb0fw46180000gn/T/parlor-audit-ios-readiness-29-nn754kh4/Results.xcresult

--- xcodebuild: WARNING: Using the first of multiple matching destinations:
{ platform:iOS Simulator, arch:arm64, id:D2EABE0F-F3C7-4D8A-AD23-4AD501ADB44B, OS:26.2, name:Parlor-Audit-parlor-audit-ios-readiness-29-nn754kh4 }
{ platform:iOS Simulator, arch:x86_64, id:D2EABE0F-F3C7-4D8A-AD23-4AD501ADB44B, OS:26.2, name:Parlor-Audit-parlor-audit-ios-readiness-29-nn754kh4 }
Build Preparation
Build task concurrency set to 1 via user default IDEBuildOperationMaxNumberOfConcurrentCompileTasks

note: Using codesigning identity override: -
ComputePackagePrebuildTargetDependencyGraph

Prepare packages

CreateBuildRequest

SendProjectDescription

CreateBuildOperation

ComputeTargetDependencyGraph
note: Building targets in dependency order
note: Target dependency graph (2 targets)
    Target 'iosAppUITests' in project 'iosApp'
        ➜ Explicit dependency on target 'iosApp' in project 'iosApp'
    Target 'iosApp' in project 'iosApp' (no dependencies)

GatherProvisioningInputs

CreateBuildDescription

ExecuteExternalTool /Applications/Xcode_26.3.app/Contents/Developer/Toolchains/XcodeDefault.xctoolchain/usr/bin/clang -v -E -dM -isysroot /Applications/Xcode_26.3.app/Contents/Developer/Platforms/iPhoneSimulator.platform/Developer/SDKs/iPhoneSimulator26.2.sdk -x c -c /dev/null

ExecuteExternalTool /Applications/Xcode_26.3.app/Contents/Developer/Toolchains/XcodeDefault.xctoolchain/usr/bin/clang -v -E -dM -arch arm64 -isysroot /Applications/Xcode_26.3.app/Contents/Developer/Platforms/iPhoneSimulator.platform/Developer/SDKs/iPhoneSimulator26.2.sdk -x objective-c -c /dev/null

ExecuteExternalTool /Applications/Xcode_26.3.app/Contents/Developer/Toolchains/XcodeDefault.xctoolchain/usr/bin/swiftc --version

ExecuteExternalTool /Applications/Xcode_26.3.app/Contents/Developer/Toolchains/XcodeDefault.xctoolchain/usr/bin/clang -v -E -dM -arch arm64 -isysroot /Applications/Xcode_26.3.app/Contents/Developer/Platforms/iPhoneSimulator.platform/Developer/SDKs/iPhoneSimulator26.2.sdk -x c -c /dev/null

ExecuteExternalTool /Applications/Xcode_26.3.app/Contents/Developer/Toolchains/XcodeDefault.xctoolchain/usr/bin/ld -version_details

ExecuteExternalTool /Applications/Xcode_26.3.app/Contents/Developer/usr/bin/actool --print-asset-tag-combinations --output-format xml1 /var/folders/bl/vzjcvbz95c3dk19cb0fw46180000gn/T/parlor-audit-ios-readiness-29-nn754kh4/copy/iosApp/iosApp/Assets.xcassets

ExecuteExternalTool /Applications/Xcode_26.3.app/Contents/Developer/usr/bin/actool --version --output-format xml1

Build description signature: 6d14b059d9b45908e72c265973b03caf
Build description path: /var/folders/bl/vzjcvbz95c3dk19cb0fw46180000gn/T/parlor-audit-ios-readiness-29-nn754kh4/DerivedData/Build/Intermediates.noindex/XCBuildData/6d14b059d9b45908e72c265973b03caf.xcbuilddata
ClangStatCache /Applications/Xcode_26.3.app/Contents/Developer/Toolchains/XcodeDefault.xctoolchain/usr/bin/clang-stat-cache /Applications/Xcode_26.3.app/Contents/Developer/Platforms/iPhoneSimulator.platform/Developer/SDKs/iPhoneSimulator26.2.sdk /var/folders/bl/vzjcvbz95c3dk19cb0fw46180000gn/T/parlor-audit-ios-readiness-29-nn754kh4/DerivedData/SDKStatCaches.noindex/iphonesimulator26.2-23C57-dc75598d0054f22ec865fa860f139d72e244bd9a5feaf902f95f61bf06266e52.sdkstatcache
    cd /var/folders/bl/vzjcvbz95c3dk19cb0fw46180000gn/T/parlor-audit-ios-readiness-29-nn754kh4/copy/iosApp/iosApp.xcodeproj
    /Applications/Xcode_26.3.app/Contents/Developer/Toolchains/XcodeDefault.xctoolchain/usr/bin/clang-stat-cache /Applications/Xcode_26.3.app/Contents/Developer/Platforms/iPhoneSimulator.platform/Developer/SDKs/iPhoneSimulator26.2.sdk -o /var/folders/bl/vzjcvbz95c3dk19cb0fw46180000gn/T/parlor-audit-ios-readiness-29-nn754kh4/DerivedData/SDKStatCaches.noindex/iphonesimulator26.2-23C57-dc75598d0054f22ec865fa860f139d72e244bd9a5feaf902f95f61bf06266e52.sdkstatcache

CreateBuildDirectory /var/folders/bl/vzjcvbz95c3dk19cb0fw46180000gn/T/parlor-audit-ios-readiness-29-nn754kh4/DerivedData/Build/Products
    cd /var/folders/bl/vzjcvbz95c3dk19cb0fw46180000gn/T/parlor-audit-ios-readiness-29-nn754kh4/copy/iosApp/iosApp.xcodeproj
    builtin-create-build-directory /var/folders/bl/vzjcvbz95c3dk19cb0fw46180000gn/T/parlor-audit-ios-readiness-29-nn754kh4/DerivedData/Build/Products

CreateBuildDirectory /var/folders/bl/vzjcvbz95c3dk19cb0fw46180000gn/T/parlor-audit-ios-readiness-29-nn754kh4/DerivedData/Build/Intermediates.noindex
    cd /var/folders/bl/vzjcvbz95c3dk19cb0fw46180000gn/T/parlor-audit-ios-readiness-29-nn754kh4/copy/iosApp/iosApp.xcodeproj
    builtin-create-build-directory /var/folders/bl/vzjcvbz95c3dk19cb0fw46180000gn/T/parlor-audit-ios-readiness-29-nn754kh4/DerivedData/Build/Intermediates.noindex

CreateBuildDirectory /var/folders/bl/vzjcvbz95c3dk19cb0fw46180000gn/T/parlor-audit-ios-readiness-29-nn754kh4/DerivedData/Build/Products/Debug-iphonesimulator
    cd /var/folders/bl/vzjcvbz95c3dk19cb0fw46180000gn/T/parlor-audit-ios-readiness-29-nn754kh4/copy/iosApp/iosApp.xcodeproj
    builtin-create-build-directory /var/folders/bl/vzjcvbz95c3dk19cb0fw46180000gn/T/parlor-audit-ios-readiness-29-nn754kh4/DerivedData/Build/Products/Debug-iphonesimulator

WriteAuxiliaryFile /var/folders/bl/vzjcvbz95c3dk19cb0fw46180000gn/T/parlor-audit-ios-readiness-29-nn754kh4/DerivedData/Build/Intermediates.noindex/iosApp.build/Debug-iphonesimulator/iosApp-7b79493a8b7fc1f2fff3c51cd12ba024-VFS-iphonesimulator/all-product-headers.yaml
    cd /var/folders/bl/vzjcvbz95c3dk19cb0fw46180000gn/T/parlor-audit-ios-readiness-29-nn754kh4/copy/iosApp/iosApp.xcodeproj
    write-file /var/folders/bl/vzjcvbz95c3dk19cb0fw46180000gn/T/parlor-audit-ios-readiness-29-nn754kh4/DerivedData/Build/Intermediates.noindex/iosApp.build/Debug-iphonesimulator/iosApp-7b79493a8b7fc1f2fff3c51cd12ba024-VFS-iphonesimulator/all-product-headers.yaml

CreateBuildDirectory /var/folders/bl/vzjcvbz95c3dk19cb0fw46180000gn/T/parlor-audit-ios-readiness-29-nn754kh4/DerivedData/Build/Intermediates.noindex/SwiftExplicitPrecompiledModules
    cd /var/folders/bl/vzjcvbz95c3dk19cb0fw46180000gn/T/parlor-audit-ios-readiness-29-nn754kh4/copy/iosApp/iosApp.xcodeproj
    builtin-create-build-directory /var/folders/bl/vzjcvbz95c3dk19cb0fw46180000gn/T/parlor-audit-ios-readiness-29-nn754kh4/DerivedData/Build/Intermediates.noindex/SwiftExplicitPrecompiledModules

CreateBuildDirectory /var/folders/bl/vzjcvbz95c3dk19cb0fw46180000gn/T/parlor-audit-ios-readiness-29-nn754kh4/DerivedData/Build/Intermediates.noindex/ExplicitPrecompiledModules
    cd /var/folders/bl/vzjcvbz95c3dk19cb0fw46180000gn/T/parlor-audit-ios-readiness-29-nn754kh4/copy/iosApp/iosApp.xcodeproj
    builtin-create-build-directory /var/folders/bl/vzjcvbz95c3dk19cb0fw46180000gn/T/parlor-audit-ios-readiness-29-nn754kh4/DerivedData/Build/Intermediates.noindex/ExplicitPrecompiledModules

CreateBuildDirectory /var/folders/bl/vzjcvbz95c3dk19cb0fw46180000gn/T/parlor-audit-ios-readiness-29-nn754kh4/DerivedData/Build/Intermediates.noindex/EagerLinkingTBDs/Debug-iphonesimulator
    cd /var/folders/bl/vzjcvbz95c3dk19cb0fw46180000gn/T/parlor-audit-ios-readiness-29-nn754kh4/copy/iosApp/iosApp.xcodeproj
    builtin-create-build-directory /var/folders/bl/vzjcvbz95c3dk19cb0fw46180000gn/T/parlor-audit-ios-readiness-29-nn754kh4/DerivedData/Build/Intermediates.noindex/EagerLinkingTBDs/Debug-iphonesimulator

WriteAuxiliaryFile /var/folders/bl/vzjcvbz95c3dk19cb0fw46180000gn/T/parlor-audit-ios-readiness-29-nn754kh4/DerivedData/Build/Intermediates.noindex/iosApp.build/Debug-iphonesimulator/iosAppUITests.build/iosAppUITests.hmap (in target 'iosAppUITests' from project 'iosApp')
    cd /var/folders/bl/vzjcvbz95c3dk19cb0fw46180000gn/T/parlor-audit-ios-readiness-29-nn754kh4/copy/iosApp
    write-file /var/folders/bl/vzjcvbz95c3dk19cb0fw46180000gn/T/parlor-audit-ios-readiness-29-nn754kh4/DerivedData/Build/Intermediates.noindex/iosApp.build/Debug-iphonesimulator/iosAppUITests.build/iosAppUITests.hmap

WriteAuxiliaryFile /var/folders/bl/vzjcvbz95c3dk19cb0fw46180000gn/T/parlor-audit-ios-readiness-29-nn754kh4/DerivedData/Build/Intermediates.noindex/iosApp.build/Debug-iphonesimulator/iosAppUITests.build/iosAppUITests.DependencyStaticMetadataFileList (in target 'iosAppUITests' from project 'iosApp')
    cd /var/folders/bl/vzjcvbz95c3dk19cb0fw46180000gn/T/parlor-audit-ios-readiness-29-nn754kh4/copy/iosApp
    write-file /var/folders/bl/vzjcvbz95c3dk19cb0fw46180000gn/T/parlor-audit-ios-readiness-29-nn754kh4/DerivedData/Build/Intermediates.noindex/iosApp.build/Debug-iphonesimulator/iosAppUITests.build/iosAppUITests.DependencyStaticMetadataFileList

WriteAuxiliaryFile /var/folders/bl/vzjcvbz95c3dk19cb0fw46180000gn/T/parlor-audit-ios-readiness-29-nn754kh4/DerivedData/Build/Intermediates.noindex/iosApp.build/Debug-iphonesimulator/iosAppUITests.build/iosAppUITests.DependencyMetadataFileList (in target 'iosAppUITests' from project 'iosApp')
    cd /var/folders/bl/vzjcvbz95c3dk19cb0fw46180000gn/T/parlor-audit-ios-readiness-29-nn754kh4/copy/iosApp
    write-file /var/folders/bl/vzjcvbz95c3dk19cb0fw46180000gn/T/parlor-audit-ios-readiness-29-nn754kh4/DerivedData/Build/Intermediates.noindex/iosApp.build/Debug-iphonesimulator/iosAppUITests.build/iosAppUITests.DependencyMetadataFileList

WriteAuxiliaryFile /var/folders/bl/vzjcvbz95c3dk19cb0fw46180000gn/T/parlor-audit-ios-readiness-29-nn754kh4/DerivedData/Build/Intermediates.noindex/iosApp.build/Debug-iphonesimulator/iosAppUITests.build/iosAppUITests-project-headers.hmap (in target 'iosAppUITests' from project 'iosApp')
    cd /var/folders/bl/vzjcvbz95c3dk19cb0fw46180000gn/T/parlor-audit-ios-readiness-29-nn754kh4/copy/iosApp
    write-file /var/folders/bl/vzjcvbz95c3dk19cb0fw46180000gn/T/parlor-audit-ios-readiness-29-nn754kh4/DerivedData/Build/Intermediates.noindex/iosApp.build/Debug-iphonesimulator/iosAppUITests.build/iosAppUITests-project-headers.hmap

WriteAuxiliaryFile /var/folders/bl/vzjcvbz95c3dk19cb0fw46180000gn/T/parlor-audit-ios-readiness-29-nn754kh4/DerivedData/Build/Intermediates.noindex/iosApp.build/Debug-iphonesimulator/iosAppUITests.build/iosAppUITests-own-target-headers.hmap (in target 'iosAppUITests' from project 'iosApp')
    cd /var/folders/bl/vzjcvbz95c3dk19cb0fw46180000gn/T/parlor-audit-ios-readiness-29-nn754kh4/copy/iosApp
    write-file /var/folders/bl/vzjcvbz95c3dk19cb0fw46180000gn/T/parlor-audit-ios-readiness-29-nn754kh4/DerivedData/Build/Intermediates.noindex/iosApp.build/Debug-iphonesimulator/iosAppUITests.build/iosAppUITests-own-target-headers.hmap

WriteAuxiliaryFile /var/folders/bl/vzjcvbz95c3dk19cb0fw46180000gn/T/parlor-audit-ios-readiness-29-nn754kh4/DerivedData/Build/Intermediates.noindex/iosApp.build/Debug-iphonesimulator/iosAppUITests.build/iosAppUITests-generated-files.hmap (in target 'iosAppUITests' from project 'iosApp')
    cd /var/folders/bl/vzjcvbz95c3dk19cb0fw46180000gn/T/parlor-audit-ios-readiness-29-nn754kh4/copy/iosApp
    write-file /var/folders/bl/vzjcvbz95c3dk19cb0fw46180000gn/T/parlor-audit-ios-readiness-29-nn754kh4/DerivedData/Build/Intermediates.noindex/iosApp.build/Debug-iphonesimulator/iosAppUITests.build/iosAppUITests-generated-files.hmap

WriteAuxiliaryFile /var/folders/bl/vzjcvbz95c3dk19cb0fw46180000gn/T/parlor-audit-ios-readiness-29-nn754kh4/DerivedData/Build/Intermediates.noindex/iosApp.build/Debug-iphonesimulator/iosAppUITests.build/iosAppUITests-all-target-headers.hmap (in target 'iosAppUITests' from project 'iosApp')
    cd /var/folders/bl/vzjcvbz95c3dk19cb0fw46180000gn/T/parlor-audit-ios-readiness-29-nn754kh4/copy/iosApp
    write-file /var/folders/bl/vzjcvbz95c3dk19cb0fw46180000gn/T/parlor-audit-ios-readiness-29-nn754kh4/DerivedData/Build/Intermediates.noindex/iosApp.build/Debug-iphonesimulator/iosAppUITests.build/iosAppUITests-all-target-headers.hmap

WriteAuxiliaryFile /var/folders/bl/vzjcvbz95c3dk19cb0fw46180000gn/T/parlor-audit-ios-readiness-29-nn754kh4/DerivedData/Build/Intermediates.noindex/iosApp.build/Debug-iphonesimulator/iosAppUITests.build/iosAppUITests-all-non-framework-target-headers.hmap (in target 'iosAppUITests' from project 'iosApp')
    cd /var/folders/bl/vzjcvbz95c3dk19cb0fw46180000gn/T/parlor-audit-ios-readiness-29-nn754kh4/copy/iosApp
    write-file /var/folders/bl/vzjcvbz95c3dk19cb0fw46180000gn/T/parlor-audit-ios-readiness-29-nn754kh4/DerivedData/Build/Intermediates.noindex/iosApp.build/Debug-iphonesimulator/iosAppUITests.build/iosAppUITests-all-non-framework-target-headers.hmap

WriteAuxiliaryFile /var/folders/bl/vzjcvbz95c3dk19cb0fw46180000gn/T/parlor-audit-ios-readiness-29-nn754kh4/DerivedData/Build/Intermediates.noindex/iosApp.build/Debug-iphonesimulator/iosAppUITests.build/empty-iosAppUITests.plist (in target 'iosAppUITests' from project 'iosApp')
    cd /var/folders/bl/vzjcvbz95c3dk19cb0fw46180000gn/T/parlor-audit-ios-readiness-29-nn754kh4/copy/iosApp
    write-file /var/folders/bl/vzjcvbz95c3dk19cb0fw46180000gn/T/parlor-audit-ios-readiness-29-nn754kh4/DerivedData/Build/Intermediates.noindex/iosApp.build/Debug-iphonesimulator/iosAppUITests.build/empty-iosAppUITests.plist

WriteAuxiliaryFile /var/folders/bl/vzjcvbz95c3dk19cb0fw46180000gn/T/parlor-audit-ios-readiness-29-nn754kh4/DerivedData/Build/Intermediates.noindex/iosApp.build/Debug-iphonesimulator/iosAppUITests.build/ProductTypeInfoPlistAdditions.plist (in target 'iosAppUITests' from project 'iosApp')
    cd /var/folders/bl/vzjcvbz95c3dk19cb0fw46180000gn/T/parlor-audit-ios-readiness-29-nn754kh4/copy/iosApp
    write-file /var/folders/bl/vzjcvbz95c3dk19cb0fw46180000gn/T/parlor-audit-ios-readiness-29-nn754kh4/DerivedData/Build/Intermediates.noindex/iosApp.build/Debug-iphonesimulator/iosAppUITests.build/ProductTypeInfoPlistAdditions.plist

WriteAuxiliaryFile /var/folders/bl/vzjcvbz95c3dk19cb0fw46180000gn/T/parlor-audit-ios-readiness-29-nn754kh4/DerivedData/Build/Intermediates.noindex/iosApp.build/Debug-iphonesimulator/iosAppUITests.build/Objects-normal/arm64/iosAppUITests_const_extract_protocols.json (in target 'iosAppUITests' from project 'iosApp')
    cd /var/folders/bl/vzjcvbz95c3dk19cb0fw46180000gn/T/parlor-audit-ios-readiness-29-nn754kh4/copy/iosApp
    write-file /var/folders/bl/vzjcvbz95c3dk19cb0fw46180000gn/T/parlor-audit-ios-readiness-29-nn754kh4/DerivedData/Build/Intermediates.noindex/iosApp.build/Debug-iphonesimulator/iosAppUITests.build/Objects-normal/arm64/iosAppUITests_const_extract_protocols.json

WriteAuxiliaryFile /var/folders/bl/vzjcvbz95c3dk19cb0fw46180000gn/T/parlor-audit-ios-readiness-29-nn754kh4/DerivedData/Build/Intermediates.noindex/iosApp.build/Debug-iphonesimulator/iosAppUITests.build/Objects-normal/arm64/iosAppUITests.SwiftFileList (in target 'iosAppUITests' from project 'iosApp')
    cd /var/folders/bl/vzjcvbz95c3dk19cb0fw46180000gn/T/parlor-audit-ios-readiness-29-nn754kh4/copy/iosApp
    write-file /var/folders/bl/vzjcvbz95c3dk19cb0fw46180000gn/T/parlor-audit-ios-readiness-29-nn754kh4/DerivedData/Build/Intermediates.noindex/iosApp.build/Debug-iphonesimulator/iosAppUITests.build/Objects-normal/arm64/iosAppUITests.SwiftFileList

WriteAuxiliaryFile /var/folders/bl/vzjcvbz95c3dk19cb0fw46180000gn/T/parlor-audit-ios-readiness-29-nn754kh4/DerivedData/Build/Intermediates.noindex/iosApp.build/Debug-iphonesimulator/iosAppUITests.build/Objects-normal/arm64/iosAppUITests.SwiftConstValuesFileList (in target 'iosAppUITests' from project 'iosApp')
    cd /var/folders/bl/vzjcvbz95c3dk19cb0fw46180000gn/T/parlor-audit-ios-readiness-29-nn754kh4/copy/iosApp
    write-file /var/folders/bl/vzjcvbz95c3dk19cb0fw46180000gn/T/parlor-audit-ios-readiness-29-nn754kh4/DerivedData/Build/Intermediates.noindex/iosApp.build/Debug-iphonesimulator/iosAppUITests.build/Objects-normal/arm64/iosAppUITests.SwiftConstValuesFileList

WriteAuxiliaryFile /var/folders/bl/vzjcvbz95c3dk19cb0fw46180000gn/T/parlor-audit-ios-readiness-29-nn754kh4/DerivedData/Build/Intermediates.noindex/iosApp.build/Debug-iphonesimulator/iosAppUITests.build/Objects-normal/arm64/iosAppUITests.LinkFileList (in target 'iosAppUITests' from project 'iosApp')
    cd /var/folders/bl/vzjcvbz95c3dk19cb0fw46180000gn/T/parlor-audit-ios-readiness-29-nn754kh4/copy/iosApp
    write-file /var/folders/bl/vzjcvbz95c3dk19cb0fw46180000gn/T/parlor-audit-ios-readiness-29-nn754kh4/DerivedData/Build/Intermediates.noindex/iosApp.build/Debug-iphonesimulator/iosAppUITests.build/Objects-normal/arm64/iosAppUITests.LinkFileList

WriteAuxiliaryFile /var/folders/bl/vzjcvbz95c3dk19cb0fw46180000gn/T/parlor-audit-ios-readiness-29-nn754kh4/DerivedData/Build/Intermediates.noindex/iosApp.build/Debug-iphonesimulator/iosAppUITests.build/Objects-normal/arm64/iosAppUITests-OutputFileMap.json (in target 'iosAppUITests' from project 'iosApp')
    cd /var/folders/bl/vzjcvbz95c3dk19cb0fw46180000gn/T/parlor-audit-ios-readiness-29-nn754kh4/copy/iosApp
    write-file /var/folders/bl/vzjcvbz95c3dk19cb0fw46180000gn/T/parlor-audit-ios-readiness-29-nn754kh4/DerivedData/Build/Intermediates.noindex/iosApp.build/Debug-iphonesimulator/iosAppUITests.build/Objects-normal/arm64/iosAppUITests-OutputFileMap.json

WriteAuxiliaryFile /var/folders/bl/vzjcvbz95c3dk19cb0fw46180000gn/T/parlor-audit-ios-readiness-29-nn754kh4/DerivedData/Build/Intermediates.noindex/iosApp.build/Debug-iphonesimulator/iosAppUITests.build/DerivedSources/Entitlements-Simulated.plist (in target 'iosAppUITests' from project 'iosApp')
    cd /var/folders/bl/vzjcvbz95c3dk19cb0fw46180000gn/T/parlor-audit-ios-readiness-29-nn754kh4/copy/iosApp
    write-file /var/folders/bl/vzjcvbz95c3dk19cb0fw46180000gn/T/parlor-audit-ios-readiness-29-nn754kh4/DerivedData/Build/Intermediates.noindex/iosApp.build/Debug-iphonesimulator/iosAppUITests.build/DerivedSources/Entitlements-Simulated.plist

note: Run script build phase 'Compile Kotlin Framework' will be run during every build because the option to run the script phase "Based on dependency analysis" is unchecked. (in target 'iosApp' from project 'iosApp')
WriteAuxiliaryFile /var/folders/bl/vzjcvbz95c3dk19cb0fw46180000gn/T/parlor-audit-ios-readiness-29-nn754kh4/DerivedData/Build/Intermediates.noindex/iosApp.build/Debug-iphonesimulator/iosApp.build/Script-F7AC9D762B0E10F7008B8A48.sh (in target 'iosApp' from project 'iosApp')
    cd /var/folders/bl/vzjcvbz95c3dk19cb0fw46180000gn/T/parlor-audit-ios-readiness-29-nn754kh4/copy/iosApp
    write-file /var/folders/bl/vzjcvbz95c3dk19cb0fw46180000gn/T/parlor-audit-ios-readiness-29-nn754kh4/DerivedData/Build/Intermediates.noindex/iosApp.build/Debug-iphonesimulator/iosApp.build/Script-F7AC9D762B0E10F7008B8A48.sh

WriteAuxiliaryFile /var/folders/bl/vzjcvbz95c3dk19cb0fw46180000gn/T/parlor-audit-ios-readiness-29-nn754kh4/DerivedData/Build/Intermediates.noindex/iosApp.build/Debug-iphonesimulator/iosApp.build/Parlor.hmap (in target 'iosApp' from project 'iosApp')
    cd /var/folders/bl/vzjcvbz95c3dk19cb0fw46180000gn/T/parlor-audit-ios-readiness-29-nn754kh4/copy/iosApp
    write-file /var/folders/bl/vzjcvbz95c3dk19cb0fw46180000gn/T/parlor-audit-ios-readiness-29-nn754kh4/DerivedData/Build/Intermediates.noindex/iosApp.build/Debug-iphonesimulator/iosApp.build/Parlor.hmap

WriteAuxiliaryFile /var/folders/bl/vzjcvbz95c3dk19cb0fw46180000gn/T/parlor-audit-ios-readiness-29-nn754kh4/DerivedData/Build/Intermediates.noindex/iosApp.build/Debug-iphonesimulator/iosApp.build/Parlor.DependencyStaticMetadataFileList (in target 'iosApp' from project 'iosApp')
    cd /var/folders/bl/vzjcvbz95c3dk19cb0fw46180000gn/T/parlor-audit-ios-readiness-29-nn754kh4/copy/iosApp
    write-file /var/folders/bl/vzjcvbz95c3dk19cb0fw46180000gn/T/parlor-audit-ios-readiness-29-nn754kh4/DerivedData/Build/Intermediates.noindex/iosApp.build/Debug-iphonesimulator/iosApp.build/Parlor.DependencyStaticMetadataFileList

WriteAuxiliaryFile /var/folders/bl/vzjcvbz95c3dk19cb0fw46180000gn/T/parlor-audit-ios-readiness-29-nn754kh4/DerivedData/Build/Intermediates.noindex/iosApp.build/Debug-iphonesimulator/iosApp.build/Parlor.DependencyMetadataFileList (in target 'iosApp' from project 'iosApp')
    cd /var/folders/bl/vzjcvbz95c3dk19cb0fw46180000gn/T/parlor-audit-ios-readiness-29-nn754kh4/copy/iosApp
    write-file /var/folders/bl/vzjcvbz95c3dk19cb0fw46180000gn/T/parlor-audit-ios-readiness-29-nn754kh4/DerivedData/Build/Intermediates.noindex/iosApp.build/Debug-iphonesimulator/iosApp.build/Parlor.DependencyMetadataFileList

WriteAuxiliaryFile /var/folders/bl/vzjcvbz95c3dk19cb0fw46180000gn/T/parlor-audit-ios-readiness-29-nn754kh4/DerivedData/Build/Intermediates.noindex/iosApp.build/Debug-iphonesimulator/iosApp.build/Parlor-project-headers.hmap (in target 'iosApp' from project 'iosApp')
    cd /var/folders/bl/vzjcvbz95c3dk19cb0fw46180000gn/T/parlor-audit-ios-readiness-29-nn754kh4/copy/iosApp
    write-file /var/folders/bl/vzjcvbz95c3dk19cb0fw46180000gn/T/parlor-audit-ios-readiness-29-nn754kh4/DerivedData/Build/Intermediates.noindex/iosApp.build/Debug-iphonesimulator/iosApp.build/Parlor-project-headers.hmap

WriteAuxiliaryFile /var/folders/bl/vzjcvbz95c3dk19cb0fw46180000gn/T/parlor-audit-ios-readiness-29-nn754kh4/DerivedData/Build/Intermediates.noindex/iosApp.build/Debug-iphonesimulator/iosApp.build/Parlor-own-target-headers.hmap (in target 'iosApp' from project 'iosApp')
    cd /var/folders/bl/vzjcvbz95c3dk19cb0fw46180000gn/T/parlor-audit-ios-readiness-29-nn754kh4/copy/iosApp
    write-file /var/folders/bl/vzjcvbz95c3dk19cb0fw46180000gn/T/parlor-audit-ios-readiness-29-nn754kh4/DerivedData/Build/Intermediates.noindex/iosApp.build/Debug-iphonesimulator/iosApp.build/Parlor-own-target-headers.hmap

WriteAuxiliaryFile /var/folders/bl/vzjcvbz95c3dk19cb0fw46180000gn/T/parlor-audit-ios-readiness-29-nn754kh4/DerivedData/Build/Intermediates.noindex/iosApp.build/Debug-iphonesimulator/iosApp.build/Parlor-generated-files.hmap (in target 'iosApp' from project 'iosApp')
    cd /var/folders/bl/vzjcvbz95c3dk19cb0fw46180000gn/T/parlor-audit-ios-readiness-29-nn754kh4/copy/iosApp
    write-file /var/folders/bl/vzjcvbz95c3dk19cb0fw46180000gn/T/parlor-audit-ios-readiness-29-nn754kh4/DerivedData/Build/Intermediates.noindex/iosApp.build/Debug-iphonesimulator/iosApp.build/Parlor-generated-files.hmap

WriteAuxiliaryFile /var/folders/bl/vzjcvbz95c3dk19cb0fw46180000gn/T/parlor-audit-ios-readiness-29-nn754kh4/DerivedData/Build/Intermediates.noindex/iosApp.build/Debug-iphonesimulator/iosApp.build/Parlor-all-target-headers.hmap (in target 'iosApp' from project 'iosApp')
    cd /var/folders/bl/vzjcvbz95c3dk19cb0fw46180000gn/T/parlor-audit-ios-readiness-29-nn754kh4/copy/iosApp
    write-file /var/folders/bl/vzjcvbz95c3dk19cb0fw46180000gn/T/parlor-audit-ios-readiness-29-nn754kh4/DerivedData/Build/Intermediates.noindex/iosApp.build/Debug-iphonesimulator/iosApp.build/Parlor-all-target-headers.hmap

WriteAuxiliaryFile /var/folders/bl/vzjcvbz95c3dk19cb0fw46180000gn/T/parlor-audit-ios-readiness-29-nn754kh4/DerivedData/Build/Intermediates.noindex/iosApp.build/Debug-iphonesimulator/iosApp.build/Parlor-all-non-framework-target-headers.hmap (in target 'iosApp' from project 'iosApp')
    cd /var/folders/bl/vzjcvbz95c3dk19cb0fw46180000gn/T/parlor-audit-ios-readiness-29-nn754kh4/copy/iosApp
    write-file /var/folders/bl/vzjcvbz95c3dk19cb0fw46180000gn/T/parlor-audit-ios-readiness-29-nn754kh4/DerivedData/Build/Intermediates.noindex/iosApp.build/Debug-iphonesimulator/iosApp.build/Parlor-all-non-framework-target-headers.hmap

WriteAuxiliaryFile /var/folders/bl/vzjcvbz95c3dk19cb0fw46180000gn/T/parlor-audit-ios-readiness-29-nn754kh4/DerivedData/Build/Intermediates.noindex/iosApp.build/Debug-iphonesimulator/iosApp.build/Parlor-DebugDylibPath-normal-arm64.txt (in target 'iosApp' from project 'iosApp')
    cd /var/folders/bl/vzjcvbz95c3dk19cb0fw46180000gn/T/parlor-audit-ios-readiness-29-nn754kh4/copy/iosApp
    write-file /var/folders/bl/vzjcvbz95c3dk19cb0fw46180000gn/T/parlor-audit-ios-readiness-29-nn754kh4/DerivedData/Build/Intermediates.noindex/iosApp.build/Debug-iphonesimulator/iosApp.build/Parlor-DebugDylibPath-normal-arm64.txt

WriteAuxiliaryFile /var/folders/bl/vzjcvbz95c3dk19cb0fw46180000gn/T/parlor-audit-ios-readiness-29-nn754kh4/DerivedData/Build/Intermediates.noindex/iosApp.build/Debug-iphonesimulator/iosApp.build/Parlor-DebugDylibInstallName-normal-arm64.txt (in target 'iosApp' from project 'iosApp')
    cd /var/folders/bl/vzjcvbz95c3dk19cb0fw46180000gn/T/parlor-audit-ios-readiness-29-nn754kh4/copy/iosApp
    write-file /var/folders/bl/vzjcvbz95c3dk19cb0fw46180000gn/T/parlor-audit-ios-readiness-29-nn754kh4/DerivedData/Build/Intermediates.noindex/iosApp.build/Debug-iphonesimulator/iosApp.build/Parlor-DebugDylibInstallName-normal-arm64.txt

WriteAuxiliaryFile /var/folders/bl/vzjcvbz95c3dk19cb0fw46180000gn/T/parlor-audit-ios-readiness-29-nn754kh4/DerivedData/Build/Intermediates.noindex/iosApp.build/Debug-iphonesimulator/iosApp.build/Objects-normal/arm64/iosApp_const_extract_protocols.json (in target 'iosApp' from project 'iosApp')
    cd /var/folders/bl/vzjcvbz95c3dk19cb0fw46180000gn/T/parlor-audit-ios-readiness-29-nn754kh4/copy/iosApp
    write-file /var/folders/bl/vzjcvbz95c3dk19cb0fw46180000gn/T/parlor-audit-ios-readiness-29-nn754kh4/DerivedData/Build/Intermediates.noindex/iosApp.build/Debug-iphonesimulator/iosApp.build/Objects-normal/arm64/iosApp_const_extract_protocols.json

WriteAuxiliaryFile /var/folders/bl/vzjcvbz95c3dk19cb0fw46180000gn/T/parlor-audit-ios-readiness-29-nn754kh4/DerivedData/Build/Intermediates.noindex/iosApp.build/Debug-iphonesimulator/iosApp.build/Objects-normal/arm64/iosApp-OutputFileMap.json (in target 'iosApp' from project 'iosApp')
    cd /var/folders/bl/vzjcvbz95c3dk19cb0fw46180000gn/T/parlor-audit-ios-readiness-29-nn754kh4/copy/iosApp
    write-file /var/folders/bl/vzjcvbz95c3dk19cb0fw46180000gn/T/parlor-audit-ios-readiness-29-nn754kh4/DerivedData/Build/Intermediates.noindex/iosApp.build/Debug-iphonesimulator/iosApp.build/Objects-normal/arm64/iosApp-OutputFileMap.json

WriteAuxiliaryFile /var/folders/bl/vzjcvbz95c3dk19cb0fw46180000gn/T/parlor-audit-ios-readiness-29-nn754kh4/DerivedData/Build/Intermediates.noindex/iosApp.build/Debug-iphonesimulator/iosApp.build/Objects-normal/arm64/e6072d4f65d7061329687fe24e3d63a7-common-args.resp (in target 'iosApp' from project 'iosApp')
    cd /var/folders/bl/vzjcvbz95c3dk19cb0fw46180000gn/T/parlor-audit-ios-readiness-29-nn754kh4/copy/iosApp
    write-file /var/folders/bl/vzjcvbz95c3dk19cb0fw46180000gn/T/parlor-audit-ios-readiness-29-nn754kh4/DerivedData/Build/Intermediates.noindex/iosApp.build/Debug-iphonesimulator/iosApp.build/Objects-normal/arm64/e6072d4f65d7061329687fe24e3d63a7-common-args.resp
-target arm64-apple-ios16.0-simulator '-std=gnu11' -fobjc-arc -fobjc-weak -fmodules -gmodules '-fmodules-cache-path=/var/folders/bl/vzjcvbz95c3dk19cb0fw46180000gn/T/parlor-audit-ios-readiness-29-nn754kh4/DerivedData/ModuleCache.noindex' -fpascal-strings -O0 -fno-common '-DDEBUG=1' '-DOBJC_OLD_DISPATCH_PROTOTYPES=0' -isysroot /Applications/Xcode_26.3.app/Contents/Developer/Platforms/iPhoneSimulator.platform/Developer/SDKs/iPhoneSimulator26.2.sdk -g '-fobjc-abi-version=2' -fobjc-legacy-dispatch -iquote /var/folders/bl/vzjcvbz95c3dk19cb0fw46180000gn/T/parlor-audit-ios-readiness-29-nn754kh4/DerivedData/Build/Intermediates.noindex/iosApp.build/Debug-iphonesimulator/iosApp.build/Parlor-generated-files.hmap -I/var/folders/bl/vzjcvbz95c3dk19cb0fw46180000gn/T/parlor-audit-ios-readiness-29-nn754kh4/DerivedData/Build/Intermediates.noindex/iosApp.build/Debug-iphonesimulator/iosApp.build/Parlor-own-target-headers.hmap -I/var/folders/bl/vzjcvbz95c3dk19cb0fw46180000gn/T/parlor-audit-ios-readiness-29-nn754kh4/DerivedData/Build/Intermediates.noindex/iosApp.build/Debug-iphonesimulator/iosApp.build/Parlor-all-target-headers.hmap -iquote /var/folders/bl/vzjcvbz95c3dk19cb0fw46180000gn/T/parlor-audit-ios-readiness-29-nn754kh4/DerivedData/Build/Intermediates.noindex/iosApp.build/Debug-iphonesimulator/iosApp.build/Parlor-project-headers.hmap -I/var/folders/bl/vzjcvbz95c3dk19cb0fw46180000gn/T/parlor-audit-ios-readiness-29-nn754kh4/DerivedData/Build/Products/Debug-iphonesimulator/include -I/var/folders/bl/vzjcvbz95c3dk19cb0fw46180000gn/T/parlor-audit-ios-readiness-29-nn754kh4/DerivedData/Build/Intermediates.noindex/iosApp.build/Debug-iphonesimulator/iosApp.build/DerivedSources-normal/arm64 -I/var/folders/bl/vzjcvbz95c3dk19cb0fw46180000gn/T/parlor-audit-ios-readiness-29-nn754kh4/DerivedData/Build/Intermediates.noindex/iosApp.build/Debug-iphonesimulator/iosApp.build/DerivedSources/arm64 -I/var/folders/bl/vzjcvbz95c3dk19cb0fw46180000gn/T/parlor-audit-ios-readiness-29-nn754kh4/DerivedData/Build/Intermediates.noindex/iosApp.build/Debug-iphonesimulator/iosApp.build/DerivedSources -F/var/folders/bl/vzjcvbz95c3dk19cb0fw46180000gn/T/parlor-audit-ios-readiness-29-nn754kh4/DerivedData/Build/Products/Debug-iphonesimulator -F/var/folders/bl/vzjcvbz95c3dk19cb0fw46180000gn/T/parlor-audit-ios-readiness-29-nn754kh4/copy/composeApp/build/xcode-frameworks/Debug/iphonesimulator26.2
WriteAuxiliaryFile /var/folders/bl/vzjcvbz95c3dk19cb0fw46180000gn/T/parlor-audit-ios-readiness-29-nn754kh4/DerivedData/Build/Intermediates.noindex/iosApp.build/Debug-iphonesimulator/iosApp.build/Objects-normal/arm64/Parlor.SwiftFileList (in target 'iosApp' from project 'iosApp')
    cd /var/folders/bl/vzjcvbz95c3dk19cb0fw46180000gn/T/parlor-audit-ios-readiness-29-nn754kh4/copy/iosApp
    write-file /var/folders/bl/vzjcvbz95c3dk19cb0fw46180000gn/T/parlor-audit-ios-readiness-29-nn754kh4/DerivedData/Build/Intermediates.noindex/iosApp.build/Debug-iphonesimulator/iosApp.build/Objects-normal/arm64/Parlor.SwiftFileList

WriteAuxiliaryFile /var/folders/bl/vzjcvbz95c3dk19cb0fw46180000gn/T/parlor-audit-ios-readiness-29-nn754kh4/DerivedData/Build/Intermediates.noindex/iosApp.build/Debug-iphonesimulator/iosApp.build/Objects-normal/arm64/Parlor.SwiftConstValuesFileList (in target 'iosApp' from project 'iosApp')
    cd /var/folders/bl/vzjcvbz95c3dk19cb0fw46180000gn/T/parlor-audit-ios-readiness-29-nn754kh4/copy/iosApp
    write-file /var/folders/bl/vzjcvbz95c3dk19cb0fw46180000gn/T/parlor-audit-ios-readiness-29-nn754kh4/DerivedData/Build/Intermediates.noindex/iosApp.build/Debug-iphonesimulator/iosApp.build/Objects-normal/arm64/Parlor.SwiftConstValuesFileList

WriteAuxiliaryFile /var/folders/bl/vzjcvbz95c3dk19cb0fw46180000gn/T/parlor-audit-ios-readiness-29-nn754kh4/DerivedData/Build/Intermediates.noindex/iosApp.build/Debug-iphonesimulator/iosApp.build/Objects-normal/arm64/Parlor.LinkFileList (in target 'iosApp' from project 'iosApp')
    cd /var/folders/bl/vzjcvbz95c3dk19cb0fw46180000gn/T/parlor-audit-ios-readiness-29-nn754kh4/copy/iosApp
    write-file /var/folders/bl/vzjcvbz95c3dk19cb0fw46180000gn/T/parlor-audit-ios-readiness-29-nn754kh4/DerivedData/Build/Intermediates.noindex/iosApp.build/Debug-iphonesimulator/iosApp.build/Objects-normal/arm64/Parlor.LinkFileList

WriteAuxiliaryFile /var/folders/bl/vzjcvbz95c3dk19cb0fw46180000gn/T/parlor-audit-ios-readiness-29-nn754kh4/DerivedData/Build/Intermediates.noindex/iosApp.build/Debug-iphonesimulator/iosApp.build/DerivedSources/Entitlements-Simulated.plist (in target 'iosApp' from project 'iosApp')
    cd /var/folders/bl/vzjcvbz95c3dk19cb0fw46180000gn/T/parlor-audit-ios-readiness-29-nn754kh4/copy/iosApp
    write-file /var/folders/bl/vzjcvbz95c3dk19cb0fw46180000gn/T/parlor-audit-ios-readiness-29-nn754kh4/DerivedData/Build/Intermediates.noindex/iosApp.build/Debug-iphonesimulator/iosApp.build/DerivedSources/Entitlements-Simulated.plist

MkDir /var/folders/bl/vzjcvbz95c3dk19cb0fw46180000gn/T/parlor-audit-ios-readiness-29-nn754kh4/DerivedData/Build/Products/Debug-iphonesimulator/iosAppUITests-Runner.app/PlugIns/iosAppUITests.xctest (in target 'iosAppUITests' from project 'iosApp')
    cd /var/folders/bl/vzjcvbz95c3dk19cb0fw46180000gn/T/parlor-audit-ios-readiness-29-nn754kh4/copy/iosApp
    /bin/mkdir -p /var/folders/bl/vzjcvbz95c3dk19cb0fw46180000gn/T/parlor-audit-ios-readiness-29-nn754kh4/DerivedData/Build/Products/Debug-iphonesimulator/iosAppUITests-Runner.app/PlugIns/iosAppUITests.xctest

MkDir /var/folders/bl/vzjcvbz95c3dk19cb0fw46180000gn/T/parlor-audit-ios-readiness-29-nn754kh4/DerivedData/Build/Products/Debug-iphonesimulator/Parlor.app (in target 'iosApp' from project 'iosApp')
    cd /var/folders/bl/vzjcvbz95c3dk19cb0fw46180000gn/T/parlor-audit-ios-readiness-29-nn754kh4/copy/iosApp
    /bin/mkdir -p /var/folders/bl/vzjcvbz95c3dk19cb0fw46180000gn/T/parlor-audit-ios-readiness-29-nn754kh4/DerivedData/Build/Products/Debug-iphonesimulator/Parlor.app

ValidateDevelopmentAssets /var/folders/bl/vzjcvbz95c3dk19cb0fw46180000gn/T/parlor-audit-ios-readiness-29-nn754kh4/DerivedData/Build/Intermediates.noindex/iosApp.build/Debug-iphonesimulator/iosApp.build (in target 'iosApp' from project 'iosApp')
    cd /var/folders/bl/vzjcvbz95c3dk19cb0fw46180000gn/T/parlor-audit-ios-readiness-29-nn754kh4/copy/iosApp
    builtin-validate-development-assets --validate YES_ERROR /var/folders/bl/vzjcvbz95c3dk19cb0fw46180000gn/T/parlor-audit-ios-readiness-29-nn754kh4/copy/iosApp/iosApp/Preview\ Content

ProcessProductPackaging "" /var/folders/bl/vzjcvbz95c3dk19cb0fw46180000gn/T/parlor-audit-ios-readiness-29-nn754kh4/DerivedData/Build/Intermediates.noindex/iosApp.build/Debug-iphonesimulator/iosApp.build/Parlor.app-Simulated.xcent (in target 'iosApp' from project 'iosApp')
    cd /var/folders/bl/vzjcvbz95c3dk19cb0fw46180000gn/T/parlor-audit-ios-readiness-29-nn754kh4/copy/iosApp
    
    Entitlements:
    
    {
    "application-identifier" = "FAKETEAMID.com.parlor.app.debug";
}
    
    builtin-productPackagingUtility -entitlements -format xml -o /var/folders/bl/vzjcvbz95c3dk19cb0fw46180000gn/T/parlor-audit-ios-readiness-29-nn754kh4/DerivedData/Build/Intermediates.noindex/iosApp.build/Debug-iphonesimulator/iosApp.build/Parlor.app-Simulated.xcent

ProcessProductPackagingDER /var/folders/bl/vzjcvbz95c3dk19cb0fw46180000gn/T/parlor-audit-ios-readiness-29-nn754kh4/DerivedData/Build/Intermediates.noindex/iosApp.build/Debug-iphonesimulator/iosApp.build/Parlor.app-Simulated.xcent /var/folders/bl/vzjcvbz95c3dk19cb0fw46180000gn/T/parlor-audit-ios-readiness-29-nn754kh4/DerivedData/Build/Intermediates.noindex/iosApp.build/Debug-iphonesimulator/iosApp.build/Parlor.app-Simulated.xcent.der (in target 'iosApp' from project 'iosApp')
    cd /var/folders/bl/vzjcvbz95c3dk19cb0fw46180000gn/T/parlor-audit-ios-readiness-29-nn754kh4/copy/iosApp
    /usr/bin/derq query -f xml -i /var/folders/bl/vzjcvbz95c3dk19cb0fw46180000gn/T/parlor-audit-ios-readiness-29-nn754kh4/DerivedData/Build/Intermediates.noindex/iosApp.build/Debug-iphonesimulator/iosApp.build/Parlor.app-Simulated.xcent -o /var/folders/bl/vzjcvbz95c3dk19cb0fw46180000gn/T/parlor-audit-ios-readiness-29-nn754kh4/DerivedData/Build/Intermediates.noindex/iosApp.build/Debug-iphonesimulator/iosApp.build/Parlor.app-Simulated.xcent.der --raw

PhaseScriptExecution Compile\ Kotlin\ Framework /var/folders/bl/vzjcvbz95c3dk19cb0fw46180000gn/T/parlor-audit-ios-readiness-29-nn754kh4/DerivedData/Build/Intermediates.noindex/iosApp.build/Debug-iphonesimulator/iosApp.build/Script-F7AC9D762B0E10F7008B8A48.sh (in target 'iosApp' from project 'iosApp')
    cd /var/folders/bl/vzjcvbz95c3dk19cb0fw46180000gn/T/parlor-audit-ios-readiness-29-nn754kh4/copy/iosApp
    export ACTION\=build
    export AD_HOC_CODE_SIGNING_ALLOWED\=YES
    export AGGREGATE_TRACKED_DOMAINS\=YES
    export ALLOW_BUILD_REQUEST_OVERRIDES\=NO
    export ALLOW_TARGET_PLATFORM_SPECIALIZATION\=NO
    export ALTERNATE_GROUP\=staff
    export ALTERNATE_MODE\=u+w,go-w,a+rX
    export ALTERNATE_OWNER\=runner
    export ALTERNATIVE_DISTRIBUTION_WEB\=NO
    export ALWAYS_EMBED_SWIFT_STANDARD_LIBRARIES\=NO
    export ALWAYS_SEARCH_USER_PATHS\=NO
    export ALWAYS_USE_SEPARATE_HEADERMAPS\=NO
    export ANDROID_DEPLOYMENT_TARGET\=21.0
    export APPLICATION_EXTENSION_API_ONLY\=NO
    export APPLY_RULES_IN_COPY_FILES\=NO
    export APPLY_RULES_IN_COPY_HEADERS\=NO
    export APP_NAME\=Parlor
    export APP_SHORTCUTS_ENABLE_FLEXIBLE_MATCHING\=YES
    export ARCHS\=arm64
    export ARCHS_STANDARD\=arm64\ x86_64
    export ARCHS_STANDARD_32_64_BIT\=arm64\ x86_64
    export ARCHS_STANDARD_64_BIT\=arm64\ x86_64
    export ARCHS_STANDARD_INCLUDING_64_BIT\=arm64\ x86_64
    export ARCHS_UNIVERSAL_IPHONE_OS\=arm64\ x86_64
    export ASSETCATALOG_COMPILER_APPICON_NAME\=AppIcon
    export ASSETCATALOG_COMPILER_GLOBAL_ACCENT_COLOR_NAME\=AccentColor
    export ASSETCATALOG_FILTER_FOR_DEVICE_MODEL\=iPhone18,1
    export ASSETCATALOG_FILTER_FOR_DEVICE_OS_VERSION\=26.2
    export ASSETCATALOG_FILTER_FOR_THINNING_DEVICE_CONFIGURATION\=iPhone18,1
    export AUTOMATICALLY_MERGE_DEPENDENCIES\=NO
    export AUTOMATION_APPLE_EVENTS\=NO
    export AVAILABLE_PLATFORMS\=android\ appletvos\ appletvsimulator\ driverkit\ iphoneos\ iphonesimulator\ macosx\ qnx\ watchos\ watchsimulator\ webassembly\ xros\ xrsimulator
    export AppIdentifierPrefix\=FAKETEAMID.
    export BUILD_ACTIVE_RESOURCES_ONLY\=YES
    export BUILD_COMPONENTS\=headers\ build
    export BUILD_DIR\=/var/folders/bl/vzjcvbz95c3dk19cb0fw46180000gn/T/parlor-audit-ios-readiness-29-nn754kh4/DerivedData/Build/Products
    export BUILD_LIBRARY_FOR_DISTRIBUTION\=NO
    export BUILD_ROOT\=/var/folders/bl/vzjcvbz95c3dk19cb0fw46180000gn/T/parlor-audit-ios-readiness-29-nn754kh4/DerivedData/Build/Products
    export BUILD_STYLE\=
    export BUILD_VARIANTS\=normal
    export BUILT_PRODUCTS_DIR\=/var/folders/bl/vzjcvbz95c3dk19cb0fw46180000gn/T/parlor-audit-ios-readiness-29-nn754kh4/DerivedData/Build/Products/Debug-iphonesimulator
    export BUNDLE_CONTENTS_FOLDER_PATH_deep\=Contents/
    export BUNDLE_EXECUTABLE_FOLDER_NAME_deep\=MacOS
    export BUNDLE_EXTENSIONS_FOLDER_PATH\=Extensions
    export BUNDLE_FORMAT\=shallow
    export BUNDLE_FRAMEWORKS_FOLDER_PATH\=Frameworks
    export BUNDLE_ID\=com.parlor.app
    export BUNDLE_PLUGINS_FOLDER_PATH\=PlugIns
    export BUNDLE_PRIVATE_HEADERS_FOLDER_PATH\=PrivateHeaders
    export BUNDLE_PUBLIC_HEADERS_FOLDER_PATH\=Headers
    export CACHE_ROOT\=/var/folders/bl/vzjcvbz95c3dk19cb0fw46180000gn/C/com.apple.DeveloperTools/26.3-17C529/Xcode
    export CCHROOT\=/var/folders/bl/vzjcvbz95c3dk19cb0fw46180000gn/C/com.apple.DeveloperTools/26.3-17C529/Xcode
    export CHMOD\=/bin/chmod
    export CHOWN\=/usr/sbin/chown
    export CLANG_ANALYZER_NONNULL\=YES
    export CLANG_ANALYZER_NUMBER_OBJECT_CONVERSION\=YES_AGGRESSIVE
    export CLANG_CACHE_FINE_GRAINED_OUTPUTS\=YES
    export CLANG_CXX_LANGUAGE_STANDARD\=gnu++14
    export CLANG_CXX_LIBRARY\=libc++
    export CLANG_ENABLE_EXPLICIT_MODULES\=YES
    export CLANG_ENABLE_MODULES\=YES
    export CLANG_ENABLE_OBJC_ARC\=YES
    export CLANG_ENABLE_OBJC_WEAK\=YES
    export CLANG_MODULES_BUILD_SESSION_FILE\=/var/folders/bl/vzjcvbz95c3dk19cb0fw46180000gn/T/parlor-audit-ios-readiness-29-nn754kh4/DerivedData/ModuleCache.noindex/Session.modulevalidation
    export CLANG_WARN_BLOCK_CAPTURE_AUTORELEASING\=YES
    export CLANG_WARN_BOOL_CONVERSION\=YES
    export CLANG_WARN_COMMA\=YES
    export CLANG_WARN_CONSTANT_CONVERSION\=YES
    export CLANG_WARN_DEPRECATED_OBJC_IMPLEMENTATIONS\=YES
    export CLANG_WARN_DIRECT_OBJC_ISA_USAGE\=YES_ERROR
    export CLANG_WARN_DOCUMENTATION_COMMENTS\=YES
    export CLANG_WARN_EMPTY_BODY\=YES
    export CLANG_WARN_ENUM_CONVERSION\=YES
    export CLANG_WARN_INFINITE_RECURSION\=YES
    export CLANG_WARN_INT_CONVERSION\=YES
    export CLANG_WARN_NON_LITERAL_NULL_CONVERSION\=YES
    export CLANG_WARN_OBJC_IMPLICIT_RETAIN_SELF\=YES
    export CLANG_WARN_OBJC_LITERAL_CONVERSION\=YES
    export CLANG_WARN_OBJC_ROOT_CLASS\=YES_ERROR
    export CLANG_WARN_QUOTED_INCLUDE_IN_FRAMEWORK_HEADER\=YES
    export CLANG_WARN_RANGE_LOOP_ANALYSIS\=YES
    export CLANG_WARN_STRICT_PROTOTYPES\=YES
    export CLANG_WARN_SUSPICIOUS_MOVE\=YES
    export CLANG_WARN_UNGUARDED_AVAILABILITY\=YES_AGGRESSIVE
    export CLANG_WARN_UNREACHABLE_CODE\=YES
    export CLANG_WARN__DUPLICATE_METHOD_MATCH\=YES
    export CLASS_FILE_DIR\=/var/folders/bl/vzjcvbz95c3dk19cb0fw46180000gn/T/parlor-audit-ios-readiness-29-nn754kh4/DerivedData/Build/Intermediates.noindex/iosApp.build/Debug-iphonesimulator/iosApp.build/JavaClasses
    export CLEAN_PRECOMPS\=YES
    export CLONE_HEADERS\=NO
    export CODESIGNING_FOLDER_PATH\=/var/folders/bl/vzjcvbz95c3dk19cb0fw46180000gn/T/parlor-audit-ios-readiness-29-nn754kh4/DerivedData/Build/Products/Debug-iphonesimulator/Parlor.app
    export CODE_SIGNING_ALLOWED\=YES
    export CODE_SIGNING_REQUIRED\=YES
    export CODE_SIGN_CONTEXT_CLASS\=XCiPhoneSimulatorCodeSignContext
    export CODE_SIGN_IDENTITY\=-
    export CODE_SIGN_INJECT_BASE_ENTITLEMENTS\=YES
    export CODE_SIGN_STYLE\=Manual
    export COLOR_DIAGNOSTICS\=NO
    export COMBINE_HIDPI_IMAGES\=NO
    export COMPILATION_CACHE_CAS_PATH\=/var/folders/bl/vzjcvbz95c3dk19cb0fw46180000gn/T/parlor-audit-ios-readiness-29-nn754kh4/DerivedData/CompilationCache.noindex
    export COMPILATION_CACHE_KEEP_CAS_DIRECTORY\=YES
    export COMPILER_INDEX_STORE_ENABLE\=NO
    export COMPOSITE_SDK_DIRS\=/var/folders/bl/vzjcvbz95c3dk19cb0fw46180000gn/T/parlor-audit-ios-readiness-29-nn754kh4/DerivedData/Build/Intermediates.noindex/CompositeSDKs
    export COMPRESS_PNG_FILES\=YES
    export CONFIGURATION\=Debug
    export CONFIGURATION_BUILD_DIR\=/var/folders/bl/vzjcvbz95c3dk19cb0fw46180000gn/T/parlor-audit-ios-readiness-29-nn754kh4/DerivedData/Build/Products/Debug-iphonesimulator
    export CONFIGURATION_TEMP_DIR\=/var/folders/bl/vzjcvbz95c3dk19cb0fw46180000gn/T/parlor-audit-ios-readiness-29-nn754kh4/DerivedData/Build/Intermediates.noindex/iosApp.build/Debug-iphonesimulator
    export CONTENTS_FOLDER_PATH\=Parlor.app
    export CONTENTS_FOLDER_PATH_SHALLOW_BUNDLE_NO\=Parlor.app/Contents
    export CONTENTS_FOLDER_PATH_SHALLOW_BUNDLE_YES\=Parlor.app
    export COPYING_PRESERVES_HFS_DATA\=NO
    export COPY_HEADERS_RUN_UNIFDEF\=NO
    export COPY_PHASE_STRIP\=NO
    export CORRESPONDING_DEVICE_PLATFORM_DIR\=/Applications/Xcode_26.3.app/Contents/Developer/Platforms/iPhoneOS.platform
    export CORRESPONDING_DEVICE_PLATFORM_NAME\=iphoneos
    export CORRESPONDING_DEVICE_SDK_DIR\=/Applications/Xcode_26.3.app/Contents/Developer/Platforms/iPhoneOS.platform/Developer/SDKs/iPhoneOS26.2.sdk
    export CORRESPONDING_DEVICE_SDK_NAME\=iphoneos26.2
    export CP\=/bin/cp
    export CREATE_INFOPLIST_SECTION_IN_BINARY\=NO
    export CURRENT_ARCH\=undefined_arch
    export CURRENT_PROJECT_VERSION\=1
    export CURRENT_VARIANT\=normal
    export DEAD_CODE_STRIPPING\=YES
    export DEBUGGING_SYMBOLS\=YES
    export DEBUG_INFORMATION_FORMAT\=dwarf
    export DEBUG_INFORMATION_VERSION\=compiler-default
    export DEFAULT_COMPILER\=com.apple.compilers.llvm.clang.1_0
    export DEFAULT_DEXT_INSTALL_PATH\=/System/Library/DriverExtensions
    export DEFAULT_KEXT_INSTALL_PATH\=/System/Library/Extensions
    export DEFINES_MODULE\=NO
    export DEPLOYMENT_LOCATION\=NO
    export DEPLOYMENT_POSTPROCESSING\=NO
    export DEPLOYMENT_TARGET_SETTING_NAME\=IPHONEOS_DEPLOYMENT_TARGET
    export DEPLOYMENT_TARGET_SUGGESTED_VALUES\=12.0\ 12.1\ 12.2\ 12.3\ 12.4\ 13.0\ 13.1\ 13.2\ 13.3\ 13.4\ 13.5\ 13.6\ 14.0\ 14.1\ 14.2\ 14.3\ 14.4\ 14.5\ 14.6\ 14.7\ 15.0\ 15.1\ 15.2\ 15.3\ 15.4\ 15.5\ 15.6\ 16.0\ 16.1\ 16.2\ 16.3\ 16.4\ 16.5\ 16.6\ 17.0\ 17.1\ 17.2\ 17.3\ 17.4\ 17.5\ 17.6\ 18.0\ 18.1\ 18.2\ 18.3\ 18.4\ 18.5\ 18.6\ 26.0\ 26.1\ 26.2
    export DERIVED_FILES_DIR\=/var/folders/bl/vzjcvbz95c3dk19cb0fw46180000gn/T/parlor-audit-ios-readiness-29-nn754kh4/DerivedData/Build/Intermediates.noindex/iosApp.build/Debug-iphonesimulator/iosApp.build/DerivedSources
    export DERIVED_FILE_DIR\=/var/folders/bl/vzjcvbz95c3dk19cb0fw46180000gn/T/parlor-audit-ios-readiness-29-nn754kh4/DerivedData/Build/Intermediates.noindex/iosApp.build/Debug-iphonesimulator/iosApp.build/DerivedSources
    export DERIVED_SOURCES_DIR\=/var/folders/bl/vzjcvbz95c3dk19cb0fw46180000gn/T/parlor-audit-ios-readiness-29-nn754kh4/DerivedData/Build/Intermediates.noindex/iosApp.build/Debug-iphonesimulator/iosApp.build/DerivedSources
    export DEVELOPER_APPLICATIONS_DIR\=/Applications/Xcode_26.3.app/Contents/Developer/Applications
    export DEVELOPER_BIN_DIR\=/Applications/Xcode_26.3.app/Contents/Developer/usr/bin
    export DEVELOPER_DIR\=/Applications/Xcode_26.3.app/Contents/Developer
    export DEVELOPER_FRAMEWORKS_DIR\=/Applications/Xcode_26.3.app/Contents/Developer/Library/Frameworks
    export DEVELOPER_FRAMEWORKS_DIR_QUOTED\=/Applications/Xcode_26.3.app/Contents/Developer/Library/Frameworks
    export DEVELOPER_LIBRARY_DIR\=/Applications/Xcode_26.3.app/Contents/Developer/Library
    export DEVELOPER_SDK_DIR\=/Applications/Xcode_26.3.app/Contents/Developer/Platforms/MacOSX.platform/Developer/SDKs
    export DEVELOPER_TOOLS_DIR\=/Applications/Xcode_26.3.app/Contents/Developer/Tools
    export DEVELOPER_USR_DIR\=/Applications/Xcode_26.3.app/Contents/Developer/usr
    export DEVELOPMENT_ASSET_PATHS\=\"iosApp/Preview\ Content\"
    export DEVELOPMENT_LANGUAGE\=en
    export DIAGNOSE_MISSING_TARGET_DEPENDENCIES\=YES
    export DIFF\=/usr/bin/diff
    export DOCUMENTATION_FOLDER_PATH\=Parlor.app/en.lproj/Documentation
    export DONT_GENERATE_INFOPLIST_FILE\=NO
    export DSTROOT\=/tmp/iosApp.dst
    export DT_TOOLCHAIN_DIR\=/Applications/Xcode_26.3.app/Contents/Developer/Toolchains/XcodeDefault.xctoolchain
    export DWARF_DSYM_FILE_NAME\=Parlor.app.dSYM
    export DWARF_DSYM_FILE_SHOULD_ACCOMPANY_PRODUCT\=NO
    export DWARF_DSYM_FOLDER_PATH\=/var/folders/bl/vzjcvbz95c3dk19cb0fw46180000gn/T/parlor-audit-ios-readiness-29-nn754kh4/DerivedData/Build/Products/Debug-iphonesimulator
    export DYNAMIC_LIBRARY_EXTENSION\=dylib
    export EAGER_COMPILATION_ALLOW_SCRIPTS\=NO
    export EAGER_LINKING\=NO
    export EFFECTIVE_PLATFORM_NAME\=-iphonesimulator
    export EMBEDDED_CONTENT_CONTAINS_SWIFT\=NO
    export EMBED_ASSET_PACKS_IN_PRODUCT_BUNDLE\=NO
    export ENABLE_APP_SANDBOX\=NO
    export ENABLE_CODE_COVERAGE\=YES
    export ENABLE_CPLUSPLUS_BOUNDS_SAFE_BUFFERS\=NO
    export ENABLE_C_BOUNDS_SAFETY\=NO
    export ENABLE_DEBUG_DYLIB\=YES
    export ENABLE_DEFAULT_HEADER_SEARCH_PATHS\=YES
    export ENABLE_DEFAULT_SEARCH_PATHS\=YES
    export ENABLE_ENHANCED_SECURITY\=NO
    export ENABLE_HARDENED_RUNTIME\=NO
    export ENABLE_HEADER_DEPENDENCIES\=YES
    export ENABLE_INCOMING_NETWORK_CONNECTIONS\=NO
    export ENABLE_ON_DEMAND_RESOURCES\=YES
    export ENABLE_OUTGOING_NETWORK_CONNECTIONS\=NO
    export ENABLE_POINTER_AUTHENTICATION\=NO
    export ENABLE_PREVIEWS\=NO
    export ENABLE_RESOURCE_ACCESS_AUDIO_INPUT\=NO
    export ENABLE_RESOURCE_ACCESS_BLUETOOTH\=NO
    export ENABLE_RESOURCE_ACCESS_CALENDARS\=NO
    export ENABLE_RESOURCE_ACCESS_CAMERA\=NO
    export ENABLE_RESOURCE_ACCESS_CONTACTS\=NO
    export ENABLE_RESOURCE_ACCESS_LOCATION\=NO
    export ENABLE_RESOURCE_ACCESS_PHOTO_LIBRARY\=NO
    export ENABLE_RESOURCE_ACCESS_PRINTING\=NO
    export ENABLE_RESOURCE_ACCESS_USB\=NO
    export ENABLE_SDK_IMPORTS\=NO
    export ENABLE_SECURITY_COMPILER_WARNINGS\=NO
    export ENABLE_STRICT_OBJC_MSGSEND\=YES
    export ENABLE_TESTABILITY\=YES
    export ENABLE_TESTING_SEARCH_PATHS\=NO
    export ENABLE_USER_SCRIPT_SANDBOXING\=NO
    export ENABLE_XOJIT_PREVIEWS\=YES
    export ENFORCE_VALID_ARCHS\=YES
    export ENTITLEMENTS_ALLOWED\=NO
    export ENTITLEMENTS_DESTINATION\=__entitlements
    export ENTITLEMENTS_REQUIRED\=NO
    export EXCLUDED_INSTALLSRC_SUBDIRECTORY_PATTERNS\=.DS_Store\ .svn\ .git\ .hg\ CVS
    export EXCLUDED_RECURSIVE_SEARCH_PATH_SUBDIRECTORIES\=\*.nib\ \*.lproj\ \*.framework\ \*.gch\ \*.xcode\*\ \*.xcassets\ \*.icon\ \(\*\)\ .DS_Store\ CVS\ .svn\ .git\ .hg\ \*.pbproj\ \*.pbxproj
    export EXECUTABLES_FOLDER_PATH\=Parlor.app/Executables
    export EXECUTABLE_BLANK_INJECTION_DYLIB_PATH\=Parlor.app/__preview.dylib
    export EXECUTABLE_DEBUG_DYLIB_INSTALL_NAME\=@rpath/Parlor.debug.dylib
    export EXECUTABLE_DEBUG_DYLIB_PATH\=Parlor.app/Parlor.debug.dylib
    export EXECUTABLE_FOLDER_PATH\=Parlor.app
    export EXECUTABLE_FOLDER_PATH_SHALLOW_BUNDLE_NO\=Parlor.app/MacOS
    export EXECUTABLE_FOLDER_PATH_SHALLOW_BUNDLE_YES\=Parlor.app
    export EXECUTABLE_NAME\=Parlor
    export EXECUTABLE_PATH\=Parlor.app/Parlor
    export EXPANDED_CODE_SIGN_IDENTITY\=-
    export EXPANDED_CODE_SIGN_IDENTITY_NAME\=Sign\ to\ Run\ Locally
    export EXTENSIONS_FOLDER_PATH\=Parlor.app/Extensions
    export FILE_LIST\=/var/folders/bl/vzjcvbz95c3dk19cb0fw46180000gn/T/parlor-audit-ios-readiness-29-nn754kh4/DerivedData/Build/Intermediates.noindex/iosApp.build/Debug-iphonesimulator/iosApp.build/Objects/LinkFileList
    export FIXED_FILES_DIR\=/var/folders/bl/vzjcvbz95c3dk19cb0fw46180000gn/T/parlor-audit-ios-readiness-29-nn754kh4/DerivedData/Build/Intermediates.noindex/iosApp.build/Debug-iphonesimulator/iosApp.build/FixedFiles
    export FRAMEWORKS_FOLDER_PATH\=Parlor.app/Frameworks
    export FRAMEWORK_FLAG_PREFIX\=-framework
    export FRAMEWORK_SEARCH_PATHS\=/var/folders/bl/vzjcvbz95c3dk19cb0fw46180000gn/T/parlor-audit-ios-readiness-29-nn754kh4/DerivedData/Build/Products/Debug-iphonesimulator\ \ /var/folders/bl/vzjcvbz95c3dk19cb0fw46180000gn/T/parlor-audit-ios-readiness-29-nn754kh4/copy/iosApp/../composeApp/build/xcode-frameworks/Debug/iphonesimulator26.2
    export FRAMEWORK_VERSION\=A
    export FULL_PRODUCT_NAME\=Parlor.app
    export FUSE_BUILD_PHASES\=YES
    export FUSE_BUILD_SCRIPT_PHASES\=NO
    export GCC3_VERSION\=3.3
    export GCC_C_LANGUAGE_STANDARD\=gnu11
    export GCC_DYNAMIC_NO_PIC\=NO
    export GCC_INLINES_ARE_PRIVATE_EXTERN\=YES
    export GCC_NO_COMMON_BLOCKS\=YES
    export GCC_OBJC_LEGACY_DISPATCH\=YES
    export GCC_OPTIMIZATION_LEVEL\=0
    export GCC_PFE_FILE_C_DIALECTS\=c\ objective-c\ c++\ objective-c++
    export GCC_PREPROCESSOR_DEFINITIONS\=DEBUG\=1\ 
    export GCC_SYMBOLS_PRIVATE_EXTERN\=NO
    export GCC_TREAT_WARNINGS_AS_ERRORS\=NO
    export GCC_VERSION\=com.apple.compilers.llvm.clang.1_0
    export GCC_VERSION_IDENTIFIER\=com_apple_compilers_llvm_clang_1_0
    export GCC_WARN_64_TO_32_BIT_CONVERSION\=YES
    export GCC_WARN_ABOUT_RETURN_TYPE\=YES_ERROR
    export GCC_WARN_UNDECLARED_SELECTOR\=YES
    export GCC_WARN_UNINITIALIZED_AUTOS\=YES_AGGRESSIVE
    export GCC_WARN_UNUSED_FUNCTION\=YES
    export GCC_WARN_UNUSED_VARIABLE\=YES
    export GENERATED_MODULEMAP_DIR\=/var/folders/bl/vzjcvbz95c3dk19cb0fw46180000gn/T/parlor-audit-ios-readiness-29-nn754kh4/DerivedData/Build/Intermediates.noindex/GeneratedModuleMaps-iphonesimulator
    export GENERATE_INFOPLIST_FILE\=NO
    export GENERATE_INTERMEDIATE_TEXT_BASED_STUBS\=YES
    export GENERATE_PKGINFO_FILE\=YES
    export GENERATE_PRELINK_OBJECT_FILE\=NO
    export GENERATE_PROFILING_CODE\=NO
    export GENERATE_TEXT_BASED_STUBS\=NO
    export GID\=20
    export GROUP\=staff
    export HEADERMAP_INCLUDES_FLAT_ENTRIES_FOR_TARGET_BEING_BUILT\=YES
    export HEADERMAP_INCLUDES_FRAMEWORK_ENTRIES_FOR_ALL_PRODUCT_TYPES\=YES
    export HEADERMAP_INCLUDES_FRAMEWORK_ENTRIES_FOR_TARGETS_NOT_BEING_BUILT\=YES
    export HEADERMAP_INCLUDES_NONPUBLIC_NONPRIVATE_HEADERS\=YES
    export HEADERMAP_INCLUDES_PROJECT_HEADERS\=YES
    export HEADERMAP_USES_FRAMEWORK_PREFIX_ENTRIES\=YES
    export HEADERMAP_USES_VFS\=NO
    export HEADER_SEARCH_PATHS\=/var/folders/bl/vzjcvbz95c3dk19cb0fw46180000gn/T/parlor-audit-ios-readiness-29-nn754kh4/DerivedData/Build/Products/Debug-iphonesimulator/include\ 
    export HOME\=/Users/runner
    export HOST_ARCH\=arm64
    export HOST_PLATFORM\=macosx
    export ICONV\=/usr/bin/iconv
    export IMPLICIT_DEPENDENCY_DOMAIN\=default
    export INFOPLIST_ENABLE_CFBUNDLEICONS_MERGE\=YES
    export INFOPLIST_EXPAND_BUILD_SETTINGS\=YES
    export INFOPLIST_FILE\=iosApp/Info.plist
    export INFOPLIST_OUTPUT_FORMAT\=binary
    export INFOPLIST_PATH\=Parlor.app/Info.plist
    export INFOPLIST_PREPROCESS\=NO
    export INFOSTRINGS_PATH\=Parlor.app/en.lproj/InfoPlist.strings
    export INLINE_PRIVATE_FRAMEWORKS\=NO
    export INSTALLAPI_IGNORE_SKIP_INSTALL\=YES
    export INSTALLHDRS_COPY_PHASE\=NO
    export INSTALLHDRS_SCRIPT_PHASE\=NO
    export INSTALL_DIR\=/tmp/iosApp.dst/Applications
    export INSTALL_GROUP\=staff
    export INSTALL_MODE_FLAG\=u+w,go-w,a+rX
    export INSTALL_OWNER\=runner
    export INSTALL_PATH\=/Applications
    export INSTALL_ROOT\=/tmp/iosApp.dst
    export IPHONEOS_DEPLOYMENT_TARGET\=16.0
    export IS_UNOPTIMIZED_BUILD\=YES
    export JAVAC_DEFAULT_FLAGS\=-J-Xms64m\ -J-XX:NewSize\=4M\ -J-Dfile.encoding\=UTF8
    export JAVA_APP_STUB\=/System/Library/Frameworks/JavaVM.framework/Resources/MacOS/JavaApplicationStub
    export JAVA_ARCHIVE_CLASSES\=YES
    export JAVA_ARCHIVE_TYPE\=JAR
    export JAVA_COMPILER\=/usr/bin/javac
    export JAVA_FOLDER_PATH\=Parlor.app/Java
    export JAVA_FRAMEWORK_RESOURCES_DIRS\=Resources
    export JAVA_JAR_FLAGS\=cv
    export JAVA_SOURCE_SUBDIR\=.
    export JAVA_USE_DEPENDENCIES\=YES
    export JAVA_ZIP_FLAGS\=-urg
    export JIKES_DEFAULT_FLAGS\=+E\ +OLDCSO
    export KEEP_PRIVATE_EXTERNS\=NO
    export LD_DEPENDENCY_INFO_FILE\=/var/folders/bl/vzjcvbz95c3dk19cb0fw46180000gn/T/parlor-audit-ios-readiness-29-nn754kh4/DerivedData/Build/Intermediates.noindex/iosApp.build/Debug-iphonesimulator/iosApp.build/Objects-normal/undefined_arch/Parlor_dependency_info.dat
    export LD_ENTITLEMENTS_SECTION\=/var/folders/bl/vzjcvbz95c3dk19cb0fw46180000gn/T/parlor-audit-ios-readiness-29-nn754kh4/DerivedData/Build/Intermediates.noindex/iosApp.build/Debug-iphonesimulator/iosApp.build/Parlor.app-Simulated.xcent
    export LD_ENTITLEMENTS_SECTION_DER\=/var/folders/bl/vzjcvbz95c3dk19cb0fw46180000gn/T/parlor-audit-ios-readiness-29-nn754kh4/DerivedData/Build/Intermediates.noindex/iosApp.build/Debug-iphonesimulator/iosApp.build/Parlor.app-Simulated.xcent.der
    export LD_EXPORT_SYMBOLS\=YES
    export LD_GENERATE_MAP_FILE\=NO
    export LD_MAP_FILE_PATH\=/var/folders/bl/vzjcvbz95c3dk19cb0fw46180000gn/T/parlor-audit-ios-readiness-29-nn754kh4/DerivedData/Build/Intermediates.noindex/iosApp.build/Debug-iphonesimulator/iosApp.build/Parlor-LinkMap-normal-undefined_arch.txt
    export LD_NO_PIE\=NO
    export LD_QUOTE_LINKER_ARGUMENTS_FOR_COMPILER_DRIVER\=YES
    export LD_RUNPATH_SEARCH_PATHS\=\ @executable_path/Frameworks
    export LD_RUNPATH_SEARCH_PATHS_YES\=@loader_path/../Frameworks
    export LD_SHARED_CACHE_ELIGIBLE\=Automatic
    export LD_WARN_DUPLICATE_LIBRARIES\=NO
    export LD_WARN_UNUSED_DYLIBS\=NO
    export LEGACY_DEVELOPER_DIR\=/Applications/Xcode_26.3.app/Contents/PlugIns/Xcode3Core.ideplugin/Contents/SharedSupport/Developer
    export LEX\=lex
    export LIBRARY_DEXT_INSTALL_PATH\=/Library/DriverExtensions
    export LIBRARY_FLAG_NOSPACE\=YES
    export LIBRARY_FLAG_PREFIX\=-l
    export LIBRARY_KEXT_INSTALL_PATH\=/Library/Extensions
    export LIBRARY_SEARCH_PATHS\=/var/folders/bl/vzjcvbz95c3dk19cb0fw46180000gn/T/parlor-audit-ios-readiness-29-nn754kh4/DerivedData/Build/Products/Debug-iphonesimulator\ 
    export LINKER_DISPLAYS_MANGLED_NAMES\=NO
    export LINK_FILE_LIST_normal_arm64\=/var/folders/bl/vzjcvbz95c3dk19cb0fw46180000gn/T/parlor-audit-ios-readiness-29-nn754kh4/DerivedData/Build/Intermediates.noindex/iosApp.build/Debug-iphonesimulator/iosApp.build/Objects-normal/arm64/Parlor.LinkFileList
    export LINK_OBJC_RUNTIME\=YES
    export LINK_WITH_STANDARD_LIBRARIES\=YES
    export LLVM_TARGET_TRIPLE_OS_VERSION\=ios16.0
    export LLVM_TARGET_TRIPLE_SUFFIX\=-simulator
    export LLVM_TARGET_TRIPLE_VENDOR\=apple
    export LM_AUX_CONST_METADATA_LIST_PATH_normal_arm64\=/var/folders/bl/vzjcvbz95c3dk19cb0fw46180000gn/T/parlor-audit-ios-readiness-29-nn754kh4/DerivedData/Build/Intermediates.noindex/iosApp.build/Debug-iphonesimulator/iosApp.build/Objects-normal/arm64/Parlor.SwiftConstValuesFileList
    export LOCALIZATION_EXPORT_SUPPORTED\=YES
    export LOCALIZATION_PREFERS_STRING_CATALOGS\=NO
    export LOCALIZED_RESOURCES_FOLDER_PATH\=Parlor.app/en.lproj
    export LOCALIZED_STRING_MACRO_NAMES\=NSLocalizedString\ CFCopyLocalizedString
    export LOCALIZED_STRING_SWIFTUI_SUPPORT\=YES
    export LOCAL_ADMIN_APPS_DIR\=/Applications/Utilities
    export LOCAL_APPS_DIR\=/Applications
    export LOCAL_DEVELOPER_DIR\=/Library/Developer
    export LOCAL_LIBRARY_DIR\=/Library
    export LOCROOT\=/var/folders/bl/vzjcvbz95c3dk19cb0fw46180000gn/T/parlor-audit-ios-readiness-29-nn754kh4/copy/iosApp
    export LOCSYMROOT\=/var/folders/bl/vzjcvbz95c3dk19cb0fw46180000gn/T/parlor-audit-ios-readiness-29-nn754kh4/copy/iosApp
    export MACH_O_TYPE\=mh_execute
    export MAC_OS_X_PRODUCT_BUILD_VERSION\=24G830
    export MAC_OS_X_VERSION_ACTUAL\=150709
    export MAC_OS_X_VERSION_MAJOR\=150000
    export MAC_OS_X_VERSION_MINOR\=150700
    export MAKE_MERGEABLE\=NO
    export MARKETING_VERSION\=1.0.0
    export MERGEABLE_LIBRARY\=NO
    export MERGED_BINARY_TYPE\=none
    export MERGE_LINKED_LIBRARIES\=NO
    export METAL_LIBRARY_FILE_BASE\=default
    export METAL_LIBRARY_OUTPUT_DIR\=/var/folders/bl/vzjcvbz95c3dk19cb0fw46180000gn/T/parlor-audit-ios-readiness-29-nn754kh4/DerivedData/Build/Products/Debug-iphonesimulator/Parlor.app
    export MOBILE_RELEASE_IOS_CODE_SIGN_STYLE\=Automatic
    export MODULES_FOLDER_PATH\=Parlor.app/Modules
    export MODULE_CACHE_DIR\=/var/folders/bl/vzjcvbz95c3dk19cb0fw46180000gn/T/parlor-audit-ios-readiness-29-nn754kh4/DerivedData/ModuleCache.noindex
    export MTL_ENABLE_DEBUG_INFO\=INCLUDE_SOURCE
    export MTL_FAST_MATH\=YES
    export NATIVE_ARCH\=arm64
    export NATIVE_ARCH_32_BIT\=arm
    export NATIVE_ARCH_64_BIT\=arm64
    export NATIVE_ARCH_ACTUAL\=arm64
    export NO_COMMON\=YES
    export OBJC_ABI_VERSION\=2
    export OBJECT_FILE_DIR\=/var/folders/bl/vzjcvbz95c3dk19cb0fw46180000gn/T/parlor-audit-ios-readiness-29-nn754kh4/DerivedData/Build/Intermediates.noindex/iosApp.build/Debug-iphonesimulator/iosApp.build/Objects
    export OBJECT_FILE_DIR_normal\=/var/folders/bl/vzjcvbz95c3dk19cb0fw46180000gn/T/parlor-audit-ios-readiness-29-nn754kh4/DerivedData/Build/Intermediates.noindex/iosApp.build/Debug-iphonesimulator/iosApp.build/Objects-normal
    export OBJROOT\=/var/folders/bl/vzjcvbz95c3dk19cb0fw46180000gn/T/parlor-audit-ios-readiness-29-nn754kh4/DerivedData/Build/Intermediates.noindex
    export ONLY_ACTIVE_ARCH\=YES
    export OS\=MACOS
    export OSAC\=/usr/bin/osacompile
    export PACKAGE_TYPE\=com.apple.package-type.wrapper.application
    export PARLOR_BUILD_NUMBER\=1
    export PARLOR_VERSION_NAME\=1.0.0
    export PASCAL_STRINGS\=YES
    export PATH\=/Applications/Xcode_26.3.app/Contents/SharedFrameworks/SwiftBuild.framework/Versions/A/PlugIns/SWBBuildService.bundle/Contents/PlugIns/SWBUniversalPlatformPlugin.bundle/Contents/Frameworks/SWBUniversalPlatform.framework/Resources:/var/run/com.apple.security.cryptexd/mnt/com.apple.MobileAsset.MetalToolchain-v17.3.7003.10.ydw3YT/Metal.xctoolchain/usr/bin:/var/run/com.apple.security.cryptexd/mnt/com.apple.MobileAsset.MetalToolchain-v17.3.7003.10.ydw3YT/Metal.xctoolchain/usr/local/bin:/var/run/com.apple.security.cryptexd/mnt/com.apple.MobileAsset.MetalToolchain-v17.3.7003.10.ydw3YT/Metal.xctoolchain/usr/libexec:/Applications/Xcode_26.3.app/Contents/Developer/Toolchains/XcodeDefault.xctoolchain/usr/bin:/Applications/Xcode_26.3.app/Contents/Developer/Toolchains/XcodeDefault.xctoolchain/usr/local/bin:/Applications/Xcode_26.3.app/Contents/Developer/Toolchains/XcodeDefault.xctoolchain/usr/libexec:/Applications/Xcode_26.3.app/Contents/Developer/Platforms/iPhoneSimulator.platform/usr/bin:/Applications/Xcode_26.3.app/Contents/Developer/Platforms/iPhoneSimulator.platform/usr/local/bin:/Applications/Xcode_26.3.app/Contents/Developer/Platforms/iPhoneSimulator.platform/Developer/usr/bin:/Applications/Xcode_26.3.app/Contents/Developer/Platforms/iPhoneSimulator.platform/Developer/usr/local/bin:/Applications/Xcode_26.3.app/Contents/Developer/usr/bin:/Applications/Xcode_26.3.app/Contents/Developer/usr/local/bin:/Users/runner/hostedtoolcache/Java_Temurin-Hotspot_jdk/21.0.12-101.0/arm64/Contents/Home/bin:/usr/bin:/bin:/usr/sbin:/sbin
    export PATH_PREFIXES_EXCLUDED_FROM_HEADER_DEPENDENCIES\=/usr/include\ /usr/local/include\ /System/Library/Frameworks\ /System/Library/PrivateFrameworks\ /Applications/Xcode_26.3.app/Contents/Developer/Headers\ /Applications/Xcode_26.3.app/Contents/Developer/SDKs\ /Applications/Xcode_26.3.app/Contents/Developer/Platforms
    export PBDEVELOPMENTPLIST_PATH\=Parlor.app/pbdevelopment.plist
    export PER_ARCH_MODULE_FILE_DIR\=/var/folders/bl/vzjcvbz95c3dk19cb0fw46180000gn/T/parlor-audit-ios-readiness-29-nn754kh4/DerivedData/Build/Intermediates.noindex/iosApp.build/Debug-iphonesimulator/iosApp.build/Objects-normal/undefined_arch
    export PER_ARCH_OBJECT_FILE_DIR\=/var/folders/bl/vzjcvbz95c3dk19cb0fw46180000gn/T/parlor-audit-ios-readiness-29-nn754kh4/DerivedData/Build/Intermediates.noindex/iosApp.build/Debug-iphonesimulator/iosApp.build/Objects-normal/undefined_arch
    export PER_VARIANT_OBJECT_FILE_DIR\=/var/folders/bl/vzjcvbz95c3dk19cb0fw46180000gn/T/parlor-audit-ios-readiness-29-nn754kh4/DerivedData/Build/Intermediates.noindex/iosApp.build/Debug-iphonesimulator/iosApp.build/Objects-normal
    export PKGINFO_FILE_PATH\=/var/folders/bl/vzjcvbz95c3dk19cb0fw46180000gn/T/parlor-audit-ios-readiness-29-nn754kh4/DerivedData/Build/Intermediates.noindex/iosApp.build/Debug-iphonesimulator/iosApp.build/PkgInfo
    export PKGINFO_PATH\=Parlor.app/PkgInfo
    export PLATFORM_DEVELOPER_APPLICATIONS_DIR\=/Applications/Xcode_26.3.app/Contents/Developer/Platforms/iPhoneSimulator.platform/Developer/Applications
    export PLATFORM_DEVELOPER_BIN_DIR\=/Applications/Xcode_26.3.app/Contents/Developer/Platforms/iPhoneSimulator.platform/Developer/usr/bin
    export PLATFORM_DEVELOPER_LIBRARY_DIR\=/Applications/Xcode_26.3.app/Contents/Developer/Platforms/iPhoneSimulator.platform/Developer/Library
    export PLATFORM_DEVELOPER_SDK_DIR\=/Applications/Xcode_26.3.app/Contents/Developer/Platforms/iPhoneSimulator.platform/Developer/SDKs
    export PLATFORM_DEVELOPER_TOOLS_DIR\=/Applications/Xcode_26.3.app/Contents/Developer/Platforms/iPhoneSimulator.platform/Developer/Tools
    export PLATFORM_DEVELOPER_USR_DIR\=/Applications/Xcode_26.3.app/Contents/Developer/Platforms/iPhoneSimulator.platform/Developer/usr
    export PLATFORM_DIR\=/Applications/Xcode_26.3.app/Contents/Developer/Platforms/iPhoneSimulator.platform
    export PLATFORM_DISPLAY_NAME\=iOS\ Simulator
    export PLATFORM_FAMILY_NAME\=iOS
    export PLATFORM_NAME\=iphonesimulator
    export PLATFORM_PREFERRED_ARCH\=x86_64
    export PLATFORM_PRODUCT_BUILD_VERSION\=23C57
    export PLATFORM_REQUIRES_SWIFT_AUTOLINK_EXTRACT\=NO
    export PLATFORM_REQUIRES_SWIFT_MODULEWRAP\=NO
    export PLIST_FILE_OUTPUT_FORMAT\=binary
    export PLUGINS_FOLDER_PATH\=Parlor.app/PlugIns
    export PRECOMPS_INCLUDE_HEADERS_FROM_BUILT_PRODUCTS_DIR\=YES
    export PRECOMP_DESTINATION_DIR\=/var/folders/bl/vzjcvbz95c3dk19cb0fw46180000gn/T/parlor-audit-ios-readiness-29-nn754kh4/DerivedData/Build/Intermediates.noindex/iosApp.build/Debug-iphonesimulator/iosApp.build/PrefixHeaders
    export PRIVATE_HEADERS_FOLDER_PATH\=Parlor.app/PrivateHeaders
    export PROCESSED_INFOPLIST_PATH\=/var/folders/bl/vzjcvbz95c3dk19cb0fw46180000gn/T/parlor-audit-ios-readiness-29-nn754kh4/DerivedData/Build/Intermediates.noindex/iosApp.build/Debug-iphonesimulator/iosApp.build/Objects-normal/undefined_arch/Processed-Info.plist
    export PRODUCT_BUNDLE_IDENTIFIER\=com.parlor.app.debug
    export PRODUCT_BUNDLE_PACKAGE_TYPE\=APPL
    export PRODUCT_MODULE_NAME\=Parlor
    export PRODUCT_NAME\=Parlor
    export PRODUCT_SETTINGS_PATH\=/var/folders/bl/vzjcvbz95c3dk19cb0fw46180000gn/T/parlor-audit-ios-readiness-29-nn754kh4/copy/iosApp/iosApp/Info.plist
    export PRODUCT_TYPE\=com.apple.product-type.application
    export PROFILING_CODE\=NO
    export PROJECT\=iosApp
    export PROJECT_DERIVED_FILE_DIR\=/var/folders/bl/vzjcvbz95c3dk19cb0fw46180000gn/T/parlor-audit-ios-readiness-29-nn754kh4/DerivedData/Build/Intermediates.noindex/iosApp.build/DerivedSources
    export PROJECT_DIR\=/var/folders/bl/vzjcvbz95c3dk19cb0fw46180000gn/T/parlor-audit-ios-readiness-29-nn754kh4/copy/iosApp
    export PROJECT_FILE_PATH\=/var/folders/bl/vzjcvbz95c3dk19cb0fw46180000gn/T/parlor-audit-ios-readiness-29-nn754kh4/copy/iosApp/iosApp.xcodeproj
    export PROJECT_GUID\=7b79493a8b7fc1f2fff3c51cd12ba024
    export PROJECT_NAME\=iosApp
    export PROJECT_TEMP_DIR\=/var/folders/bl/vzjcvbz95c3dk19cb0fw46180000gn/T/parlor-audit-ios-readiness-29-nn754kh4/DerivedData/Build/Intermediates.noindex/iosApp.build
    export PROJECT_TEMP_ROOT\=/var/folders/bl/vzjcvbz95c3dk19cb0fw46180000gn/T/parlor-audit-ios-readiness-29-nn754kh4/DerivedData/Build/Intermediates.noindex
    export PROVISIONING_PROFILE_REQUIRED\=NO
    export PROVISIONING_PROFILE_REQUIRED_YES_YES\=YES
    export PROVISIONING_PROFILE_SUPPORTED\=YES
    export PUBLIC_HEADERS_FOLDER_PATH\=Parlor.app/Headers
    export RECOMMENDED_IPHONEOS_DEPLOYMENT_TARGET\=15.0
    export RECURSIVE_SEARCH_PATHS_FOLLOW_SYMLINKS\=YES
    export REMOVE_CVS_FROM_RESOURCES\=YES
    export REMOVE_GIT_FROM_RESOURCES\=YES
    export REMOVE_HEADERS_FROM_EMBEDDED_BUNDLES\=YES
    export REMOVE_HG_FROM_RESOURCES\=YES
    export REMOVE_STATIC_EXECUTABLES_FROM_EMBEDDED_BUNDLES\=YES
    export REMOVE_SVN_FROM_RESOURCES\=YES
    export RESCHEDULE_INDEPENDENT_HEADERS_PHASES\=YES
    export REZ_COLLECTOR_DIR\=/var/folders/bl/vzjcvbz95c3dk19cb0fw46180000gn/T/parlor-audit-ios-readiness-29-nn754kh4/DerivedData/Build/Intermediates.noindex/iosApp.build/Debug-iphonesimulator/iosApp.build/ResourceManagerResources
    export REZ_OBJECTS_DIR\=/var/folders/bl/vzjcvbz95c3dk19cb0fw46180000gn/T/parlor-audit-ios-readiness-29-nn754kh4/DerivedData/Build/Intermediates.noindex/iosApp.build/Debug-iphonesimulator/iosApp.build/ResourceManagerResources/Objects
    export REZ_SEARCH_PATHS\=/var/folders/bl/vzjcvbz95c3dk19cb0fw46180000gn/T/parlor-audit-ios-readiness-29-nn754kh4/DerivedData/Build/Products/Debug-iphonesimulator\ 
    export RUNTIME_EXCEPTION_ALLOW_DYLD_ENVIRONMENT_VARIABLES\=NO
    export RUNTIME_EXCEPTION_ALLOW_JIT\=NO
    export RUNTIME_EXCEPTION_ALLOW_UNSIGNED_EXECUTABLE_MEMORY\=NO
    export RUNTIME_EXCEPTION_DEBUGGING_TOOL\=NO
    export RUNTIME_EXCEPTION_DISABLE_EXECUTABLE_PAGE_PROTECTION\=NO
    export RUNTIME_EXCEPTION_DISABLE_LIBRARY_VALIDATION\=NO
    export SCAN_ALL_SOURCE_FILES_FOR_INCLUDES\=NO
    export SCRIPTS_FOLDER_PATH\=Parlor.app/Scripts
    export SCRIPT_INPUT_FILE_COUNT\=0
    export SCRIPT_INPUT_FILE_LIST_COUNT\=0
    export SCRIPT_OUTPUT_FILE_COUNT\=0
    export SCRIPT_OUTPUT_FILE_LIST_COUNT\=0
    export SDKROOT\=/Applications/Xcode_26.3.app/Contents/Developer/Platforms/iPhoneSimulator.platform/Developer/SDKs/iPhoneSimulator26.2.sdk
    export SDK_DIR\=/Applications/Xcode_26.3.app/Contents/Developer/Platforms/iPhoneSimulator.platform/Developer/SDKs/iPhoneSimulator26.2.sdk
    export SDK_DIR_iphonesimulator\=/Applications/Xcode_26.3.app/Contents/Developer/Platforms/iPhoneSimulator.platform/Developer/SDKs/iPhoneSimulator26.2.sdk
    export SDK_DIR_iphonesimulator26_2\=/Applications/Xcode_26.3.app/Contents/Developer/Platforms/iPhoneSimulator.platform/Developer/SDKs/iPhoneSimulator26.2.sdk
    export SDK_NAME\=iphonesimulator26.2
    export SDK_NAMES\=iphonesimulator26.2
    export SDK_PRODUCT_BUILD_VERSION\=23C57
    export SDK_STAT_CACHE_DIR\=/var/folders/bl/vzjcvbz95c3dk19cb0fw46180000gn/T/parlor-audit-ios-readiness-29-nn754kh4/DerivedData
    export SDK_STAT_CACHE_ENABLE\=YES
    export SDK_STAT_CACHE_PATH\=/var/folders/bl/vzjcvbz95c3dk19cb0fw46180000gn/T/parlor-audit-ios-readiness-29-nn754kh4/DerivedData/SDKStatCaches.noindex/iphonesimulator26.2-23C57-dc75598d0054f22ec865fa860f139d72e244bd9a5feaf902f95f61bf06266e52.sdkstatcache
    export SDK_VERSION\=26.2
    export SDK_VERSION_ACTUAL\=260200
    export SDK_VERSION_MAJOR\=260000
    export SDK_VERSION_MINOR\=260200
    export SED\=/usr/bin/sed
    export SEPARATE_STRIP\=NO
    export SEPARATE_SYMBOL_EDIT\=NO
    export SET_DIR_MODE_OWNER_GROUP\=YES
    export SET_FILE_MODE_OWNER_GROUP\=NO
    export SHALLOW_BUNDLE\=YES
    export SHALLOW_BUNDLE_TRIPLE\=ios-simulator
    export SHALLOW_BUNDLE_ios_macabi\=NO
    export SHALLOW_BUNDLE_macos\=NO
    export SHARED_DERIVED_FILE_DIR\=/var/folders/bl/vzjcvbz95c3dk19cb0fw46180000gn/T/parlor-audit-ios-readiness-29-nn754kh4/DerivedData/Build/Products/Debug-iphonesimulator/DerivedSources
    export SHARED_FRAMEWORKS_FOLDER_PATH\=Parlor.app/SharedFrameworks
    export SHARED_PRECOMPS_DIR\=/var/folders/bl/vzjcvbz95c3dk19cb0fw46180000gn/T/parlor-audit-ios-readiness-29-nn754kh4/DerivedData/Build/Intermediates.noindex/PrecompiledHeaders
    export SHARED_SUPPORT_FOLDER_PATH\=Parlor.app/SharedSupport
    export SKIP_INSTALL\=NO
    export SOURCE_ROOT\=/var/folders/bl/vzjcvbz95c3dk19cb0fw46180000gn/T/parlor-audit-ios-readiness-29-nn754kh4/copy/iosApp
    export SRCROOT\=/var/folders/bl/vzjcvbz95c3dk19cb0fw46180000gn/T/parlor-audit-ios-readiness-29-nn754kh4/copy/iosApp
    export STRINGSDATA_DIR\=/var/folders/bl/vzjcvbz95c3dk19cb0fw46180000gn/T/parlor-audit-ios-readiness-29-nn754kh4/DerivedData/Build/Intermediates.noindex/iosApp.build/Debug-iphonesimulator/iosApp.build/Objects-normal/undefined_arch
    export STRINGSDATA_ROOT\=/var/folders/bl/vzjcvbz95c3dk19cb0fw46180000gn/T/parlor-audit-ios-readiness-29-nn754kh4/DerivedData/Build/Intermediates.noindex/iosApp.build/Debug-iphonesimulator/iosApp.build
    export STRINGS_FILE_INFOPLIST_RENAME\=YES
    export STRINGS_FILE_OUTPUT_ENCODING\=binary
    export STRING_CATALOG_GENERATE_SYMBOLS\=NO
    export STRIP_BITCODE_FROM_COPIED_FILES\=NO
    export STRIP_INSTALLED_PRODUCT\=NO
    export STRIP_STYLE\=all
    export STRIP_SWIFT_SYMBOLS\=YES
    export SUPPORTED_DEVICE_FAMILIES\=1,2
    export SUPPORTED_PLATFORMS\=iphoneos\ iphonesimulator
    export SUPPORTS_MACCATALYST\=NO
    export SUPPORTS_ON_DEMAND_RESOURCES\=YES
    export SUPPORTS_TEXT_BASED_API\=NO
    export SUPPRESS_WARNINGS\=NO
    export SWIFT_ACTIVE_COMPILATION_CONDITIONS\=DEBUG
    export SWIFT_EMIT_CONST_VALUE_PROTOCOLS\=AppIntent\ EntityQuery\ AppEntity\ TransientEntity\ AppEnum\ AppShortcutProviding\ AppShortcutsProvider\ AnyResolverProviding\ AppIntentsPackage\ DynamicOptionsProvider\ _IntentValueRepresentable\ _AssistantIntentsProvider\ _GenerativeFunctionExtractable\ IntentValueQuery\ Resolver\ AppExtension\ ExtensionPointDefining
    export SWIFT_EMIT_LOC_STRINGS\=YES
    export SWIFT_ENABLE_EXPLICIT_MODULES\=YES
    export SWIFT_OBJC_BRIDGING_HEADER\=/var/folders/bl/vzjcvbz95c3dk19cb0fw46180000gn/T/parlor-audit-ios-readiness-29-nn754kh4/copy/iosApp/iosApp/L08AppFoundationBridge.h
    export SWIFT_OPTIMIZATION_LEVEL\=-Onone
    export SWIFT_PLATFORM_TARGET_PREFIX\=ios
    export SWIFT_RESPONSE_FILE_PATH_normal_arm64\=/var/folders/bl/vzjcvbz95c3dk19cb0fw46180000gn/T/parlor-audit-ios-readiness-29-nn754kh4/DerivedData/Build/Intermediates.noindex/iosApp.build/Debug-iphonesimulator/iosApp.build/Objects-normal/arm64/Parlor.SwiftFileList
    export SWIFT_VERSION\=5.0
    export SYMROOT\=/var/folders/bl/vzjcvbz95c3dk19cb0fw46180000gn/T/parlor-audit-ios-readiness-29-nn754kh4/DerivedData/Build/Products
    export SYSTEM_ADMIN_APPS_DIR\=/Applications/Utilities
    export SYSTEM_APPS_DIR\=/Applications
    export SYSTEM_CORE_SERVICES_DIR\=/System/Library/CoreServices
    export SYSTEM_DEMOS_DIR\=/Applications/Extras
    export SYSTEM_DEVELOPER_APPS_DIR\=/Applications/Xcode_26.3.app/Contents/Developer/Applications
    export SYSTEM_DEVELOPER_BIN_DIR\=/Applications/Xcode_26.3.app/Contents/Developer/usr/bin
    export SYSTEM_DEVELOPER_DEMOS_DIR\=/Applications/Xcode_26.3.app/Contents/Developer/Applications/Utilities/Built\ Examples
    export SYSTEM_DEVELOPER_DIR\=/Applications/Xcode_26.3.app/Contents/Developer
    export SYSTEM_DEVELOPER_DOC_DIR\=/Applications/Xcode_26.3.app/Contents/Developer/ADC\ Reference\ Library
    export SYSTEM_DEVELOPER_GRAPHICS_TOOLS_DIR\=/Applications/Xcode_26.3.app/Contents/Developer/Applications/Graphics\ Tools
    export SYSTEM_DEVELOPER_JAVA_TOOLS_DIR\=/Applications/Xcode_26.3.app/Contents/Developer/Applications/Java\ Tools
    export SYSTEM_DEVELOPER_PERFORMANCE_TOOLS_DIR\=/Applications/Xcode_26.3.app/Contents/Developer/Applications/Performance\ Tools
    export SYSTEM_DEVELOPER_RELEASENOTES_DIR\=/Applications/Xcode_26.3.app/Contents/Developer/ADC\ Reference\ Library/releasenotes
    export SYSTEM_DEVELOPER_TOOLS\=/Applications/Xcode_26.3.app/Contents/Developer/Tools
    export SYSTEM_DEVELOPER_TOOLS_DOC_DIR\=/Applications/Xcode_26.3.app/Contents/Developer/ADC\ Reference\ Library/documentation/DeveloperTools
    export SYSTEM_DEVELOPER_TOOLS_RELEASENOTES_DIR\=/Applications/Xcode_26.3.app/Contents/Developer/ADC\ Reference\ Library/releasenotes/DeveloperTools
    export SYSTEM_DEVELOPER_USR_DIR\=/Applications/Xcode_26.3.app/Contents/Developer/usr
    export SYSTEM_DEVELOPER_UTILITIES_DIR\=/Applications/Xcode_26.3.app/Contents/Developer/Applications/Utilities
    export SYSTEM_DEXT_INSTALL_PATH\=/System/Library/DriverExtensions
    export SYSTEM_DOCUMENTATION_DIR\=/Library/Documentation
    export SYSTEM_EXTENSIONS_FOLDER_PATH\=Parlor.app/SystemExtensions
    export SYSTEM_EXTENSIONS_FOLDER_PATH_SHALLOW_BUNDLE_NO\=Parlor.app/Library/SystemExtensions
    export SYSTEM_EXTENSIONS_FOLDER_PATH_SHALLOW_BUNDLE_YES\=Parlor.app/SystemExtensions
    export SYSTEM_KEXT_INSTALL_PATH\=/System/Library/Extensions
    export SYSTEM_LIBRARY_DIR\=/System/Library
    export TAPI_DEMANGLE\=YES
    export TAPI_ENABLE_PROJECT_HEADERS\=NO
    export TAPI_LANGUAGE\=objective-c
    export TAPI_LANGUAGE_STANDARD\=compiler-default
    export TAPI_USE_SRCROOT\=YES
    export TAPI_VERIFY_MODE\=Pedantic
    export TARGETED_DEVICE_FAMILY\=1,2
    export TARGETNAME\=iosApp
    export TARGET_BUILD_DIR\=/var/folders/bl/vzjcvbz95c3dk19cb0fw46180000gn/T/parlor-audit-ios-readiness-29-nn754kh4/DerivedData/Build/Products/Debug-iphonesimulator
    export TARGET_DEVICE_IDENTIFIER\=D2EABE0F-F3C7-4D8A-AD23-4AD501ADB44B
    export TARGET_DEVICE_MODEL\=iPhone18,1
    export TARGET_DEVICE_OS_VERSION\=26.2
    export TARGET_DEVICE_PLATFORM_NAME\=iphonesimulator
    export TARGET_NAME\=iosApp
    export TARGET_TEMP_DIR\=/var/folders/bl/vzjcvbz95c3dk19cb0fw46180000gn/T/parlor-audit-ios-readiness-29-nn754kh4/DerivedData/Build/Intermediates.noindex/iosApp.build/Debug-iphonesimulator/iosApp.build
    export TEMP_DIR\=/var/folders/bl/vzjcvbz95c3dk19cb0fw46180000gn/T/parlor-audit-ios-readiness-29-nn754kh4/DerivedData/Build/Intermediates.noindex/iosApp.build/Debug-iphonesimulator/iosApp.build
    export TEMP_FILES_DIR\=/var/folders/bl/vzjcvbz95c3dk19cb0fw46180000gn/T/parlor-audit-ios-readiness-29-nn754kh4/DerivedData/Build/Intermediates.noindex/iosApp.build/Debug-iphonesimulator/iosApp.build
    export TEMP_FILE_DIR\=/var/folders/bl/vzjcvbz95c3dk19cb0fw46180000gn/T/parlor-audit-ios-readiness-29-nn754kh4/DerivedData/Build/Intermediates.noindex/iosApp.build/Debug-iphonesimulator/iosApp.build
    export TEMP_ROOT\=/var/folders/bl/vzjcvbz95c3dk19cb0fw46180000gn/T/parlor-audit-ios-readiness-29-nn754kh4/DerivedData/Build/Intermediates.noindex
    export TEMP_SANDBOX_DIR\=/var/folders/bl/vzjcvbz95c3dk19cb0fw46180000gn/T/parlor-audit-ios-readiness-29-nn754kh4/DerivedData/Build/Intermediates.noindex/TemporaryTaskSandboxes
    export TEST_FRAMEWORK_SEARCH_PATHS\=\ /Applications/Xcode_26.3.app/Contents/Developer/Platforms/iPhoneSimulator.platform/Developer/Library/Frameworks\ /Applications/Xcode_26.3.app/Contents/Developer/Platforms/iPhoneSimulator.platform/Developer/SDKs/iPhoneSimulator26.2.sdk/Developer/Library/Frameworks
    export TEST_LIBRARY_SEARCH_PATHS\=\ /Applications/Xcode_26.3.app/Contents/Developer/Platforms/iPhoneSimulator.platform/Developer/usr/lib
    export TOOLCHAINS\=com.apple.dt.toolchain.Metal.32023.864\ com.apple.dt.toolchain.XcodeDefault
    export TOOLCHAIN_DIR\=/var/run/com.apple.security.cryptexd/mnt/com.apple.MobileAsset.MetalToolchain-v17.3.7003.10.ydw3YT/Metal.xctoolchain
    export TOOLCHAIN_VERSION\=32023.864
    export TREAT_MISSING_BASELINES_AS_TEST_FAILURES\=NO
    export TREAT_MISSING_SCRIPT_PHASE_OUTPUTS_AS_ERRORS\=NO
    export TeamIdentifierPrefix\=FAKETEAMID.
    export UID\=501
    export UNINSTALLED_PRODUCTS_DIR\=/var/folders/bl/vzjcvbz95c3dk19cb0fw46180000gn/T/parlor-audit-ios-readiness-29-nn754kh4/DerivedData/Build/Intermediates.noindex/UninstalledProducts
    export UNLOCALIZED_RESOURCES_FOLDER_PATH\=Parlor.app
    export UNLOCALIZED_RESOURCES_FOLDER_PATH_SHALLOW_BUNDLE_NO\=Parlor.app/Resources
    export UNLOCALIZED_RESOURCES_FOLDER_PATH_SHALLOW_BUNDLE_YES\=Parlor.app
    export UNSTRIPPED_PRODUCT\=NO
    export USER\=runner
    export USER_APPS_DIR\=/Users/runner/Applications
    export USER_LIBRARY_DIR\=/Users/runner/Library
    export USE_DYNAMIC_NO_PIC\=YES
    export USE_HEADERMAP\=YES
    export USE_HEADER_SYMLINKS\=NO
    export VALIDATE_DEVELOPMENT_ASSET_PATHS\=YES_ERROR
    export VALIDATE_PRODUCT\=NO
    export VALID_ARCHS\=arm64\ x86_64
    export VERBOSE_PBXCP\=NO
    export VERSIONPLIST_PATH\=Parlor.app/version.plist
    export VERSION_INFO_BUILDER\=runner
    export VERSION_INFO_FILE\=Parlor_vers.c
    export VERSION_INFO_STRING\=\"@\(\#\)PROGRAM:Parlor\ \ PROJECT:iosApp-1\"
    export WORKSPACE_DIR\=/var/folders/bl/vzjcvbz95c3dk19cb0fw46180000gn/T/parlor-audit-ios-readiness-29-nn754kh4/copy/iosApp/iosApp.xcodeproj
    export WRAPPER_EXTENSION\=app
    export WRAPPER_NAME\=Parlor.app
    export WRAPPER_SUFFIX\=.app
    export WRAP_ASSET_PACKS_IN_SEPARATE_DIRECTORIES\=NO
    export XCODE_APP_SUPPORT_DIR\=/Applications/Xcode_26.3.app/Contents/Developer/Library/Xcode
    export XCODE_PRODUCT_BUILD_VERSION\=17C529
    export XCODE_VERSION_ACTUAL\=2630
    export XCODE_VERSION_MAJOR\=2600
    export XCODE_VERSION_MINOR\=2630
    export XPCSERVICES_FOLDER_PATH\=Parlor.app/XPCServices
    export YACC\=yacc
    export _DISCOVER_COMMAND_LINE_LINKER_INPUTS\=YES
    export _DISCOVER_COMMAND_LINE_LINKER_INPUTS_INCLUDE_WL\=YES
    export _LD_MULTIARCH\=YES
    export _WRAPPER_CONTENTS_DIR_SHALLOW_BUNDLE_NO\=/Contents
    export _WRAPPER_PARENT_PATH_SHALLOW_BUNDLE_NO\=/..
    export _WRAPPER_RESOURCES_DIR_SHALLOW_BUNDLE_NO\=/Resources
    export __DIAGNOSE_DEPRECATED_ARCHS\=YES
    export __IS_NOT_MACOS\=YES
    export __IS_NOT_MACOS_macosx\=NO
    export __IS_NOT_SIMULATOR\=NO
    export __IS_NOT_SIMULATOR_simulator\=NO
    export arch\=undefined_arch
    export variant\=normal
    /bin/sh -c /var/folders/bl/vzjcvbz95c3dk19cb0fw46180000gn/T/parlor-audit-ios-readiness-29-nn754kh4/DerivedData/Build/Intermediates.noindex/iosApp.build/Debug-iphonesimulator/iosApp.build/Script-F7AC9D762B0E10F7008B8A48.sh
Downloading https://services.gradle.org/distributions/gradle-8.13-bin.zip
.............10%.............20%.............30%.............40%.............50%.............60%.............70%.............80%.............90%.............100%

Welcome to Gradle 8.13!

Here are the highlights of this release:
 - Daemon JVM auto-provisioning
 - Enhancements for Scala plugin and JUnit testing
 - Improvements for build authors and plugin developers

For more details see https://docs.gradle.org/8.13/release-notes.html

To honour the JVM settings for this build a single-use Daemon process will be forked. For more on this, please refer to https://docs.gradle.org/8.13/userguide/gradle_daemon.html#sec:disabling_the_daemon in the Gradle documentation.
Daemon will be stopped at the end of the build 
Type-safe project accessors is an incubating feature.
> Task :build-logic:convention:checkKotlinGradlePluginConfigurationErrors SKIPPED
> Task :build-logic:convention:compileKotlin
> Task :build-logic:convention:compileJava NO-SOURCE
> Task :build-logic:convention:pluginDescriptors
> Task :build-logic:convention:processResources
> Task :build-logic:convention:classes
> Task :build-logic:convention:jar

> Configure project :composeApp
WARNING: The option setting 'android.experimental.lint.version=9.1.1' is experimental.
w: ⚠️ Deprecated Gradle Version
The used Gradle version (Gradle 8.13) is deprecated and will not be supported in future Kotlin Gradle Plugin releases.
The minimum supported Gradle version will become Gradle 8.14.4 in Kotlin 2.5.0.

This warning can be suppressed in 'gradle.properties':
    kotlin.suppressGradlePluginWarnings=DeprecatedGradleVersionWarning
Solution: Please update the Gradle version to at least Gradle 8.14.4.

w: ⚠️ Native task 'iosX64Test' is disabled
Task 'iosX64Test' for target 'ios_x64' cannot run on the current host (macos-aarch64).
Reason: architecture mismatch - target requires X64, current host is ARM64
Solution: To suppress this warning, add 'kotlin.native.ignoreDisabledTargets=true' to gradle.properties.


> Task :composeApp:checkSandboxAndWriteProtection
> Task :composeApp:checkSyntheticImportProjectIsCorrectlyIntegrated
> Task :composeApp:checkSyntheticImportProjectIsCorrectlyIntegrated SKIPPED
> Task :composeApp:generateSyntheticLinkageSwiftPMImportProjectForEmbedAndSignLinkage SKIPPED
> Task :composeApp:kmpPartiallyResolvedDependenciesChecker
> Task :composeApp:checkKotlinGradlePluginConfigurationErrors SKIPPED

> Task :composeApp:downloadKotlinNativeDistribution
Kotlin/Native bundle directory /Users/runner/.konan/kotlin-native-prebuilt-macos-aarch64-2.4.10 is not empty. Native bundle files will be overwritten.
Downloading native dependencies (LLVM, sysroot etc). This is a one-time action performed only on the first run of the compiler.
Downloading dependency https://download.jetbrains.com/kotlin/native/resources/llvm/21-aarch64-macos/llvm-21-aarch64-macos-essentials-97.tar.gz to /Users/runner/.konan/dependencies/cache/llvm-21-aarch64-macos-essentials-97.tar.gz
Done.
Extracting dependency: /Users/runner/.konan/dependencies/cache/llvm-21-aarch64-macos-essentials-97.tar.gz into /Users/runner/.konan/dependencies
Downloading dependency https://download.jetbrains.com/kotlin/native/libffi-3.3-1-macos-arm64.tar.gz to /Users/runner/.konan/dependencies/cache/libffi-3.3-1-macos-arm64.tar.gz
Done.
Extracting dependency: /Users/runner/.konan/dependencies/cache/libffi-3.3-1-macos-arm64.tar.gz into /Users/runner/.konan/dependencies

> Task :composeApp:convertXmlValueResourcesForAppleMain NO-SOURCE
> Task :composeApp:copyNonXmlValueResourcesForAppleMain NO-SOURCE
> Task :composeApp:prepareComposeResourcesTaskForAppleMain NO-SOURCE
> Task :composeApp:generateResourceAccessorsForAppleMain NO-SOURCE
> Task :composeApp:convertXmlValueResourcesForCommonMain
> Task :composeApp:copyNonXmlValueResourcesForCommonMain
> Task :composeApp:prepareComposeResourcesTaskForCommonMain
> Task :composeApp:generateResourceAccessorsForCommonMain
> Task :composeApp:convertXmlValueResourcesForIosMain NO-SOURCE
> Task :composeApp:copyNonXmlValueResourcesForIosMain NO-SOURCE
> Task :composeApp:prepareComposeResourcesTaskForIosMain NO-SOURCE
> Task :composeApp:generateResourceAccessorsForIosMain NO-SOURCE
> Task :composeApp:convertXmlValueResourcesForIosSimulatorArm64Main NO-SOURCE
> Task :composeApp:copyNonXmlValueResourcesForIosSimulatorArm64Main NO-SOURCE
> Task :composeApp:prepareComposeResourcesTaskForIosSimulatorArm64Main NO-SOURCE
> Task :composeApp:generateResourceAccessorsForIosSimulatorArm64Main NO-SOURCE
> Task :composeApp:convertXmlValueResourcesForNativeMain NO-SOURCE
> Task :composeApp:copyNonXmlValueResourcesForNativeMain NO-SOURCE
> Task :composeApp:prepareComposeResourcesTaskForNativeMain NO-SOURCE
> Task :composeApp:generateResourceAccessorsForNativeMain NO-SOURCE
> Task :composeApp:generateActualResourceCollectorsForIosSimulatorArm64Main
> Task :composeApp:generateComposeResClass
> Task :composeApp:generateExpectResourceCollectorsForCommonMain
> Task :composeApp:generateParlorVersion
> Task :game-modes:mafia:kmpPartiallyResolvedDependenciesChecker
> Task :game-modes:mafia:checkKotlinGradlePluginConfigurationErrors SKIPPED
> Task :game-modes:mafia:downloadKotlinNativeDistribution
> Task :game-modes:mafia:convertXmlValueResourcesForAppleMain NO-SOURCE
> Task :game-modes:mafia:copyNonXmlValueResourcesForAppleMain NO-SOURCE
> Task :game-modes:mafia:prepareComposeResourcesTaskForAppleMain NO-SOURCE
> Task :game-modes:mafia:generateResourceAccessorsForAppleMain NO-SOURCE
> Task :game-modes:mafia:convertXmlValueResourcesForCommonMain
> Task :game-modes:mafia:copyNonXmlValueResourcesForCommonMain NO-SOURCE
> Task :game-modes:mafia:prepareComposeResourcesTaskForCommonMain
> Task :game-modes:mafia:generateResourceAccessorsForCommonMain
> Task :game-modes:mafia:convertXmlValueResourcesForIosMain NO-SOURCE
> Task :game-modes:mafia:copyNonXmlValueResourcesForIosMain NO-SOURCE
> Task :game-modes:mafia:prepareComposeResourcesTaskForIosMain NO-SOURCE
> Task :game-modes:mafia:generateResourceAccessorsForIosMain NO-SOURCE
> Task :game-modes:mafia:convertXmlValueResourcesForIosSimulatorArm64Main NO-SOURCE
> Task :game-modes:mafia:copyNonXmlValueResourcesForIosSimulatorArm64Main NO-SOURCE
> Task :game-modes:mafia:prepareComposeResourcesTaskForIosSimulatorArm64Main NO-SOURCE
> Task :game-modes:mafia:generateResourceAccessorsForIosSimulatorArm64Main NO-SOURCE
> Task :game-modes:mafia:convertXmlValueResourcesForNativeMain NO-SOURCE
> Task :game-modes:mafia:copyNonXmlValueResourcesForNativeMain NO-SOURCE
> Task :game-modes:mafia:prepareComposeResourcesTaskForNativeMain NO-SOURCE
> Task :game-modes:mafia:generateResourceAccessorsForNativeMain NO-SOURCE
> Task :game-modes:mafia:generateActualResourceCollectorsForIosSimulatorArm64Main
> Task :game-modes:mafia:generateComposeResClass
> Task :game-modes:mafia:generateExpectResourceCollectorsForCommonMain
> Task :shared:content:kmpPartiallyResolvedDependenciesChecker
> Task :shared:content:checkKotlinGradlePluginConfigurationErrors SKIPPED
> Task :shared:content:downloadKotlinNativeDistribution
> Task :shared:core:kmpPartiallyResolvedDependenciesChecker
> Task :shared:core:checkKotlinGradlePluginConfigurationErrors SKIPPED
> Task :shared:core:downloadKotlinNativeDistribution
> Task :shared:core:compileKotlinIosSimulatorArm64
> Task :shared:core:exportCrossCompilationMetadataForIosSimulatorArm64ApiElements
> Task :shared:engine:kmpPartiallyResolvedDependenciesChecker
> Task :shared:engine:checkKotlinGradlePluginConfigurationErrors SKIPPED
> Task :shared:engine:downloadKotlinNativeDistribution
> Task :shared:engine:compileKotlinIosSimulatorArm64
> Task :shared:engine:exportCrossCompilationMetadataForIosSimulatorArm64ApiElements
> Task :shared:content:compileKotlinIosSimulatorArm64
> Task :shared:content:exportCrossCompilationMetadataForIosSimulatorArm64ApiElements
> Task :shared:design-system:kmpPartiallyResolvedDependenciesChecker
> Task :shared:design-system:checkKotlinGradlePluginConfigurationErrors SKIPPED
> Task :shared:design-system:downloadKotlinNativeDistribution
> Task :shared:design-system:convertXmlValueResourcesForAppleMain NO-SOURCE
> Task :shared:design-system:copyNonXmlValueResourcesForAppleMain NO-SOURCE
> Task :shared:design-system:prepareComposeResourcesTaskForAppleMain NO-SOURCE
> Task :shared:design-system:generateResourceAccessorsForAppleMain NO-SOURCE
> Task :shared:design-system:convertXmlValueResourcesForCommonMain
> Task :shared:design-system:copyNonXmlValueResourcesForCommonMain
> Task :shared:design-system:prepareComposeResourcesTaskForCommonMain
> Task :shared:design-system:generateResourceAccessorsForCommonMain
> Task :shared:design-system:convertXmlValueResourcesForIosMain NO-SOURCE
> Task :shared:design-system:copyNonXmlValueResourcesForIosMain NO-SOURCE
> Task :shared:design-system:prepareComposeResourcesTaskForIosMain NO-SOURCE
> Task :shared:design-system:generateResourceAccessorsForIosMain NO-SOURCE
> Task :shared:design-system:convertXmlValueResourcesForIosSimulatorArm64Main NO-SOURCE
> Task :shared:design-system:copyNonXmlValueResourcesForIosSimulatorArm64Main NO-SOURCE
> Task :shared:design-system:prepareComposeResourcesTaskForIosSimulatorArm64Main NO-SOURCE
> Task :shared:design-system:generateResourceAccessorsForIosSimulatorArm64Main NO-SOURCE
> Task :shared:design-system:convertXmlValueResourcesForNativeMain NO-SOURCE
> Task :shared:design-system:copyNonXmlValueResourcesForNativeMain NO-SOURCE
> Task :shared:design-system:prepareComposeResourcesTaskForNativeMain NO-SOURCE
> Task :shared:design-system:generateResourceAccessorsForNativeMain NO-SOURCE
> Task :shared:design-system:generateActualResourceCollectorsForIosSimulatorArm64Main
> Task :shared:design-system:generateComposeResClass
> Task :shared:design-system:generateExpectResourceCollectorsForCommonMain
> Task :shared:design-system:compileKotlinIosSimulatorArm64
> Task :shared:design-system:exportCrossCompilationMetadataForIosSimulatorArm64ApiElements
> Task :shared:networking:kmpPartiallyResolvedDependenciesChecker
> Task :shared:networking:checkKotlinGradlePluginConfigurationErrors SKIPPED
> Task :shared:networking:downloadKotlinNativeDistribution
> Task :shared:networking:compileKotlinIosSimulatorArm64
> Task :shared:networking:exportCrossCompilationMetadataForIosSimulatorArm64ApiElements
> Task :shared:session:kmpPartiallyResolvedDependenciesChecker
> Task :shared:session:checkKotlinGradlePluginConfigurationErrors SKIPPED
> Task :shared:session:downloadKotlinNativeDistribution
> Task :shared:session:compileKotlinIosSimulatorArm64
> Task :shared:session:exportCrossCompilationMetadataForIosSimulatorArm64ApiElements
> Task :shared:storage:kmpPartiallyResolvedDependenciesChecker
> Task :shared:storage:checkKotlinGradlePluginConfigurationErrors SKIPPED
> Task :shared:storage:downloadKotlinNativeDistribution
> Task :shared:storage:compileKotlinIosSimulatorArm64
> Task :shared:storage:exportCrossCompilationMetadataForIosSimulatorArm64ApiElements
> Task :game-modes:mafia:compileKotlinIosSimulatorArm64
> Task :game-modes:mafia:exportCrossCompilationMetadataForIosSimulatorArm64ApiElements
> Task :game-modes:whodunit:kmpPartiallyResolvedDependenciesChecker
> Task :game-modes:whodunit:checkKotlinGradlePluginConfigurationErrors SKIPPED
> Task :game-modes:whodunit:downloadKotlinNativeDistribution
> Task :game-modes:whodunit:convertXmlValueResourcesForAppleMain NO-SOURCE
> Task :game-modes:whodunit:copyNonXmlValueResourcesForAppleMain NO-SOURCE
> Task :game-modes:whodunit:prepareComposeResourcesTaskForAppleMain NO-SOURCE
> Task :game-modes:whodunit:generateResourceAccessorsForAppleMain NO-SOURCE
> Task :game-modes:whodunit:convertXmlValueResourcesForCommonMain
> Task :game-modes:whodunit:copyNonXmlValueResourcesForCommonMain
> Task :game-modes:whodunit:prepareComposeResourcesTaskForCommonMain
> Task :game-modes:whodunit:generateResourceAccessorsForCommonMain
> Task :game-modes:whodunit:convertXmlValueResourcesForIosMain NO-SOURCE
> Task :game-modes:whodunit:copyNonXmlValueResourcesForIosMain NO-SOURCE
> Task :game-modes:whodunit:prepareComposeResourcesTaskForIosMain NO-SOURCE
> Task :game-modes:whodunit:generateResourceAccessorsForIosMain NO-SOURCE
> Task :game-modes:whodunit:convertXmlValueResourcesForIosSimulatorArm64Main NO-SOURCE
> Task :game-modes:whodunit:copyNonXmlValueResourcesForIosSimulatorArm64Main NO-SOURCE
> Task :game-modes:whodunit:prepareComposeResourcesTaskForIosSimulatorArm64Main NO-SOURCE
> Task :game-modes:whodunit:generateResourceAccessorsForIosSimulatorArm64Main NO-SOURCE
> Task :game-modes:whodunit:convertXmlValueResourcesForNativeMain NO-SOURCE
> Task :game-modes:whodunit:copyNonXmlValueResourcesForNativeMain NO-SOURCE
> Task :game-modes:whodunit:prepareComposeResourcesTaskForNativeMain NO-SOURCE
> Task :game-modes:whodunit:generateResourceAccessorsForNativeMain NO-SOURCE
> Task :game-modes:whodunit:generateActualResourceCollectorsForIosSimulatorArm64Main
> Task :game-modes:whodunit:generateComposeResClass
> Task :game-modes:whodunit:generateExpectResourceCollectorsForCommonMain
> Task :game-modes:whodunit:compileKotlinIosSimulatorArm64
> Task :game-modes:whodunit:exportCrossCompilationMetadataForIosSimulatorArm64ApiElements
> Task :shared:transport-p2p:kmpPartiallyResolvedDependenciesChecker
> Task :shared:transport-p2p:checkKotlinGradlePluginConfigurationErrors SKIPPED
> Task :shared:transport-p2p:downloadKotlinNativeDistribution
> Task :shared:transport-p2p:compileKotlinIosSimulatorArm64
> Task :shared:transport-p2p:exportCrossCompilationMetadataForIosSimulatorArm64ApiElements
> Task :composeApp:compileKotlinIosSimulatorArm64
> Task :composeApp:computeLocalPackageDependencyInputFiles
> Task :composeApp:generateSyntheticLinkageSwiftPMImportProjectForCinteropsAndLdDump SKIPPED
> Task :composeApp:serializeSwiftPMDependenciesMetadataForLockFiles
> Task :game-modes:mafia:serializeSwiftPMDependenciesMetadataForLockFiles
> Task :game-modes:whodunit:serializeSwiftPMDependenciesMetadataForLockFiles
> Task :shared:content:serializeSwiftPMDependenciesMetadataForLockFiles
> Task :shared:core:serializeSwiftPMDependenciesMetadataForLockFiles
> Task :shared:design-system:serializeSwiftPMDependenciesMetadataForLockFiles
> Task :shared:engine:serializeSwiftPMDependenciesMetadataForLockFiles
> Task :shared:engine-testing:serializeSwiftPMDependenciesMetadataForLockFiles
> Task :shared:networking:serializeSwiftPMDependenciesMetadataForLockFiles
> Task :shared:networking-testing:serializeSwiftPMDependenciesMetadataForLockFiles
> Task :shared:session:serializeSwiftPMDependenciesMetadataForLockFiles
> Task :shared:storage:serializeSwiftPMDependenciesMetadataForLockFiles
> Task :shared:transport-p2p:serializeSwiftPMDependenciesMetadataForLockFiles
> Task :composeApp:generateUmbrellaPackageIdentifierBasedResolutionForDefault SKIPPED
> Task :composeApp:fetchUmbrellaPackageIdentifierForDefault SKIPPED
> Task :composeApp:syncPersistedPackageResolvedToSynthetic SKIPPED
> Task :composeApp:fetchSyntheticImportProjectPackages SKIPPED
> Task :composeApp:convertSyntheticImportProjectIntoDefFileIphonesimulator
> Task :composeApp:linkDebugFrameworkIosSimulatorArm64
warning: The number of threads 4 is more than the number of processors 3

> Task :composeApp:assembleDebugAppleFrameworkForXcodeIosSimulatorArm64
> Task :composeApp:createBuildSystemDirectory
> Task :composeApp:symbolicLinkToAssembleDebugAppleFrameworkForXcodeIosSimulatorArm64
> Task :composeApp:copyDsymForEmbedAndSignAppleFrameworkForXcode SKIPPED
> Task :composeApp:checkCanSyncComposeResourcesForIos
> Task :game-modes:mafia:convertXmlValueResourcesForIosArm64Main NO-SOURCE
> Task :game-modes:mafia:copyNonXmlValueResourcesForIosArm64Main NO-SOURCE
> Task :game-modes:mafia:prepareComposeResourcesTaskForIosArm64Main NO-SOURCE
> Task :game-modes:mafia:assembleIosArm64MainResources
> Task :game-modes:mafia:iosArm64CopyHierarchicalMultiplatformResources
> Task :game-modes:mafia:iosArm64ZipMultiplatformResourcesForPublication
> Task :game-modes:whodunit:convertXmlValueResourcesForIosArm64Main NO-SOURCE
> Task :game-modes:whodunit:copyNonXmlValueResourcesForIosArm64Main NO-SOURCE
> Task :game-modes:whodunit:prepareComposeResourcesTaskForIosArm64Main NO-SOURCE
> Task :game-modes:whodunit:assembleIosArm64MainResources
> Task :game-modes:whodunit:iosArm64CopyHierarchicalMultiplatformResources
> Task :game-modes:whodunit:iosArm64ZipMultiplatformResourcesForPublication
> Task :shared:design-system:convertXmlValueResourcesForIosArm64Main NO-SOURCE
> Task :shared:design-system:copyNonXmlValueResourcesForIosArm64Main NO-SOURCE
> Task :shared:design-system:prepareComposeResourcesTaskForIosArm64Main NO-SOURCE
> Task :shared:design-system:assembleIosArm64MainResources
> Task :shared:design-system:iosArm64CopyHierarchicalMultiplatformResources
> Task :shared:design-system:iosArm64ZipMultiplatformResourcesForPublication
> Task :composeApp:iosArm64ResolveResourcesFromDependencies
> Task :composeApp:convertXmlValueResourcesForIosArm64Main NO-SOURCE
> Task :composeApp:copyNonXmlValueResourcesForIosArm64Main NO-SOURCE
> Task :composeApp:prepareComposeResourcesTaskForIosArm64Main NO-SOURCE
> Task :composeApp:assembleIosArm64MainResources
> Task :composeApp:iosArm64ResolveSelfResourcesCopyHierarchicalMultiplatformResources
> Task :composeApp:iosArm64AggregateResources
> Task :game-modes:mafia:assembleIosSimulatorArm64MainResources
> Task :game-modes:mafia:iosSimulatorArm64CopyHierarchicalMultiplatformResources
> Task :game-modes:mafia:iosSimulatorArm64ZipMultiplatformResourcesForPublication
> Task :game-modes:whodunit:assembleIosSimulatorArm64MainResources
> Task :game-modes:whodunit:iosSimulatorArm64CopyHierarchicalMultiplatformResources
> Task :game-modes:whodunit:iosSimulatorArm64ZipMultiplatformResourcesForPublication
> Task :shared:design-system:assembleIosSimulatorArm64MainResources
> Task :shared:design-system:iosSimulatorArm64CopyHierarchicalMultiplatformResources
> Task :shared:design-system:iosSimulatorArm64ZipMultiplatformResourcesForPublication
> Task :composeApp:iosSimulatorArm64ResolveResourcesFromDependencies
> Task :composeApp:assembleIosSimulatorArm64MainResources
> Task :composeApp:iosSimulatorArm64ResolveSelfResourcesCopyHierarchicalMultiplatformResources
> Task :composeApp:iosSimulatorArm64AggregateResources
> Task :game-modes:mafia:convertXmlValueResourcesForIosX64Main NO-SOURCE
> Task :game-modes:mafia:copyNonXmlValueResourcesForIosX64Main NO-SOURCE
> Task :game-modes:mafia:prepareComposeResourcesTaskForIosX64Main NO-SOURCE
> Task :game-modes:mafia:assembleIosX64MainResources
> Task :game-modes:mafia:iosX64CopyHierarchicalMultiplatformResources
> Task :game-modes:mafia:iosX64ZipMultiplatformResourcesForPublication
> Task :game-modes:whodunit:convertXmlValueResourcesForIosX64Main NO-SOURCE
> Task :game-modes:whodunit:copyNonXmlValueResourcesForIosX64Main NO-SOURCE
> Task :game-modes:whodunit:prepareComposeResourcesTaskForIosX64Main NO-SOURCE
> Task :game-modes:whodunit:assembleIosX64MainResources
> Task :game-modes:whodunit:iosX64CopyHierarchicalMultiplatformResources
> Task :game-modes:whodunit:iosX64ZipMultiplatformResourcesForPublication
> Task :shared:design-system:convertXmlValueResourcesForIosX64Main NO-SOURCE
> Task :shared:design-system:copyNonXmlValueResourcesForIosX64Main NO-SOURCE
> Task :shared:design-system:prepareComposeResourcesTaskForIosX64Main NO-SOURCE
> Task :shared:design-system:assembleIosX64MainResources
> Task :shared:design-system:iosX64CopyHierarchicalMultiplatformResources
> Task :shared:design-system:iosX64ZipMultiplatformResourcesForPublication
> Task :composeApp:iosX64ResolveResourcesFromDependencies
> Task :composeApp:convertXmlValueResourcesForIosX64Main NO-SOURCE
> Task :composeApp:copyNonXmlValueResourcesForIosX64Main NO-SOURCE
> Task :composeApp:prepareComposeResourcesTaskForIosX64Main NO-SOURCE
> Task :composeApp:assembleIosX64MainResources
> Task :composeApp:iosX64ResolveSelfResourcesCopyHierarchicalMultiplatformResources
> Task :composeApp:iosX64AggregateResources
> Task :composeApp:syncComposeResourcesForIos
> Task :composeApp:validateArchitecturesForEmbedAndSignAppleFrameworkForXcode

> Task :composeApp:embedAndSignAppleFrameworkForXcode
/var/folders/bl/vzjcvbz95c3dk19cb0fw46180000gn/T/parlor-audit-ios-readiness-29-nn754kh4/DerivedData/Build/Products/Debug-iphonesimulator/Parlor.app/Frameworks/composeApp.framework/composeApp: replacing existing signature

[Incubating] Problems report is available at: file:///private/var/folders/bl/vzjcvbz95c3dk19cb0fw46180000gn/T/parlor-audit-ios-readiness-29-nn754kh4/copy/build/reports/problems/problems-report.html

BUILD SUCCESSFUL in 21m 18s
138 actionable tasks: 138 executed
No Gradle daemons are running.

Ld /var/folders/bl/vzjcvbz95c3dk19cb0fw46180000gn/T/parlor-audit-ios-readiness-29-nn754kh4/DerivedData/Build/Products/Debug-iphonesimulator/Parlor.app/__preview.dylib normal (in target 'iosApp' from project 'iosApp')
    cd /var/folders/bl/vzjcvbz95c3dk19cb0fw46180000gn/T/parlor-audit-ios-readiness-29-nn754kh4/copy/iosApp
    /Applications/Xcode_26.3.app/Contents/Developer/Toolchains/XcodeDefault.xctoolchain/usr/bin/clang -Xlinker -reproducible -target arm64-apple-ios16.0-simulator -dynamiclib -isysroot /Applications/Xcode_26.3.app/Contents/Developer/Platforms/iPhoneSimulator.platform/Developer/SDKs/iPhoneSimulator26.2.sdk -O0 -L/var/folders/bl/vzjcvbz95c3dk19cb0fw46180000gn/T/parlor-audit-ios-readiness-29-nn754kh4/DerivedData/Build/Products/Debug-iphonesimulator -F/var/folders/bl/vzjcvbz95c3dk19cb0fw46180000gn/T/parlor-audit-ios-readiness-29-nn754kh4/DerivedData/Build/Products/Debug-iphonesimulator -F/var/folders/bl/vzjcvbz95c3dk19cb0fw46180000gn/T/parlor-audit-ios-readiness-29-nn754kh4/copy/composeApp/build/xcode-frameworks/Debug/iphonesimulator26.2 -install_name @rpath/Parlor.debug.dylib -dead_strip -rdynamic -Xlinker -no_deduplicate -Xlinker -objc_abi_version -Xlinker 2 -Xlinker -dependency_info -Xlinker /var/folders/bl/vzjcvbz95c3dk19cb0fw46180000gn/T/parlor-audit-ios-readiness-29-nn754kh4/DerivedData/Build/Intermediates.noindex/iosApp.build/Debug-iphonesimulator/iosApp.build/Objects-normal/arm64/Parlor_dependency_info.dat -Xlinker -sectcreate -Xlinker __TEXT -Xlinker __entitlements -Xlinker /var/folders/bl/vzjcvbz95c3dk19cb0fw46180000gn/T/parlor-audit-ios-readiness-29-nn754kh4/DerivedData/Build/Intermediates.noindex/iosApp.build/Debug-iphonesimulator/iosApp.build/Parlor.app-Simulated.xcent -Xlinker -sectcreate -Xlinker __TEXT -Xlinker __ents_der -Xlinker /var/folders/bl/vzjcvbz95c3dk19cb0fw46180000gn/T/parlor-audit-ios-readiness-29-nn754kh4/DerivedData/Build/Intermediates.noindex/iosApp.build/Debug-iphonesimulator/iosApp.build/Parlor.app-Simulated.xcent.der -Xlinker -no_adhoc_codesign -o /var/folders/bl/vzjcvbz95c3dk19cb0fw46180000gn/T/parlor-audit-ios-readiness-29-nn754kh4/DerivedData/Build/Products/Debug-iphonesimulator/Parlor.app/__preview.dylib

MkDir /var/folders/bl/vzjcvbz95c3dk19cb0fw46180000gn/T/parlor-audit-ios-readiness-29-nn754kh4/DerivedData/Build/Intermediates.noindex/iosApp.build/Debug-iphonesimulator/iosApp.build/assetcatalog_output/unthinned (in target 'iosApp' from project 'iosApp')
    cd /var/folders/bl/vzjcvbz95c3dk19cb0fw46180000gn/T/parlor-audit-ios-readiness-29-nn754kh4/copy/iosApp
    /bin/mkdir -p /var/folders/bl/vzjcvbz95c3dk19cb0fw46180000gn/T/parlor-audit-ios-readiness-29-nn754kh4/DerivedData/Build/Intermediates.noindex/iosApp.build/Debug-iphonesimulator/iosApp.build/assetcatalog_output/unthinned

MkDir /var/folders/bl/vzjcvbz95c3dk19cb0fw46180000gn/T/parlor-audit-ios-readiness-29-nn754kh4/DerivedData/Build/Intermediates.noindex/iosApp.build/Debug-iphonesimulator/iosApp.build/assetcatalog_output/thinned (in target 'iosApp' from project 'iosApp')
    cd /var/folders/bl/vzjcvbz95c3dk19cb0fw46180000gn/T/parlor-audit-ios-readiness-29-nn754kh4/copy/iosApp
    /bin/mkdir -p /var/folders/bl/vzjcvbz95c3dk19cb0fw46180000gn/T/parlor-audit-ios-readiness-29-nn754kh4/DerivedData/Build/Intermediates.noindex/iosApp.build/Debug-iphonesimulator/iosApp.build/assetcatalog_output/thinned

GenerateAssetSymbols /var/folders/bl/vzjcvbz95c3dk19cb0fw46180000gn/T/parlor-audit-ios-readiness-29-nn754kh4/copy/iosApp/iosApp/Assets.xcassets (in target 'iosApp' from project 'iosApp')
    cd /var/folders/bl/vzjcvbz95c3dk19cb0fw46180000gn/T/parlor-audit-ios-readiness-29-nn754kh4/copy/iosApp
    /Applications/Xcode_26.3.app/Contents/Developer/usr/bin/actool /var/folders/bl/vzjcvbz95c3dk19cb0fw46180000gn/T/parlor-audit-ios-readiness-29-nn754kh4/copy/iosApp/iosApp/Assets.xcassets --compile /var/folders/bl/vzjcvbz95c3dk19cb0fw46180000gn/T/parlor-audit-ios-readiness-29-nn754kh4/DerivedData/Build/Products/Debug-iphonesimulator/Parlor.app --output-format human-readable-text --notices --warnings --export-dependency-info /var/folders/bl/vzjcvbz95c3dk19cb0fw46180000gn/T/parlor-audit-ios-readiness-29-nn754kh4/DerivedData/Build/Intermediates.noindex/iosApp.build/Debug-iphonesimulator/iosApp.build/assetcatalog_dependencies --output-partial-info-plist /var/folders/bl/vzjcvbz95c3dk19cb0fw46180000gn/T/parlor-audit-ios-readiness-29-nn754kh4/DerivedData/Build/Intermediates.noindex/iosApp.build/Debug-iphonesimulator/iosApp.build/assetcatalog_generated_info.plist --app-icon AppIcon --accent-color AccentColor --compress-pngs --enable-on-demand-resources YES --development-region en --target-device iphone --target-device ipad --minimum-deployment-target 16.0 --platform iphonesimulator --bundle-identifier com.parlor.app.debug --generate-swift-asset-symbol-extensions NO --generate-swift-asset-symbols /var/folders/bl/vzjcvbz95c3dk19cb0fw46180000gn/T/parlor-audit-ios-readiness-29-nn754kh4/DerivedData/Build/Intermediates.noindex/iosApp.build/Debug-iphonesimulator/iosApp.build/DerivedSources/GeneratedAssetSymbols.swift --generate-objc-asset-symbols /var/folders/bl/vzjcvbz95c3dk19cb0fw46180000gn/T/parlor-audit-ios-readiness-29-nn754kh4/DerivedData/Build/Intermediates.noindex/iosApp.build/Debug-iphonesimulator/iosApp.build/DerivedSources/GeneratedAssetSymbols.h --generate-asset-symbol-index /var/folders/bl/vzjcvbz95c3dk19cb0fw46180000gn/T/parlor-audit-ios-readiness-29-nn754kh4/DerivedData/Build/Intermediates.noindex/iosApp.build/Debug-iphonesimulator/iosApp.build/DerivedSources/GeneratedAssetSymbols-Index.plist
/* com.apple.actool.compilation-results */
/var/folders/bl/vzjcvbz95c3dk19cb0fw46180000gn/T/parlor-audit-ios-readiness-29-nn754kh4/DerivedData/Build/Intermediates.noindex/iosApp.build/Debug-iphonesimulator/iosApp.build/DerivedSources/GeneratedAssetSymbols-Index.plist
/var/folders/bl/vzjcvbz95c3dk19cb0fw46180000gn/T/parlor-audit-ios-readiness-29-nn754kh4/DerivedData/Build/Intermediates.noindex/iosApp.build/Debug-iphonesimulator/iosApp.build/DerivedSources/GeneratedAssetSymbols.h
/var/folders/bl/vzjcvbz95c3dk19cb0fw46180000gn/T/parlor-audit-ios-readiness-29-nn754kh4/DerivedData/Build/Intermediates.noindex/iosApp.build/Debug-iphonesimulator/iosApp.build/DerivedSources/GeneratedAssetSymbols.swift


CpResource /var/folders/bl/vzjcvbz95c3dk19cb0fw46180000gn/T/parlor-audit-ios-readiness-29-nn754kh4/DerivedData/Build/Products/Debug-iphonesimulator/Parlor.app/PrivacyInfo.xcprivacy /var/folders/bl/vzjcvbz95c3dk19cb0fw46180000gn/T/parlor-audit-ios-readiness-29-nn754kh4/copy/iosApp/iosApp/PrivacyInfo.xcprivacy (in target 'iosApp' from project 'iosApp')
    cd /var/folders/bl/vzjcvbz95c3dk19cb0fw46180000gn/T/parlor-audit-ios-readiness-29-nn754kh4/copy/iosApp
    builtin-copy -exclude .DS_Store -exclude CVS -exclude .svn -exclude .git -exclude .hg -resolve-src-symlinks /var/folders/bl/vzjcvbz95c3dk19cb0fw46180000gn/T/parlor-audit-ios-readiness-29-nn754kh4/copy/iosApp/iosApp/PrivacyInfo.xcprivacy /var/folders/bl/vzjcvbz95c3dk19cb0fw46180000gn/T/parlor-audit-ios-readiness-29-nn754kh4/DerivedData/Build/Products/Debug-iphonesimulator/Parlor.app

CopyStringsFile /var/folders/bl/vzjcvbz95c3dk19cb0fw46180000gn/T/parlor-audit-ios-readiness-29-nn754kh4/DerivedData/Build/Products/Debug-iphonesimulator/Parlor.app/en.lproj/InfoPlist.strings /var/folders/bl/vzjcvbz95c3dk19cb0fw46180000gn/T/parlor-audit-ios-readiness-29-nn754kh4/copy/iosApp/iosApp/en.lproj/InfoPlist.strings (in target 'iosApp' from project 'iosApp')
    cd /var/folders/bl/vzjcvbz95c3dk19cb0fw46180000gn/T/parlor-audit-ios-readiness-29-nn754kh4/copy/iosApp
    builtin-copyStrings --validate --outputencoding binary --outfilename InfoPlist.strings --outdir /var/folders/bl/vzjcvbz95c3dk19cb0fw46180000gn/T/parlor-audit-ios-readiness-29-nn754kh4/DerivedData/Build/Products/Debug-iphonesimulator/Parlor.app/en.lproj -- /var/folders/bl/vzjcvbz95c3dk19cb0fw46180000gn/T/parlor-audit-ios-readiness-29-nn754kh4/copy/iosApp/iosApp/en.lproj/InfoPlist.strings
/var/folders/bl/vzjcvbz95c3dk19cb0fw46180000gn/T/parlor-audit-ios-readiness-29-nn754kh4/copy/iosApp/iosApp/en.lproj/InfoPlist.strings:1:1: note: detected encoding of input file as Unicode (UTF-8) (in target 'iosApp' from project 'iosApp')

CopyStringsFile /var/folders/bl/vzjcvbz95c3dk19cb0fw46180000gn/T/parlor-audit-ios-readiness-29-nn754kh4/DerivedData/Build/Products/Debug-iphonesimulator/Parlor.app/ar.lproj/InfoPlist.strings /var/folders/bl/vzjcvbz95c3dk19cb0fw46180000gn/T/parlor-audit-ios-readiness-29-nn754kh4/copy/iosApp/iosApp/ar.lproj/InfoPlist.strings (in target 'iosApp' from project 'iosApp')
    cd /var/folders/bl/vzjcvbz95c3dk19cb0fw46180000gn/T/parlor-audit-ios-readiness-29-nn754kh4/copy/iosApp
    builtin-copyStrings --validate --outputencoding binary --outfilename InfoPlist.strings --outdir /var/folders/bl/vzjcvbz95c3dk19cb0fw46180000gn/T/parlor-audit-ios-readiness-29-nn754kh4/DerivedData/Build/Products/Debug-iphonesimulator/Parlor.app/ar.lproj -- /var/folders/bl/vzjcvbz95c3dk19cb0fw46180000gn/T/parlor-audit-ios-readiness-29-nn754kh4/copy/iosApp/iosApp/ar.lproj/InfoPlist.strings
/var/folders/bl/vzjcvbz95c3dk19cb0fw46180000gn/T/parlor-audit-ios-readiness-29-nn754kh4/copy/iosApp/iosApp/ar.lproj/InfoPlist.strings:1:1: note: detected encoding of input file as Unicode (UTF-8) (in target 'iosApp' from project 'iosApp')

CompileAssetCatalogVariant thinned /var/folders/bl/vzjcvbz95c3dk19cb0fw46180000gn/T/parlor-audit-ios-readiness-29-nn754kh4/DerivedData/Build/Products/Debug-iphonesimulator/Parlor.app /var/folders/bl/vzjcvbz95c3dk19cb0fw46180000gn/T/parlor-audit-ios-readiness-29-nn754kh4/copy/iosApp/iosApp/Assets.xcassets (in target 'iosApp' from project 'iosApp')
    cd /var/folders/bl/vzjcvbz95c3dk19cb0fw46180000gn/T/parlor-audit-ios-readiness-29-nn754kh4/copy/iosApp
    /Applications/Xcode_26.3.app/Contents/Developer/usr/bin/actool /var/folders/bl/vzjcvbz95c3dk19cb0fw46180000gn/T/parlor-audit-ios-readiness-29-nn754kh4/copy/iosApp/iosApp/Assets.xcassets --compile /var/folders/bl/vzjcvbz95c3dk19cb0fw46180000gn/T/parlor-audit-ios-readiness-29-nn754kh4/DerivedData/Build/Intermediates.noindex/iosApp.build/Debug-iphonesimulator/iosApp.build/assetcatalog_output/thinned --output-format human-readable-text --notices --warnings --export-dependency-info /var/folders/bl/vzjcvbz95c3dk19cb0fw46180000gn/T/parlor-audit-ios-readiness-29-nn754kh4/DerivedData/Build/Intermediates.noindex/iosApp.build/Debug-iphonesimulator/iosApp.build/assetcatalog_dependencies_thinned --output-partial-info-plist /var/folders/bl/vzjcvbz95c3dk19cb0fw46180000gn/T/parlor-audit-ios-readiness-29-nn754kh4/DerivedData/Build/Intermediates.noindex/iosApp.build/Debug-iphonesimulator/iosApp.build/assetcatalog_generated_info.plist_thinned --app-icon AppIcon --accent-color AccentColor --compress-pngs --enable-on-demand-resources YES --filter-for-thinning-device-configuration iPhone18,1 --filter-for-device-os-version 26.2 --development-region en --target-device iphone --target-device ipad --minimum-deployment-target 16.0 --platform iphonesimulator
/* com.apple.actool.compilation-results */
/var/folders/bl/vzjcvbz95c3dk19cb0fw46180000gn/T/parlor-audit-ios-readiness-29-nn754kh4/DerivedData/Build/Intermediates.noindex/iosApp.build/Debug-iphonesimulator/iosApp.build/assetcatalog_generated_info.plist_thinned
/var/folders/bl/vzjcvbz95c3dk19cb0fw46180000gn/T/parlor-audit-ios-readiness-29-nn754kh4/DerivedData/Build/Intermediates.noindex/iosApp.build/Debug-iphonesimulator/iosApp.build/assetcatalog_output/thinned/AppIcon60x60@2x.png
/var/folders/bl/vzjcvbz95c3dk19cb0fw46180000gn/T/parlor-audit-ios-readiness-29-nn754kh4/DerivedData/Build/Intermediates.noindex/iosApp.build/Debug-iphonesimulator/iosApp.build/assetcatalog_output/thinned/AppIcon76x76@2x~ipad.png
/var/folders/bl/vzjcvbz95c3dk19cb0fw46180000gn/T/parlor-audit-ios-readiness-29-nn754kh4/DerivedData/Build/Intermediates.noindex/iosApp.build/Debug-iphonesimulator/iosApp.build/assetcatalog_output/thinned/Assets.car


SwiftDriver iosApp normal arm64 com.apple.xcode.tools.swift.compiler (in target 'iosApp' from project 'iosApp')
    cd /var/folders/bl/vzjcvbz95c3dk19cb0fw46180000gn/T/parlor-audit-ios-readiness-29-nn754kh4/copy/iosApp
    builtin-SwiftDriver -- /Applications/Xcode_26.3.app/Contents/Developer/Toolchains/XcodeDefault.xctoolchain/usr/bin/swiftc -module-name Parlor -Onone -enforce-exclusivity\=checked @/var/folders/bl/vzjcvbz95c3dk19cb0fw46180000gn/T/parlor-audit-ios-readiness-29-nn754kh4/DerivedData/Build/Intermediates.noindex/iosApp.build/Debug-iphonesimulator/iosApp.build/Objects-normal/arm64/Parlor.SwiftFileList -DDEBUG -enable-bare-slash-regex -enable-experimental-feature DebugDescriptionMacro -sdk /Applications/Xcode_26.3.app/Contents/Developer/Platforms/iPhoneSimulator.platform/Developer/SDKs/iPhoneSimulator26.2.sdk -target arm64-apple-ios16.0-simulator -g -module-cache-path /var/folders/bl/vzjcvbz95c3dk19cb0fw46180000gn/T/parlor-audit-ios-readiness-29-nn754kh4/DerivedData/ModuleCache.noindex -Xfrontend -serialize-debugging-options -enable-testing -Xcc -D_LIBCPP_HARDENING_MODE\=_LIBCPP_HARDENING_MODE_DEBUG -swift-version 5 -I /var/folders/bl/vzjcvbz95c3dk19cb0fw46180000gn/T/parlor-audit-ios-readiness-29-nn754kh4/DerivedData/Build/Products/Debug-iphonesimulator -F /var/folders/bl/vzjcvbz95c3dk19cb0fw46180000gn/T/parlor-audit-ios-readiness-29-nn754kh4/DerivedData/Build/Products/Debug-iphonesimulator -F /var/folders/bl/vzjcvbz95c3dk19cb0fw46180000gn/T/parlor-audit-ios-readiness-29-nn754kh4/copy/composeApp/build/xcode-frameworks/Debug/iphonesimulator26.2 -emit-localized-strings -emit-localized-strings-path /var/folders/bl/vzjcvbz95c3dk19cb0fw46180000gn/T/parlor-audit-ios-readiness-29-nn754kh4/DerivedData/Build/Intermediates.noindex/iosApp.build/Debug-iphonesimulator/iosApp.build/Objects-normal/arm64 -c -j3 -enable-batch-mode -incremental -Xcc -ivfsstatcache -Xcc /var/folders/bl/vzjcvbz95c3dk19cb0fw46180000gn/T/parlor-audit-ios-readiness-29-nn754kh4/DerivedData/SDKStatCaches.noindex/iphonesimulator26.2-23C57-dc75598d0054f22ec865fa860f139d72e244bd9a5feaf902f95f61bf06266e52.sdkstatcache -output-file-map /var/folders/bl/vzjcvbz95c3dk19cb0fw46180000gn/T/parlor-audit-ios-readiness-29-nn754kh4/DerivedData/Build/Intermediates.noindex/iosApp.build/Debug-iphonesimulator/iosApp.build/Objects-normal/arm64/iosApp-OutputFileMap.json -use-frontend-parseable-output -save-temps -no-color-diagnostics -explicit-module-build -module-cache-path /var/folders/bl/vzjcvbz95c3dk19cb0fw46180000gn/T/parlor-audit-ios-readiness-29-nn754kh4/DerivedData/Build/Intermediates.noindex/SwiftExplicitPrecompiledModules -clang-scanner-module-cache-path /var/folders/bl/vzjcvbz95c3dk19cb0fw46180000gn/T/parlor-audit-ios-readiness-29-nn754kh4/DerivedData/ModuleCache.noindex -sdk-module-cache-path /var/folders/bl/vzjcvbz95c3dk19cb0fw46180000gn/T/parlor-audit-ios-readiness-29-nn754kh4/DerivedData/ModuleCache.noindex -serialize-diagnostics -emit-dependencies -emit-module -emit-module-path /var/folders/bl/vzjcvbz95c3dk19cb0fw46180000gn/T/parlor-audit-ios-readiness-29-nn754kh4/DerivedData/Build/Intermediates.noindex/iosApp.build/Debug-iphonesimulator/iosApp.build/Objects-normal/arm64/Parlor.swiftmodule -validate-clang-modules-once -clang-build-session-file /var/folders/bl/vzjcvbz95c3dk19cb0fw46180000gn/T/parlor-audit-ios-readiness-29-nn754kh4/DerivedData/ModuleCache.noindex/Session.modulevalidation -Xcc -I/var/folders/bl/vzjcvbz95c3dk19cb0fw46180000gn/T/parlor-audit-ios-readiness-29-nn754kh4/DerivedData/Build/Intermediates.noindex/iosApp.build/Debug-iphonesimulator/iosApp.build/swift-overrides.hmap -emit-const-values -Xfrontend -const-gather-protocols-file -Xfrontend /var/folders/bl/vzjcvbz95c3dk19cb0fw46180000gn/T/parlor-audit-ios-readiness-29-nn754kh4/DerivedData/Build/Intermediates.noindex/iosApp.build/Debug-iphonesimulator/iosApp.build/Objects-normal/arm64/iosApp_const_extract_protocols.json -Xcc -iquote -Xcc /var/folders/bl/vzjcvbz95c3dk19cb0fw46180000gn/T/parlor-audit-ios-readiness-29-nn754kh4/DerivedData/Build/Intermediates.noindex/iosApp.build/Debug-iphonesimulator/iosApp.build/Parlor-generated-files.hmap -Xcc -I/var/folders/bl/vzjcvbz95c3dk19cb0fw46180000gn/T/parlor-audit-ios-readiness-29-nn754kh4/DerivedData/Build/Intermediates.noindex/iosApp.build/Debug-iphonesimulator/iosApp.build/Parlor-own-target-headers.hmap -Xcc -I/var/folders/bl/vzjcvbz95c3dk19cb0fw46180000gn/T/parlor-audit-ios-readiness-29-nn754kh4/DerivedData/Build/Intermediates.noindex/iosApp.build/Debug-iphonesimulator/iosApp.build/Parlor-all-target-headers.hmap -Xcc -iquote -Xcc /var/folders/bl/vzjcvbz95c3dk19cb0fw46180000gn/T/parlor-audit-ios-readiness-29-nn754kh4/DerivedData/Build/Intermediates.noindex/iosApp.build/Debug-iphonesimulator/iosApp.build/Parlor-project-headers.hmap -Xcc -I/var/folders/bl/vzjcvbz95c3dk19cb0fw46180000gn/T/parlor-audit-ios-readiness-29-nn754kh4/DerivedData/Build/Products/Debug-iphonesimulator/include -Xcc -I/var/folders/bl/vzjcvbz95c3dk19cb0fw46180000gn/T/parlor-audit-ios-readiness-29-nn754kh4/DerivedData/Build/Intermediates.noindex/iosApp.build/Debug-iphonesimulator/iosApp.build/DerivedSources-normal/arm64 -Xcc -I/var/folders/bl/vzjcvbz95c3dk19cb0fw46180000gn/T/parlor-audit-ios-readiness-29-nn754kh4/DerivedData/Build/Intermediates.noindex/iosApp.build/Debug-iphonesimulator/iosApp.build/DerivedSources/arm64 -Xcc -I/var/folders/bl/vzjcvbz95c3dk19cb0fw46180000gn/T/parlor-audit-ios-readiness-29-nn754kh4/DerivedData/Build/Intermediates.noindex/iosApp.build/Debug-iphonesimulator/iosApp.build/DerivedSources -Xcc -DDEBUG\=1 -emit-objc-header -emit-objc-header-path /var/folders/bl/vzjcvbz95c3dk19cb0fw46180000gn/T/parlor-audit-ios-readiness-29-nn754kh4/DerivedData/Build/Intermediates.noindex/iosApp.build/Debug-iphonesimulator/iosApp.build/Objects-normal/arm64/Parlor-Swift.h -import-objc-header /var/folders/bl/vzjcvbz95c3dk19cb0fw46180000gn/T/parlor-audit-ios-readiness-29-nn754kh4/copy/iosApp/iosApp/L08AppFoundationBridge.h -working-directory /var/folders/bl/vzjcvbz95c3dk19cb0fw46180000gn/T/parlor-audit-ios-readiness-29-nn754kh4/copy/iosApp -experimental-emit-module-separately -disable-cmo

LinkAssetCatalog /var/folders/bl/vzjcvbz95c3dk19cb0fw46180000gn/T/parlor-audit-ios-readiness-29-nn754kh4/copy/iosApp/iosApp/Assets.xcassets (in target 'iosApp' from project 'iosApp')
    cd /var/folders/bl/vzjcvbz95c3dk19cb0fw46180000gn/T/parlor-audit-ios-readiness-29-nn754kh4/copy/iosApp
    builtin-linkAssetCatalog --thinned /var/folders/bl/vzjcvbz95c3dk19cb0fw46180000gn/T/parlor-audit-ios-readiness-29-nn754kh4/DerivedData/Build/Intermediates.noindex/iosApp.build/Debug-iphonesimulator/iosApp.build/assetcatalog_output/thinned --thinned-dependencies /var/folders/bl/vzjcvbz95c3dk19cb0fw46180000gn/T/parlor-audit-ios-readiness-29-nn754kh4/DerivedData/Build/Intermediates.noindex/iosApp.build/Debug-iphonesimulator/iosApp.build/assetcatalog_dependencies_thinned --thinned-info-plist-content /var/folders/bl/vzjcvbz95c3dk19cb0fw46180000gn/T/parlor-audit-ios-readiness-29-nn754kh4/DerivedData/Build/Intermediates.noindex/iosApp.build/Debug-iphonesimulator/iosApp.build/assetcatalog_generated_info.plist_thinned --unthinned /var/folders/bl/vzjcvbz95c3dk19cb0fw46180000gn/T/parlor-audit-ios-readiness-29-nn754kh4/DerivedData/Build/Intermediates.noindex/iosApp.build/Debug-iphonesimulator/iosApp.build/assetcatalog_output/unthinned --unthinned-dependencies /var/folders/bl/vzjcvbz95c3dk19cb0fw46180000gn/T/parlor-audit-ios-readiness-29-nn754kh4/DerivedData/Build/Intermediates.noindex/iosApp.build/Debug-iphonesimulator/iosApp.build/assetcatalog_dependencies_unthinned --unthinned-info-plist-content /var/folders/bl/vzjcvbz95c3dk19cb0fw46180000gn/T/parlor-audit-ios-readiness-29-nn754kh4/DerivedData/Build/Intermediates.noindex/iosApp.build/Debug-iphonesimulator/iosApp.build/assetcatalog_generated_info.plist_unthinned --output /var/folders/bl/vzjcvbz95c3dk19cb0fw46180000gn/T/parlor-audit-ios-readiness-29-nn754kh4/DerivedData/Build/Products/Debug-iphonesimulator/Parlor.app --plist-output /var/folders/bl/vzjcvbz95c3dk19cb0fw46180000gn/T/parlor-audit-ios-readiness-29-nn754kh4/DerivedData/Build/Intermediates.noindex/iosApp.build/Debug-iphonesimulator/iosApp.build/assetcatalog_generated_info.plist
note: Emplaced /var/folders/bl/vzjcvbz95c3dk19cb0fw46180000gn/T/parlor-audit-ios-readiness-29-nn754kh4/DerivedData/Build/Products/Debug-iphonesimulator/Parlor.app/AppIcon76x76@2x~ipad.png (in target 'iosApp' from project 'iosApp')
note: Emplaced /var/folders/bl/vzjcvbz95c3dk19cb0fw46180000gn/T/parlor-audit-ios-readiness-29-nn754kh4/DerivedData/Build/Products/Debug-iphonesimulator/Parlor.app/AppIcon60x60@2x.png (in target 'iosApp' from project 'iosApp')
note: Emplaced /var/folders/bl/vzjcvbz95c3dk19cb0fw46180000gn/T/parlor-audit-ios-readiness-29-nn754kh4/DerivedData/Build/Products/Debug-iphonesimulator/Parlor.app/Assets.car (in target 'iosApp' from project 'iosApp')

SwiftExplicitDependencyGeneratePcm arm64 /var/folders/bl/vzjcvbz95c3dk19cb0fw46180000gn/T/parlor-audit-ios-readiness-29-nn754kh4/DerivedData/ModuleCache.noindex/ptrauth-E70UO4H6YX60WZ2H60K3XU00N.pcm

SwiftExplicitDependencyGeneratePcm arm64 /var/folders/bl/vzjcvbz95c3dk19cb0fw46180000gn/T/parlor-audit-ios-readiness-29-nn754kh4/DerivedData/ModuleCache.noindex/ptrcheck-C9NN3BKKBC49E85P48MQ8PGX9.pcm

SwiftExplicitDependencyGeneratePcm arm64 /var/folders/bl/vzjcvbz95c3dk19cb0fw46180000gn/T/parlor-audit-ios-readiness-29-nn754kh4/DerivedData/ModuleCache.noindex/_Builtin_float-4LII90996DKE3O1T818X8CO95.pcm

SwiftExplicitDependencyGeneratePcm arm64 /var/folders/bl/vzjcvbz95c3dk19cb0fw46180000gn/T/parlor-audit-ios-readiness-29-nn754kh4/DerivedData/ModuleCache.noindex/DeveloperToolsSupport-EO6C28XU1K9D6MT0B9GYJFX5K.pcm

SwiftExplicitDependencyGeneratePcm arm64 /var/folders/bl/vzjcvbz95c3dk19cb0fw46180000gn/T/parlor-audit-ios-readiness-29-nn754kh4/DerivedData/ModuleCache.noindex/_SwiftConcurrencyShims-9VH62UZA8LB6Z9PA94I67GB2J.pcm

SwiftExplicitDependencyGeneratePcm arm64 /var/folders/bl/vzjcvbz95c3dk19cb0fw46180000gn/T/parlor-audit-ios-readiness-29-nn754kh4/DerivedData/ModuleCache.noindex/_Builtin_stdarg-ETL05YQIN9ECS3TA2FA9XWR82.pcm

SwiftExplicitDependencyGeneratePcm arm64 /var/folders/bl/vzjcvbz95c3dk19cb0fw46180000gn/T/parlor-audit-ios-readiness-29-nn754kh4/DerivedData/ModuleCache.noindex/_Builtin_stdbool-5HFDD3P19OEGIGX6V58FBXGNF.pcm

SwiftExplicitDependencyGeneratePcm arm64 /var/folders/bl/vzjcvbz95c3dk19cb0fw46180000gn/T/parlor-audit-ios-readiness-29-nn754kh4/DerivedData/ModuleCache.noindex/_Builtin_stddef-CRLS98QXGPT1C2A2TPLRHQ3XF.pcm

SwiftExplicitDependencyGeneratePcm arm64 /var/folders/bl/vzjcvbz95c3dk19cb0fw46180000gn/T/parlor-audit-ios-readiness-29-nn754kh4/DerivedData/ModuleCache.noindex/SwiftShims-CDFZPDLEJTP11M4VR6V74J3OA.pcm

SwiftExplicitDependencyGeneratePcm arm64 /var/folders/bl/vzjcvbz95c3dk19cb0fw46180000gn/T/parlor-audit-ios-readiness-29-nn754kh4/DerivedData/ModuleCache.noindex/_AvailabilityInternal-2BRDTNV9080I71YJZYOVPG0L6.pcm

ProcessInfoPlistFile /var/folders/bl/vzjcvbz95c3dk19cb0fw46180000gn/T/parlor-audit-ios-readiness-29-nn754kh4/DerivedData/Build/Products/Debug-iphonesimulator/Parlor.app/Info.plist /var/folders/bl/vzjcvbz95c3dk19cb0fw46180000gn/T/parlor-audit-ios-readiness-29-nn754kh4/copy/iosApp/iosApp/Info.plist (in target 'iosApp' from project 'iosApp')
    cd /var/folders/bl/vzjcvbz95c3dk19cb0fw46180000gn/T/parlor-audit-ios-readiness-29-nn754kh4/copy/iosApp
    builtin-infoPlistUtility /var/folders/bl/vzjcvbz95c3dk19cb0fw46180000gn/T/parlor-audit-ios-readiness-29-nn754kh4/copy/iosApp/iosApp/Info.plist -producttype com.apple.product-type.application -genpkginfo /var/folders/bl/vzjcvbz95c3dk19cb0fw46180000gn/T/parlor-audit-ios-readiness-29-nn754kh4/DerivedData/Build/Products/Debug-iphonesimulator/Parlor.app/PkgInfo -expandbuildsettings -format binary -platform iphonesimulator -additionalcontentfile /var/folders/bl/vzjcvbz95c3dk19cb0fw46180000gn/T/parlor-audit-ios-readiness-29-nn754kh4/DerivedData/Build/Intermediates.noindex/iosApp.build/Debug-iphonesimulator/iosApp.build/assetcatalog_generated_info.plist -o /var/folders/bl/vzjcvbz95c3dk19cb0fw46180000gn/T/parlor-audit-ios-readiness-29-nn754kh4/DerivedData/Build/Products/Debug-iphonesimulator/Parlor.app/Info.plist

SwiftExplicitDependencyGeneratePcm arm64 /var/folders/bl/vzjcvbz95c3dk19cb0fw46180000gn/T/parlor-audit-ios-readiness-29-nn754kh4/DerivedData/ModuleCache.noindex/_DarwinFoundation1-4KM7M3ST785MMUNI6IJV7ALE2.pcm

SwiftExplicitDependencyGeneratePcm arm64 /var/folders/bl/vzjcvbz95c3dk19cb0fw46180000gn/T/parlor-audit-ios-readiness-29-nn754kh4/DerivedData/ModuleCache.noindex/_DarwinFoundation2-CYSIL3B0NPEJT204PEDRG8RGJ.pcm

SwiftExplicitDependencyGeneratePcm arm64 /var/folders/bl/vzjcvbz95c3dk19cb0fw46180000gn/T/parlor-audit-ios-readiness-29-nn754kh4/DerivedData/ModuleCache.noindex/_Builtin_limits-C1UF0FJHJ2JI0YGOAYKXWEZRB.pcm

SwiftExplicitDependencyGeneratePcm arm64 /var/folders/bl/vzjcvbz95c3dk19cb0fw46180000gn/T/parlor-audit-ios-readiness-29-nn754kh4/DerivedData/ModuleCache.noindex/_Builtin_stdint-F58UY9C18E7YGMLVEOYQVEOFF.pcm

SwiftExplicitDependencyGeneratePcm arm64 /var/folders/bl/vzjcvbz95c3dk19cb0fw46180000gn/T/parlor-audit-ios-readiness-29-nn754kh4/DerivedData/ModuleCache.noindex/_Builtin_tgmath-862CRMRW3BLJVNV43NO168REQ.pcm

SwiftExplicitDependencyGeneratePcm arm64 /var/folders/bl/vzjcvbz95c3dk19cb0fw46180000gn/T/parlor-audit-ios-readiness-29-nn754kh4/DerivedData/ModuleCache.noindex/_Builtin_stdatomic-ENZFAX5GUS7FICI82W44ISXL7.pcm

SwiftExplicitDependencyGeneratePcm arm64 /var/folders/bl/vzjcvbz95c3dk19cb0fw46180000gn/T/parlor-audit-ios-readiness-29-nn754kh4/DerivedData/ModuleCache.noindex/sys_types-8T9KVC0CFX12TVAAI0V0WL3Z8.pcm

SwiftExplicitDependencyGeneratePcm arm64 /var/folders/bl/vzjcvbz95c3dk19cb0fw46180000gn/T/parlor-audit-ios-readiness-29-nn754kh4/DerivedData/ModuleCache.noindex/_Builtin_intrinsics-9SA69Y01UXF2ISXC0JBE7TQN3.pcm

SwiftExplicitDependencyGeneratePcm arm64 /var/folders/bl/vzjcvbz95c3dk19cb0fw46180000gn/T/parlor-audit-ios-readiness-29-nn754kh4/DerivedData/ModuleCache.noindex/_DarwinFoundation3-BGZ4OUNSB3NEZ61H02RDCV3GL.pcm

SwiftExplicitDependencyGeneratePcm arm64 /var/folders/bl/vzjcvbz95c3dk19cb0fw46180000gn/T/parlor-audit-ios-readiness-29-nn754kh4/DerivedData/ModuleCache.noindex/simd-3NU14BEWVYDBSTA1XQJNPUXKU.pcm

SwiftExplicitDependencyGeneratePcm arm64 /var/folders/bl/vzjcvbz95c3dk19cb0fw46180000gn/T/parlor-audit-ios-readiness-29-nn754kh4/DerivedData/ModuleCache.noindex/_Builtin_inttypes-79J7ZR3DC0E4T9BZHS42Z0SJ9.pcm

SwiftExplicitDependencyGeneratePcm arm64 /var/folders/bl/vzjcvbz95c3dk19cb0fw46180000gn/T/parlor-audit-ios-readiness-29-nn754kh4/DerivedData/ModuleCache.noindex/Spatial-E1R8XQ5U917WITZ96079LZSC6.pcm

SwiftExplicitDependencyGeneratePcm arm64 /var/folders/bl/vzjcvbz95c3dk19cb0fw46180000gn/T/parlor-audit-ios-readiness-29-nn754kh4/DerivedData/ModuleCache.noindex/Darwin-9C1HDJI00Q4JFF07EBY8PHX5Q.pcm

SwiftExplicitDependencyGeneratePcm arm64 /var/folders/bl/vzjcvbz95c3dk19cb0fw46180000gn/T/parlor-audit-ios-readiness-29-nn754kh4/DerivedData/ModuleCache.noindex/MachO-5VT63MZ442HITB9XCMFJASVVU.pcm

SwiftExplicitDependencyGeneratePcm arm64 /var/folders/bl/vzjcvbz95c3dk19cb0fw46180000gn/T/parlor-audit-ios-readiness-29-nn754kh4/DerivedData/ModuleCache.noindex/ObjectiveC-9B6KH085G9T1AA6U3N2YZHLQ7.pcm

SwiftExplicitDependencyGeneratePcm arm64 /var/folders/bl/vzjcvbz95c3dk19cb0fw46180000gn/T/parlor-audit-ios-readiness-29-nn754kh4/DerivedData/ModuleCache.noindex/os_object-7PL48EGXJ7MSK79MBR5M3GM8B.pcm

SwiftExplicitDependencyGeneratePcm arm64 /var/folders/bl/vzjcvbz95c3dk19cb0fw46180000gn/T/parlor-audit-ios-readiness-29-nn754kh4/DerivedData/ModuleCache.noindex/os_workgroup-912ZC37BJK0HZDAQLVZGOB2XI.pcm

SwiftExplicitDependencyGeneratePcm arm64 /var/folders/bl/vzjcvbz95c3dk19cb0fw46180000gn/T/parlor-audit-ios-readiness-29-nn754kh4/DerivedData/ModuleCache.noindex/Dispatch-A69E0B0VS9HZB4GVL96RK3JJO.pcm

SwiftExplicitDependencyGeneratePcm arm64 /var/folders/bl/vzjcvbz95c3dk19cb0fw46180000gn/T/parlor-audit-ios-readiness-29-nn754kh4/DerivedData/ModuleCache.noindex/XPC-AU8EPNDB8DVJ48NVWMVW4PH8C.pcm

SwiftExplicitDependencyGeneratePcm arm64 /var/folders/bl/vzjcvbz95c3dk19cb0fw46180000gn/T/parlor-audit-ios-readiness-29-nn754kh4/DerivedData/ModuleCache.noindex/CoreFoundation-4WB265M2SEP60HJ2X5PX3BGHE.pcm

SwiftExplicitDependencyGeneratePcm arm64 /var/folders/bl/vzjcvbz95c3dk19cb0fw46180000gn/T/parlor-audit-ios-readiness-29-nn754kh4/DerivedData/ModuleCache.noindex/os-4NJUNL1M7MRN8U8M80BUG0BX3.pcm

SwiftExplicitDependencyGeneratePcm arm64 /var/folders/bl/vzjcvbz95c3dk19cb0fw46180000gn/T/parlor-audit-ios-readiness-29-nn754kh4/DerivedData/ModuleCache.noindex/Security-EETU3QCS7IBFVVTAVGOL0IGOE.pcm

SwiftExplicitDependencyGeneratePcm arm64 /var/folders/bl/vzjcvbz95c3dk19cb0fw46180000gn/T/parlor-audit-ios-readiness-29-nn754kh4/DerivedData/ModuleCache.noindex/CFNetwork-CGKHYD8RDMOSFIA596NUQ1A69.pcm

SwiftExplicitDependencyGeneratePcm arm64 /var/folders/bl/vzjcvbz95c3dk19cb0fw46180000gn/T/parlor-audit-ios-readiness-29-nn754kh4/DerivedData/ModuleCache.noindex/CoreGraphics-217DAE145ZDE2ZNZ8KB1WV0BD.pcm

SwiftExplicitDependencyGeneratePcm arm64 /var/folders/bl/vzjcvbz95c3dk19cb0fw46180000gn/T/parlor-audit-ios-readiness-29-nn754kh4/DerivedData/ModuleCache.noindex/Foundation-38R1XAETTUDWUQDOIOM9NZLMQ.pcm

SwiftExplicitDependencyGeneratePcm arm64 /var/folders/bl/vzjcvbz95c3dk19cb0fw46180000gn/T/parlor-audit-ios-readiness-29-nn754kh4/DerivedData/ModuleCache.noindex/ImageIO-DIH3TYLOR8UKG6RFD8D28P991.pcm

SwiftExplicitDependencyGeneratePcm arm64 /var/folders/bl/vzjcvbz95c3dk19cb0fw46180000gn/T/parlor-audit-ios-readiness-29-nn754kh4/DerivedData/ModuleCache.noindex/CoreData-6VC8KLSZDMU9EATWRQCYPMKHW.pcm

SwiftExplicitDependencyGeneratePcm arm64 /var/folders/bl/vzjcvbz95c3dk19cb0fw46180000gn/T/parlor-audit-ios-readiness-29-nn754kh4/DerivedData/ModuleCache.noindex/DataDetection-97WHD93D16DXMMO3NXGEK3IFC.pcm

SwiftExplicitDependencyGeneratePcm arm64 /var/folders/bl/vzjcvbz95c3dk19cb0fw46180000gn/T/parlor-audit-ios-readiness-29-nn754kh4/DerivedData/ModuleCache.noindex/FileProvider-16XWAM1R14PEWTT2V5E5CYTP9.pcm

SwiftExplicitDependencyGeneratePcm arm64 /var/folders/bl/vzjcvbz95c3dk19cb0fw46180000gn/T/parlor-audit-ios-readiness-29-nn754kh4/DerivedData/ModuleCache.noindex/IOSurface-EM5LTLTV0IEM8I73BBNJYG1Y0.pcm

SwiftExplicitDependencyGeneratePcm arm64 /var/folders/bl/vzjcvbz95c3dk19cb0fw46180000gn/T/parlor-audit-ios-readiness-29-nn754kh4/DerivedData/ModuleCache.noindex/OpenGLES-1XMHIQUA57V01GIQGX6DEXYP8.pcm

SwiftExplicitDependencyGeneratePcm arm64 /var/folders/bl/vzjcvbz95c3dk19cb0fw46180000gn/T/parlor-audit-ios-readiness-29-nn754kh4/DerivedData/ModuleCache.noindex/CoreText-8QVRJJEG72RV14XC7BCPS3OEW.pcm

SwiftExplicitDependencyGeneratePcm arm64 /var/folders/bl/vzjcvbz95c3dk19cb0fw46180000gn/T/parlor-audit-ios-readiness-29-nn754kh4/DerivedData/ModuleCache.noindex/OSLog-EAFPQE96A1M9620JHS01G7A2Z.pcm

SwiftExplicitDependencyGeneratePcm arm64 /var/folders/bl/vzjcvbz95c3dk19cb0fw46180000gn/T/parlor-audit-ios-readiness-29-nn754kh4/DerivedData/ModuleCache.noindex/CoreTransferable-BGM3BFF5LHKD32AW8RMQ4HP4C.pcm

SwiftExplicitDependencyGeneratePcm arm64 /var/folders/bl/vzjcvbz95c3dk19cb0fw46180000gn/T/parlor-audit-ios-readiness-29-nn754kh4/DerivedData/ModuleCache.noindex/UniformTypeIdentifiers-8OZ9TFTGL2DMY6CQIYW4H3U0Q.pcm

SwiftExplicitDependencyGeneratePcm arm64 /var/folders/bl/vzjcvbz95c3dk19cb0fw46180000gn/T/parlor-audit-ios-readiness-29-nn754kh4/DerivedData/ModuleCache.noindex/Symbols-1FRIP4TM3VSC3D78BZAJRIUUC.pcm

SwiftExplicitDependencyGeneratePcm arm64 /var/folders/bl/vzjcvbz95c3dk19cb0fw46180000gn/T/parlor-audit-ios-readiness-29-nn754kh4/DerivedData/ModuleCache.noindex/Metal-7JTCWS1LVZQH6A7W9ZTIIR9TO.pcm

SwiftExplicitDependencyGeneratePcm arm64 /var/folders/bl/vzjcvbz95c3dk19cb0fw46180000gn/T/parlor-audit-ios-readiness-29-nn754kh4/DerivedData/ModuleCache.noindex/UserNotifications-3VXO76IDRX4428JFI5SF1EME6.pcm

SwiftExplicitDependencyGeneratePcm arm64 /var/folders/bl/vzjcvbz95c3dk19cb0fw46180000gn/T/parlor-audit-ios-readiness-29-nn754kh4/DerivedData/ModuleCache.noindex/CoreVideo-D1JTTMTDVS470QDVZE41BLLLE.pcm

SwiftExplicitDependencyGeneratePcm arm64 /var/folders/bl/vzjcvbz95c3dk19cb0fw46180000gn/T/parlor-audit-ios-readiness-29-nn754kh4/DerivedData/ModuleCache.noindex/Accessibility-5SXXTAN4E25AYHA1W68F15JWZ.pcm

SwiftExplicitDependencyGeneratePcm arm64 /var/folders/bl/vzjcvbz95c3dk19cb0fw46180000gn/T/parlor-audit-ios-readiness-29-nn754kh4/DerivedData/ModuleCache.noindex/CoreImage-AJKZ63T5BLLI0AABL3YMLEBKJ.pcm

SwiftExplicitDependencyGeneratePcm arm64 /var/folders/bl/vzjcvbz95c3dk19cb0fw46180000gn/T/parlor-audit-ios-readiness-29-nn754kh4/DerivedData/ModuleCache.noindex/QuartzCore-2AGYOOE4VHDG01I9LE27XU1GF.pcm

SwiftExplicitDependencyGeneratePcm arm64 /var/folders/bl/vzjcvbz95c3dk19cb0fw46180000gn/T/parlor-audit-ios-readiness-29-nn754kh4/DerivedData/ModuleCache.noindex/LocalAuthentication-DR4LXISPKI9KR49IXUI08S1O8.pcm

SwiftExplicitDependencyGeneratePcm arm64 /var/folders/bl/vzjcvbz95c3dk19cb0fw46180000gn/T/parlor-audit-ios-readiness-29-nn754kh4/DerivedData/ModuleCache.noindex/SwiftUICore-DEA380WNVQRF60RJLUUJWJFAZ.pcm

SwiftExplicitDependencyGeneratePcm arm64 /var/folders/bl/vzjcvbz95c3dk19cb0fw46180000gn/T/parlor-audit-ios-readiness-29-nn754kh4/DerivedData/ModuleCache.noindex/UIUtilities-20H8RDU7Y5S8STANDMV7US1TU.pcm

SwiftExplicitDependencyGeneratePcm arm64 /var/folders/bl/vzjcvbz95c3dk19cb0fw46180000gn/T/parlor-audit-ios-readiness-29-nn754kh4/DerivedData/Build/Intermediates.noindex/SwiftExplicitPrecompiledModules/ComposeApp-7SYINUUAIGZ5WDHJT1QT2BY2W.pcm
/private/var/folders/bl/vzjcvbz95c3dk19cb0fw46180000gn/T/parlor-audit-ios-readiness-29-nn754kh4/copy/composeApp/build/xcode-frameworks/Debug/iphonesimulator26.2/ComposeApp.framework/Headers/ComposeApp.h:2501:16: warning: imported declaration 'ComposeAppNetworkingRoomInfoStatus' could not be mapped to 'NetworkingRoomInfo.Status' [#ClangDeclarationImport]
2499 | 
2500 | __attribute__((objc_subclassing_restricted))
2501 | __attribute__((swift_name("NetworkingRoomInfo.Status")))
     |                |- warning: imported declaration 'ComposeAppNetworkingRoomInfoStatus' could not be mapped to 'NetworkingRoomInfo.Status' [#ClangDeclarationImport]
     |                `- note: please report this issue to the owners of 'ComposeApp'
2502 | @interface ComposeAppNetworkingRoomInfoStatus : ComposeAppKotlinEnum<ComposeAppNetworkingRoomInfoStatus *>
2503 | + (instancetype)alloc __attribute__((unavailable));

[#ClangDeclarationImport]: <https://docs.swift.org/compiler/documentation/diagnostics/clang-declaration-import>

SwiftExplicitDependencyGeneratePcm arm64 /var/folders/bl/vzjcvbz95c3dk19cb0fw46180000gn/T/parlor-audit-ios-readiness-29-nn754kh4/DerivedData/ModuleCache.noindex/UIKit-7Y5PGJWT8717G00T76OB0CEN4.pcm

SwiftExplicitDependencyGeneratePcm arm64 /var/folders/bl/vzjcvbz95c3dk19cb0fw46180000gn/T/parlor-audit-ios-readiness-29-nn754kh4/DerivedData/ModuleCache.noindex/SwiftUI-1VCRC2WN88D4F9OVS8P42N7DC.pcm

SwiftGeneratePch normal arm64 Compiling\ bridging\ header (in target 'iosApp' from project 'iosApp')

SwiftDriverJobDiscovery normal arm64 Compiling bridging header (in target 'iosApp' from project 'iosApp')

SwiftEmitModule normal arm64 Emitting\ module\ for\ Parlor (in target 'iosApp' from project 'iosApp')

EmitSwiftModule normal arm64 (in target 'iosApp' from project 'iosApp')
    cd /var/folders/bl/vzjcvbz95c3dk19cb0fw46180000gn/T/parlor-audit-ios-readiness-29-nn754kh4/copy/iosApp
    

SwiftCompile normal arm64 Compiling\ iOSApp.swift /var/folders/bl/vzjcvbz95c3dk19cb0fw46180000gn/T/parlor-audit-ios-readiness-29-nn754kh4/copy/iosApp/iosApp/iOSApp.swift (in target 'iosApp' from project 'iosApp')

SwiftCompile normal arm64 /var/folders/bl/vzjcvbz95c3dk19cb0fw46180000gn/T/parlor-audit-ios-readiness-29-nn754kh4/copy/iosApp/iosApp/iOSApp.swift (in target 'iosApp' from project 'iosApp')
    cd /var/folders/bl/vzjcvbz95c3dk19cb0fw46180000gn/T/parlor-audit-ios-readiness-29-nn754kh4/copy/iosApp
    

SwiftDriverJobDiscovery normal arm64 Emitting module for Parlor (in target 'iosApp' from project 'iosApp')

SwiftDriver\ Compilation\ Requirements iosApp normal arm64 com.apple.xcode.tools.swift.compiler (in target 'iosApp' from project 'iosApp')
    cd /var/folders/bl/vzjcvbz95c3dk19cb0fw46180000gn/T/parlor-audit-ios-readiness-29-nn754kh4/copy/iosApp
    builtin-Swift-Compilation-Requirements -- /Applications/Xcode_26.3.app/Contents/Developer/Toolchains/XcodeDefault.xctoolchain/usr/bin/swiftc -module-name Parlor -Onone -enforce-exclusivity\=checked @/var/folders/bl/vzjcvbz95c3dk19cb0fw46180000gn/T/parlor-audit-ios-readiness-29-nn754kh4/DerivedData/Build/Intermediates.noindex/iosApp.build/Debug-iphonesimulator/iosApp.build/Objects-normal/arm64/Parlor.SwiftFileList -DDEBUG -enable-bare-slash-regex -enable-experimental-feature DebugDescriptionMacro -sdk /Applications/Xcode_26.3.app/Contents/Developer/Platforms/iPhoneSimulator.platform/Developer/SDKs/iPhoneSimulator26.2.sdk -target arm64-apple-ios16.0-simulator -g -module-cache-path /var/folders/bl/vzjcvbz95c3dk19cb0fw46180000gn/T/parlor-audit-ios-readiness-29-nn754kh4/DerivedData/ModuleCache.noindex -Xfrontend -serialize-debugging-options -enable-testing -Xcc -D_LIBCPP_HARDENING_MODE\=_LIBCPP_HARDENING_MODE_DEBUG -swift-version 5 -I /var/folders/bl/vzjcvbz95c3dk19cb0fw46180000gn/T/parlor-audit-ios-readiness-29-nn754kh4/DerivedData/Build/Products/Debug-iphonesimulator -F /var/folders/bl/vzjcvbz95c3dk19cb0fw46180000gn/T/parlor-audit-ios-readiness-29-nn754kh4/DerivedData/Build/Products/Debug-iphonesimulator -F /var/folders/bl/vzjcvbz95c3dk19cb0fw46180000gn/T/parlor-audit-ios-readiness-29-nn754kh4/copy/composeApp/build/xcode-frameworks/Debug/iphonesimulator26.2 -emit-localized-strings -emit-localized-strings-path /var/folders/bl/vzjcvbz95c3dk19cb0fw46180000gn/T/parlor-audit-ios-readiness-29-nn754kh4/DerivedData/Build/Intermediates.noindex/iosApp.build/Debug-iphonesimulator/iosApp.build/Objects-normal/arm64 -c -j3 -enable-batch-mode -incremental -Xcc -ivfsstatcache -Xcc /var/folders/bl/vzjcvbz95c3dk19cb0fw46180000gn/T/parlor-audit-ios-readiness-29-nn754kh4/DerivedData/SDKStatCaches.noindex/iphonesimulator26.2-23C57-dc75598d0054f22ec865fa860f139d72e244bd9a5feaf902f95f61bf06266e52.sdkstatcache -output-file-map /var/folders/bl/vzjcvbz95c3dk19cb0fw46180000gn/T/parlor-audit-ios-readiness-29-nn754kh4/DerivedData/Build/Intermediates.noindex/iosApp.build/Debug-iphonesimulator/iosApp.build/Objects-normal/arm64/iosApp-OutputFileMap.json -use-frontend-parseable-output -save-temps -no-color-diagnostics -explicit-module-build -module-cache-path /var/folders/bl/vzjcvbz95c3dk19cb0fw46180000gn/T/parlor-audit-ios-readiness-29-nn754kh4/DerivedData/Build/Intermediates.noindex/SwiftExplicitPrecompiledModules -clang-scanner-module-cache-path /var/folders/bl/vzjcvbz95c3dk19cb0fw46180000gn/T/parlor-audit-ios-readiness-29-nn754kh4/DerivedData/ModuleCache.noindex -sdk-module-cache-path /var/folders/bl/vzjcvbz95c3dk19cb0fw46180000gn/T/parlor-audit-ios-readiness-29-nn754kh4/DerivedData/ModuleCache.noindex -serialize-diagnostics -emit-dependencies -emit-module -emit-module-path /var/folders/bl/vzjcvbz95c3dk19cb0fw46180000gn/T/parlor-audit-ios-readiness-29-nn754kh4/DerivedData/Build/Intermediates.noindex/iosApp.build/Debug-iphonesimulator/iosApp.build/Objects-normal/arm64/Parlor.swiftmodule -validate-clang-modules-once -clang-build-session-file /var/folders/bl/vzjcvbz95c3dk19cb0fw46180000gn/T/parlor-audit-ios-readiness-29-nn754kh4/DerivedData/ModuleCache.noindex/Session.modulevalidation -Xcc -I/var/folders/bl/vzjcvbz95c3dk19cb0fw46180000gn/T/parlor-audit-ios-readiness-29-nn754kh4/DerivedData/Build/Intermediates.noindex/iosApp.build/Debug-iphonesimulator/iosApp.build/swift-overrides.hmap -emit-const-values -Xfrontend -const-gather-protocols-file -Xfrontend /var/folders/bl/vzjcvbz95c3dk19cb0fw46180000gn/T/parlor-audit-ios-readiness-29-nn754kh4/DerivedData/Build/Intermediates.noindex/iosApp.build/Debug-iphonesimulator/iosApp.build/Objects-normal/arm64/iosApp_const_extract_protocols.json -Xcc -iquote -Xcc /var/folders/bl/vzjcvbz95c3dk19cb0fw46180000gn/T/parlor-audit-ios-readiness-29-nn754kh4/DerivedData/Build/Intermediates.noindex/iosApp.build/Debug-iphonesimulator/iosApp.build/Parlor-generated-files.hmap -Xcc -I/var/folders/bl/vzjcvbz95c3dk19cb0fw46180000gn/T/parlor-audit-ios-readiness-29-nn754kh4/DerivedData/Build/Intermediates.noindex/iosApp.build/Debug-iphonesimulator/iosApp.build/Parlor-own-target-headers.hmap -Xcc -I/var/folders/bl/vzjcvbz95c3dk19cb0fw46180000gn/T/parlor-audit-ios-readiness-29-nn754kh4/DerivedData/Build/Intermediates.noindex/iosApp.build/Debug-iphonesimulator/iosApp.build/Parlor-all-target-headers.hmap -Xcc -iquote -Xcc /var/folders/bl/vzjcvbz95c3dk19cb0fw46180000gn/T/parlor-audit-ios-readiness-29-nn754kh4/DerivedData/Build/Intermediates.noindex/iosApp.build/Debug-iphonesimulator/iosApp.build/Parlor-project-headers.hmap -Xcc -I/var/folders/bl/vzjcvbz95c3dk19cb0fw46180000gn/T/parlor-audit-ios-readiness-29-nn754kh4/DerivedData/Build/Products/Debug-iphonesimulator/include -Xcc -I/var/folders/bl/vzjcvbz95c3dk19cb0fw46180000gn/T/parlor-audit-ios-readiness-29-nn754kh4/DerivedData/Build/Intermediates.noindex/iosApp.build/Debug-iphonesimulator/iosApp.build/DerivedSources-normal/arm64 -Xcc -I/var/folders/bl/vzjcvbz95c3dk19cb0fw46180000gn/T/parlor-audit-ios-readiness-29-nn754kh4/DerivedData/Build/Intermediates.noindex/iosApp.build/Debug-iphonesimulator/iosApp.build/DerivedSources/arm64 -Xcc -I/var/folders/bl/vzjcvbz95c3dk19cb0fw46180000gn/T/parlor-audit-ios-readiness-29-nn754kh4/DerivedData/Build/Intermediates.noindex/iosApp.build/Debug-iphonesimulator/iosApp.build/DerivedSources -Xcc -DDEBUG\=1 -emit-objc-header -emit-objc-header-path /var/folders/bl/vzjcvbz95c3dk19cb0fw46180000gn/T/parlor-audit-ios-readiness-29-nn754kh4/DerivedData/Build/Intermediates.noindex/iosApp.build/Debug-iphonesimulator/iosApp.build/Objects-normal/arm64/Parlor-Swift.h -import-objc-header /var/folders/bl/vzjcvbz95c3dk19cb0fw46180000gn/T/parlor-audit-ios-readiness-29-nn754kh4/copy/iosApp/iosApp/L08AppFoundationBridge.h -working-directory /var/folders/bl/vzjcvbz95c3dk19cb0fw46180000gn/T/parlor-audit-ios-readiness-29-nn754kh4/copy/iosApp -experimental-emit-module-separately -disable-cmo

SwiftDriverJobDiscovery normal arm64 Compiling iOSApp.swift (in target 'iosApp' from project 'iosApp')

SwiftCompile normal arm64 Compiling\ ContentView.swift,\ ComposeContainerViewController.swift /var/folders/bl/vzjcvbz95c3dk19cb0fw46180000gn/T/parlor-audit-ios-readiness-29-nn754kh4/copy/iosApp/iosApp/ContentView.swift /var/folders/bl/vzjcvbz95c3dk19cb0fw46180000gn/T/parlor-audit-ios-readiness-29-nn754kh4/copy/iosApp/iosApp/ComposeContainerViewController.swift (in target 'iosApp' from project 'iosApp')

SwiftCompile normal arm64 /var/folders/bl/vzjcvbz95c3dk19cb0fw46180000gn/T/parlor-audit-ios-readiness-29-nn754kh4/copy/iosApp/iosApp/ContentView.swift (in target 'iosApp' from project 'iosApp')
    cd /var/folders/bl/vzjcvbz95c3dk19cb0fw46180000gn/T/parlor-audit-ios-readiness-29-nn754kh4/copy/iosApp
    

SwiftCompile normal arm64 /var/folders/bl/vzjcvbz95c3dk19cb0fw46180000gn/T/parlor-audit-ios-readiness-29-nn754kh4/copy/iosApp/iosApp/ComposeContainerViewController.swift (in target 'iosApp' from project 'iosApp')
    cd /var/folders/bl/vzjcvbz95c3dk19cb0fw46180000gn/T/parlor-audit-ios-readiness-29-nn754kh4/copy/iosApp
    

SwiftMergeGeneratedHeaders /var/folders/bl/vzjcvbz95c3dk19cb0fw46180000gn/T/parlor-audit-ios-readiness-29-nn754kh4/DerivedData/Build/Intermediates.noindex/iosApp.build/Debug-iphonesimulator/iosApp.build/DerivedSources/Parlor-Swift.h /var/folders/bl/vzjcvbz95c3dk19cb0fw46180000gn/T/parlor-audit-ios-readiness-29-nn754kh4/DerivedData/Build/Intermediates.noindex/iosApp.build/Debug-iphonesimulator/iosApp.build/Objects-normal/arm64/Parlor-Swift.h (in target 'iosApp' from project 'iosApp')
    cd /var/folders/bl/vzjcvbz95c3dk19cb0fw46180000gn/T/parlor-audit-ios-readiness-29-nn754kh4/copy/iosApp
    builtin-swiftHeaderTool -arch arm64 /var/folders/bl/vzjcvbz95c3dk19cb0fw46180000gn/T/parlor-audit-ios-readiness-29-nn754kh4/DerivedData/Build/Intermediates.noindex/iosApp.build/Debug-iphonesimulator/iosApp.build/Objects-normal/arm64/Parlor-Swift.h -o /var/folders/bl/vzjcvbz95c3dk19cb0fw46180000gn/T/parlor-audit-ios-readiness-29-nn754kh4/DerivedData/Build/Intermediates.noindex/iosApp.build/Debug-iphonesimulator/iosApp.build/DerivedSources/Parlor-Swift.h

SwiftDriverJobDiscovery normal arm64 Compiling ContentView.swift, ComposeContainerViewController.swift (in target 'iosApp' from project 'iosApp')

Copy /var/folders/bl/vzjcvbz95c3dk19cb0fw46180000gn/T/parlor-audit-ios-readiness-29-nn754kh4/DerivedData/Build/Products/Debug-iphonesimulator/Parlor.swiftmodule/arm64-apple-ios-simulator.swiftmodule /var/folders/bl/vzjcvbz95c3dk19cb0fw46180000gn/T/parlor-audit-ios-readiness-29-nn754kh4/DerivedData/Build/Intermediates.noindex/iosApp.build/Debug-iphonesimulator/iosApp.build/Objects-normal/arm64/Parlor.swiftmodule (in target 'iosApp' from project 'iosApp')
    cd /var/folders/bl/vzjcvbz95c3dk19cb0fw46180000gn/T/parlor-audit-ios-readiness-29-nn754kh4/copy/iosApp
    builtin-copy -exclude .DS_Store -exclude CVS -exclude .svn -exclude .git -exclude .hg -resolve-src-symlinks -rename /var/folders/bl/vzjcvbz95c3dk19cb0fw46180000gn/T/parlor-audit-ios-readiness-29-nn754kh4/DerivedData/Build/Intermediates.noindex/iosApp.build/Debug-iphonesimulator/iosApp.build/Objects-normal/arm64/Parlor.swiftmodule /var/folders/bl/vzjcvbz95c3dk19cb0fw46180000gn/T/parlor-audit-ios-readiness-29-nn754kh4/DerivedData/Build/Products/Debug-iphonesimulator/Parlor.swiftmodule/arm64-apple-ios-simulator.swiftmodule

Copy /var/folders/bl/vzjcvbz95c3dk19cb0fw46180000gn/T/parlor-audit-ios-readiness-29-nn754kh4/DerivedData/Build/Products/Debug-iphonesimulator/Parlor.swiftmodule/arm64-apple-ios-simulator.swiftdoc /var/folders/bl/vzjcvbz95c3dk19cb0fw46180000gn/T/parlor-audit-ios-readiness-29-nn754kh4/DerivedData/Build/Intermediates.noindex/iosApp.build/Debug-iphonesimulator/iosApp.build/Objects-normal/arm64/Parlor.swiftdoc (in target 'iosApp' from project 'iosApp')
    cd /var/folders/bl/vzjcvbz95c3dk19cb0fw46180000gn/T/parlor-audit-ios-readiness-29-nn754kh4/copy/iosApp
    builtin-copy -exclude .DS_Store -exclude CVS -exclude .svn -exclude .git -exclude .hg -resolve-src-symlinks -rename /var/folders/bl/vzjcvbz95c3dk19cb0fw46180000gn/T/parlor-audit-ios-readiness-29-nn754kh4/DerivedData/Build/Intermediates.noindex/iosApp.build/Debug-iphonesimulator/iosApp.build/Objects-normal/arm64/Parlor.swiftdoc /var/folders/bl/vzjcvbz95c3dk19cb0fw46180000gn/T/parlor-audit-ios-readiness-29-nn754kh4/DerivedData/Build/Products/Debug-iphonesimulator/Parlor.swiftmodule/arm64-apple-ios-simulator.swiftdoc

Copy /var/folders/bl/vzjcvbz95c3dk19cb0fw46180000gn/T/parlor-audit-ios-readiness-29-nn754kh4/DerivedData/Build/Products/Debug-iphonesimulator/Parlor.swiftmodule/arm64-apple-ios-simulator.abi.json /var/folders/bl/vzjcvbz95c3dk19cb0fw46180000gn/T/parlor-audit-ios-readiness-29-nn754kh4/DerivedData/Build/Intermediates.noindex/iosApp.build/Debug-iphonesimulator/iosApp.build/Objects-normal/arm64/Parlor.abi.json (in target 'iosApp' from project 'iosApp')
    cd /var/folders/bl/vzjcvbz95c3dk19cb0fw46180000gn/T/parlor-audit-ios-readiness-29-nn754kh4/copy/iosApp
    builtin-copy -exclude .DS_Store -exclude CVS -exclude .svn -exclude .git -exclude .hg -resolve-src-symlinks -rename /var/folders/bl/vzjcvbz95c3dk19cb0fw46180000gn/T/parlor-audit-ios-readiness-29-nn754kh4/DerivedData/Build/Intermediates.noindex/iosApp.build/Debug-iphonesimulator/iosApp.build/Objects-normal/arm64/Parlor.abi.json /var/folders/bl/vzjcvbz95c3dk19cb0fw46180000gn/T/parlor-audit-ios-readiness-29-nn754kh4/DerivedData/Build/Products/Debug-iphonesimulator/Parlor.swiftmodule/arm64-apple-ios-simulator.abi.json

Copy /var/folders/bl/vzjcvbz95c3dk19cb0fw46180000gn/T/parlor-audit-ios-readiness-29-nn754kh4/DerivedData/Build/Products/Debug-iphonesimulator/Parlor.swiftmodule/Project/arm64-apple-ios-simulator.swiftsourceinfo /var/folders/bl/vzjcvbz95c3dk19cb0fw46180000gn/T/parlor-audit-ios-readiness-29-nn754kh4/DerivedData/Build/Intermediates.noindex/iosApp.build/Debug-iphonesimulator/iosApp.build/Objects-normal/arm64/Parlor.swiftsourceinfo (in target 'iosApp' from project 'iosApp')
    cd /var/folders/bl/vzjcvbz95c3dk19cb0fw46180000gn/T/parlor-audit-ios-readiness-29-nn754kh4/copy/iosApp
    builtin-copy -exclude .DS_Store -exclude CVS -exclude .svn -exclude .git -exclude .hg -resolve-src-symlinks -rename /var/folders/bl/vzjcvbz95c3dk19cb0fw46180000gn/T/parlor-audit-ios-readiness-29-nn754kh4/DerivedData/Build/Intermediates.noindex/iosApp.build/Debug-iphonesimulator/iosApp.build/Objects-normal/arm64/Parlor.swiftsourceinfo /var/folders/bl/vzjcvbz95c3dk19cb0fw46180000gn/T/parlor-audit-ios-readiness-29-nn754kh4/DerivedData/Build/Products/Debug-iphonesimulator/Parlor.swiftmodule/Project/arm64-apple-ios-simulator.swiftsourceinfo

SwiftCompile normal arm64 Compiling\ GeneratedAssetSymbols.swift /var/folders/bl/vzjcvbz95c3dk19cb0fw46180000gn/T/parlor-audit-ios-readiness-29-nn754kh4/DerivedData/Build/Intermediates.noindex/iosApp.build/Debug-iphonesimulator/iosApp.build/DerivedSources/GeneratedAssetSymbols.swift (in target 'iosApp' from project 'iosApp')

SwiftCompile normal arm64 /var/folders/bl/vzjcvbz95c3dk19cb0fw46180000gn/T/parlor-audit-ios-readiness-29-nn754kh4/DerivedData/Build/Intermediates.noindex/iosApp.build/Debug-iphonesimulator/iosApp.build/DerivedSources/GeneratedAssetSymbols.swift (in target 'iosApp' from project 'iosApp')
    cd /var/folders/bl/vzjcvbz95c3dk19cb0fw46180000gn/T/parlor-audit-ios-readiness-29-nn754kh4/copy/iosApp
    

SwiftDriverJobDiscovery normal arm64 Compiling GeneratedAssetSymbols.swift (in target 'iosApp' from project 'iosApp')

SwiftDriver\ Compilation iosApp normal arm64 com.apple.xcode.tools.swift.compiler (in target 'iosApp' from project 'iosApp')
    cd /var/folders/bl/vzjcvbz95c3dk19cb0fw46180000gn/T/parlor-audit-ios-readiness-29-nn754kh4/copy/iosApp
    builtin-Swift-Compilation -- /Applications/Xcode_26.3.app/Contents/Developer/Toolchains/XcodeDefault.xctoolchain/usr/bin/swiftc -module-name Parlor -Onone -enforce-exclusivity\=checked @/var/folders/bl/vzjcvbz95c3dk19cb0fw46180000gn/T/parlor-audit-ios-readiness-29-nn754kh4/DerivedData/Build/Intermediates.noindex/iosApp.build/Debug-iphonesimulator/iosApp.build/Objects-normal/arm64/Parlor.SwiftFileList -DDEBUG -enable-bare-slash-regex -enable-experimental-feature DebugDescriptionMacro -sdk /Applications/Xcode_26.3.app/Contents/Developer/Platforms/iPhoneSimulator.platform/Developer/SDKs/iPhoneSimulator26.2.sdk -target arm64-apple-ios16.0-simulator -g -module-cache-path /var/folders/bl/vzjcvbz95c3dk19cb0fw46180000gn/T/parlor-audit-ios-readiness-29-nn754kh4/DerivedData/ModuleCache.noindex -Xfrontend -serialize-debugging-options -enable-testing -Xcc -D_LIBCPP_HARDENING_MODE\=_LIBCPP_HARDENING_MODE_DEBUG -swift-version 5 -I /var/folders/bl/vzjcvbz95c3dk19cb0fw46180000gn/T/parlor-audit-ios-readiness-29-nn754kh4/DerivedData/Build/Products/Debug-iphonesimulator -F /var/folders/bl/vzjcvbz95c3dk19cb0fw46180000gn/T/parlor-audit-ios-readiness-29-nn754kh4/DerivedData/Build/Products/Debug-iphonesimulator -F /var/folders/bl/vzjcvbz95c3dk19cb0fw46180000gn/T/parlor-audit-ios-readiness-29-nn754kh4/copy/composeApp/build/xcode-frameworks/Debug/iphonesimulator26.2 -emit-localized-strings -emit-localized-strings-path /var/folders/bl/vzjcvbz95c3dk19cb0fw46180000gn/T/parlor-audit-ios-readiness-29-nn754kh4/DerivedData/Build/Intermediates.noindex/iosApp.build/Debug-iphonesimulator/iosApp.build/Objects-normal/arm64 -c -j3 -enable-batch-mode -incremental -Xcc -ivfsstatcache -Xcc /var/folders/bl/vzjcvbz95c3dk19cb0fw46180000gn/T/parlor-audit-ios-readiness-29-nn754kh4/DerivedData/SDKStatCaches.noindex/iphonesimulator26.2-23C57-dc75598d0054f22ec865fa860f139d72e244bd9a5feaf902f95f61bf06266e52.sdkstatcache -output-file-map /var/folders/bl/vzjcvbz95c3dk19cb0fw46180000gn/T/parlor-audit-ios-readiness-29-nn754kh4/DerivedData/Build/Intermediates.noindex/iosApp.build/Debug-iphonesimulator/iosApp.build/Objects-normal/arm64/iosApp-OutputFileMap.json -use-frontend-parseable-output -save-temps -no-color-diagnostics -explicit-module-build -module-cache-path /var/folders/bl/vzjcvbz95c3dk19cb0fw46180000gn/T/parlor-audit-ios-readiness-29-nn754kh4/DerivedData/Build/Intermediates.noindex/SwiftExplicitPrecompiledModules -clang-scanner-module-cache-path /var/folders/bl/vzjcvbz95c3dk19cb0fw46180000gn/T/parlor-audit-ios-readiness-29-nn754kh4/DerivedData/ModuleCache.noindex -sdk-module-cache-path /var/folders/bl/vzjcvbz95c3dk19cb0fw46180000gn/T/parlor-audit-ios-readiness-29-nn754kh4/DerivedData/ModuleCache.noindex -serialize-diagnostics -emit-dependencies -emit-module -emit-module-path /var/folders/bl/vzjcvbz95c3dk19cb0fw46180000gn/T/parlor-audit-ios-readiness-29-nn754kh4/DerivedData/Build/Intermediates.noindex/iosApp.build/Debug-iphonesimulator/iosApp.build/Objects-normal/arm64/Parlor.swiftmodule -validate-clang-modules-once -clang-build-session-file /var/folders/bl/vzjcvbz95c3dk19cb0fw46180000gn/T/parlor-audit-ios-readiness-29-nn754kh4/DerivedData/ModuleCache.noindex/Session.modulevalidation -Xcc -I/var/folders/bl/vzjcvbz95c3dk19cb0fw46180000gn/T/parlor-audit-ios-readiness-29-nn754kh4/DerivedData/Build/Intermediates.noindex/iosApp.build/Debug-iphonesimulator/iosApp.build/swift-overrides.hmap -emit-const-values -Xfrontend -const-gather-protocols-file -Xfrontend /var/folders/bl/vzjcvbz95c3dk19cb0fw46180000gn/T/parlor-audit-ios-readiness-29-nn754kh4/DerivedData/Build/Intermediates.noindex/iosApp.build/Debug-iphonesimulator/iosApp.build/Objects-normal/arm64/iosApp_const_extract_protocols.json -Xcc -iquote -Xcc /var/folders/bl/vzjcvbz95c3dk19cb0fw46180000gn/T/parlor-audit-ios-readiness-29-nn754kh4/DerivedData/Build/Intermediates.noindex/iosApp.build/Debug-iphonesimulator/iosApp.build/Parlor-generated-files.hmap -Xcc -I/var/folders/bl/vzjcvbz95c3dk19cb0fw46180000gn/T/parlor-audit-ios-readiness-29-nn754kh4/DerivedData/Build/Intermediates.noindex/iosApp.build/Debug-iphonesimulator/iosApp.build/Parlor-own-target-headers.hmap -Xcc -I/var/folders/bl/vzjcvbz95c3dk19cb0fw46180000gn/T/parlor-audit-ios-readiness-29-nn754kh4/DerivedData/Build/Intermediates.noindex/iosApp.build/Debug-iphonesimulator/iosApp.build/Parlor-all-target-headers.hmap -Xcc -iquote -Xcc /var/folders/bl/vzjcvbz95c3dk19cb0fw46180000gn/T/parlor-audit-ios-readiness-29-nn754kh4/DerivedData/Build/Intermediates.noindex/iosApp.build/Debug-iphonesimulator/iosApp.build/Parlor-project-headers.hmap -Xcc -I/var/folders/bl/vzjcvbz95c3dk19cb0fw46180000gn/T/parlor-audit-ios-readiness-29-nn754kh4/DerivedData/Build/Products/Debug-iphonesimulator/include -Xcc -I/var/folders/bl/vzjcvbz95c3dk19cb0fw46180000gn/T/parlor-audit-ios-readiness-29-nn754kh4/DerivedData/Build/Intermediates.noindex/iosApp.build/Debug-iphonesimulator/iosApp.build/DerivedSources-normal/arm64 -Xcc -I/var/folders/bl/vzjcvbz95c3dk19cb0fw46180000gn/T/parlor-audit-ios-readiness-29-nn754kh4/DerivedData/Build/Intermediates.noindex/iosApp.build/Debug-iphonesimulator/iosApp.build/DerivedSources/arm64 -Xcc -I/var/folders/bl/vzjcvbz95c3dk19cb0fw46180000gn/T/parlor-audit-ios-readiness-29-nn754kh4/DerivedData/Build/Intermediates.noindex/iosApp.build/Debug-iphonesimulator/iosApp.build/DerivedSources -Xcc -DDEBUG\=1 -emit-objc-header -emit-objc-header-path /var/folders/bl/vzjcvbz95c3dk19cb0fw46180000gn/T/parlor-audit-ios-readiness-29-nn754kh4/DerivedData/Build/Intermediates.noindex/iosApp.build/Debug-iphonesimulator/iosApp.build/Objects-normal/arm64/Parlor-Swift.h -import-objc-header /var/folders/bl/vzjcvbz95c3dk19cb0fw46180000gn/T/parlor-audit-ios-readiness-29-nn754kh4/copy/iosApp/iosApp/L08AppFoundationBridge.h -working-directory /var/folders/bl/vzjcvbz95c3dk19cb0fw46180000gn/T/parlor-audit-ios-readiness-29-nn754kh4/copy/iosApp -experimental-emit-module-separately -disable-cmo

ScanDependencies /var/folders/bl/vzjcvbz95c3dk19cb0fw46180000gn/T/parlor-audit-ios-readiness-29-nn754kh4/DerivedData/Build/Intermediates.noindex/iosApp.build/Debug-iphonesimulator/iosApp.build/Objects-normal/arm64/L08AppFoundation.o /var/folders/bl/vzjcvbz95c3dk19cb0fw46180000gn/T/parlor-audit-ios-readiness-29-nn754kh4/copy/iosApp/iosApp/L08AppFoundation.m normal arm64 objective-c com.apple.compilers.llvm.clang.1_0.compiler (in target 'iosApp' from project 'iosApp')
    cd /var/folders/bl/vzjcvbz95c3dk19cb0fw46180000gn/T/parlor-audit-ios-readiness-29-nn754kh4/copy/iosApp
    
    Using response file: /var/folders/bl/vzjcvbz95c3dk19cb0fw46180000gn/T/parlor-audit-ios-readiness-29-nn754kh4/DerivedData/Build/Intermediates.noindex/iosApp.build/Debug-iphonesimulator/iosApp.build/Objects-normal/arm64/e6072d4f65d7061329687fe24e3d63a7-common-args.resp
    
    builtin-ScanDependencies -o /var/folders/bl/vzjcvbz95c3dk19cb0fw46180000gn/T/parlor-audit-ios-readiness-29-nn754kh4/DerivedData/Build/Intermediates.noindex/iosApp.build/Debug-iphonesimulator/iosApp.build/Objects-normal/arm64/L08AppFoundation.o.scan -- /Applications/Xcode_26.3.app/Contents/Developer/Toolchains/XcodeDefault.xctoolchain/usr/bin/clang -x objective-c -ivfsstatcache /var/folders/bl/vzjcvbz95c3dk19cb0fw46180000gn/T/parlor-audit-ios-readiness-29-nn754kh4/DerivedData/SDKStatCaches.noindex/iphonesimulator26.2-23C57-dc75598d0054f22ec865fa860f139d72e244bd9a5feaf902f95f61bf06266e52.sdkstatcache -fmessage-length\=0 -fdiagnostics-show-note-include-stack -fmacro-backtrace-limit\=0 -fno-color-diagnostics -fmodules-prune-interval\=86400 -fmodules-prune-after\=345600 -fbuild-session-file\=/var/folders/bl/vzjcvbz95c3dk19cb0fw46180000gn/T/parlor-audit-ios-readiness-29-nn754kh4/DerivedData/ModuleCache.noindex/Session.modulevalidation -fmodules-validate-once-per-build-session -Wnon-modular-include-in-framework-module -Werror\=non-modular-include-in-framework-module -Wno-trigraphs -Wno-missing-field-initializers -Wno-missing-prototypes -Werror\=return-type -Wdocumentation -Wunreachable-code -Wquoted-include-in-framework-header -Wno-implicit-atomic-properties -Werror\=deprecated-objc-isa-usage -Wno-objc-interface-ivars -Werror\=objc-root-class -Wno-arc-repeated-use-of-weak -Wimplicit-retain-self -Wduplicate-method-match -Wno-missing-braces -Wparentheses -Wswitch -Wunused-function -Wno-unused-label -Wno-unused-parameter -Wunused-variable -Wunused-value -Wempty-body -Wuninitialized -Wconditional-uninitialized -Wno-unknown-pragmas -Wno-shadow -Wno-four-char-constants -Wno-conversion -Wconstant-conversion -Wint-conversion -Wbool-conversion -Wenum-conversion -Wno-float-conversion -Wnon-literal-null-conversion -Wobjc-literal-conversion -Wshorten-64-to-32 -Wpointer-sign -Wno-newline-eof -Wno-selector -Wno-strict-selector-match -Wundeclared-selector -Wdeprecated-implementations -Wno-implicit-fallthrough -fstrict-aliasing -Wprotocol -Wdeprecated-declarations -Wno-sign-conversion -Winfinite-recursion -Wcomma -Wblock-capture-autoreleasing -Wstrict-prototypes -Wno-semicolon-before-method-body -Wunguarded-availability @/var/folders/bl/vzjcvbz95c3dk19cb0fw46180000gn/T/parlor-audit-ios-readiness-29-nn754kh4/DerivedData/Build/Intermediates.noindex/iosApp.build/Debug-iphonesimulator/iosApp.build/Objects-normal/arm64/e6072d4f65d7061329687fe24e3d63a7-common-args.resp -Wall -Wextra -Werror -MMD -MT dependencies -MF /var/folders/bl/vzjcvbz95c3dk19cb0fw46180000gn/T/parlor-audit-ios-readiness-29-nn754kh4/DerivedData/Build/Intermediates.noindex/iosApp.build/Debug-iphonesimulator/iosApp.build/Objects-normal/arm64/L08AppFoundation.d --serialize-diagnostics /var/folders/bl/vzjcvbz95c3dk19cb0fw46180000gn/T/parlor-audit-ios-readiness-29-nn754kh4/DerivedData/Build/Intermediates.noindex/iosApp.build/Debug-iphonesimulator/iosApp.build/Objects-normal/arm64/L08AppFoundation.dia -c /var/folders/bl/vzjcvbz95c3dk19cb0fw46180000gn/T/parlor-audit-ios-readiness-29-nn754kh4/copy/iosApp/iosApp/L08AppFoundation.m -o /var/folders/bl/vzjcvbz95c3dk19cb0fw46180000gn/T/parlor-audit-ios-readiness-29-nn754kh4/DerivedData/Build/Intermediates.noindex/iosApp.build/Debug-iphonesimulator/iosApp.build/Objects-normal/arm64/L08AppFoundation.o

PrecompileModule /var/folders/bl/vzjcvbz95c3dk19cb0fw46180000gn/T/parlor-audit-ios-readiness-29-nn754kh4/DerivedData/Build/Intermediates.noindex/ExplicitPrecompiledModules/ptrauth-1HVL40R4ALSUNM5VPY30OVD4X.scan
    cd /
    builtin-precompileModule /var/folders/bl/vzjcvbz95c3dk19cb0fw46180000gn/T/parlor-audit-ios-readiness-29-nn754kh4/DerivedData/Build/Intermediates.noindex/ExplicitPrecompiledModules/ptrauth-1HVL40R4ALSUNM5VPY30OVD4X.scan

PrecompileModule /var/folders/bl/vzjcvbz95c3dk19cb0fw46180000gn/T/parlor-audit-ios-readiness-29-nn754kh4/DerivedData/Build/Intermediates.noindex/ExplicitPrecompiledModules/_Builtin_stdarg-CSMTQCBR50NLRFQ9LD1FFWFUT.scan
    cd /
    builtin-precompileModule /var/folders/bl/vzjcvbz95c3dk19cb0fw46180000gn/T/parlor-audit-ios-readiness-29-nn754kh4/DerivedData/Build/Intermediates.noindex/ExplicitPrecompiledModules/_Builtin_stdarg-CSMTQCBR50NLRFQ9LD1FFWFUT.scan

PrecompileModule /var/folders/bl/vzjcvbz95c3dk19cb0fw46180000gn/T/parlor-audit-ios-readiness-29-nn754kh4/DerivedData/Build/Intermediates.noindex/ExplicitPrecompiledModules/_AvailabilityInternal-8XI2H5VATRMLV3L9RBSDI9VTX.scan
    cd /
    builtin-precompileModule /var/folders/bl/vzjcvbz95c3dk19cb0fw46180000gn/T/parlor-audit-ios-readiness-29-nn754kh4/DerivedData/Build/Intermediates.noindex/ExplicitPrecompiledModules/_AvailabilityInternal-8XI2H5VATRMLV3L9RBSDI9VTX.scan

PrecompileModule /var/folders/bl/vzjcvbz95c3dk19cb0fw46180000gn/T/parlor-audit-ios-readiness-29-nn754kh4/DerivedData/Build/Intermediates.noindex/ExplicitPrecompiledModules/_Builtin_stddef-70WJJAC094BRKWKIGU9MZX2AO.scan
    cd /
    builtin-precompileModule /var/folders/bl/vzjcvbz95c3dk19cb0fw46180000gn/T/parlor-audit-ios-readiness-29-nn754kh4/DerivedData/Build/Intermediates.noindex/ExplicitPrecompiledModules/_Builtin_stddef-70WJJAC094BRKWKIGU9MZX2AO.scan

PrecompileModule /var/folders/bl/vzjcvbz95c3dk19cb0fw46180000gn/T/parlor-audit-ios-readiness-29-nn754kh4/DerivedData/Build/Intermediates.noindex/ExplicitPrecompiledModules/ptrcheck-F0RU8W5NBD2BSMGPVJHE8PUWC.scan
    cd /
    builtin-precompileModule /var/folders/bl/vzjcvbz95c3dk19cb0fw46180000gn/T/parlor-audit-ios-readiness-29-nn754kh4/DerivedData/Build/Intermediates.noindex/ExplicitPrecompiledModules/ptrcheck-F0RU8W5NBD2BSMGPVJHE8PUWC.scan

PrecompileModule /var/folders/bl/vzjcvbz95c3dk19cb0fw46180000gn/T/parlor-audit-ios-readiness-29-nn754kh4/DerivedData/Build/Intermediates.noindex/ExplicitPrecompiledModules/_Builtin_float-EYVJVYSOXNQ1M7CZRW9O28GQP.scan
    cd /
    builtin-precompileModule /var/folders/bl/vzjcvbz95c3dk19cb0fw46180000gn/T/parlor-audit-ios-readiness-29-nn754kh4/DerivedData/Build/Intermediates.noindex/ExplicitPrecompiledModules/_Builtin_float-EYVJVYSOXNQ1M7CZRW9O28GQP.scan

PrecompileModule /var/folders/bl/vzjcvbz95c3dk19cb0fw46180000gn/T/parlor-audit-ios-readiness-29-nn754kh4/DerivedData/Build/Intermediates.noindex/ExplicitPrecompiledModules/_Builtin_stdbool-BZZPFIBA6BLK02JFQERQHUPV.scan
    cd /
    builtin-precompileModule /var/folders/bl/vzjcvbz95c3dk19cb0fw46180000gn/T/parlor-audit-ios-readiness-29-nn754kh4/DerivedData/Build/Intermediates.noindex/ExplicitPrecompiledModules/_Builtin_stdbool-BZZPFIBA6BLK02JFQERQHUPV.scan

PrecompileModule /var/folders/bl/vzjcvbz95c3dk19cb0fw46180000gn/T/parlor-audit-ios-readiness-29-nn754kh4/DerivedData/Build/Intermediates.noindex/ExplicitPrecompiledModules/_DarwinFoundation1-8SI622SGHR751Y3VSRHDWHKQM.scan
    cd /
    builtin-precompileModule /var/folders/bl/vzjcvbz95c3dk19cb0fw46180000gn/T/parlor-audit-ios-readiness-29-nn754kh4/DerivedData/Build/Intermediates.noindex/ExplicitPrecompiledModules/_DarwinFoundation1-8SI622SGHR751Y3VSRHDWHKQM.scan

ProcessProductPackaging "" /var/folders/bl/vzjcvbz95c3dk19cb0fw46180000gn/T/parlor-audit-ios-readiness-29-nn754kh4/DerivedData/Build/Intermediates.noindex/iosApp.build/Debug-iphonesimulator/iosAppUITests.build/iosAppUITests.xctest-Simulated.xcent (in target 'iosAppUITests' from project 'iosApp')
    cd /var/folders/bl/vzjcvbz95c3dk19cb0fw46180000gn/T/parlor-audit-ios-readiness-29-nn754kh4/copy/iosApp
    
    Entitlements:
    
    {
    "application-identifier" = "FAKETEAMID.com.parlor.app.uitests.xctrunner";
    "keychain-access-groups" =     (
        "FAKETEAMID.com.parlor.app.uitests.xctrunner"
    );
}
    
    builtin-productPackagingUtility -entitlements -format xml -o /var/folders/bl/vzjcvbz95c3dk19cb0fw46180000gn/T/parlor-audit-ios-readiness-29-nn754kh4/DerivedData/Build/Intermediates.noindex/iosApp.build/Debug-iphonesimulator/iosAppUITests.build/iosAppUITests.xctest-Simulated.xcent

PrecompileModule /var/folders/bl/vzjcvbz95c3dk19cb0fw46180000gn/T/parlor-audit-ios-readiness-29-nn754kh4/DerivedData/Build/Intermediates.noindex/ExplicitPrecompiledModules/_Builtin_limits-3Q42UWE4MGM0OIF06QWZE1X9F.scan
    cd /
    builtin-precompileModule /var/folders/bl/vzjcvbz95c3dk19cb0fw46180000gn/T/parlor-audit-ios-readiness-29-nn754kh4/DerivedData/Build/Intermediates.noindex/ExplicitPrecompiledModules/_Builtin_limits-3Q42UWE4MGM0OIF06QWZE1X9F.scan

PrecompileModule /var/folders/bl/vzjcvbz95c3dk19cb0fw46180000gn/T/parlor-audit-ios-readiness-29-nn754kh4/DerivedData/Build/Intermediates.noindex/ExplicitPrecompiledModules/_DarwinFoundation2-66ISQAEMEDW7P583IEBXYB27T.scan
    cd /
    builtin-precompileModule /var/folders/bl/vzjcvbz95c3dk19cb0fw46180000gn/T/parlor-audit-ios-readiness-29-nn754kh4/DerivedData/Build/Intermediates.noindex/ExplicitPrecompiledModules/_DarwinFoundation2-66ISQAEMEDW7P583IEBXYB27T.scan

ProcessProductPackagingDER /var/folders/bl/vzjcvbz95c3dk19cb0fw46180000gn/T/parlor-audit-ios-readiness-29-nn754kh4/DerivedData/Build/Intermediates.noindex/iosApp.build/Debug-iphonesimulator/iosAppUITests.build/iosAppUITests.xctest-Simulated.xcent /var/folders/bl/vzjcvbz95c3dk19cb0fw46180000gn/T/parlor-audit-ios-readiness-29-nn754kh4/DerivedData/Build/Intermediates.noindex/iosApp.build/Debug-iphonesimulator/iosAppUITests.build/iosAppUITests.xctest-Simulated.xcent.der (in target 'iosAppUITests' from project 'iosApp')
    cd /var/folders/bl/vzjcvbz95c3dk19cb0fw46180000gn/T/parlor-audit-ios-readiness-29-nn754kh4/copy/iosApp
    /usr/bin/derq query -f xml -i /var/folders/bl/vzjcvbz95c3dk19cb0fw46180000gn/T/parlor-audit-ios-readiness-29-nn754kh4/DerivedData/Build/Intermediates.noindex/iosApp.build/Debug-iphonesimulator/iosAppUITests.build/iosAppUITests.xctest-Simulated.xcent -o /var/folders/bl/vzjcvbz95c3dk19cb0fw46180000gn/T/parlor-audit-ios-readiness-29-nn754kh4/DerivedData/Build/Intermediates.noindex/iosApp.build/Debug-iphonesimulator/iosAppUITests.build/iosAppUITests.xctest-Simulated.xcent.der --raw

PrecompileModule /var/folders/bl/vzjcvbz95c3dk19cb0fw46180000gn/T/parlor-audit-ios-readiness-29-nn754kh4/DerivedData/Build/Intermediates.noindex/ExplicitPrecompiledModules/_Builtin_stdint-DPCCKH2N23R8IEJ7944F5A8S.scan
    cd /
    builtin-precompileModule /var/folders/bl/vzjcvbz95c3dk19cb0fw46180000gn/T/parlor-audit-ios-readiness-29-nn754kh4/DerivedData/Build/Intermediates.noindex/ExplicitPrecompiledModules/_Builtin_stdint-DPCCKH2N23R8IEJ7944F5A8S.scan

PrecompileModule /var/folders/bl/vzjcvbz95c3dk19cb0fw46180000gn/T/parlor-audit-ios-readiness-29-nn754kh4/DerivedData/Build/Intermediates.noindex/ExplicitPrecompiledModules/_DarwinFoundation3-62GEKL3X3N8YTV0GPDOE72P8T.scan
    cd /
    builtin-precompileModule /var/folders/bl/vzjcvbz95c3dk19cb0fw46180000gn/T/parlor-audit-ios-readiness-29-nn754kh4/DerivedData/Build/Intermediates.noindex/ExplicitPrecompiledModules/_DarwinFoundation3-62GEKL3X3N8YTV0GPDOE72P8T.scan

PrecompileModule /var/folders/bl/vzjcvbz95c3dk19cb0fw46180000gn/T/parlor-audit-ios-readiness-29-nn754kh4/DerivedData/Build/Intermediates.noindex/ExplicitPrecompiledModules/_Builtin_stdatomic-9NDOM3V4MYEFCI0K07MEM884H.scan
    cd /
    builtin-precompileModule /var/folders/bl/vzjcvbz95c3dk19cb0fw46180000gn/T/parlor-audit-ios-readiness-29-nn754kh4/DerivedData/Build/Intermediates.noindex/ExplicitPrecompiledModules/_Builtin_stdatomic-9NDOM3V4MYEFCI0K07MEM884H.scan

PrecompileModule /var/folders/bl/vzjcvbz95c3dk19cb0fw46180000gn/T/parlor-audit-ios-readiness-29-nn754kh4/DerivedData/Build/Intermediates.noindex/ExplicitPrecompiledModules/_Builtin_inttypes-DQ2NL7PWFY1IQC2L1PIJXN734.scan
    cd /
    builtin-precompileModule /var/folders/bl/vzjcvbz95c3dk19cb0fw46180000gn/T/parlor-audit-ios-readiness-29-nn754kh4/DerivedData/Build/Intermediates.noindex/ExplicitPrecompiledModules/_Builtin_inttypes-DQ2NL7PWFY1IQC2L1PIJXN734.scan

PrecompileModule /var/folders/bl/vzjcvbz95c3dk19cb0fw46180000gn/T/parlor-audit-ios-readiness-29-nn754kh4/DerivedData/Build/Intermediates.noindex/ExplicitPrecompiledModules/Darwin-E2MQDKI2HMRFB8AXSEOMMSNA5.scan
    cd /
    builtin-precompileModule /var/folders/bl/vzjcvbz95c3dk19cb0fw46180000gn/T/parlor-audit-ios-readiness-29-nn754kh4/DerivedData/Build/Intermediates.noindex/ExplicitPrecompiledModules/Darwin-E2MQDKI2HMRFB8AXSEOMMSNA5.scan

PrecompileModule /var/folders/bl/vzjcvbz95c3dk19cb0fw46180000gn/T/parlor-audit-ios-readiness-29-nn754kh4/DerivedData/Build/Intermediates.noindex/ExplicitPrecompiledModules/MachO-9GM11XLFCXIXW1QHHMFTHKACO.scan
    cd /
    builtin-precompileModule /var/folders/bl/vzjcvbz95c3dk19cb0fw46180000gn/T/parlor-audit-ios-readiness-29-nn754kh4/DerivedData/Build/Intermediates.noindex/ExplicitPrecompiledModules/MachO-9GM11XLFCXIXW1QHHMFTHKACO.scan

PrecompileModule /var/folders/bl/vzjcvbz95c3dk19cb0fw46180000gn/T/parlor-audit-ios-readiness-29-nn754kh4/DerivedData/Build/Intermediates.noindex/ExplicitPrecompiledModules/ObjectiveC-CLEX6GWAFGKGKWVYP8HHPMCKH.scan
    cd /
    builtin-precompileModule /var/folders/bl/vzjcvbz95c3dk19cb0fw46180000gn/T/parlor-audit-ios-readiness-29-nn754kh4/DerivedData/Build/Intermediates.noindex/ExplicitPrecompiledModules/ObjectiveC-CLEX6GWAFGKGKWVYP8HHPMCKH.scan

PrecompileModule /var/folders/bl/vzjcvbz95c3dk19cb0fw46180000gn/T/parlor-audit-ios-readiness-29-nn754kh4/DerivedData/Build/Intermediates.noindex/ExplicitPrecompiledModules/os_object-AKVRB8YXDGKZT1SMQI2DK0JI.scan
    cd /
    builtin-precompileModule /var/folders/bl/vzjcvbz95c3dk19cb0fw46180000gn/T/parlor-audit-ios-readiness-29-nn754kh4/DerivedData/Build/Intermediates.noindex/ExplicitPrecompiledModules/os_object-AKVRB8YXDGKZT1SMQI2DK0JI.scan

PrecompileModule /var/folders/bl/vzjcvbz95c3dk19cb0fw46180000gn/T/parlor-audit-ios-readiness-29-nn754kh4/DerivedData/Build/Intermediates.noindex/ExplicitPrecompiledModules/os_workgroup-13N1IW1G4TS0UU2OM84VIRZ0I.scan
    cd /
    builtin-precompileModule /var/folders/bl/vzjcvbz95c3dk19cb0fw46180000gn/T/parlor-audit-ios-readiness-29-nn754kh4/DerivedData/Build/Intermediates.noindex/ExplicitPrecompiledModules/os_workgroup-13N1IW1G4TS0UU2OM84VIRZ0I.scan

PrecompileModule /var/folders/bl/vzjcvbz95c3dk19cb0fw46180000gn/T/parlor-audit-ios-readiness-29-nn754kh4/DerivedData/Build/Intermediates.noindex/ExplicitPrecompiledModules/Dispatch-1NOACBCEHZGIN68JU81YOTO0V.scan
    cd /
    builtin-precompileModule /var/folders/bl/vzjcvbz95c3dk19cb0fw46180000gn/T/parlor-audit-ios-readiness-29-nn754kh4/DerivedData/Build/Intermediates.noindex/ExplicitPrecompiledModules/Dispatch-1NOACBCEHZGIN68JU81YOTO0V.scan

SwiftDriver iosAppUITests normal arm64 com.apple.xcode.tools.swift.compiler (in target 'iosAppUITests' from project 'iosApp')
    cd /var/folders/bl/vzjcvbz95c3dk19cb0fw46180000gn/T/parlor-audit-ios-readiness-29-nn754kh4/copy/iosApp
    builtin-SwiftDriver -- /Applications/Xcode_26.3.app/Contents/Developer/Toolchains/XcodeDefault.xctoolchain/usr/bin/swiftc -module-name iosAppUITests -Onone -enforce-exclusivity\=checked @/var/folders/bl/vzjcvbz95c3dk19cb0fw46180000gn/T/parlor-audit-ios-readiness-29-nn754kh4/DerivedData/Build/Intermediates.noindex/iosApp.build/Debug-iphonesimulator/iosAppUITests.build/Objects-normal/arm64/iosAppUITests.SwiftFileList -DDEBUG -module-alias Testing\=_Testing_Unavailable -plugin-path /Applications/Xcode_26.3.app/Contents/Developer/Toolchains/XcodeDefault.xctoolchain/usr/lib/swift/host/plugins/testing -enable-bare-slash-regex -enable-experimental-feature DebugDescriptionMacro -sdk /Applications/Xcode_26.3.app/Contents/Developer/Platforms/iPhoneSimulator.platform/Developer/SDKs/iPhoneSimulator26.2.sdk -target arm64-apple-ios16.0-simulator -g -module-cache-path /var/folders/bl/vzjcvbz95c3dk19cb0fw46180000gn/T/parlor-audit-ios-readiness-29-nn754kh4/DerivedData/ModuleCache.noindex -Xfrontend -serialize-debugging-options -enable-testing -Xcc -D_LIBCPP_HARDENING_MODE\=_LIBCPP_HARDENING_MODE_DEBUG -swift-version 5 -I /var/folders/bl/vzjcvbz95c3dk19cb0fw46180000gn/T/parlor-audit-ios-readiness-29-nn754kh4/DerivedData/Build/Products/Debug-iphonesimulator -Isystem /Applications/Xcode_26.3.app/Contents/Developer/Platforms/iPhoneSimulator.platform/Developer/usr/lib -F /var/folders/bl/vzjcvbz95c3dk19cb0fw46180000gn/T/parlor-audit-ios-readiness-29-nn754kh4/DerivedData/Build/Products/Debug-iphonesimulator -F /Applications/Xcode_26.3.app/Contents/Developer/Platforms/iPhoneSimulator.platform/Developer/Library/Frameworks -F /Applications/Xcode_26.3.app/Contents/Developer/Platforms/iPhoneSimulator.platform/Developer/SDKs/iPhoneSimulator26.2.sdk/Developer/Library/Frameworks -c -j3 -enable-batch-mode -incremental -Xcc -ivfsstatcache -Xcc /var/folders/bl/vzjcvbz95c3dk19cb0fw46180000gn/T/parlor-audit-ios-readiness-29-nn754kh4/DerivedData/SDKStatCaches.noindex/iphonesimulator26.2-23C57-dc75598d0054f22ec865fa860f139d72e244bd9a5feaf902f95f61bf06266e52.sdkstatcache -output-file-map /var/folders/bl/vzjcvbz95c3dk19cb0fw46180000gn/T/parlor-audit-ios-readiness-29-nn754kh4/DerivedData/Build/Intermediates.noindex/iosApp.build/Debug-iphonesimulator/iosAppUITests.build/Objects-normal/arm64/iosAppUITests-OutputFileMap.json -use-frontend-parseable-output -save-temps -no-color-diagnostics -explicit-module-build -module-cache-path /var/folders/bl/vzjcvbz95c3dk19cb0fw46180000gn/T/parlor-audit-ios-readiness-29-nn754kh4/DerivedData/Build/Intermediates.noindex/SwiftExplicitPrecompiledModules -clang-scanner-module-cache-path /var/folders/bl/vzjcvbz95c3dk19cb0fw46180000gn/T/parlor-audit-ios-readiness-29-nn754kh4/DerivedData/ModuleCache.noindex -sdk-module-cache-path /var/folders/bl/vzjcvbz95c3dk19cb0fw46180000gn/T/parlor-audit-ios-readiness-29-nn754kh4/DerivedData/ModuleCache.noindex -serialize-diagnostics -emit-dependencies -emit-module -emit-module-path /var/folders/bl/vzjcvbz95c3dk19cb0fw46180000gn/T/parlor-audit-ios-readiness-29-nn754kh4/DerivedData/Build/Intermediates.noindex/iosApp.build/Debug-iphonesimulator/iosAppUITests.build/Objects-normal/arm64/iosAppUITests.swiftmodule -validate-clang-modules-once -clang-build-session-file /var/folders/bl/vzjcvbz95c3dk19cb0fw46180000gn/T/parlor-audit-ios-readiness-29-nn754kh4/DerivedData/ModuleCache.noindex/Session.modulevalidation -Xcc -I/var/folders/bl/vzjcvbz95c3dk19cb0fw46180000gn/T/parlor-audit-ios-readiness-29-nn754kh4/DerivedData/Build/Intermediates.noindex/iosApp.build/Debug-iphonesimulator/iosAppUITests.build/swift-overrides.hmap -emit-const-values -Xfrontend -const-gather-protocols-file -Xfrontend /var/folders/bl/vzjcvbz95c3dk19cb0fw46180000gn/T/parlor-audit-ios-readiness-29-nn754kh4/DerivedData/Build/Intermediates.noindex/iosApp.build/Debug-iphonesimulator/iosAppUITests.build/Objects-normal/arm64/iosAppUITests_const_extract_protocols.json -Xcc -iquote -Xcc /var/folders/bl/vzjcvbz95c3dk19cb0fw46180000gn/T/parlor-audit-ios-readiness-29-nn754kh4/DerivedData/Build/Intermediates.noindex/iosApp.build/Debug-iphonesimulator/iosAppUITests.build/iosAppUITests-generated-files.hmap -Xcc -I/var/folders/bl/vzjcvbz95c3dk19cb0fw46180000gn/T/parlor-audit-ios-readiness-29-nn754kh4/DerivedData/Build/Intermediates.noindex/iosApp.build/Debug-iphonesimulator/iosAppUITests.build/iosAppUITests-own-target-headers.hmap -Xcc -I/var/folders/bl/vzjcvbz95c3dk19cb0fw46180000gn/T/parlor-audit-ios-readiness-29-nn754kh4/DerivedData/Build/Intermediates.noindex/iosApp.build/Debug-iphonesimulator/iosAppUITests.build/iosAppUITests-all-target-headers.hmap -Xcc -iquote -Xcc /var/folders/bl/vzjcvbz95c3dk19cb0fw46180000gn/T/parlor-audit-ios-readiness-29-nn754kh4/DerivedData/Build/Intermediates.noindex/iosApp.build/Debug-iphonesimulator/iosAppUITests.build/iosAppUITests-project-headers.hmap -Xcc -I/var/folders/bl/vzjcvbz95c3dk19cb0fw46180000gn/T/parlor-audit-ios-readiness-29-nn754kh4/DerivedData/Build/Products/Debug-iphonesimulator/include -Xcc -I/var/folders/bl/vzjcvbz95c3dk19cb0fw46180000gn/T/parlor-audit-ios-readiness-29-nn754kh4/DerivedData/Build/Intermediates.noindex/iosApp.build/Debug-iphonesimulator/iosAppUITests.build/DerivedSources-normal/arm64 -Xcc -I/var/folders/bl/vzjcvbz95c3dk19cb0fw46180000gn/T/parlor-audit-ios-readiness-29-nn754kh4/DerivedData/Build/Intermediates.noindex/iosApp.build/Debug-iphonesimulator/iosAppUITests.build/DerivedSources/arm64 -Xcc -I/var/folders/bl/vzjcvbz95c3dk19cb0fw46180000gn/T/parlor-audit-ios-readiness-29-nn754kh4/DerivedData/Build/Intermediates.noindex/iosApp.build/Debug-iphonesimulator/iosAppUITests.build/DerivedSources -Xcc -DDEBUG\=1 -emit-objc-header -emit-objc-header-path /var/folders/bl/vzjcvbz95c3dk19cb0fw46180000gn/T/parlor-audit-ios-readiness-29-nn754kh4/DerivedData/Build/Intermediates.noindex/iosApp.build/Debug-iphonesimulator/iosAppUITests.build/Objects-normal/arm64/iosAppUITests-Swift.h -working-directory /var/folders/bl/vzjcvbz95c3dk19cb0fw46180000gn/T/parlor-audit-ios-readiness-29-nn754kh4/copy/iosApp -experimental-emit-module-separately -disable-cmo

PrecompileModule /var/folders/bl/vzjcvbz95c3dk19cb0fw46180000gn/T/parlor-audit-ios-readiness-29-nn754kh4/DerivedData/Build/Intermediates.noindex/ExplicitPrecompiledModules/XPC-EDZPZCL818BFQMJR1G4MOIUXH.scan
    cd /
    builtin-precompileModule /var/folders/bl/vzjcvbz95c3dk19cb0fw46180000gn/T/parlor-audit-ios-readiness-29-nn754kh4/DerivedData/Build/Intermediates.noindex/ExplicitPrecompiledModules/XPC-EDZPZCL818BFQMJR1G4MOIUXH.scan

SwiftExplicitDependencyGeneratePcm arm64 /var/folders/bl/vzjcvbz95c3dk19cb0fw46180000gn/T/parlor-audit-ios-readiness-29-nn754kh4/DerivedData/Build/Intermediates.noindex/SwiftExplicitPrecompiledModules/XCUIAutomation-2J7HPFSOECESI9YGS26TD1969.pcm

PrecompileModule /var/folders/bl/vzjcvbz95c3dk19cb0fw46180000gn/T/parlor-audit-ios-readiness-29-nn754kh4/DerivedData/Build/Intermediates.noindex/ExplicitPrecompiledModules/CoreFoundation-2G3TXLB2PLW12JK5IP9RPZ6D7.scan
    cd /
    builtin-precompileModule /var/folders/bl/vzjcvbz95c3dk19cb0fw46180000gn/T/parlor-audit-ios-readiness-29-nn754kh4/DerivedData/Build/Intermediates.noindex/ExplicitPrecompiledModules/CoreFoundation-2G3TXLB2PLW12JK5IP9RPZ6D7.scan

SwiftExplicitDependencyCompileModuleFromInterface arm64 /var/folders/bl/vzjcvbz95c3dk19cb0fw46180000gn/T/parlor-audit-ios-readiness-29-nn754kh4/DerivedData/Build/Intermediates.noindex/SwiftExplicitPrecompiledModules/XCUIAutomation-11BK8M9I1MD0R.swiftmodule

SwiftExplicitDependencyGeneratePcm arm64 /var/folders/bl/vzjcvbz95c3dk19cb0fw46180000gn/T/parlor-audit-ios-readiness-29-nn754kh4/DerivedData/Build/Intermediates.noindex/SwiftExplicitPrecompiledModules/XCTest-AZCTJPRVYPCWK42XOJK4MXQX6.pcm

PrecompileModule /var/folders/bl/vzjcvbz95c3dk19cb0fw46180000gn/T/parlor-audit-ios-readiness-29-nn754kh4/DerivedData/Build/Intermediates.noindex/ExplicitPrecompiledModules/CFNetwork-40QVCUEWS7MJL604W5U8WVBHT.scan
    cd /
    builtin-precompileModule /var/folders/bl/vzjcvbz95c3dk19cb0fw46180000gn/T/parlor-audit-ios-readiness-29-nn754kh4/DerivedData/Build/Intermediates.noindex/ExplicitPrecompiledModules/CFNetwork-40QVCUEWS7MJL604W5U8WVBHT.scan

SwiftExplicitDependencyCompileModuleFromInterface arm64 /var/folders/bl/vzjcvbz95c3dk19cb0fw46180000gn/T/parlor-audit-ios-readiness-29-nn754kh4/DerivedData/Build/Intermediates.noindex/SwiftExplicitPrecompiledModules/XCTest-3SME2LRIVSMV2.swiftmodule

PrecompileModule /var/folders/bl/vzjcvbz95c3dk19cb0fw46180000gn/T/parlor-audit-ios-readiness-29-nn754kh4/DerivedData/Build/Intermediates.noindex/ExplicitPrecompiledModules/Security-63NXBDM83JNX5IVEFAIZJVNRE.scan
    cd /
    builtin-precompileModule /var/folders/bl/vzjcvbz95c3dk19cb0fw46180000gn/T/parlor-audit-ios-readiness-29-nn754kh4/DerivedData/Build/Intermediates.noindex/ExplicitPrecompiledModules/Security-63NXBDM83JNX5IVEFAIZJVNRE.scan

SwiftEmitModule normal arm64 Emitting\ module\ for\ iosAppUITests (in target 'iosAppUITests' from project 'iosApp')

EmitSwiftModule normal arm64 (in target 'iosAppUITests' from project 'iosApp')
    cd /var/folders/bl/vzjcvbz95c3dk19cb0fw46180000gn/T/parlor-audit-ios-readiness-29-nn754kh4/copy/iosApp
    

PrecompileModule /var/folders/bl/vzjcvbz95c3dk19cb0fw46180000gn/T/parlor-audit-ios-readiness-29-nn754kh4/DerivedData/Build/Intermediates.noindex/ExplicitPrecompiledModules/Foundation-75TXF0Z2YG84SIG5R95OWE1VT.scan
    cd /
    builtin-precompileModule /var/folders/bl/vzjcvbz95c3dk19cb0fw46180000gn/T/parlor-audit-ios-readiness-29-nn754kh4/DerivedData/Build/Intermediates.noindex/ExplicitPrecompiledModules/Foundation-75TXF0Z2YG84SIG5R95OWE1VT.scan

SwiftDriverJobDiscovery normal arm64 Emitting module for iosAppUITests (in target 'iosAppUITests' from project 'iosApp')

SwiftDriver\ Compilation\ Requirements iosAppUITests normal arm64 com.apple.xcode.tools.swift.compiler (in target 'iosAppUITests' from project 'iosApp')
    cd /var/folders/bl/vzjcvbz95c3dk19cb0fw46180000gn/T/parlor-audit-ios-readiness-29-nn754kh4/copy/iosApp
    builtin-Swift-Compilation-Requirements -- /Applications/Xcode_26.3.app/Contents/Developer/Toolchains/XcodeDefault.xctoolchain/usr/bin/swiftc -module-name iosAppUITests -Onone -enforce-exclusivity\=checked @/var/folders/bl/vzjcvbz95c3dk19cb0fw46180000gn/T/parlor-audit-ios-readiness-29-nn754kh4/DerivedData/Build/Intermediates.noindex/iosApp.build/Debug-iphonesimulator/iosAppUITests.build/Objects-normal/arm64/iosAppUITests.SwiftFileList -DDEBUG -module-alias Testing\=_Testing_Unavailable -plugin-path /Applications/Xcode_26.3.app/Contents/Developer/Toolchains/XcodeDefault.xctoolchain/usr/lib/swift/host/plugins/testing -enable-bare-slash-regex -enable-experimental-feature DebugDescriptionMacro -sdk /Applications/Xcode_26.3.app/Contents/Developer/Platforms/iPhoneSimulator.platform/Developer/SDKs/iPhoneSimulator26.2.sdk -target arm64-apple-ios16.0-simulator -g -module-cache-path /var/folders/bl/vzjcvbz95c3dk19cb0fw46180000gn/T/parlor-audit-ios-readiness-29-nn754kh4/DerivedData/ModuleCache.noindex -Xfrontend -serialize-debugging-options -enable-testing -Xcc -D_LIBCPP_HARDENING_MODE\=_LIBCPP_HARDENING_MODE_DEBUG -swift-version 5 -I /var/folders/bl/vzjcvbz95c3dk19cb0fw46180000gn/T/parlor-audit-ios-readiness-29-nn754kh4/DerivedData/Build/Products/Debug-iphonesimulator -Isystem /Applications/Xcode_26.3.app/Contents/Developer/Platforms/iPhoneSimulator.platform/Developer/usr/lib -F /var/folders/bl/vzjcvbz95c3dk19cb0fw46180000gn/T/parlor-audit-ios-readiness-29-nn754kh4/DerivedData/Build/Products/Debug-iphonesimulator -F /Applications/Xcode_26.3.app/Contents/Developer/Platforms/iPhoneSimulator.platform/Developer/Library/Frameworks -F /Applications/Xcode_26.3.app/Contents/Developer/Platforms/iPhoneSimulator.platform/Developer/SDKs/iPhoneSimulator26.2.sdk/Developer/Library/Frameworks -c -j3 -enable-batch-mode -incremental -Xcc -ivfsstatcache -Xcc /var/folders/bl/vzjcvbz95c3dk19cb0fw46180000gn/T/parlor-audit-ios-readiness-29-nn754kh4/DerivedData/SDKStatCaches.noindex/iphonesimulator26.2-23C57-dc75598d0054f22ec865fa860f139d72e244bd9a5feaf902f95f61bf06266e52.sdkstatcache -output-file-map /var/folders/bl/vzjcvbz95c3dk19cb0fw46180000gn/T/parlor-audit-ios-readiness-29-nn754kh4/DerivedData/Build/Intermediates.noindex/iosApp.build/Debug-iphonesimulator/iosAppUITests.build/Objects-normal/arm64/iosAppUITests-OutputFileMap.json -use-frontend-parseable-output -save-temps -no-color-diagnostics -explicit-module-build -module-cache-path /var/folders/bl/vzjcvbz95c3dk19cb0fw46180000gn/T/parlor-audit-ios-readiness-29-nn754kh4/DerivedData/Build/Intermediates.noindex/SwiftExplicitPrecompiledModules -clang-scanner-module-cache-path /var/folders/bl/vzjcvbz95c3dk19cb0fw46180000gn/T/parlor-audit-ios-readiness-29-nn754kh4/DerivedData/ModuleCache.noindex -sdk-module-cache-path /var/folders/bl/vzjcvbz95c3dk19cb0fw46180000gn/T/parlor-audit-ios-readiness-29-nn754kh4/DerivedData/ModuleCache.noindex -serialize-diagnostics -emit-dependencies -emit-module -emit-module-path /var/folders/bl/vzjcvbz95c3dk19cb0fw46180000gn/T/parlor-audit-ios-readiness-29-nn754kh4/DerivedData/Build/Intermediates.noindex/iosApp.build/Debug-iphonesimulator/iosAppUITests.build/Objects-normal/arm64/iosAppUITests.swiftmodule -validate-clang-modules-once -clang-build-session-file /var/folders/bl/vzjcvbz95c3dk19cb0fw46180000gn/T/parlor-audit-ios-readiness-29-nn754kh4/DerivedData/ModuleCache.noindex/Session.modulevalidation -Xcc -I/var/folders/bl/vzjcvbz95c3dk19cb0fw46180000gn/T/parlor-audit-ios-readiness-29-nn754kh4/DerivedData/Build/Intermediates.noindex/iosApp.build/Debug-iphonesimulator/iosAppUITests.build/swift-overrides.hmap -emit-const-values -Xfrontend -const-gather-protocols-file -Xfrontend /var/folders/bl/vzjcvbz95c3dk19cb0fw46180000gn/T/parlor-audit-ios-readiness-29-nn754kh4/DerivedData/Build/Intermediates.noindex/iosApp.build/Debug-iphonesimulator/iosAppUITests.build/Objects-normal/arm64/iosAppUITests_const_extract_protocols.json -Xcc -iquote -Xcc /var/folders/bl/vzjcvbz95c3dk19cb0fw46180000gn/T/parlor-audit-ios-readiness-29-nn754kh4/DerivedData/Build/Intermediates.noindex/iosApp.build/Debug-iphonesimulator/iosAppUITests.build/iosAppUITests-generated-files.hmap -Xcc -I/var/folders/bl/vzjcvbz95c3dk19cb0fw46180000gn/T/parlor-audit-ios-readiness-29-nn754kh4/DerivedData/Build/Intermediates.noindex/iosApp.build/Debug-iphonesimulator/iosAppUITests.build/iosAppUITests-own-target-headers.hmap -Xcc -I/var/folders/bl/vzjcvbz95c3dk19cb0fw46180000gn/T/parlor-audit-ios-readiness-29-nn754kh4/DerivedData/Build/Intermediates.noindex/iosApp.build/Debug-iphonesimulator/iosAppUITests.build/iosAppUITests-all-target-headers.hmap -Xcc -iquote -Xcc /var/folders/bl/vzjcvbz95c3dk19cb0fw46180000gn/T/parlor-audit-ios-readiness-29-nn754kh4/DerivedData/Build/Intermediates.noindex/iosApp.build/Debug-iphonesimulator/iosAppUITests.build/iosAppUITests-project-headers.hmap -Xcc -I/var/folders/bl/vzjcvbz95c3dk19cb0fw46180000gn/T/parlor-audit-ios-readiness-29-nn754kh4/DerivedData/Build/Products/Debug-iphonesimulator/include -Xcc -I/var/folders/bl/vzjcvbz95c3dk19cb0fw46180000gn/T/parlor-audit-ios-readiness-29-nn754kh4/DerivedData/Build/Intermediates.noindex/iosApp.build/Debug-iphonesimulator/iosAppUITests.build/DerivedSources-normal/arm64 -Xcc -I/var/folders/bl/vzjcvbz95c3dk19cb0fw46180000gn/T/parlor-audit-ios-readiness-29-nn754kh4/DerivedData/Build/Intermediates.noindex/iosApp.build/Debug-iphonesimulator/iosAppUITests.build/DerivedSources/arm64 -Xcc -I/var/folders/bl/vzjcvbz95c3dk19cb0fw46180000gn/T/parlor-audit-ios-readiness-29-nn754kh4/DerivedData/Build/Intermediates.noindex/iosApp.build/Debug-iphonesimulator/iosAppUITests.build/DerivedSources -Xcc -DDEBUG\=1 -emit-objc-header -emit-objc-header-path /var/folders/bl/vzjcvbz95c3dk19cb0fw46180000gn/T/parlor-audit-ios-readiness-29-nn754kh4/DerivedData/Build/Intermediates.noindex/iosApp.build/Debug-iphonesimulator/iosAppUITests.build/Objects-normal/arm64/iosAppUITests-Swift.h -working-directory /var/folders/bl/vzjcvbz95c3dk19cb0fw46180000gn/T/parlor-audit-ios-readiness-29-nn754kh4/copy/iosApp -experimental-emit-module-separately -disable-cmo

CompileC /var/folders/bl/vzjcvbz95c3dk19cb0fw46180000gn/T/parlor-audit-ios-readiness-29-nn754kh4/DerivedData/Build/Intermediates.noindex/iosApp.build/Debug-iphonesimulator/iosApp.build/Objects-normal/arm64/L08AppFoundation.o /var/folders/bl/vzjcvbz95c3dk19cb0fw46180000gn/T/parlor-audit-ios-readiness-29-nn754kh4/copy/iosApp/iosApp/L08AppFoundation.m normal arm64 objective-c com.apple.compilers.llvm.clang.1_0.compiler (in target 'iosApp' from project 'iosApp')
    cd /var/folders/bl/vzjcvbz95c3dk19cb0fw46180000gn/T/parlor-audit-ios-readiness-29-nn754kh4/copy/iosApp
    
    Using response file: /var/folders/bl/vzjcvbz95c3dk19cb0fw46180000gn/T/parlor-audit-ios-readiness-29-nn754kh4/DerivedData/Build/Intermediates.noindex/iosApp.build/Debug-iphonesimulator/iosApp.build/Objects-normal/arm64/e6072d4f65d7061329687fe24e3d63a7-common-args.resp
    
    /Applications/Xcode_26.3.app/Contents/Developer/Toolchains/XcodeDefault.xctoolchain/usr/bin/clang -x objective-c -ivfsstatcache /var/folders/bl/vzjcvbz95c3dk19cb0fw46180000gn/T/parlor-audit-ios-readiness-29-nn754kh4/DerivedData/SDKStatCaches.noindex/iphonesimulator26.2-23C57-dc75598d0054f22ec865fa860f139d72e244bd9a5feaf902f95f61bf06266e52.sdkstatcache -fmessage-length\=0 -fdiagnostics-show-note-include-stack -fmacro-backtrace-limit\=0 -fno-color-diagnostics -fmodules-prune-interval\=86400 -fmodules-prune-after\=345600 -fbuild-session-file\=/var/folders/bl/vzjcvbz95c3dk19cb0fw46180000gn/T/parlor-audit-ios-readiness-29-nn754kh4/DerivedData/ModuleCache.noindex/Session.modulevalidation -fmodules-validate-once-per-build-session -Wnon-modular-include-in-framework-module -Werror\=non-modular-include-in-framework-module -Wno-trigraphs -Wno-missing-field-initializers -Wno-missing-prototypes -Werror\=return-type -Wdocumentation -Wunreachable-code -Wquoted-include-in-framework-header -Wno-implicit-atomic-properties -Werror\=deprecated-objc-isa-usage -Wno-objc-interface-ivars -Werror\=objc-root-class -Wno-arc-repeated-use-of-weak -Wimplicit-retain-self -Wduplicate-method-match -Wno-missing-braces -Wparentheses -Wswitch -Wunused-function -Wno-unused-label -Wno-unused-parameter -Wunused-variable -Wunused-value -Wempty-body -Wuninitialized -Wconditional-uninitialized -Wno-unknown-pragmas -Wno-shadow -Wno-four-char-constants -Wno-conversion -Wconstant-conversion -Wint-conversion -Wbool-conversion -Wenum-conversion -Wno-float-conversion -Wnon-literal-null-conversion -Wobjc-literal-conversion -Wshorten-64-to-32 -Wpointer-sign -Wno-newline-eof -Wno-selector -Wno-strict-selector-match -Wundeclared-selector -Wdeprecated-implementations -Wno-implicit-fallthrough -fstrict-aliasing -Wprotocol -Wdeprecated-declarations -Wno-sign-conversion -Winfinite-recursion -Wcomma -Wblock-capture-autoreleasing -Wstrict-prototypes -Wno-semicolon-before-method-body -Wunguarded-availability @/var/folders/bl/vzjcvbz95c3dk19cb0fw46180000gn/T/parlor-audit-ios-readiness-29-nn754kh4/DerivedData/Build/Intermediates.noindex/iosApp.build/Debug-iphonesimulator/iosApp.build/Objects-normal/arm64/e6072d4f65d7061329687fe24e3d63a7-common-args.resp -Wall -Wextra -Werror -MMD -MT dependencies -MF /var/folders/bl/vzjcvbz95c3dk19cb0fw46180000gn/T/parlor-audit-ios-readiness-29-nn754kh4/DerivedData/Build/Intermediates.noindex/iosApp.build/Debug-iphonesimulator/iosApp.build/Objects-normal/arm64/L08AppFoundation.d --serialize-diagnostics /var/folders/bl/vzjcvbz95c3dk19cb0fw46180000gn/T/parlor-audit-ios-readiness-29-nn754kh4/DerivedData/Build/Intermediates.noindex/iosApp.build/Debug-iphonesimulator/iosApp.build/Objects-normal/arm64/L08AppFoundation.dia -c /var/folders/bl/vzjcvbz95c3dk19cb0fw46180000gn/T/parlor-audit-ios-readiness-29-nn754kh4/copy/iosApp/iosApp/L08AppFoundation.m -o /var/folders/bl/vzjcvbz95c3dk19cb0fw46180000gn/T/parlor-audit-ios-readiness-29-nn754kh4/DerivedData/Build/Intermediates.noindex/iosApp.build/Debug-iphonesimulator/iosApp.build/Objects-normal/arm64/L08AppFoundation.o

SwiftMergeGeneratedHeaders /var/folders/bl/vzjcvbz95c3dk19cb0fw46180000gn/T/parlor-audit-ios-readiness-29-nn754kh4/DerivedData/Build/Intermediates.noindex/iosApp.build/Debug-iphonesimulator/iosAppUITests.build/DerivedSources/iosAppUITests-Swift.h /var/folders/bl/vzjcvbz95c3dk19cb0fw46180000gn/T/parlor-audit-ios-readiness-29-nn754kh4/DerivedData/Build/Intermediates.noindex/iosApp.build/Debug-iphonesimulator/iosAppUITests.build/Objects-normal/arm64/iosAppUITests-Swift.h (in target 'iosAppUITests' from project 'iosApp')
    cd /var/folders/bl/vzjcvbz95c3dk19cb0fw46180000gn/T/parlor-audit-ios-readiness-29-nn754kh4/copy/iosApp
    builtin-swiftHeaderTool -arch arm64 /var/folders/bl/vzjcvbz95c3dk19cb0fw46180000gn/T/parlor-audit-ios-readiness-29-nn754kh4/DerivedData/Build/Intermediates.noindex/iosApp.build/Debug-iphonesimulator/iosAppUITests.build/Objects-normal/arm64/iosAppUITests-Swift.h -o /var/folders/bl/vzjcvbz95c3dk19cb0fw46180000gn/T/parlor-audit-ios-readiness-29-nn754kh4/DerivedData/Build/Intermediates.noindex/iosApp.build/Debug-iphonesimulator/iosAppUITests.build/DerivedSources/iosAppUITests-Swift.h

Copy /var/folders/bl/vzjcvbz95c3dk19cb0fw46180000gn/T/parlor-audit-ios-readiness-29-nn754kh4/DerivedData/Build/Products/Debug-iphonesimulator/iosAppUITests.swiftmodule/arm64-apple-ios-simulator.swiftmodule /var/folders/bl/vzjcvbz95c3dk19cb0fw46180000gn/T/parlor-audit-ios-readiness-29-nn754kh4/DerivedData/Build/Intermediates.noindex/iosApp.build/Debug-iphonesimulator/iosAppUITests.build/Objects-normal/arm64/iosAppUITests.swiftmodule (in target 'iosAppUITests' from project 'iosApp')
    cd /var/folders/bl/vzjcvbz95c3dk19cb0fw46180000gn/T/parlor-audit-ios-readiness-29-nn754kh4/copy/iosApp
    builtin-copy -exclude .DS_Store -exclude CVS -exclude .svn -exclude .git -exclude .hg -resolve-src-symlinks -rename /var/folders/bl/vzjcvbz95c3dk19cb0fw46180000gn/T/parlor-audit-ios-readiness-29-nn754kh4/DerivedData/Build/Intermediates.noindex/iosApp.build/Debug-iphonesimulator/iosAppUITests.build/Objects-normal/arm64/iosAppUITests.swiftmodule /var/folders/bl/vzjcvbz95c3dk19cb0fw46180000gn/T/parlor-audit-ios-readiness-29-nn754kh4/DerivedData/Build/Products/Debug-iphonesimulator/iosAppUITests.swiftmodule/arm64-apple-ios-simulator.swiftmodule

Copy /var/folders/bl/vzjcvbz95c3dk19cb0fw46180000gn/T/parlor-audit-ios-readiness-29-nn754kh4/DerivedData/Build/Products/Debug-iphonesimulator/iosAppUITests.swiftmodule/arm64-apple-ios-simulator.swiftdoc /var/folders/bl/vzjcvbz95c3dk19cb0fw46180000gn/T/parlor-audit-ios-readiness-29-nn754kh4/DerivedData/Build/Intermediates.noindex/iosApp.build/Debug-iphonesimulator/iosAppUITests.build/Objects-normal/arm64/iosAppUITests.swiftdoc (in target 'iosAppUITests' from project 'iosApp')
    cd /var/folders/bl/vzjcvbz95c3dk19cb0fw46180000gn/T/parlor-audit-ios-readiness-29-nn754kh4/copy/iosApp
    builtin-copy -exclude .DS_Store -exclude CVS -exclude .svn -exclude .git -exclude .hg -resolve-src-symlinks -rename /var/folders/bl/vzjcvbz95c3dk19cb0fw46180000gn/T/parlor-audit-ios-readiness-29-nn754kh4/DerivedData/Build/Intermediates.noindex/iosApp.build/Debug-iphonesimulator/iosAppUITests.build/Objects-normal/arm64/iosAppUITests.swiftdoc /var/folders/bl/vzjcvbz95c3dk19cb0fw46180000gn/T/parlor-audit-ios-readiness-29-nn754kh4/DerivedData/Build/Products/Debug-iphonesimulator/iosAppUITests.swiftmodule/arm64-apple-ios-simulator.swiftdoc

Copy /var/folders/bl/vzjcvbz95c3dk19cb0fw46180000gn/T/parlor-audit-ios-readiness-29-nn754kh4/DerivedData/Build/Products/Debug-iphonesimulator/iosAppUITests.swiftmodule/arm64-apple-ios-simulator.abi.json /var/folders/bl/vzjcvbz95c3dk19cb0fw46180000gn/T/parlor-audit-ios-readiness-29-nn754kh4/DerivedData/Build/Intermediates.noindex/iosApp.build/Debug-iphonesimulator/iosAppUITests.build/Objects-normal/arm64/iosAppUITests.abi.json (in target 'iosAppUITests' from project 'iosApp')
    cd /var/folders/bl/vzjcvbz95c3dk19cb0fw46180000gn/T/parlor-audit-ios-readiness-29-nn754kh4/copy/iosApp
    builtin-copy -exclude .DS_Store -exclude CVS -exclude .svn -exclude .git -exclude .hg -resolve-src-symlinks -rename /var/folders/bl/vzjcvbz95c3dk19cb0fw46180000gn/T/parlor-audit-ios-readiness-29-nn754kh4/DerivedData/Build/Intermediates.noindex/iosApp.build/Debug-iphonesimulator/iosAppUITests.build/Objects-normal/arm64/iosAppUITests.abi.json /var/folders/bl/vzjcvbz95c3dk19cb0fw46180000gn/T/parlor-audit-ios-readiness-29-nn754kh4/DerivedData/Build/Products/Debug-iphonesimulator/iosAppUITests.swiftmodule/arm64-apple-ios-simulator.abi.json

Copy /var/folders/bl/vzjcvbz95c3dk19cb0fw46180000gn/T/parlor-audit-ios-readiness-29-nn754kh4/DerivedData/Build/Products/Debug-iphonesimulator/iosAppUITests.swiftmodule/Project/arm64-apple-ios-simulator.swiftsourceinfo /var/folders/bl/vzjcvbz95c3dk19cb0fw46180000gn/T/parlor-audit-ios-readiness-29-nn754kh4/DerivedData/Build/Intermediates.noindex/iosApp.build/Debug-iphonesimulator/iosAppUITests.build/Objects-normal/arm64/iosAppUITests.swiftsourceinfo (in target 'iosAppUITests' from project 'iosApp')
    cd /var/folders/bl/vzjcvbz95c3dk19cb0fw46180000gn/T/parlor-audit-ios-readiness-29-nn754kh4/copy/iosApp
    builtin-copy -exclude .DS_Store -exclude CVS -exclude .svn -exclude .git -exclude .hg -resolve-src-symlinks -rename /var/folders/bl/vzjcvbz95c3dk19cb0fw46180000gn/T/parlor-audit-ios-readiness-29-nn754kh4/DerivedData/Build/Intermediates.noindex/iosApp.build/Debug-iphonesimulator/iosAppUITests.build/Objects-normal/arm64/iosAppUITests.swiftsourceinfo /var/folders/bl/vzjcvbz95c3dk19cb0fw46180000gn/T/parlor-audit-ios-readiness-29-nn754kh4/DerivedData/Build/Products/Debug-iphonesimulator/iosAppUITests.swiftmodule/Project/arm64-apple-ios-simulator.swiftsourceinfo

Ld /var/folders/bl/vzjcvbz95c3dk19cb0fw46180000gn/T/parlor-audit-ios-readiness-29-nn754kh4/DerivedData/Build/Products/Debug-iphonesimulator/Parlor.app/Parlor.debug.dylib normal (in target 'iosApp' from project 'iosApp')
    cd /var/folders/bl/vzjcvbz95c3dk19cb0fw46180000gn/T/parlor-audit-ios-readiness-29-nn754kh4/copy/iosApp
    /Applications/Xcode_26.3.app/Contents/Developer/Toolchains/XcodeDefault.xctoolchain/usr/bin/clang -Xlinker -reproducible -target arm64-apple-ios16.0-simulator -dynamiclib -isysroot /Applications/Xcode_26.3.app/Contents/Developer/Platforms/iPhoneSimulator.platform/Developer/SDKs/iPhoneSimulator26.2.sdk -O0 -L/var/folders/bl/vzjcvbz95c3dk19cb0fw46180000gn/T/parlor-audit-ios-readiness-29-nn754kh4/DerivedData/Build/Intermediates.noindex/EagerLinkingTBDs/Debug-iphonesimulator -L/var/folders/bl/vzjcvbz95c3dk19cb0fw46180000gn/T/parlor-audit-ios-readiness-29-nn754kh4/DerivedData/Build/Products/Debug-iphonesimulator -F/var/folders/bl/vzjcvbz95c3dk19cb0fw46180000gn/T/parlor-audit-ios-readiness-29-nn754kh4/DerivedData/Build/Intermediates.noindex/EagerLinkingTBDs/Debug-iphonesimulator -F/var/folders/bl/vzjcvbz95c3dk19cb0fw46180000gn/T/parlor-audit-ios-readiness-29-nn754kh4/DerivedData/Build/Products/Debug-iphonesimulator -F/var/folders/bl/vzjcvbz95c3dk19cb0fw46180000gn/T/parlor-audit-ios-readiness-29-nn754kh4/copy/composeApp/build/xcode-frameworks/Debug/iphonesimulator26.2 -filelist /var/folders/bl/vzjcvbz95c3dk19cb0fw46180000gn/T/parlor-audit-ios-readiness-29-nn754kh4/DerivedData/Build/Intermediates.noindex/iosApp.build/Debug-iphonesimulator/iosApp.build/Objects-normal/arm64/Parlor.LinkFileList -install_name @rpath/Parlor.debug.dylib -Xlinker -rpath -Xlinker /usr/lib/swift -Xlinker -rpath -Xlinker @executable_path/Frameworks -dead_strip -Xlinker -object_path_lto -Xlinker /var/folders/bl/vzjcvbz95c3dk19cb0fw46180000gn/T/parlor-audit-ios-readiness-29-nn754kh4/DerivedData/Build/Intermediates.noindex/iosApp.build/Debug-iphonesimulator/iosApp.build/Objects-normal/arm64/Parlor_lto.o -rdynamic -Xlinker -no_deduplicate -Xlinker -objc_abi_version -Xlinker 2 -Xlinker -dependency_info -Xlinker /var/folders/bl/vzjcvbz95c3dk19cb0fw46180000gn/T/parlor-audit-ios-readiness-29-nn754kh4/DerivedData/Build/Intermediates.noindex/iosApp.build/Debug-iphonesimulator/iosApp.build/Objects-normal/arm64/Parlor_dependency_info.dat -fobjc-arc -fobjc-link-runtime -L/Applications/Xcode_26.3.app/Contents/Developer/Toolchains/XcodeDefault.xctoolchain/usr/lib/swift/iphonesimulator -L/usr/lib/swift -Xlinker -add_ast_path -Xlinker /var/folders/bl/vzjcvbz95c3dk19cb0fw46180000gn/T/parlor-audit-ios-readiness-29-nn754kh4/DerivedData/Build/Intermediates.noindex/iosApp.build/Debug-iphonesimulator/iosApp.build/Objects-normal/arm64/Parlor.swiftmodule @/var/folders/bl/vzjcvbz95c3dk19cb0fw46180000gn/T/parlor-audit-ios-readiness-29-nn754kh4/DerivedData/Build/Intermediates.noindex/iosApp.build/Debug-iphonesimulator/iosApp.build/Objects-normal/arm64/Parlor-linker-args.resp -Xlinker -alias -Xlinker _main -Xlinker ___debug_main_executable_dylib_entry_point -Xlinker -no_adhoc_codesign -o /var/folders/bl/vzjcvbz95c3dk19cb0fw46180000gn/T/parlor-audit-ios-readiness-29-nn754kh4/DerivedData/Build/Products/Debug-iphonesimulator/Parlor.app/Parlor.debug.dylib

SwiftCompile normal arm64 Compiling\ IOSAppLaunchUITests.swift /var/folders/bl/vzjcvbz95c3dk19cb0fw46180000gn/T/parlor-audit-ios-readiness-29-nn754kh4/copy/iosApp/iosAppUITests/IOSAppLaunchUITests.swift (in target 'iosAppUITests' from project 'iosApp')

SwiftCompile normal arm64 /var/folders/bl/vzjcvbz95c3dk19cb0fw46180000gn/T/parlor-audit-ios-readiness-29-nn754kh4/copy/iosApp/iosAppUITests/IOSAppLaunchUITests.swift (in target 'iosAppUITests' from project 'iosApp')
    cd /var/folders/bl/vzjcvbz95c3dk19cb0fw46180000gn/T/parlor-audit-ios-readiness-29-nn754kh4/copy/iosApp
    

ConstructStubExecutorLinkFileList /var/folders/bl/vzjcvbz95c3dk19cb0fw46180000gn/T/parlor-audit-ios-readiness-29-nn754kh4/DerivedData/Build/Intermediates.noindex/iosApp.build/Debug-iphonesimulator/iosApp.build/Parlor-ExecutorLinkFileList-normal-arm64.txt (in target 'iosApp' from project 'iosApp')
    cd /var/folders/bl/vzjcvbz95c3dk19cb0fw46180000gn/T/parlor-audit-ios-readiness-29-nn754kh4/copy/iosApp
    construct-stub-executor-link-file-list /var/folders/bl/vzjcvbz95c3dk19cb0fw46180000gn/T/parlor-audit-ios-readiness-29-nn754kh4/DerivedData/Build/Products/Debug-iphonesimulator/Parlor.app/Parlor.debug.dylib /Applications/Xcode_26.3.app/Contents/Developer/Platforms/iPhoneSimulator.platform/Developer/usr/lib/libPreviewsJITStubExecutor_no_swift_entry_point.a /Applications/Xcode_26.3.app/Contents/Developer/Platforms/iPhoneSimulator.platform/Developer/usr/lib/libPreviewsJITStubExecutor.a --output /var/folders/bl/vzjcvbz95c3dk19cb0fw46180000gn/T/parlor-audit-ios-readiness-29-nn754kh4/DerivedData/Build/Intermediates.noindex/iosApp.build/Debug-iphonesimulator/iosApp.build/Parlor-ExecutorLinkFileList-normal-arm64.txt
note: Using stub executor library with Swift entry point. (in target 'iosApp' from project 'iosApp')

SwiftDriverJobDiscovery normal arm64 Compiling IOSAppLaunchUITests.swift (in target 'iosAppUITests' from project 'iosApp')

SwiftCompile normal arm64 Compiling\ ComposeContainerViewController.swift /var/folders/bl/vzjcvbz95c3dk19cb0fw46180000gn/T/parlor-audit-ios-readiness-29-nn754kh4/copy/iosApp/iosApp/ComposeContainerViewController.swift (in target 'iosAppUITests' from project 'iosApp')

SwiftCompile normal arm64 /var/folders/bl/vzjcvbz95c3dk19cb0fw46180000gn/T/parlor-audit-ios-readiness-29-nn754kh4/copy/iosApp/iosApp/ComposeContainerViewController.swift (in target 'iosAppUITests' from project 'iosApp')
    cd /var/folders/bl/vzjcvbz95c3dk19cb0fw46180000gn/T/parlor-audit-ios-readiness-29-nn754kh4/copy/iosApp
    

Ld /var/folders/bl/vzjcvbz95c3dk19cb0fw46180000gn/T/parlor-audit-ios-readiness-29-nn754kh4/DerivedData/Build/Products/Debug-iphonesimulator/Parlor.app/Parlor normal (in target 'iosApp' from project 'iosApp')
    cd /var/folders/bl/vzjcvbz95c3dk19cb0fw46180000gn/T/parlor-audit-ios-readiness-29-nn754kh4/copy/iosApp
    /Applications/Xcode_26.3.app/Contents/Developer/Toolchains/XcodeDefault.xctoolchain/usr/bin/clang -Xlinker -reproducible -target arm64-apple-ios16.0-simulator -isysroot /Applications/Xcode_26.3.app/Contents/Developer/Platforms/iPhoneSimulator.platform/Developer/SDKs/iPhoneSimulator26.2.sdk -O0 -L/var/folders/bl/vzjcvbz95c3dk19cb0fw46180000gn/T/parlor-audit-ios-readiness-29-nn754kh4/DerivedData/Build/Products/Debug-iphonesimulator -F/var/folders/bl/vzjcvbz95c3dk19cb0fw46180000gn/T/parlor-audit-ios-readiness-29-nn754kh4/DerivedData/Build/Products/Debug-iphonesimulator -F/var/folders/bl/vzjcvbz95c3dk19cb0fw46180000gn/T/parlor-audit-ios-readiness-29-nn754kh4/copy/composeApp/build/xcode-frameworks/Debug/iphonesimulator26.2 -Xlinker -rpath -Xlinker @executable_path -Xlinker -rpath -Xlinker @executable_path/Frameworks -rdynamic -Xlinker -no_deduplicate -Xlinker -objc_abi_version -Xlinker 2 -e ___debug_blank_executor_main -Xlinker -sectcreate -Xlinker __TEXT -Xlinker __debug_dylib -Xlinker /var/folders/bl/vzjcvbz95c3dk19cb0fw46180000gn/T/parlor-audit-ios-readiness-29-nn754kh4/DerivedData/Build/Intermediates.noindex/iosApp.build/Debug-iphonesimulator/iosApp.build/Parlor-DebugDylibPath-normal-arm64.txt -Xlinker -sectcreate -Xlinker __TEXT -Xlinker __debug_instlnm -Xlinker /var/folders/bl/vzjcvbz95c3dk19cb0fw46180000gn/T/parlor-audit-ios-readiness-29-nn754kh4/DerivedData/Build/Intermediates.noindex/iosApp.build/Debug-iphonesimulator/iosApp.build/Parlor-DebugDylibInstallName-normal-arm64.txt -Xlinker -filelist -Xlinker /var/folders/bl/vzjcvbz95c3dk19cb0fw46180000gn/T/parlor-audit-ios-readiness-29-nn754kh4/DerivedData/Build/Intermediates.noindex/iosApp.build/Debug-iphonesimulator/iosApp.build/Parlor-ExecutorLinkFileList-normal-arm64.txt -Xlinker -sectcreate -Xlinker __TEXT -Xlinker __entitlements -Xlinker /var/folders/bl/vzjcvbz95c3dk19cb0fw46180000gn/T/parlor-audit-ios-readiness-29-nn754kh4/DerivedData/Build/Intermediates.noindex/iosApp.build/Debug-iphonesimulator/iosApp.build/Parlor.app-Simulated.xcent -Xlinker -sectcreate -Xlinker __TEXT -Xlinker __ents_der -Xlinker /var/folders/bl/vzjcvbz95c3dk19cb0fw46180000gn/T/parlor-audit-ios-readiness-29-nn754kh4/DerivedData/Build/Intermediates.noindex/iosApp.build/Debug-iphonesimulator/iosApp.build/Parlor.app-Simulated.xcent.der /var/folders/bl/vzjcvbz95c3dk19cb0fw46180000gn/T/parlor-audit-ios-readiness-29-nn754kh4/DerivedData/Build/Products/Debug-iphonesimulator/Parlor.app/Parlor.debug.dylib -Xlinker -no_adhoc_codesign -o /var/folders/bl/vzjcvbz95c3dk19cb0fw46180000gn/T/parlor-audit-ios-readiness-29-nn754kh4/DerivedData/Build/Products/Debug-iphonesimulator/Parlor.app/Parlor

SwiftDriverJobDiscovery normal arm64 Compiling ComposeContainerViewController.swift (in target 'iosAppUITests' from project 'iosApp')

SwiftCompile normal arm64 Compiling\ ComposeContainerViewControllerTests.swift /var/folders/bl/vzjcvbz95c3dk19cb0fw46180000gn/T/parlor-audit-ios-readiness-29-nn754kh4/copy/iosApp/iosAppUITests/ComposeContainerViewControllerTests.swift (in target 'iosAppUITests' from project 'iosApp')

SwiftCompile normal arm64 /var/folders/bl/vzjcvbz95c3dk19cb0fw46180000gn/T/parlor-audit-ios-readiness-29-nn754kh4/copy/iosApp/iosAppUITests/ComposeContainerViewControllerTests.swift (in target 'iosAppUITests' from project 'iosApp')
    cd /var/folders/bl/vzjcvbz95c3dk19cb0fw46180000gn/T/parlor-audit-ios-readiness-29-nn754kh4/copy/iosApp
    

SwiftDriverJobDiscovery normal arm64 Compiling ComposeContainerViewControllerTests.swift (in target 'iosAppUITests' from project 'iosApp')

SwiftDriver\ Compilation iosAppUITests normal arm64 com.apple.xcode.tools.swift.compiler (in target 'iosAppUITests' from project 'iosApp')
    cd /var/folders/bl/vzjcvbz95c3dk19cb0fw46180000gn/T/parlor-audit-ios-readiness-29-nn754kh4/copy/iosApp
    builtin-Swift-Compilation -- /Applications/Xcode_26.3.app/Contents/Developer/Toolchains/XcodeDefault.xctoolchain/usr/bin/swiftc -module-name iosAppUITests -Onone -enforce-exclusivity\=checked @/var/folders/bl/vzjcvbz95c3dk19cb0fw46180000gn/T/parlor-audit-ios-readiness-29-nn754kh4/DerivedData/Build/Intermediates.noindex/iosApp.build/Debug-iphonesimulator/iosAppUITests.build/Objects-normal/arm64/iosAppUITests.SwiftFileList -DDEBUG -module-alias Testing\=_Testing_Unavailable -plugin-path /Applications/Xcode_26.3.app/Contents/Developer/Toolchains/XcodeDefault.xctoolchain/usr/lib/swift/host/plugins/testing -enable-bare-slash-regex -enable-experimental-feature DebugDescriptionMacro -sdk /Applications/Xcode_26.3.app/Contents/Developer/Platforms/iPhoneSimulator.platform/Developer/SDKs/iPhoneSimulator26.2.sdk -target arm64-apple-ios16.0-simulator -g -module-cache-path /var/folders/bl/vzjcvbz95c3dk19cb0fw46180000gn/T/parlor-audit-ios-readiness-29-nn754kh4/DerivedData/ModuleCache.noindex -Xfrontend -serialize-debugging-options -enable-testing -Xcc -D_LIBCPP_HARDENING_MODE\=_LIBCPP_HARDENING_MODE_DEBUG -swift-version 5 -I /var/folders/bl/vzjcvbz95c3dk19cb0fw46180000gn/T/parlor-audit-ios-readiness-29-nn754kh4/DerivedData/Build/Products/Debug-iphonesimulator -Isystem /Applications/Xcode_26.3.app/Contents/Developer/Platforms/iPhoneSimulator.platform/Developer/usr/lib -F /var/folders/bl/vzjcvbz95c3dk19cb0fw46180000gn/T/parlor-audit-ios-readiness-29-nn754kh4/DerivedData/Build/Products/Debug-iphonesimulator -F /Applications/Xcode_26.3.app/Contents/Developer/Platforms/iPhoneSimulator.platform/Developer/Library/Frameworks -F /Applications/Xcode_26.3.app/Contents/Developer/Platforms/iPhoneSimulator.platform/Developer/SDKs/iPhoneSimulator26.2.sdk/Developer/Library/Frameworks -c -j3 -enable-batch-mode -incremental -Xcc -ivfsstatcache -Xcc /var/folders/bl/vzjcvbz95c3dk19cb0fw46180000gn/T/parlor-audit-ios-readiness-29-nn754kh4/DerivedData/SDKStatCaches.noindex/iphonesimulator26.2-23C57-dc75598d0054f22ec865fa860f139d72e244bd9a5feaf902f95f61bf06266e52.sdkstatcache -output-file-map /var/folders/bl/vzjcvbz95c3dk19cb0fw46180000gn/T/parlor-audit-ios-readiness-29-nn754kh4/DerivedData/Build/Intermediates.noindex/iosApp.build/Debug-iphonesimulator/iosAppUITests.build/Objects-normal/arm64/iosAppUITests-OutputFileMap.json -use-frontend-parseable-output -save-temps -no-color-diagnostics -explicit-module-build -module-cache-path /var/folders/bl/vzjcvbz95c3dk19cb0fw46180000gn/T/parlor-audit-ios-readiness-29-nn754kh4/DerivedData/Build/Intermediates.noindex/SwiftExplicitPrecompiledModules -clang-scanner-module-cache-path /var/folders/bl/vzjcvbz95c3dk19cb0fw46180000gn/T/parlor-audit-ios-readiness-29-nn754kh4/DerivedData/ModuleCache.noindex -sdk-module-cache-path /var/folders/bl/vzjcvbz95c3dk19cb0fw46180000gn/T/parlor-audit-ios-readiness-29-nn754kh4/DerivedData/ModuleCache.noindex -serialize-diagnostics -emit-dependencies -emit-module -emit-module-path /var/folders/bl/vzjcvbz95c3dk19cb0fw46180000gn/T/parlor-audit-ios-readiness-29-nn754kh4/DerivedData/Build/Intermediates.noindex/iosApp.build/Debug-iphonesimulator/iosAppUITests.build/Objects-normal/arm64/iosAppUITests.swiftmodule -validate-clang-modules-once -clang-build-session-file /var/folders/bl/vzjcvbz95c3dk19cb0fw46180000gn/T/parlor-audit-ios-readiness-29-nn754kh4/DerivedData/ModuleCache.noindex/Session.modulevalidation -Xcc -I/var/folders/bl/vzjcvbz95c3dk19cb0fw46180000gn/T/parlor-audit-ios-readiness-29-nn754kh4/DerivedData/Build/Intermediates.noindex/iosApp.build/Debug-iphonesimulator/iosAppUITests.build/swift-overrides.hmap -emit-const-values -Xfrontend -const-gather-protocols-file -Xfrontend /var/folders/bl/vzjcvbz95c3dk19cb0fw46180000gn/T/parlor-audit-ios-readiness-29-nn754kh4/DerivedData/Build/Intermediates.noindex/iosApp.build/Debug-iphonesimulator/iosAppUITests.build/Objects-normal/arm64/iosAppUITests_const_extract_protocols.json -Xcc -iquote -Xcc /var/folders/bl/vzjcvbz95c3dk19cb0fw46180000gn/T/parlor-audit-ios-readiness-29-nn754kh4/DerivedData/Build/Intermediates.noindex/iosApp.build/Debug-iphonesimulator/iosAppUITests.build/iosAppUITests-generated-files.hmap -Xcc -I/var/folders/bl/vzjcvbz95c3dk19cb0fw46180000gn/T/parlor-audit-ios-readiness-29-nn754kh4/DerivedData/Build/Intermediates.noindex/iosApp.build/Debug-iphonesimulator/iosAppUITests.build/iosAppUITests-own-target-headers.hmap -Xcc -I/var/folders/bl/vzjcvbz95c3dk19cb0fw46180000gn/T/parlor-audit-ios-readiness-29-nn754kh4/DerivedData/Build/Intermediates.noindex/iosApp.build/Debug-iphonesimulator/iosAppUITests.build/iosAppUITests-all-target-headers.hmap -Xcc -iquote -Xcc /var/folders/bl/vzjcvbz95c3dk19cb0fw46180000gn/T/parlor-audit-ios-readiness-29-nn754kh4/DerivedData/Build/Intermediates.noindex/iosApp.build/Debug-iphonesimulator/iosAppUITests.build/iosAppUITests-project-headers.hmap -Xcc -I/var/folders/bl/vzjcvbz95c3dk19cb0fw46180000gn/T/parlor-audit-ios-readiness-29-nn754kh4/DerivedData/Build/Products/Debug-iphonesimulator/include -Xcc -I/var/folders/bl/vzjcvbz95c3dk19cb0fw46180000gn/T/parlor-audit-ios-readiness-29-nn754kh4/DerivedData/Build/Intermediates.noindex/iosApp.build/Debug-iphonesimulator/iosAppUITests.build/DerivedSources-normal/arm64 -Xcc -I/var/folders/bl/vzjcvbz95c3dk19cb0fw46180000gn/T/parlor-audit-ios-readiness-29-nn754kh4/DerivedData/Build/Intermediates.noindex/iosApp.build/Debug-iphonesimulator/iosAppUITests.build/DerivedSources/arm64 -Xcc -I/var/folders/bl/vzjcvbz95c3dk19cb0fw46180000gn/T/parlor-audit-ios-readiness-29-nn754kh4/DerivedData/Build/Intermediates.noindex/iosApp.build/Debug-iphonesimulator/iosAppUITests.build/DerivedSources -Xcc -DDEBUG\=1 -emit-objc-header -emit-objc-header-path /var/folders/bl/vzjcvbz95c3dk19cb0fw46180000gn/T/parlor-audit-ios-readiness-29-nn754kh4/DerivedData/Build/Intermediates.noindex/iosApp.build/Debug-iphonesimulator/iosAppUITests.build/Objects-normal/arm64/iosAppUITests-Swift.h -working-directory /var/folders/bl/vzjcvbz95c3dk19cb0fw46180000gn/T/parlor-audit-ios-readiness-29-nn754kh4/copy/iosApp -experimental-emit-module-separately -disable-cmo

ExtractAppIntentsMetadata (in target 'iosApp' from project 'iosApp')
    cd /var/folders/bl/vzjcvbz95c3dk19cb0fw46180000gn/T/parlor-audit-ios-readiness-29-nn754kh4/copy/iosApp
    /Applications/Xcode_26.3.app/Contents/Developer/Toolchains/XcodeDefault.xctoolchain/usr/bin/appintentsmetadataprocessor --toolchain-dir /var/run/com.apple.security.cryptexd/mnt/com.apple.MobileAsset.MetalToolchain-v17.3.7003.10.ydw3YT/Metal.xctoolchain --module-name Parlor --sdk-root /Applications/Xcode_26.3.app/Contents/Developer/Platforms/iPhoneSimulator.platform/Developer/SDKs/iPhoneSimulator26.2.sdk --xcode-version 17C529 --platform-family iOS --deployment-target 16.0 --bundle-identifier com.parlor.app.debug --output /var/folders/bl/vzjcvbz95c3dk19cb0fw46180000gn/T/parlor-audit-ios-readiness-29-nn754kh4/DerivedData/Build/Products/Debug-iphonesimulator/Parlor.app --target-triple arm64-apple-ios16.0-simulator --binary-file /var/folders/bl/vzjcvbz95c3dk19cb0fw46180000gn/T/parlor-audit-ios-readiness-29-nn754kh4/DerivedData/Build/Products/Debug-iphonesimulator/Parlor.app/Parlor --dependency-file /var/folders/bl/vzjcvbz95c3dk19cb0fw46180000gn/T/parlor-audit-ios-readiness-29-nn754kh4/DerivedData/Build/Intermediates.noindex/iosApp.build/Debug-iphonesimulator/iosApp.build/Objects-normal/arm64/Parlor_dependency_info.dat --stringsdata-file /var/folders/bl/vzjcvbz95c3dk19cb0fw46180000gn/T/parlor-audit-ios-readiness-29-nn754kh4/DerivedData/Build/Intermediates.noindex/iosApp.build/Debug-iphonesimulator/iosApp.build/Objects-normal/arm64/ExtractedAppShortcutsMetadata.stringsdata --source-file-list /var/folders/bl/vzjcvbz95c3dk19cb0fw46180000gn/T/parlor-audit-ios-readiness-29-nn754kh4/DerivedData/Build/Intermediates.noindex/iosApp.build/Debug-iphonesimulator/iosApp.build/Objects-normal/arm64/Parlor.SwiftFileList --metadata-file-list /var/folders/bl/vzjcvbz95c3dk19cb0fw46180000gn/T/parlor-audit-ios-readiness-29-nn754kh4/DerivedData/Build/Intermediates.noindex/iosApp.build/Debug-iphonesimulator/iosApp.build/Parlor.DependencyMetadataFileList --static-metadata-file-list /var/folders/bl/vzjcvbz95c3dk19cb0fw46180000gn/T/parlor-audit-ios-readiness-29-nn754kh4/DerivedData/Build/Intermediates.noindex/iosApp.build/Debug-iphonesimulator/iosApp.build/Parlor.DependencyStaticMetadataFileList --swift-const-vals-list /var/folders/bl/vzjcvbz95c3dk19cb0fw46180000gn/T/parlor-audit-ios-readiness-29-nn754kh4/DerivedData/Build/Intermediates.noindex/iosApp.build/Debug-iphonesimulator/iosApp.build/Objects-normal/arm64/Parlor.SwiftConstValuesFileList --compile-time-extraction --deployment-aware-processing --validate-assistant-intents --no-app-shortcuts-localization
2026-09-09 14:47:08.337 appintentsmetadataprocessor[91753:260830] Starting appintentsmetadataprocessor export
2026-09-09 14:47:08.346 appintentsmetadataprocessor[91753:260830] warning: Metadata extraction skipped. No AppIntents.framework dependency found.

CopySwiftLibs /var/folders/bl/vzjcvbz95c3dk19cb0fw46180000gn/T/parlor-audit-ios-readiness-29-nn754kh4/DerivedData/Build/Products/Debug-iphonesimulator/Parlor.app (in target 'iosApp' from project 'iosApp')
    cd /var/folders/bl/vzjcvbz95c3dk19cb0fw46180000gn/T/parlor-audit-ios-readiness-29-nn754kh4/copy/iosApp
    builtin-swiftStdLibTool --copy --verbose --sign - --scan-executable /var/folders/bl/vzjcvbz95c3dk19cb0fw46180000gn/T/parlor-audit-ios-readiness-29-nn754kh4/DerivedData/Build/Products/Debug-iphonesimulator/Parlor.app/Parlor.debug.dylib --scan-folder /var/folders/bl/vzjcvbz95c3dk19cb0fw46180000gn/T/parlor-audit-ios-readiness-29-nn754kh4/DerivedData/Build/Products/Debug-iphonesimulator/Parlor.app/Frameworks --scan-folder /var/folders/bl/vzjcvbz95c3dk19cb0fw46180000gn/T/parlor-audit-ios-readiness-29-nn754kh4/DerivedData/Build/Products/Debug-iphonesimulator/Parlor.app/PlugIns --scan-folder /var/folders/bl/vzjcvbz95c3dk19cb0fw46180000gn/T/parlor-audit-ios-readiness-29-nn754kh4/DerivedData/Build/Products/Debug-iphonesimulator/Parlor.app/SystemExtensions --scan-folder /var/folders/bl/vzjcvbz95c3dk19cb0fw46180000gn/T/parlor-audit-ios-readiness-29-nn754kh4/DerivedData/Build/Products/Debug-iphonesimulator/Parlor.app/Extensions --platform iphonesimulator --toolchain /var/run/com.apple.security.cryptexd/mnt/com.apple.MobileAsset.MetalToolchain-v17.3.7003.10.ydw3YT/Metal.xctoolchain --toolchain /Applications/Xcode_26.3.app/Contents/Developer/Toolchains/XcodeDefault.xctoolchain --destination /var/folders/bl/vzjcvbz95c3dk19cb0fw46180000gn/T/parlor-audit-ios-readiness-29-nn754kh4/DerivedData/Build/Products/Debug-iphonesimulator/Parlor.app/Frameworks --strip-bitcode --strip-bitcode-tool /Applications/Xcode_26.3.app/Contents/Developer/Toolchains/XcodeDefault.xctoolchain/usr/bin/bitcode_strip --emit-dependency-info /var/folders/bl/vzjcvbz95c3dk19cb0fw46180000gn/T/parlor-audit-ios-readiness-29-nn754kh4/DerivedData/Build/Intermediates.noindex/iosApp.build/Debug-iphonesimulator/iosApp.build/SwiftStdLibToolInputDependencies.dep --filter-for-swift-os

AppIntentsSSUTraining (in target 'iosApp' from project 'iosApp')
    cd /var/folders/bl/vzjcvbz95c3dk19cb0fw46180000gn/T/parlor-audit-ios-readiness-29-nn754kh4/copy/iosApp
    /Applications/Xcode_26.3.app/Contents/Developer/Toolchains/XcodeDefault.xctoolchain/usr/bin/appintentsnltrainingprocessor --infoplist-path /var/folders/bl/vzjcvbz95c3dk19cb0fw46180000gn/T/parlor-audit-ios-readiness-29-nn754kh4/DerivedData/Build/Products/Debug-iphonesimulator/Parlor.app/Info.plist --temp-dir-path /var/folders/bl/vzjcvbz95c3dk19cb0fw46180000gn/T/parlor-audit-ios-readiness-29-nn754kh4/DerivedData/Build/Intermediates.noindex/iosApp.build/Debug-iphonesimulator/iosApp.build/ssu --bundle-id com.parlor.app.debug --product-path /var/folders/bl/vzjcvbz95c3dk19cb0fw46180000gn/T/parlor-audit-ios-readiness-29-nn754kh4/DerivedData/Build/Products/Debug-iphonesimulator/Parlor.app --extracted-metadata-path /var/folders/bl/vzjcvbz95c3dk19cb0fw46180000gn/T/parlor-audit-ios-readiness-29-nn754kh4/DerivedData/Build/Products/Debug-iphonesimulator/Parlor.app/Metadata.appintents --metadata-file-list /var/folders/bl/vzjcvbz95c3dk19cb0fw46180000gn/T/parlor-audit-ios-readiness-29-nn754kh4/DerivedData/Build/Intermediates.noindex/iosApp.build/Debug-iphonesimulator/iosApp.build/Parlor.DependencyMetadataFileList --archive-ssu-assets
2026-09-09 14:47:08.527 appintentsnltrainingprocessor[91754:260831] Parsing options for appintentsnltrainingprocessor
2026-09-09 14:47:08.528 appintentsnltrainingprocessor[91754:260831] No AppShortcuts found - Skipping.

CodeSign /var/folders/bl/vzjcvbz95c3dk19cb0fw46180000gn/T/parlor-audit-ios-readiness-29-nn754kh4/DerivedData/Build/Products/Debug-iphonesimulator/Parlor.app/Parlor.debug.dylib (in target 'iosApp' from project 'iosApp')
    cd /var/folders/bl/vzjcvbz95c3dk19cb0fw46180000gn/T/parlor-audit-ios-readiness-29-nn754kh4/copy/iosApp
    
    Signing Identity:     "Sign to Run Locally"
    
    /usr/bin/codesign --force --sign - --timestamp\=none --generate-entitlement-der /var/folders/bl/vzjcvbz95c3dk19cb0fw46180000gn/T/parlor-audit-ios-readiness-29-nn754kh4/DerivedData/Build/Products/Debug-iphonesimulator/Parlor.app/Parlor.debug.dylib

CodeSign /var/folders/bl/vzjcvbz95c3dk19cb0fw46180000gn/T/parlor-audit-ios-readiness-29-nn754kh4/DerivedData/Build/Products/Debug-iphonesimulator/Parlor.app/__preview.dylib (in target 'iosApp' from project 'iosApp')
    cd /var/folders/bl/vzjcvbz95c3dk19cb0fw46180000gn/T/parlor-audit-ios-readiness-29-nn754kh4/copy/iosApp
    
    Signing Identity:     "Sign to Run Locally"
    
    /usr/bin/codesign --force --sign - --timestamp\=none --generate-entitlement-der /var/folders/bl/vzjcvbz95c3dk19cb0fw46180000gn/T/parlor-audit-ios-readiness-29-nn754kh4/DerivedData/Build/Products/Debug-iphonesimulator/Parlor.app/__preview.dylib

CodeSign /var/folders/bl/vzjcvbz95c3dk19cb0fw46180000gn/T/parlor-audit-ios-readiness-29-nn754kh4/DerivedData/Build/Products/Debug-iphonesimulator/Parlor.app (in target 'iosApp' from project 'iosApp')
    cd /var/folders/bl/vzjcvbz95c3dk19cb0fw46180000gn/T/parlor-audit-ios-readiness-29-nn754kh4/copy/iosApp
    
    Signing Identity:     "Sign to Run Locally"
    
    /usr/bin/codesign --force --sign - --timestamp\=none --generate-entitlement-der /var/folders/bl/vzjcvbz95c3dk19cb0fw46180000gn/T/parlor-audit-ios-readiness-29-nn754kh4/DerivedData/Build/Products/Debug-iphonesimulator/Parlor.app

RegisterExecutionPolicyException /var/folders/bl/vzjcvbz95c3dk19cb0fw46180000gn/T/parlor-audit-ios-readiness-29-nn754kh4/DerivedData/Build/Products/Debug-iphonesimulator/Parlor.app (in target 'iosApp' from project 'iosApp')
    cd /var/folders/bl/vzjcvbz95c3dk19cb0fw46180000gn/T/parlor-audit-ios-readiness-29-nn754kh4/copy/iosApp
    builtin-RegisterExecutionPolicyException /var/folders/bl/vzjcvbz95c3dk19cb0fw46180000gn/T/parlor-audit-ios-readiness-29-nn754kh4/DerivedData/Build/Products/Debug-iphonesimulator/Parlor.app

Validate /var/folders/bl/vzjcvbz95c3dk19cb0fw46180000gn/T/parlor-audit-ios-readiness-29-nn754kh4/DerivedData/Build/Products/Debug-iphonesimulator/Parlor.app (in target 'iosApp' from project 'iosApp')
    cd /var/folders/bl/vzjcvbz95c3dk19cb0fw46180000gn/T/parlor-audit-ios-readiness-29-nn754kh4/copy/iosApp
    builtin-validationUtility /var/folders/bl/vzjcvbz95c3dk19cb0fw46180000gn/T/parlor-audit-ios-readiness-29-nn754kh4/DerivedData/Build/Products/Debug-iphonesimulator/Parlor.app -shallow-bundle -infoplist-subpath Info.plist

Touch /var/folders/bl/vzjcvbz95c3dk19cb0fw46180000gn/T/parlor-audit-ios-readiness-29-nn754kh4/DerivedData/Build/Products/Debug-iphonesimulator/Parlor.app (in target 'iosApp' from project 'iosApp')
    cd /var/folders/bl/vzjcvbz95c3dk19cb0fw46180000gn/T/parlor-audit-ios-readiness-29-nn754kh4/copy/iosApp
    /usr/bin/touch -c /var/folders/bl/vzjcvbz95c3dk19cb0fw46180000gn/T/parlor-audit-ios-readiness-29-nn754kh4/DerivedData/Build/Products/Debug-iphonesimulator/Parlor.app

Ld /var/folders/bl/vzjcvbz95c3dk19cb0fw46180000gn/T/parlor-audit-ios-readiness-29-nn754kh4/DerivedData/Build/Products/Debug-iphonesimulator/iosAppUITests-Runner.app/PlugIns/iosAppUITests.xctest/iosAppUITests normal (in target 'iosAppUITests' from project 'iosApp')
    cd /var/folders/bl/vzjcvbz95c3dk19cb0fw46180000gn/T/parlor-audit-ios-readiness-29-nn754kh4/copy/iosApp
    /Applications/Xcode_26.3.app/Contents/Developer/Toolchains/XcodeDefault.xctoolchain/usr/bin/clang -Xlinker -reproducible -target arm64-apple-ios16.0-simulator -bundle -isysroot /Applications/Xcode_26.3.app/Contents/Developer/Platforms/iPhoneSimulator.platform/Developer/SDKs/iPhoneSimulator26.2.sdk -O0 -L/var/folders/bl/vzjcvbz95c3dk19cb0fw46180000gn/T/parlor-audit-ios-readiness-29-nn754kh4/DerivedData/Build/Intermediates.noindex/EagerLinkingTBDs/Debug-iphonesimulator -L/var/folders/bl/vzjcvbz95c3dk19cb0fw46180000gn/T/parlor-audit-ios-readiness-29-nn754kh4/DerivedData/Build/Products/Debug-iphonesimulator -L/Applications/Xcode_26.3.app/Contents/Developer/Platforms/iPhoneSimulator.platform/Developer/usr/lib -F/var/folders/bl/vzjcvbz95c3dk19cb0fw46180000gn/T/parlor-audit-ios-readiness-29-nn754kh4/DerivedData/Build/Intermediates.noindex/EagerLinkingTBDs/Debug-iphonesimulator -F/var/folders/bl/vzjcvbz95c3dk19cb0fw46180000gn/T/parlor-audit-ios-readiness-29-nn754kh4/DerivedData/Build/Products/Debug-iphonesimulator -iframework /Applications/Xcode_26.3.app/Contents/Developer/Platforms/iPhoneSimulator.platform/Developer/Library/Frameworks -iframework /Applications/Xcode_26.3.app/Contents/Developer/Platforms/iPhoneSimulator.platform/Developer/SDKs/iPhoneSimulator26.2.sdk/Developer/Library/Frameworks -filelist /var/folders/bl/vzjcvbz95c3dk19cb0fw46180000gn/T/parlor-audit-ios-readiness-29-nn754kh4/DerivedData/Build/Intermediates.noindex/iosApp.build/Debug-iphonesimulator/iosAppUITests.build/Objects-normal/arm64/iosAppUITests.LinkFileList -Xlinker -rpath -Xlinker /usr/lib/swift -Xlinker -rpath -Xlinker @loader_path/Frameworks -dead_strip -Xlinker -object_path_lto -Xlinker /var/folders/bl/vzjcvbz95c3dk19cb0fw46180000gn/T/parlor-audit-ios-readiness-29-nn754kh4/DerivedData/Build/Intermediates.noindex/iosApp.build/Debug-iphonesimulator/iosAppUITests.build/Objects-normal/arm64/iosAppUITests_lto.o -rdynamic -Xlinker -no_deduplicate -Xlinker -objc_abi_version -Xlinker 2 -Xlinker -dependency_info -Xlinker /var/folders/bl/vzjcvbz95c3dk19cb0fw46180000gn/T/parlor-audit-ios-readiness-29-nn754kh4/DerivedData/Build/Intermediates.noindex/iosApp.build/Debug-iphonesimulator/iosAppUITests.build/Objects-normal/arm64/iosAppUITests_dependency_info.dat -fobjc-link-runtime -L/Applications/Xcode_26.3.app/Contents/Developer/Toolchains/XcodeDefault.xctoolchain/usr/lib/swift/iphonesimulator -L/usr/lib/swift -Xlinker -add_ast_path -Xlinker /var/folders/bl/vzjcvbz95c3dk19cb0fw46180000gn/T/parlor-audit-ios-readiness-29-nn754kh4/DerivedData/Build/Intermediates.noindex/iosApp.build/Debug-iphonesimulator/iosAppUITests.build/Objects-normal/arm64/iosAppUITests.swiftmodule @/var/folders/bl/vzjcvbz95c3dk19cb0fw46180000gn/T/parlor-audit-ios-readiness-29-nn754kh4/DerivedData/Build/Intermediates.noindex/iosApp.build/Debug-iphonesimulator/iosAppUITests.build/Objects-normal/arm64/iosAppUITests-linker-args.resp -Xlinker -needed_framework -Xlinker XCTest -framework XCTest -Xlinker -needed-lXCTestSwiftSupport -lXCTestSwiftSupport -Xlinker -sectcreate -Xlinker __TEXT -Xlinker __entitlements -Xlinker /var/folders/bl/vzjcvbz95c3dk19cb0fw46180000gn/T/parlor-audit-ios-readiness-29-nn754kh4/DerivedData/Build/Intermediates.noindex/iosApp.build/Debug-iphonesimulator/iosAppUITests.build/iosAppUITests.xctest-Simulated.xcent -Xlinker -sectcreate -Xlinker __TEXT -Xlinker __ents_der -Xlinker /var/folders/bl/vzjcvbz95c3dk19cb0fw46180000gn/T/parlor-audit-ios-readiness-29-nn754kh4/DerivedData/Build/Intermediates.noindex/iosApp.build/Debug-iphonesimulator/iosAppUITests.build/iosAppUITests.xctest-Simulated.xcent.der -Xlinker -no_adhoc_codesign -o /var/folders/bl/vzjcvbz95c3dk19cb0fw46180000gn/T/parlor-audit-ios-readiness-29-nn754kh4/DerivedData/Build/Products/Debug-iphonesimulator/iosAppUITests-Runner.app/PlugIns/iosAppUITests.xctest/iosAppUITests

ProcessInfoPlistFile /var/folders/bl/vzjcvbz95c3dk19cb0fw46180000gn/T/parlor-audit-ios-readiness-29-nn754kh4/DerivedData/Build/Products/Debug-iphonesimulator/iosAppUITests-Runner.app/PlugIns/iosAppUITests.xctest/Info.plist /var/folders/bl/vzjcvbz95c3dk19cb0fw46180000gn/T/parlor-audit-ios-readiness-29-nn754kh4/DerivedData/Build/Intermediates.noindex/iosApp.build/Debug-iphonesimulator/iosAppUITests.build/empty-iosAppUITests.plist (in target 'iosAppUITests' from project 'iosApp')
    cd /var/folders/bl/vzjcvbz95c3dk19cb0fw46180000gn/T/parlor-audit-ios-readiness-29-nn754kh4/copy/iosApp
    builtin-infoPlistUtility /var/folders/bl/vzjcvbz95c3dk19cb0fw46180000gn/T/parlor-audit-ios-readiness-29-nn754kh4/DerivedData/Build/Intermediates.noindex/iosApp.build/Debug-iphonesimulator/iosAppUITests.build/empty-iosAppUITests.plist -producttype com.apple.product-type.bundle.ui-testing -expandbuildsettings -format binary -platform iphonesimulator -additionalcontentfile /var/folders/bl/vzjcvbz95c3dk19cb0fw46180000gn/T/parlor-audit-ios-readiness-29-nn754kh4/DerivedData/Build/Intermediates.noindex/iosApp.build/Debug-iphonesimulator/iosAppUITests.build/ProductTypeInfoPlistAdditions.plist -o /var/folders/bl/vzjcvbz95c3dk19cb0fw46180000gn/T/parlor-audit-ios-readiness-29-nn754kh4/DerivedData/Build/Products/Debug-iphonesimulator/iosAppUITests-Runner.app/PlugIns/iosAppUITests.xctest/Info.plist

ExtractAppIntentsMetadata (in target 'iosAppUITests' from project 'iosApp')
    cd /var/folders/bl/vzjcvbz95c3dk19cb0fw46180000gn/T/parlor-audit-ios-readiness-29-nn754kh4/copy/iosApp
    /Applications/Xcode_26.3.app/Contents/Developer/Toolchains/XcodeDefault.xctoolchain/usr/bin/appintentsmetadataprocessor --toolchain-dir /var/run/com.apple.security.cryptexd/mnt/com.apple.MobileAsset.MetalToolchain-v17.3.7003.10.ydw3YT/Metal.xctoolchain --module-name iosAppUITests --sdk-root /Applications/Xcode_26.3.app/Contents/Developer/Platforms/iPhoneSimulator.platform/Developer/SDKs/iPhoneSimulator26.2.sdk --xcode-version 17C529 --platform-family iOS --deployment-target 16.0 --bundle-identifier com.parlor.app.uitests --output /var/folders/bl/vzjcvbz95c3dk19cb0fw46180000gn/T/parlor-audit-ios-readiness-29-nn754kh4/DerivedData/Build/Products/Debug-iphonesimulator/iosAppUITests-Runner.app/PlugIns/iosAppUITests.xctest --target-triple arm64-apple-ios16.0-simulator --binary-file /var/folders/bl/vzjcvbz95c3dk19cb0fw46180000gn/T/parlor-audit-ios-readiness-29-nn754kh4/DerivedData/Build/Products/Debug-iphonesimulator/iosAppUITests-Runner.app/PlugIns/iosAppUITests.xctest/iosAppUITests --dependency-file /var/folders/bl/vzjcvbz95c3dk19cb0fw46180000gn/T/parlor-audit-ios-readiness-29-nn754kh4/DerivedData/Build/Intermediates.noindex/iosApp.build/Debug-iphonesimulator/iosAppUITests.build/Objects-normal/arm64/iosAppUITests_dependency_info.dat --stringsdata-file /var/folders/bl/vzjcvbz95c3dk19cb0fw46180000gn/T/parlor-audit-ios-readiness-29-nn754kh4/DerivedData/Build/Intermediates.noindex/iosApp.build/Debug-iphonesimulator/iosAppUITests.build/Objects-normal/arm64/ExtractedAppShortcutsMetadata.stringsdata --source-file-list /var/folders/bl/vzjcvbz95c3dk19cb0fw46180000gn/T/parlor-audit-ios-readiness-29-nn754kh4/DerivedData/Build/Intermediates.noindex/iosApp.build/Debug-iphonesimulator/iosAppUITests.build/Objects-normal/arm64/iosAppUITests.SwiftFileList --metadata-file-list /var/folders/bl/vzjcvbz95c3dk19cb0fw46180000gn/T/parlor-audit-ios-readiness-29-nn754kh4/DerivedData/Build/Intermediates.noindex/iosApp.build/Debug-iphonesimulator/iosAppUITests.build/iosAppUITests.DependencyMetadataFileList --static-metadata-file-list /var/folders/bl/vzjcvbz95c3dk19cb0fw46180000gn/T/parlor-audit-ios-readiness-29-nn754kh4/DerivedData/Build/Intermediates.noindex/iosApp.build/Debug-iphonesimulator/iosAppUITests.build/iosAppUITests.DependencyStaticMetadataFileList --swift-const-vals-list /var/folders/bl/vzjcvbz95c3dk19cb0fw46180000gn/T/parlor-audit-ios-readiness-29-nn754kh4/DerivedData/Build/Intermediates.noindex/iosApp.build/Debug-iphonesimulator/iosAppUITests.build/Objects-normal/arm64/iosAppUITests.SwiftConstValuesFileList --compile-time-extraction --deployment-aware-processing --validate-assistant-intents --no-app-shortcuts-localization
2026-09-09 14:47:09.228 appintentsmetadataprocessor[91765:260913] Starting appintentsmetadataprocessor export
2026-09-09 14:47:09.231 appintentsmetadataprocessor[91765:260913] warning: Metadata extraction skipped. No AppIntents.framework dependency found.

CopySwiftLibs /var/folders/bl/vzjcvbz95c3dk19cb0fw46180000gn/T/parlor-audit-ios-readiness-29-nn754kh4/DerivedData/Build/Products/Debug-iphonesimulator/iosAppUITests-Runner.app/PlugIns/iosAppUITests.xctest (in target 'iosAppUITests' from project 'iosApp')
    cd /var/folders/bl/vzjcvbz95c3dk19cb0fw46180000gn/T/parlor-audit-ios-readiness-29-nn754kh4/copy/iosApp
    builtin-swiftStdLibTool --copy --verbose --sign - --scan-executable /var/folders/bl/vzjcvbz95c3dk19cb0fw46180000gn/T/parlor-audit-ios-readiness-29-nn754kh4/DerivedData/Build/Products/Debug-iphonesimulator/iosAppUITests-Runner.app/PlugIns/iosAppUITests.xctest/iosAppUITests --scan-folder /var/folders/bl/vzjcvbz95c3dk19cb0fw46180000gn/T/parlor-audit-ios-readiness-29-nn754kh4/DerivedData/Build/Products/Debug-iphonesimulator/iosAppUITests-Runner.app/PlugIns/iosAppUITests.xctest/Frameworks --scan-folder /var/folders/bl/vzjcvbz95c3dk19cb0fw46180000gn/T/parlor-audit-ios-readiness-29-nn754kh4/DerivedData/Build/Products/Debug-iphonesimulator/iosAppUITests-Runner.app/PlugIns/iosAppUITests.xctest/PlugIns --scan-folder /var/folders/bl/vzjcvbz95c3dk19cb0fw46180000gn/T/parlor-audit-ios-readiness-29-nn754kh4/DerivedData/Build/Products/Debug-iphonesimulator/iosAppUITests-Runner.app/PlugIns/iosAppUITests.xctest/SystemExtensions --scan-folder /var/folders/bl/vzjcvbz95c3dk19cb0fw46180000gn/T/parlor-audit-ios-readiness-29-nn754kh4/DerivedData/Build/Products/Debug-iphonesimulator/iosAppUITests-Runner.app/PlugIns/iosAppUITests.xctest/Extensions --platform iphonesimulator --toolchain /var/run/com.apple.security.cryptexd/mnt/com.apple.MobileAsset.MetalToolchain-v17.3.7003.10.ydw3YT/Metal.xctoolchain --toolchain /Applications/Xcode_26.3.app/Contents/Developer/Toolchains/XcodeDefault.xctoolchain --destination /var/folders/bl/vzjcvbz95c3dk19cb0fw46180000gn/T/parlor-audit-ios-readiness-29-nn754kh4/DerivedData/Build/Products/Debug-iphonesimulator/iosAppUITests-Runner.app/PlugIns/iosAppUITests.xctest/Frameworks --strip-bitcode --scan-executable /Applications/Xcode_26.3.app/Contents/Developer/Platforms/iPhoneSimulator.platform/Developer/usr/lib/libXCTestSwiftSupport.dylib --strip-bitcode-tool /Applications/Xcode_26.3.app/Contents/Developer/Toolchains/XcodeDefault.xctoolchain/usr/bin/bitcode_strip --emit-dependency-info /var/folders/bl/vzjcvbz95c3dk19cb0fw46180000gn/T/parlor-audit-ios-readiness-29-nn754kh4/DerivedData/Build/Intermediates.noindex/iosApp.build/Debug-iphonesimulator/iosAppUITests.build/SwiftStdLibToolInputDependencies.dep --filter-for-swift-os

AppIntentsSSUTraining (in target 'iosAppUITests' from project 'iosApp')
    cd /var/folders/bl/vzjcvbz95c3dk19cb0fw46180000gn/T/parlor-audit-ios-readiness-29-nn754kh4/copy/iosApp
    /Applications/Xcode_26.3.app/Contents/Developer/Toolchains/XcodeDefault.xctoolchain/usr/bin/appintentsnltrainingprocessor --infoplist-path /var/folders/bl/vzjcvbz95c3dk19cb0fw46180000gn/T/parlor-audit-ios-readiness-29-nn754kh4/DerivedData/Build/Products/Debug-iphonesimulator/iosAppUITests-Runner.app/PlugIns/iosAppUITests.xctest/Info.plist --temp-dir-path /var/folders/bl/vzjcvbz95c3dk19cb0fw46180000gn/T/parlor-audit-ios-readiness-29-nn754kh4/DerivedData/Build/Intermediates.noindex/iosApp.build/Debug-iphonesimulator/iosAppUITests.build/ssu --bundle-id com.parlor.app.uitests --product-path /var/folders/bl/vzjcvbz95c3dk19cb0fw46180000gn/T/parlor-audit-ios-readiness-29-nn754kh4/DerivedData/Build/Products/Debug-iphonesimulator/iosAppUITests-Runner.app/PlugIns/iosAppUITests.xctest --extracted-metadata-path /var/folders/bl/vzjcvbz95c3dk19cb0fw46180000gn/T/parlor-audit-ios-readiness-29-nn754kh4/DerivedData/Build/Products/Debug-iphonesimulator/iosAppUITests-Runner.app/PlugIns/iosAppUITests.xctest/Metadata.appintents --metadata-file-list /var/folders/bl/vzjcvbz95c3dk19cb0fw46180000gn/T/parlor-audit-ios-readiness-29-nn754kh4/DerivedData/Build/Intermediates.noindex/iosApp.build/Debug-iphonesimulator/iosAppUITests.build/iosAppUITests.DependencyMetadataFileList --archive-ssu-assets
2026-09-09 14:47:09.307 appintentsnltrainingprocessor[91766:260916] Parsing options for appintentsnltrainingprocessor
2026-09-09 14:47:09.308 appintentsnltrainingprocessor[91766:260916] No AppShortcuts found - Skipping.

MkDir /var/folders/bl/vzjcvbz95c3dk19cb0fw46180000gn/T/parlor-audit-ios-readiness-29-nn754kh4/DerivedData/Build/Products/Debug-iphonesimulator/iosAppUITests-Runner.app (in target 'iosAppUITests' from project 'iosApp')
    cd /var/folders/bl/vzjcvbz95c3dk19cb0fw46180000gn/T/parlor-audit-ios-readiness-29-nn754kh4/copy/iosApp
    /bin/mkdir -p /var/folders/bl/vzjcvbz95c3dk19cb0fw46180000gn/T/parlor-audit-ios-readiness-29-nn754kh4/DerivedData/Build/Products/Debug-iphonesimulator/iosAppUITests-Runner.app

CopyPlistFile /var/folders/bl/vzjcvbz95c3dk19cb0fw46180000gn/T/parlor-audit-ios-readiness-29-nn754kh4/DerivedData/Build/Products/Debug-iphonesimulator/iosAppUITests-Runner.app/Info.plist /Applications/Xcode_26.3.app/Contents/Developer/Platforms/iPhoneSimulator.platform/Developer/Library/Xcode/Agents/XCTRunner.app/Info.plist (in target 'iosAppUITests' from project 'iosApp')
    cd /var/folders/bl/vzjcvbz95c3dk19cb0fw46180000gn/T/parlor-audit-ios-readiness-29-nn754kh4/copy/iosApp
    builtin-copyPlist --validate --convert xml1 --macro-expansion WRAPPEDPRODUCTNAME iosAppUITests-Runner --macro-expansion WRAPPEDPRODUCTBUNDLEIDENTIFIER com.parlor.app.uitests.xctrunner --macro-expansion TESTPRODUCTNAME iosAppUITests --macro-expansion TESTPRODUCTBUNDLEIDENTIFIER com.parlor.app.uitests --copy-value UIDeviceFamily /var/folders/bl/vzjcvbz95c3dk19cb0fw46180000gn/T/parlor-audit-ios-readiness-29-nn754kh4/DerivedData/Build/Products/Debug-iphonesimulator/iosAppUITests-Runner.app/PlugIns/iosAppUITests.xctest/Info.plist --outdir /var/folders/bl/vzjcvbz95c3dk19cb0fw46180000gn/T/parlor-audit-ios-readiness-29-nn754kh4/DerivedData/Build/Products/Debug-iphonesimulator/iosAppUITests-Runner.app -- /Applications/Xcode_26.3.app/Contents/Developer/Platforms/iPhoneSimulator.platform/Developer/Library/Xcode/Agents/XCTRunner.app/Info.plist

CopyAndPreserveArchs /var/folders/bl/vzjcvbz95c3dk19cb0fw46180000gn/T/parlor-audit-ios-readiness-29-nn754kh4/DerivedData/Build/Products/Debug-iphonesimulator/iosAppUITests-Runner.app/iosAppUITests-Runner (in target 'iosAppUITests' from project 'iosApp')
    cd /var/folders/bl/vzjcvbz95c3dk19cb0fw46180000gn/T/parlor-audit-ios-readiness-29-nn754kh4/copy/iosApp
    /Applications/Xcode_26.3.app/Contents/Developer/Toolchains/XcodeDefault.xctoolchain/usr/bin/lipo /Applications/Xcode_26.3.app/Contents/Developer/Platforms/iPhoneSimulator.platform/Developer/Library/Xcode/Agents/XCTRunner.app/XCTRunner -output /var/folders/bl/vzjcvbz95c3dk19cb0fw46180000gn/T/parlor-audit-ios-readiness-29-nn754kh4/DerivedData/Build/Products/Debug-iphonesimulator/iosAppUITests-Runner.app/iosAppUITests-Runner -extract arm64

Copy /var/folders/bl/vzjcvbz95c3dk19cb0fw46180000gn/T/parlor-audit-ios-readiness-29-nn754kh4/DerivedData/Build/Products/Debug-iphonesimulator/iosAppUITests-Runner.app/PkgInfo /Applications/Xcode_26.3.app/Contents/Developer/Platforms/iPhoneSimulator.platform/Developer/Library/Xcode/Agents/XCTRunner.app/PkgInfo (in target 'iosAppUITests' from project 'iosApp')
    cd /var/folders/bl/vzjcvbz95c3dk19cb0fw46180000gn/T/parlor-audit-ios-readiness-29-nn754kh4/copy/iosApp
    builtin-copy -exclude .DS_Store -exclude CVS -exclude .svn -exclude .git -exclude .hg -resolve-src-symlinks /Applications/Xcode_26.3.app/Contents/Developer/Platforms/iPhoneSimulator.platform/Developer/Library/Xcode/Agents/XCTRunner.app/PkgInfo /var/folders/bl/vzjcvbz95c3dk19cb0fw46180000gn/T/parlor-audit-ios-readiness-29-nn754kh4/DerivedData/Build/Products/Debug-iphonesimulator/iosAppUITests-Runner.app

Copy /var/folders/bl/vzjcvbz95c3dk19cb0fw46180000gn/T/parlor-audit-ios-readiness-29-nn754kh4/DerivedData/Build/Products/Debug-iphonesimulator/iosAppUITests-Runner.app/Frameworks/libXCTestSwiftSupport.dylib /Applications/Xcode_26.3.app/Contents/Developer/Platforms/iPhoneSimulator.platform/Developer/usr/lib/libXCTestSwiftSupport.dylib (in target 'iosAppUITests' from project 'iosApp')
    cd /var/folders/bl/vzjcvbz95c3dk19cb0fw46180000gn/T/parlor-audit-ios-readiness-29-nn754kh4/copy/iosApp
    builtin-copy -exclude .DS_Store -exclude CVS -exclude .svn -exclude .git -exclude .hg -exclude Headers -exclude PrivateHeaders -exclude Modules -exclude \*.tbd -resolve-src-symlinks /Applications/Xcode_26.3.app/Contents/Developer/Platforms/iPhoneSimulator.platform/Developer/usr/lib/libXCTestSwiftSupport.dylib /var/folders/bl/vzjcvbz95c3dk19cb0fw46180000gn/T/parlor-audit-ios-readiness-29-nn754kh4/DerivedData/Build/Products/Debug-iphonesimulator/iosAppUITests-Runner.app/Frameworks

Copy /var/folders/bl/vzjcvbz95c3dk19cb0fw46180000gn/T/parlor-audit-ios-readiness-29-nn754kh4/DerivedData/Build/Products/Debug-iphonesimulator/iosAppUITests-Runner.app/Frameworks/XCUnit.framework /Applications/Xcode_26.3.app/Contents/Developer/Platforms/iPhoneSimulator.platform/Developer/Library/PrivateFrameworks/XCUnit.framework (in target 'iosAppUITests' from project 'iosApp')
    cd /var/folders/bl/vzjcvbz95c3dk19cb0fw46180000gn/T/parlor-audit-ios-readiness-29-nn754kh4/copy/iosApp
    builtin-copy -exclude .DS_Store -exclude CVS -exclude .svn -exclude .git -exclude .hg -exclude Headers -exclude PrivateHeaders -exclude Modules -exclude \*.tbd -resolve-src-symlinks /Applications/Xcode_26.3.app/Contents/Developer/Platforms/iPhoneSimulator.platform/Developer/Library/PrivateFrameworks/XCUnit.framework /var/folders/bl/vzjcvbz95c3dk19cb0fw46180000gn/T/parlor-audit-ios-readiness-29-nn754kh4/DerivedData/Build/Products/Debug-iphonesimulator/iosAppUITests-Runner.app/Frameworks

Copy /var/folders/bl/vzjcvbz95c3dk19cb0fw46180000gn/T/parlor-audit-ios-readiness-29-nn754kh4/DerivedData/Build/Products/Debug-iphonesimulator/iosAppUITests-Runner.app/Frameworks/XCUIAutomation.framework /Applications/Xcode_26.3.app/Contents/Developer/Platforms/iPhoneSimulator.platform/Developer/Library/Frameworks/XCUIAutomation.framework (in target 'iosAppUITests' from project 'iosApp')
    cd /var/folders/bl/vzjcvbz95c3dk19cb0fw46180000gn/T/parlor-audit-ios-readiness-29-nn754kh4/copy/iosApp
    builtin-copy -exclude .DS_Store -exclude CVS -exclude .svn -exclude .git -exclude .hg -exclude Headers -exclude PrivateHeaders -exclude Modules -exclude \*.tbd -resolve-src-symlinks /Applications/Xcode_26.3.app/Contents/Developer/Platforms/iPhoneSimulator.platform/Developer/Library/Frameworks/XCUIAutomation.framework /var/folders/bl/vzjcvbz95c3dk19cb0fw46180000gn/T/parlor-audit-ios-readiness-29-nn754kh4/DerivedData/Build/Products/Debug-iphonesimulator/iosAppUITests-Runner.app/Frameworks

Copy /var/folders/bl/vzjcvbz95c3dk19cb0fw46180000gn/T/parlor-audit-ios-readiness-29-nn754kh4/DerivedData/Build/Products/Debug-iphonesimulator/iosAppUITests-Runner.app/Frameworks/XCTestSupport.framework /Applications/Xcode_26.3.app/Contents/Developer/Platforms/iPhoneSimulator.platform/Developer/Library/PrivateFrameworks/XCTestSupport.framework (in target 'iosAppUITests' from project 'iosApp')
    cd /var/folders/bl/vzjcvbz95c3dk19cb0fw46180000gn/T/parlor-audit-ios-readiness-29-nn754kh4/copy/iosApp
    builtin-copy -exclude .DS_Store -exclude CVS -exclude .svn -exclude .git -exclude .hg -exclude Headers -exclude PrivateHeaders -exclude Modules -exclude \*.tbd -resolve-src-symlinks /Applications/Xcode_26.3.app/Contents/Developer/Platforms/iPhoneSimulator.platform/Developer/Library/PrivateFrameworks/XCTestSupport.framework /var/folders/bl/vzjcvbz95c3dk19cb0fw46180000gn/T/parlor-audit-ios-readiness-29-nn754kh4/DerivedData/Build/Products/Debug-iphonesimulator/iosAppUITests-Runner.app/Frameworks

Copy /var/folders/bl/vzjcvbz95c3dk19cb0fw46180000gn/T/parlor-audit-ios-readiness-29-nn754kh4/DerivedData/Build/Products/Debug-iphonesimulator/iosAppUITests-Runner.app/Frameworks/XCTestCore.framework /Applications/Xcode_26.3.app/Contents/Developer/Platforms/iPhoneSimulator.platform/Developer/Library/PrivateFrameworks/XCTestCore.framework (in target 'iosAppUITests' from project 'iosApp')
    cd /var/folders/bl/vzjcvbz95c3dk19cb0fw46180000gn/T/parlor-audit-ios-readiness-29-nn754kh4/copy/iosApp
    builtin-copy -exclude .DS_Store -exclude CVS -exclude .svn -exclude .git -exclude .hg -exclude Headers -exclude PrivateHeaders -exclude Modules -exclude \*.tbd -resolve-src-symlinks /Applications/Xcode_26.3.app/Contents/Developer/Platforms/iPhoneSimulator.platform/Developer/Library/PrivateFrameworks/XCTestCore.framework /var/folders/bl/vzjcvbz95c3dk19cb0fw46180000gn/T/parlor-audit-ios-readiness-29-nn754kh4/DerivedData/Build/Products/Debug-iphonesimulator/iosAppUITests-Runner.app/Frameworks

Copy /var/folders/bl/vzjcvbz95c3dk19cb0fw46180000gn/T/parlor-audit-ios-readiness-29-nn754kh4/DerivedData/Build/Products/Debug-iphonesimulator/iosAppUITests-Runner.app/Frameworks/XCTest.framework /Applications/Xcode_26.3.app/Contents/Developer/Platforms/iPhoneSimulator.platform/Developer/Library/Frameworks/XCTest.framework (in target 'iosAppUITests' from project 'iosApp')
    cd /var/folders/bl/vzjcvbz95c3dk19cb0fw46180000gn/T/parlor-audit-ios-readiness-29-nn754kh4/copy/iosApp
    builtin-copy -exclude .DS_Store -exclude CVS -exclude .svn -exclude .git -exclude .hg -exclude Headers -exclude PrivateHeaders -exclude Modules -exclude \*.tbd -resolve-src-symlinks /Applications/Xcode_26.3.app/Contents/Developer/Platforms/iPhoneSimulator.platform/Developer/Library/Frameworks/XCTest.framework /var/folders/bl/vzjcvbz95c3dk19cb0fw46180000gn/T/parlor-audit-ios-readiness-29-nn754kh4/DerivedData/Build/Products/Debug-iphonesimulator/iosAppUITests-Runner.app/Frameworks

Copy /var/folders/bl/vzjcvbz95c3dk19cb0fw46180000gn/T/parlor-audit-ios-readiness-29-nn754kh4/DerivedData/Build/Products/Debug-iphonesimulator/iosAppUITests-Runner.app/Frameworks/XCTAutomationSupport.framework /Applications/Xcode_26.3.app/Contents/Developer/Platforms/iPhoneSimulator.platform/Developer/Library/PrivateFrameworks/XCTAutomationSupport.framework (in target 'iosAppUITests' from project 'iosApp')
    cd /var/folders/bl/vzjcvbz95c3dk19cb0fw46180000gn/T/parlor-audit-ios-readiness-29-nn754kh4/copy/iosApp
    builtin-copy -exclude .DS_Store -exclude CVS -exclude .svn -exclude .git -exclude .hg -exclude Headers -exclude PrivateHeaders -exclude Modules -exclude \*.tbd -resolve-src-symlinks /Applications/Xcode_26.3.app/Contents/Developer/Platforms/iPhoneSimulator.platform/Developer/Library/PrivateFrameworks/XCTAutomationSupport.framework /var/folders/bl/vzjcvbz95c3dk19cb0fw46180000gn/T/parlor-audit-ios-readiness-29-nn754kh4/DerivedData/Build/Products/Debug-iphonesimulator/iosAppUITests-Runner.app/Frameworks

Copy /var/folders/bl/vzjcvbz95c3dk19cb0fw46180000gn/T/parlor-audit-ios-readiness-29-nn754kh4/DerivedData/Build/Products/Debug-iphonesimulator/iosAppUITests-Runner.app/Frameworks/Testing.framework /Applications/Xcode_26.3.app/Contents/Developer/Platforms/iPhoneSimulator.platform/Developer/Library/Frameworks/Testing.framework (in target 'iosAppUITests' from project 'iosApp')
    cd /var/folders/bl/vzjcvbz95c3dk19cb0fw46180000gn/T/parlor-audit-ios-readiness-29-nn754kh4/copy/iosApp
    builtin-copy -exclude .DS_Store -exclude CVS -exclude .svn -exclude .git -exclude .hg -exclude Headers -exclude PrivateHeaders -exclude Modules -exclude \*.tbd -resolve-src-symlinks /Applications/Xcode_26.3.app/Contents/Developer/Platforms/iPhoneSimulator.platform/Developer/Library/Frameworks/Testing.framework /var/folders/bl/vzjcvbz95c3dk19cb0fw46180000gn/T/parlor-audit-ios-readiness-29-nn754kh4/DerivedData/Build/Products/Debug-iphonesimulator/iosAppUITests-Runner.app/Frameworks

CodeSign /var/folders/bl/vzjcvbz95c3dk19cb0fw46180000gn/T/parlor-audit-ios-readiness-29-nn754kh4/DerivedData/Build/Products/Debug-iphonesimulator/iosAppUITests-Runner.app/PlugIns/iosAppUITests.xctest (in target 'iosAppUITests' from project 'iosApp')
    cd /var/folders/bl/vzjcvbz95c3dk19cb0fw46180000gn/T/parlor-audit-ios-readiness-29-nn754kh4/copy/iosApp
    
    Signing Identity:     "Sign to Run Locally"
    
    /usr/bin/codesign --force --sign - --timestamp\=none --generate-entitlement-der /var/folders/bl/vzjcvbz95c3dk19cb0fw46180000gn/T/parlor-audit-ios-readiness-29-nn754kh4/DerivedData/Build/Products/Debug-iphonesimulator/iosAppUITests-Runner.app/PlugIns/iosAppUITests.xctest

CodeSign /var/folders/bl/vzjcvbz95c3dk19cb0fw46180000gn/T/parlor-audit-ios-readiness-29-nn754kh4/DerivedData/Build/Products/Debug-iphonesimulator/iosAppUITests-Runner.app (in target 'iosAppUITests' from project 'iosApp')
    cd /var/folders/bl/vzjcvbz95c3dk19cb0fw46180000gn/T/parlor-audit-ios-readiness-29-nn754kh4/copy/iosApp
    
    Signing Identity:     "Sign to Run Locally"
    
    /usr/bin/codesign --force --sign - --timestamp\=none --generate-entitlement-der /var/folders/bl/vzjcvbz95c3dk19cb0fw46180000gn/T/parlor-audit-ios-readiness-29-nn754kh4/DerivedData/Build/Products/Debug-iphonesimulator/iosAppUITests-Runner.app
/var/folders/bl/vzjcvbz95c3dk19cb0fw46180000gn/T/parlor-audit-ios-readiness-29-nn754kh4/DerivedData/Build/Products/Debug-iphonesimulator/iosAppUITests-Runner.app: replacing existing signature

RegisterExecutionPolicyException /var/folders/bl/vzjcvbz95c3dk19cb0fw46180000gn/T/parlor-audit-ios-readiness-29-nn754kh4/DerivedData/Build/Products/Debug-iphonesimulator/iosAppUITests-Runner.app/PlugIns/iosAppUITests.xctest (in target 'iosAppUITests' from project 'iosApp')
    cd /var/folders/bl/vzjcvbz95c3dk19cb0fw46180000gn/T/parlor-audit-ios-readiness-29-nn754kh4/copy/iosApp
    builtin-RegisterExecutionPolicyException /var/folders/bl/vzjcvbz95c3dk19cb0fw46180000gn/T/parlor-audit-ios-readiness-29-nn754kh4/DerivedData/Build/Products/Debug-iphonesimulator/iosAppUITests-Runner.app/PlugIns/iosAppUITests.xctest

Touch /var/folders/bl/vzjcvbz95c3dk19cb0fw46180000gn/T/parlor-audit-ios-readiness-29-nn754kh4/DerivedData/Build/Products/Debug-iphonesimulator/iosAppUITests-Runner.app/PlugIns/iosAppUITests.xctest (in target 'iosAppUITests' from project 'iosApp')
    cd /var/folders/bl/vzjcvbz95c3dk19cb0fw46180000gn/T/parlor-audit-ios-readiness-29-nn754kh4/copy/iosApp
    /usr/bin/touch -c /var/folders/bl/vzjcvbz95c3dk19cb0fw46180000gn/T/parlor-audit-ios-readiness-29-nn754kh4/DerivedData/Build/Products/Debug-iphonesimulator/iosAppUITests-Runner.app/PlugIns/iosAppUITests.xctest

2026-09-09 14:47:31.510645+0000 iosAppUITests-Runner[92792:264098] [Default] Running tests...
    t =      nans Interface orientation changed to Portrait
Test Suite 'All tests' started at 2026-09-09 14:47:40.257.
Test Suite 'iosAppUITests.xctest' started at 2026-09-09 14:47:40.261.
Test Suite 'ComposeContainerViewControllerTests' started at 2026-09-09 14:47:40.261.
Test Case '-[iosAppUITests.ComposeContainerViewControllerTests testChildUsesFullBoundsAcrossSizesAndOpposingSemanticDirections]' started.
    t =     0.00s Start Test at 2026-09-09 14:47:40.264
    t =     0.41s Set Up
    t =     0.44s Tear Down
Test Case '-[iosAppUITests.ComposeContainerViewControllerTests testChildUsesFullBoundsAcrossSizesAndOpposingSemanticDirections]' passed (0.974 seconds).
Test Case '-[iosAppUITests.ComposeContainerViewControllerTests testDefaultAppearanceForwardingReachesTheSameChildExactlyOnce]' started.
    t =     0.00s Start Test at 2026-09-09 14:47:41.238
    t =     0.03s Set Up
    t =     0.03s Tear Down
Test Case '-[iosAppUITests.ComposeContainerViewControllerTests testDefaultAppearanceForwardingReachesTheSameChildExactlyOnce]' passed (0.097 seconds).
Test Case '-[iosAppUITests.ComposeContainerViewControllerTests testOneStableChildKeepsItsExplicitSemanticsIndependentOfTheOuterView]' started.
    t =     0.00s Start Test at 2026-09-09 14:47:41.336
    t =     0.02s Set Up
    t =     0.02s Tear Down
Test Case '-[iosAppUITests.ComposeContainerViewControllerTests testOneStableChildKeepsItsExplicitSemanticsIndependentOfTheOuterView]' passed (0.110 seconds).
Test Case '-[iosAppUITests.ComposeContainerViewControllerTests testSystemDecorationAndOrientationPoliciesStillBelongToTheChild]' started.
    t =     0.00s Start Test at 2026-09-09 14:47:41.446
    t =     0.03s Set Up
    t =     0.03s Tear Down
Test Case '-[iosAppUITests.ComposeContainerViewControllerTests testSystemDecorationAndOrientationPoliciesStillBelongToTheChild]' passed (0.078 seconds).
Test Suite 'ComposeContainerViewControllerTests' passed at 2026-09-09 14:47:41.524.
	 Executed 4 tests, with 0 failures (0 unexpected) in 1.259 (1.263) seconds
Test Suite 'IOSAppLaunchUITests' started at 2026-09-09 14:47:41.525.
Test Case '-[iosAppUITests.IOSAppLaunchUITests testDSC01ActualSettingsLocalSessionsAndOSWithL08FunctionalObservation]' started.
    t =     0.00s Start Test at 2026-09-09 14:47:41.525
    t =     0.03s Set Up
DSC01_CATALOG_GEOMETRY_CONTRACT {"schemaVersion":1,"cases":14,"passed":true}
DSC01_MAFIA_START_GEOMETRY_CONTRACT {"schemaVersion":1,"cases":16,"passed":true}
    t =     0.04s Setting device orientation to Portrait
    t =     0.06s     Device orientation changed to Portrait
    t =     0.11s     Wait for com.apple.springboard to idle
    t =     0.18s Open com.parlor.app.debug
    t =     0.18s     Launch com.parlor.app.debug
    t =     7.08s         Setting up automation session
    t =     8.36s         Wait for com.parlor.app.debug to idle
    t =    11.49s Wait for com.parlor.app.debug to become Running Foreground
    t =    11.49s Waiting 30.0s for "parlor-home-brand" StaticText to exist
    t =    12.51s     Checking `Expect predicate `existsNoRetry == 1` for object "parlor-home-brand" StaticText`
    t =    12.51s         Checking existence of `"parlor-home-brand" StaticText`
    t =    12.61s Waiting 10.0s for "parlor-dsc01-observe" Button to exist
    t =    13.64s     Checking `Expect predicate `existsNoRetry == 1` for object "parlor-dsc01-observe" Button`
    t =    13.65s         Checking existence of `"parlor-dsc01-observe" Button`
    t =    13.69s Checking existence of `Alert (First Match)`
    t =    13.73s Waiting 10.0s for "parlor-dsc01-state" StaticText to exist
    t =    14.74s     Checking `Expect predicate `existsNoRetry == 1` for object "parlor-dsc01-state" StaticText`
    t =    14.74s         Checking existence of `"parlor-dsc01-state" StaticText`
    t =    14.78s Find the "parlor-dsc01-state" StaticText
    t =    14.83s Tap "parlor-dsc01-observe" Button
    t =    14.84s     Wait for com.parlor.app.debug to idle
    t =    14.84s     Find the "parlor-dsc01-observe" Button
    t =    14.88s     Check for interrupting elements affecting "parlor-dsc01-observe" Button
    t =    14.92s     Synthesize event
    t =    15.39s     Wait for com.parlor.app.debug to idle
    t =    16.45s Find the "parlor-dsc01-state" StaticText
    t =    16.51s Waiting 10.0s for "parlor-dsc01-state" StaticText to exist
    t =    17.54s     Checking `Expect predicate `existsNoRetry == 1` for object "parlor-dsc01-state" StaticText`
    t =    17.54s         Checking existence of `"parlor-dsc01-state" StaticText`
    t =    17.58s Find the "parlor-dsc01-state" StaticText
    t =    17.63s Waiting 15.0s for Any (First Match) to exist
    t =    18.68s     Checking `Expect predicate `existsNoRetry == 1` for object Any (First Match)`
    t =    18.68s         Checking existence of `Any (First Match)`
    t =    18.75s Get all elements bound by index for: Elements matching predicate 'label == "Open settings., SETTINGS"'
    t =    18.78s Find the Any (Element at index 0)
    t =    18.83s Tap "Open settings., SETTINGS" Button
    t =    18.83s     Wait for com.parlor.app.debug to idle
    t =    18.83s     Find the "Open settings., SETTINGS" Button
    t =    18.85s     Check for interrupting elements affecting "Open settings., SETTINGS" Button
    t =    18.89s     Synthesize event
    t =    19.19s     Wait for com.parlor.app.debug to idle
    t =    19.24s Waiting 15.0s for Any (First Match) to exist
    t =    20.32s     Checking `Expect predicate `existsNoRetry == 1` for object Any (First Match)`
    t =    20.32s         Checking existence of `Any (First Match)`
    t =    20.37s Checking existence of `Any (First Match)`
    t =    20.41s Waiting 10.0s for "parlor-dsc01-state" StaticText to exist
    t =    21.44s     Checking `Expect predicate `existsNoRetry == 1` for object "parlor-dsc01-state" StaticText`
    t =    21.45s         Checking existence of `"parlor-dsc01-state" StaticText`
    t =    21.50s Find the "parlor-dsc01-state" StaticText
    t =    21.52s Tap "parlor-dsc01-observe" Button
    t =    21.52s     Wait for com.parlor.app.debug to idle
    t =    21.53s     Find the "parlor-dsc01-observe" Button
    t =    21.56s     Check for interrupting elements affecting "parlor-dsc01-observe" Button
    t =    21.59s     Synthesize event
    t =    21.89s     Wait for com.parlor.app.debug to idle
    t =    22.92s Find the "parlor-dsc01-state" StaticText
    t =    23.00s Waiting 10.0s for "parlor-dsc01-state" StaticText to exist
    t =    24.04s     Checking `Expect predicate `existsNoRetry == 1` for object "parlor-dsc01-state" StaticText`
    t =    24.05s         Checking existence of `"parlor-dsc01-state" StaticText`
    t =    24.10s Find the "parlor-dsc01-state" StaticText
    t =    24.20s Waiting 15.0s for Any (First Match) to exist
    t =    25.24s     Checking `Expect predicate `existsNoRetry == 1` for object Any (First Match)`
    t =    25.24s         Checking existence of `Any (First Match)`
    t =    25.36s Get all elements bound by index for: Elements matching predicate 'label == "العربية"'
    t =    25.39s Find the Any (Element at index 0)
    t =    25.63s Tap "العربية" Button
    t =    25.63s     Wait for com.parlor.app.debug to idle
    t =    25.64s     Find the "العربية" Button
    t =    25.85s     Check for interrupting elements affecting "العربية" Button
    t =    26.02s     Synthesize event
    t =    26.37s     Wait for com.parlor.app.debug to idle
    t =    26.37s Waiting 15.0s for Any (First Match) to exist
    t =    27.42s     Checking `Expect predicate `existsNoRetry == 1` for object Any (First Match)`
    t =    27.42s         Checking existence of `Any (First Match)`
    t =    27.46s Checking existence of `Any (First Match)`
    t =    27.52s Waiting 10.0s for "parlor-dsc01-state" StaticText to exist
    t =    28.58s     Checking `Expect predicate `existsNoRetry == 1` for object "parlor-dsc01-state" StaticText`
    t =    28.58s         Checking existence of `"parlor-dsc01-state" StaticText`
    t =    28.62s Find the "parlor-dsc01-state" StaticText
    t =    28.65s Tap "parlor-dsc01-observe" Button
    t =    28.65s     Wait for com.parlor.app.debug to idle
    t =    28.65s     Find the "parlor-dsc01-observe" Button
    t =    28.68s     Check for interrupting elements affecting "parlor-dsc01-observe" Button
    t =    28.71s     Synthesize event
    t =    29.00s     Wait for com.parlor.app.debug to idle
    t =    30.01s Find the "parlor-dsc01-state" StaticText
    t =    30.04s Waiting 10.0s for "parlor-dsc01-state" StaticText to exist
    t =    31.04s     Checking `Expect predicate `existsNoRetry == 1` for object "parlor-dsc01-state" StaticText`
    t =    31.05s         Checking existence of `"parlor-dsc01-state" StaticText`
    t =    31.08s Find the "parlor-dsc01-state" StaticText
    t =    31.12s Waiting 10.0s for "parlor-dsc01-state" StaticText to exist
    t =    32.14s     Checking `Expect predicate `existsNoRetry == 1` for object "parlor-dsc01-state" StaticText`
    t =    32.14s         Checking existence of `"parlor-dsc01-state" StaticText`
    t =    32.16s Find the "parlor-dsc01-state" StaticText
    t =    32.19s Tap "parlor-dsc01-observe" Button
    t =    32.19s     Wait for com.parlor.app.debug to idle
    t =    32.19s     Find the "parlor-dsc01-observe" Button
    t =    32.22s     Check for interrupting elements affecting "parlor-dsc01-observe" Button
    t =    32.26s     Synthesize event
    t =    32.56s     Wait for com.parlor.app.debug to idle
    t =    33.58s Find the "parlor-dsc01-state" StaticText
    t =    33.60s Waiting 10.0s for "parlor-dsc01-state" StaticText to exist
    t =    34.64s     Checking `Expect predicate `existsNoRetry == 1` for object "parlor-dsc01-state" StaticText`
    t =    34.64s         Checking existence of `"parlor-dsc01-state" StaticText`
    t =    34.67s Find the "parlor-dsc01-state" StaticText
    t =    34.70s Terminate com.parlor.app.debug:93727
    t =    35.70s Wait for com.parlor.app.debug to become Not Running
    t =    35.70s Open com.parlor.app.debug
    t =    35.70s     Launch com.parlor.app.debug
    t =    36.25s         Setting up automation session
    t =    38.27s         Wait for com.parlor.app.debug to idle
    t =    40.50s Wait for com.parlor.app.debug to become Running Foreground
    t =    40.51s Waiting 30.0s for "parlor-home-brand" StaticText to exist
    t =    41.53s     Checking `Expect predicate `existsNoRetry == 1` for object "parlor-home-brand" StaticText`
    t =    41.53s         Checking existence of `"parlor-home-brand" StaticText`
    t =    41.70s Waiting 10.0s for "parlor-dsc01-observe" Button to exist
    t =    42.73s     Checking `Expect predicate `existsNoRetry == 1` for object "parlor-dsc01-observe" Button`
    t =    42.73s         Checking existence of `"parlor-dsc01-observe" Button`
    t =    42.82s Checking existence of `Alert (First Match)`
    t =    42.95s Waiting 10.0s for "parlor-dsc01-state" StaticText to exist
    t =    44.01s     Checking `Expect predicate `existsNoRetry == 1` for object "parlor-dsc01-state" StaticText`
    t =    44.01s         Checking existence of `"parlor-dsc01-state" StaticText`
    t =    44.08s Find the "parlor-dsc01-state" StaticText
    t =    44.13s Tap "parlor-dsc01-observe" Button
    t =    44.13s     Wait for com.parlor.app.debug to idle
    t =    44.13s     Find the "parlor-dsc01-observe" Button
    t =    44.16s     Check for interrupting elements affecting "parlor-dsc01-observe" Button
    t =    44.23s     Synthesize event
    t =    44.58s     Wait for com.parlor.app.debug to idle
    t =    45.61s Find the "parlor-dsc01-state" StaticText
    t =    45.67s Waiting 10.0s for "parlor-dsc01-state" StaticText to exist
    t =    46.73s     Checking `Expect predicate `existsNoRetry == 1` for object "parlor-dsc01-state" StaticText`
    t =    46.73s         Checking existence of `"parlor-dsc01-state" StaticText`
    t =    46.76s Find the "parlor-dsc01-state" StaticText
    t =    46.79s Waiting 15.0s for Any (First Match) to exist
    t =    47.84s     Checking `Expect predicate `existsNoRetry == 1` for object Any (First Match)`
    t =    47.84s         Checking existence of `Any (First Match)`
    t =    47.89s Get all elements bound by index for: Elements matching predicate 'label == "افتح الإعدادات., الإعدادات"'
    t =    47.92s Find the Any (Element at index 0)
    t =    47.96s Tap "افتح الإعدادات., الإعدادات" Button
    t =    47.96s     Wait for com.parlor.app.debug to idle
    t =    47.97s     Find the "افتح الإعدادات., الإعدادات" Button
    t =    47.99s     Check for interrupting elements affecting "افتح الإعدادات., الإعدادات" Button
    t =    48.01s     Synthesize event
    t =    48.33s     Wait for com.parlor.app.debug to idle
    t =    48.34s Waiting 15.0s for Any (First Match) to exist
    t =    49.38s     Checking `Expect predicate `existsNoRetry == 1` for object Any (First Match)`
    t =    49.38s         Checking existence of `Any (First Match)`
    t =    49.44s Checking existence of `Any (First Match)`
    t =    49.53s Waiting 10.0s for "parlor-dsc01-state" StaticText to exist
    t =    50.58s     Checking `Expect predicate `existsNoRetry == 1` for object "parlor-dsc01-state" StaticText`
    t =    50.58s         Checking existence of `"parlor-dsc01-state" StaticText`
    t =    50.61s Find the "parlor-dsc01-state" StaticText
    t =    50.63s Tap "parlor-dsc01-observe" Button
    t =    50.63s     Wait for com.parlor.app.debug to idle
    t =    50.64s     Find the "parlor-dsc01-observe" Button
    t =    50.67s     Check for interrupting elements affecting "parlor-dsc01-observe" Button
    t =    50.70s     Synthesize event
    t =    51.03s     Wait for com.parlor.app.debug to idle
    t =    52.07s Find the "parlor-dsc01-state" StaticText
    t =    52.09s Waiting 10.0s for "parlor-dsc01-state" StaticText to exist
    t =    53.13s     Checking `Expect predicate `existsNoRetry == 1` for object "parlor-dsc01-state" StaticText`
    t =    53.13s         Checking existence of `"parlor-dsc01-state" StaticText`
    t =    53.16s Find the "parlor-dsc01-state" StaticText
    t =    53.18s Waiting 15.0s for Any (First Match) to exist
    t =    54.21s     Checking `Expect predicate `existsNoRetry == 1` for object Any (First Match)`
    t =    54.21s         Checking existence of `Any (First Match)`
    t =    54.25s Get all elements bound by index for: Elements matching predicate 'label == "لغة النظام"'
    t =    54.28s Find the Any (Element at index 0)
    t =    54.32s Tap "لغة النظام" Button
    t =    54.32s     Wait for com.parlor.app.debug to idle
    t =    54.32s     Find the "لغة النظام" Button
    t =    54.36s     Check for interrupting elements affecting "لغة النظام" Button
    t =    54.40s     Synthesize event
    t =    54.70s     Wait for com.parlor.app.debug to idle
    t =    54.72s Waiting 15.0s for Any (First Match) to exist
    t =    55.78s     Checking `Expect predicate `existsNoRetry == 1` for object Any (First Match)`
    t =    55.78s         Checking existence of `Any (First Match)`
    t =    55.83s Checking existence of `Any (First Match)`
    t =    55.86s Waiting 10.0s for "parlor-dsc01-state" StaticText to exist
    t =    56.89s     Checking `Expect predicate `existsNoRetry == 1` for object "parlor-dsc01-state" StaticText`
    t =    56.89s         Checking existence of `"parlor-dsc01-state" StaticText`
    t =    56.94s Find the "parlor-dsc01-state" StaticText
    t =    56.98s Tap "parlor-dsc01-observe" Button
    t =    56.98s     Wait for com.parlor.app.debug to idle
    t =    56.98s     Find the "parlor-dsc01-observe" Button
    t =    57.01s     Check for interrupting elements affecting "parlor-dsc01-observe" Button
    t =    57.03s     Synthesize event
    t =    57.33s     Wait for com.parlor.app.debug to idle
    t =    58.38s Find the "parlor-dsc01-state" StaticText
    t =    58.44s Waiting 10.0s for "parlor-dsc01-state" StaticText to exist
    t =    59.48s     Checking `Expect predicate `existsNoRetry == 1` for object "parlor-dsc01-state" StaticText`
    t =    59.48s         Checking existence of `"parlor-dsc01-state" StaticText`
    t =    59.52s Find the "parlor-dsc01-state" StaticText
    t =    59.54s Waiting 10.0s for "parlor-dsc01-state" StaticText to exist
    t =    60.56s     Checking `Expect predicate `existsNoRetry == 1` for object "parlor-dsc01-state" StaticText`
    t =    60.56s         Checking existence of `"parlor-dsc01-state" StaticText`
    t =    60.58s Find the "parlor-dsc01-state" StaticText
    t =    60.61s Tap "parlor-dsc01-observe" Button
    t =    60.61s     Wait for com.parlor.app.debug to idle
    t =    60.61s     Find the "parlor-dsc01-observe" Button
    t =    60.65s     Check for interrupting elements affecting "parlor-dsc01-observe" Button
    t =    60.68s     Synthesize event
    t =    60.99s     Wait for com.parlor.app.debug to idle
    t =    62.01s Find the "parlor-dsc01-state" StaticText
    t =    62.05s Waiting 10.0s for "parlor-dsc01-state" StaticText to exist
    t =    63.08s     Checking `Expect predicate `existsNoRetry == 1` for object "parlor-dsc01-state" StaticText`
    t =    63.08s         Checking existence of `"parlor-dsc01-state" StaticText`
    t =    63.11s Find the "parlor-dsc01-state" StaticText
    t =    63.14s Terminate com.parlor.app.debug:94936
    t =    64.16s Wait for com.parlor.app.debug to become Not Running
    t =    64.17s Open com.parlor.app.debug
    t =    64.17s     Launch com.parlor.app.debug
    t =    64.73s         Setting up automation session
    t =    66.30s         Wait for com.parlor.app.debug to idle
    t =    67.98s Wait for com.parlor.app.debug to become Running Foreground
    t =    67.99s Waiting 30.0s for "parlor-home-brand" StaticText to exist
    t =    69.01s     Checking `Expect predicate `existsNoRetry == 1` for object "parlor-home-brand" StaticText`
    t =    69.01s         Checking existence of `"parlor-home-brand" StaticText`
    t =    69.08s Waiting 10.0s for "parlor-dsc01-observe" Button to exist
    t =    70.11s     Checking `Expect predicate `existsNoRetry == 1` for object "parlor-dsc01-observe" Button`
    t =    70.11s         Checking existence of `"parlor-dsc01-observe" Button`
    t =    70.14s Checking existence of `Alert (First Match)`
    t =    70.23s Waiting 10.0s for "parlor-dsc01-state" StaticText to exist
    t =    71.28s     Checking `Expect predicate `existsNoRetry == 1` for object "parlor-dsc01-state" StaticText`
    t =    71.28s         Checking existence of `"parlor-dsc01-state" StaticText`
    t =    71.30s Find the "parlor-dsc01-state" StaticText
    t =    71.33s Tap "parlor-dsc01-observe" Button
    t =    71.33s     Wait for com.parlor.app.debug to idle
    t =    71.34s     Find the "parlor-dsc01-observe" Button
    t =    71.47s     Check for interrupting elements affecting "parlor-dsc01-observe" Button
    t =    71.56s     Synthesize event
    t =    71.89s     Wait for com.parlor.app.debug to idle
    t =    72.95s Find the "parlor-dsc01-state" StaticText
    t =    73.00s Waiting 10.0s for "parlor-dsc01-state" StaticText to exist
    t =    74.01s     Checking `Expect predicate `existsNoRetry == 1` for object "parlor-dsc01-state" StaticText`
    t =    74.01s         Checking existence of `"parlor-dsc01-state" StaticText`
    t =    74.03s Find the "parlor-dsc01-state" StaticText
    t =    74.05s Waiting 15.0s for Any (First Match) to exist
    t =    75.08s     Checking `Expect predicate `existsNoRetry == 1` for object Any (First Match)`
    t =    75.08s         Checking existence of `Any (First Match)`
    t =    75.16s Get all elements bound by index for: Elements matching predicate 'label == "افتح الإعدادات., الإعدادات"'
    t =    75.18s Find the Any (Element at index 0)
    t =    75.23s Tap "افتح الإعدادات., الإعدادات" Button
    t =    75.23s     Wait for com.parlor.app.debug to idle
    t =    75.23s     Find the "افتح الإعدادات., الإعدادات" Button
    t =    75.26s     Check for interrupting elements affecting "افتح الإعدادات., الإعدادات" Button
    t =    75.29s     Synthesize event
    t =    75.59s     Wait for com.parlor.app.debug to idle
    t =    76.03s Waiting 15.0s for Any (First Match) to exist
    t =    77.08s     Checking `Expect predicate `existsNoRetry == 1` for object Any (First Match)`
    t =    77.08s         Checking existence of `Any (First Match)`
    t =    77.12s Checking existence of `Any (First Match)`
    t =    77.15s Waiting 10.0s for "parlor-dsc01-state" StaticText to exist
    t =    78.19s     Checking `Expect predicate `existsNoRetry == 1` for object "parlor-dsc01-state" StaticText`
    t =    78.20s         Checking existence of `"parlor-dsc01-state" StaticText`
    t =    78.23s Find the "parlor-dsc01-state" StaticText
    t =    78.25s Tap "parlor-dsc01-observe" Button
    t =    78.25s     Wait for com.parlor.app.debug to idle
    t =    78.25s     Find the "parlor-dsc01-observe" Button
    t =    78.27s     Check for interrupting elements affecting "parlor-dsc01-observe" Button
    t =    78.29s     Synthesize event
    t =    78.59s     Wait for com.parlor.app.debug to idle
    t =    79.61s Find the "parlor-dsc01-state" StaticText
    t =    79.64s Waiting 10.0s for "parlor-dsc01-state" StaticText to exist
    t =    80.68s     Checking `Expect predicate `existsNoRetry == 1` for object "parlor-dsc01-state" StaticText`
    t =    80.68s         Checking existence of `"parlor-dsc01-state" StaticText`
    t =    80.69s Find the "parlor-dsc01-state" StaticText
    t =    80.71s Waiting 15.0s for Any (First Match) to exist
    t =    81.74s     Checking `Expect predicate `existsNoRetry == 1` for object Any (First Match)`
    t =    81.74s         Checking existence of `Any (First Match)`
    t =    81.77s Get all elements bound by index for: Elements matching predicate 'label == "English"'
    t =    81.80s Find the Any (Element at index 0)
    t =    81.84s Tap "English" Button
    t =    81.84s     Wait for com.parlor.app.debug to idle
    t =    81.84s     Find the "English" Button
    t =    81.87s     Check for interrupting elements affecting "English" Button
    t =    81.90s     Synthesize event
    t =    82.20s     Wait for com.parlor.app.debug to idle
    t =    82.20s Waiting 15.0s for Any (First Match) to exist
    t =    83.24s     Checking `Expect predicate `existsNoRetry == 1` for object Any (First Match)`
    t =    83.24s         Checking existence of `Any (First Match)`
    t =    83.27s Checking existence of `Any (First Match)`
    t =    83.30s Waiting 10.0s for "parlor-dsc01-state" StaticText to exist
    t =    84.36s     Checking `Expect predicate `existsNoRetry == 1` for object "parlor-dsc01-state" StaticText`
    t =    84.36s         Checking existence of `"parlor-dsc01-state" StaticText`
    t =    84.38s Find the "parlor-dsc01-state" StaticText
    t =    84.39s Tap "parlor-dsc01-observe" Button
    t =    84.39s     Wait for com.parlor.app.debug to idle
    t =    84.40s     Find the "parlor-dsc01-observe" Button
    t =    84.42s     Check for interrupting elements affecting "parlor-dsc01-observe" Button
    t =    84.44s     Synthesize event
    t =    84.75s     Wait for com.parlor.app.debug to idle
    t =    85.78s Find the "parlor-dsc01-state" StaticText
    t =    85.80s Waiting 10.0s for "parlor-dsc01-state" StaticText to exist
    t =    86.83s     Checking `Expect predicate `existsNoRetry == 1` for object "parlor-dsc01-state" StaticText`
    t =    86.83s         Checking existence of `"parlor-dsc01-state" StaticText`
    t =    86.85s Find the "parlor-dsc01-state" StaticText
    t =    86.87s Waiting 10.0s for "parlor-dsc01-state" StaticText to exist
    t =    87.89s     Checking `Expect predicate `existsNoRetry == 1` for object "parlor-dsc01-state" StaticText`
    t =    87.89s         Checking existence of `"parlor-dsc01-state" StaticText`
    t =    87.91s Find the "parlor-dsc01-state" StaticText
    t =    87.93s Tap "parlor-dsc01-observe" Button
    t =    87.93s     Wait for com.parlor.app.debug to idle
    t =    87.94s     Find the "parlor-dsc01-observe" Button
    t =    87.96s     Check for interrupting elements affecting "parlor-dsc01-observe" Button
    t =    88.00s     Synthesize event
    t =    88.30s     Wait for com.parlor.app.debug to idle
    t =    89.31s Find the "parlor-dsc01-state" StaticText
    t =    89.33s Waiting 10.0s for "parlor-dsc01-state" StaticText to exist
    t =    90.34s     Checking `Expect predicate `existsNoRetry == 1` for object "parlor-dsc01-state" StaticText`
    t =    90.34s         Checking existence of `"parlor-dsc01-state" StaticText`
    t =    90.36s Find the "parlor-dsc01-state" StaticText
    t =    90.40s Terminate com.parlor.app.debug:96553
    t =    91.42s Wait for com.parlor.app.debug to become Not Running
    t =    91.42s Open com.parlor.app.debug
    t =    91.42s     Launch com.parlor.app.debug
    t =    91.85s         Setting up automation session
    t =    93.54s         Wait for com.parlor.app.debug to idle
    t =    95.24s Wait for com.parlor.app.debug to become Running Foreground
    t =    95.24s Waiting 30.0s for "parlor-home-brand" StaticText to exist
    t =    96.26s     Checking `Expect predicate `existsNoRetry == 1` for object "parlor-home-brand" StaticText`
    t =    96.26s         Checking existence of `"parlor-home-brand" StaticText`
    t =    96.32s Waiting 10.0s for "parlor-dsc01-observe" Button to exist
    t =    97.33s     Checking `Expect predicate `existsNoRetry == 1` for object "parlor-dsc01-observe" Button`
    t =    97.33s         Checking existence of `"parlor-dsc01-observe" Button`
    t =    97.36s Checking existence of `Alert (First Match)`
    t =    97.40s Waiting 10.0s for "parlor-dsc01-state" StaticText to exist
    t =    98.45s     Checking `Expect predicate `existsNoRetry == 1` for object "parlor-dsc01-state" StaticText`
    t =    98.45s         Checking existence of `"parlor-dsc01-state" StaticText`
    t =    98.49s Find the "parlor-dsc01-state" StaticText
    t =    98.51s Tap "parlor-dsc01-observe" Button
    t =    98.51s     Wait for com.parlor.app.debug to idle
    t =    98.51s     Find the "parlor-dsc01-observe" Button
    t =    98.54s     Check for interrupting elements affecting "parlor-dsc01-observe" Button
    t =    98.57s     Synthesize event
    t =    98.89s     Wait for com.parlor.app.debug to idle
    t =    99.91s Find the "parlor-dsc01-state" StaticText
    t =    99.93s Waiting 10.0s for "parlor-dsc01-state" StaticText to exist
    t =   100.94s     Checking `Expect predicate `existsNoRetry == 1` for object "parlor-dsc01-state" StaticText`
    t =   100.94s         Checking existence of `"parlor-dsc01-state" StaticText`
    t =   100.97s Find the "parlor-dsc01-state" StaticText
    t =   100.99s Waiting 15.0s for Any (First Match) to exist
    t =   102.02s     Checking `Expect predicate `existsNoRetry == 1` for object Any (First Match)`
    t =   102.02s         Checking existence of `Any (First Match)`
    t =   102.06s Get all elements bound by index for: Elements matching predicate 'label == "Open settings., SETTINGS"'
    t =   102.09s Find the Any (Element at index 0)
    t =   102.14s Tap "Open settings., SETTINGS" Button
    t =   102.14s     Wait for com.parlor.app.debug to idle
    t =   102.15s     Find the "Open settings., SETTINGS" Button
    t =   102.17s     Check for interrupting elements affecting "Open settings., SETTINGS" Button
    t =   102.20s     Synthesize event
    t =   102.50s     Wait for com.parlor.app.debug to idle
    t =   102.50s Waiting 15.0s for Any (First Match) to exist
    t =   103.52s     Checking `Expect predicate `existsNoRetry == 1` for object Any (First Match)`
    t =   103.52s         Checking existence of `Any (First Match)`
    t =   103.58s Checking existence of `Any (First Match)`
    t =   103.62s Waiting 10.0s for "parlor-dsc01-state" StaticText to exist
    t =   104.65s     Checking `Expect predicate `existsNoRetry == 1` for object "parlor-dsc01-state" StaticText`
    t =   104.65s         Checking existence of `"parlor-dsc01-state" StaticText`
    t =   104.68s Find the "parlor-dsc01-state" StaticText
    t =   104.69s Tap "parlor-dsc01-observe" Button
    t =   104.69s     Wait for com.parlor.app.debug to idle
    t =   104.70s     Find the "parlor-dsc01-observe" Button
    t =   104.72s     Check for interrupting elements affecting "parlor-dsc01-observe" Button
    t =   104.74s     Synthesize event
    t =   105.03s     Wait for com.parlor.app.debug to idle
    t =   106.06s Find the "parlor-dsc01-state" StaticText
    t =   106.09s Waiting 10.0s for "parlor-dsc01-state" StaticText to exist
    t =   107.11s     Checking `Expect predicate `existsNoRetry == 1` for object "parlor-dsc01-state" StaticText`
    t =   107.11s         Checking existence of `"parlor-dsc01-state" StaticText`
    t =   107.16s Find the "parlor-dsc01-state" StaticText
    t =   107.19s Waiting 15.0s for Any (First Match) to exist
    t =   108.24s     Checking `Expect predicate `existsNoRetry == 1` for object Any (First Match)`
    t =   108.24s         Checking existence of `Any (First Match)`
    t =   108.29s Get all elements bound by index for: Elements matching predicate 'label == "System language"'
    t =   108.31s Find the Any (Element at index 0)
    t =   108.34s Tap "System language" Button
    t =   108.34s     Wait for com.parlor.app.debug to idle
    t =   108.34s     Find the "System language" Button
    t =   108.36s     Check for interrupting elements affecting "System language" Button
    t =   108.38s     Synthesize event
    t =   108.68s     Wait for com.parlor.app.debug to idle
    t =   108.69s Waiting 15.0s for Any (First Match) to exist
    t =   109.74s     Checking `Expect predicate `existsNoRetry == 1` for object Any (First Match)`
    t =   109.75s         Checking existence of `Any (First Match)`
    t =   109.78s Checking existence of `Any (First Match)`
    t =   109.82s Waiting 10.0s for "parlor-dsc01-state" StaticText to exist
    t =   110.85s     Checking `Expect predicate `existsNoRetry == 1` for object "parlor-dsc01-state" StaticText`
    t =   110.85s         Checking existence of `"parlor-dsc01-state" StaticText`
    t =   110.87s Find the "parlor-dsc01-state" StaticText
    t =   110.90s Tap "parlor-dsc01-observe" Button
    t =   110.90s     Wait for com.parlor.app.debug to idle
    t =   110.90s     Find the "parlor-dsc01-observe" Button
    t =   110.93s     Check for interrupting elements affecting "parlor-dsc01-observe" Button
    t =   110.95s     Synthesize event
    t =   111.25s     Wait for com.parlor.app.debug to idle
    t =   112.28s Find the "parlor-dsc01-state" StaticText
    t =   112.32s Waiting 10.0s for "parlor-dsc01-state" StaticText to exist
    t =   113.34s     Checking `Expect predicate `existsNoRetry == 1` for object "parlor-dsc01-state" StaticText`
    t =   113.34s         Checking existence of `"parlor-dsc01-state" StaticText`
    t =   113.37s Find the "parlor-dsc01-state" StaticText
    t =   113.40s Waiting 10.0s for "parlor-dsc01-state" StaticText to exist
    t =   114.43s     Checking `Expect predicate `existsNoRetry == 1` for object "parlor-dsc01-state" StaticText`
    t =   114.43s         Checking existence of `"parlor-dsc01-state" StaticText`
    t =   114.45s Find the "parlor-dsc01-state" StaticText
    t =   114.48s Tap "parlor-dsc01-observe" Button
    t =   114.48s     Wait for com.parlor.app.debug to idle
    t =   114.48s     Find the "parlor-dsc01-observe" Button
    t =   114.50s     Check for interrupting elements affecting "parlor-dsc01-observe" Button
    t =   114.53s     Synthesize event
    t =   114.84s     Wait for com.parlor.app.debug to idle
    t =   115.89s Find the "parlor-dsc01-state" StaticText
    t =   115.92s Waiting 10.0s for "parlor-dsc01-state" StaticText to exist
    t =   116.95s     Checking `Expect predicate `existsNoRetry == 1` for object "parlor-dsc01-state" StaticText`
    t =   116.95s         Checking existence of `"parlor-dsc01-state" StaticText`
    t =   116.97s Find the "parlor-dsc01-state" StaticText
    t =   116.99s Tap "parlor-dsc01-complete" Button
    t =   116.99s     Wait for com.parlor.app.debug to idle
    t =   117.00s     Find the "parlor-dsc01-complete" Button
    t =   117.02s     Check for interrupting elements affecting "parlor-dsc01-complete" Button
    t =   117.05s     Synthesize event
    t =   117.36s     Wait for com.parlor.app.debug to idle
    t =   117.36s Waiting 10.0s for "parlor-dsc01-state" StaticText to exist
    t =   118.38s     Checking `Expect predicate `existsNoRetry == 1` for object "parlor-dsc01-state" StaticText`
    t =   118.38s         Checking existence of `"parlor-dsc01-state" StaticText`
    t =   118.40s Find the "parlor-dsc01-state" StaticText
    t =   118.44s Tap "parlor-dsc01-observe" Button
    t =   118.44s     Wait for com.parlor.app.debug to idle
    t =   118.44s     Find the "parlor-dsc01-observe" Button
    t =   118.47s     Check for interrupting elements affecting "parlor-dsc01-observe" Button
    t =   118.49s     Synthesize event
    t =   118.78s     Wait for com.parlor.app.debug to idle
    t =   119.80s Find the "parlor-dsc01-state" StaticText
    t =   119.82s Waiting 10.0s for "parlor-dsc01-state" StaticText to exist
    t =   120.84s     Checking `Expect predicate `existsNoRetry == 1` for object "parlor-dsc01-state" StaticText`
    t =   120.84s         Checking existence of `"parlor-dsc01-state" StaticText`
    t =   120.87s Find the "parlor-dsc01-state" StaticText
    t =   120.88s Terminate com.parlor.app.debug:98863
    t =   121.95s Wait for com.parlor.app.debug to become Not Running
    t =   121.95s Open com.parlor.app.debug
    t =   121.95s     Launch com.parlor.app.debug
    t =   122.40s         Setting up automation session
    t =   124.17s         Wait for com.parlor.app.debug to idle
    t =   125.83s Wait for com.parlor.app.debug to become Running Foreground
    t =   125.83s Waiting 30.0s for "parlor-home-brand" StaticText to exist
    t =   126.84s     Checking `Expect predicate `existsNoRetry == 1` for object "parlor-home-brand" StaticText`
    t =   126.84s         Checking existence of `"parlor-home-brand" StaticText`
    t =   127.09s Waiting 10.0s for "parlor-dsc01-observe" Button to exist
    t =   128.11s     Checking `Expect predicate `existsNoRetry == 1` for object "parlor-dsc01-observe" Button`
    t =   128.11s         Checking existence of `"parlor-dsc01-observe" Button`
    t =   128.15s Checking existence of `Alert (First Match)`
    t =   128.21s Waiting 10.0s for "parlor-dsc01-state" StaticText to exist
    t =   129.23s     Checking `Expect predicate `existsNoRetry == 1` for object "parlor-dsc01-state" StaticText`
    t =   129.23s         Checking existence of `"parlor-dsc01-state" StaticText`
    t =   129.30s Find the "parlor-dsc01-state" StaticText
    t =   129.33s Tap "parlor-dsc01-observe" Button
    t =   129.34s     Wait for com.parlor.app.debug to idle
    t =   129.34s     Find the "parlor-dsc01-observe" Button
    t =   129.37s     Check for interrupting elements affecting "parlor-dsc01-observe" Button
    t =   129.42s     Synthesize event
    t =   129.73s     Wait for com.parlor.app.debug to idle
    t =   130.76s Find the "parlor-dsc01-state" StaticText
    t =   130.80s Waiting 10.0s for "parlor-dsc01-state" StaticText to exist
    t =   131.83s     Checking `Expect predicate `existsNoRetry == 1` for object "parlor-dsc01-state" StaticText`
    t =   131.83s         Checking existence of `"parlor-dsc01-state" StaticText`
    t =   131.84s Find the "parlor-dsc01-state" StaticText
    t =   131.86s Waiting 10.0s for "parlor-dsc01-state" StaticText to exist
    t =   132.88s     Checking `Expect predicate `existsNoRetry == 1` for object "parlor-dsc01-state" StaticText`
    t =   132.88s         Checking existence of `"parlor-dsc01-state" StaticText`
    t =   132.89s Find the "parlor-dsc01-state" StaticText
    t =   132.91s Tap "parlor-dsc01-observe" Button
    t =   132.91s     Wait for com.parlor.app.debug to idle
    t =   132.92s     Find the "parlor-dsc01-observe" Button
    t =   132.94s     Check for interrupting elements affecting "parlor-dsc01-observe" Button
    t =   132.97s     Synthesize event
    t =   133.26s     Wait for com.parlor.app.debug to idle
    t =   134.31s Find the "parlor-dsc01-state" StaticText
    t =   134.33s Waiting 10.0s for "parlor-dsc01-state" StaticText to exist
    t =   135.34s     Checking `Expect predicate `existsNoRetry == 1` for object "parlor-dsc01-state" StaticText`
    t =   135.34s         Checking existence of `"parlor-dsc01-state" StaticText`
    t =   135.36s Find the "parlor-dsc01-state" StaticText
    t =   135.40s Waiting 10.0s for "parlor-l08-app-foundation-run" Button to exist
    t =   136.41s     Checking `Expect predicate `existsNoRetry == 1` for object "parlor-l08-app-foundation-run" Button`
    t =   136.41s         Checking existence of `"parlor-l08-app-foundation-run" Button`
    t =   136.44s Find the "parlor-l08-app-foundation-run" Button
    t =   136.46s Find the "parlor-l08-app-foundation-run" Button
    t =   136.49s Tap "parlor-l08-app-foundation-run" Button
    t =   136.49s     Wait for com.parlor.app.debug to idle
    t =   136.49s     Find the "parlor-l08-app-foundation-run" Button
    t =   136.51s     Check for interrupting elements affecting "parlor-l08-app-foundation-run" Button
    t =   136.53s     Synthesize event
    t =   136.81s     Wait for com.parlor.app.debug to idle
    t =   136.82s Waiting 10.0s for "parlor-l08-app-foundation-state" StaticText to exist
    t =   137.86s     Checking `Expect predicate `existsNoRetry == 1` for object "parlor-l08-app-foundation-state" StaticText`
    t =   137.86s         Checking existence of `"parlor-l08-app-foundation-state" StaticText`
    t =   138.91s Find the "parlor-l08-app-foundation-state" StaticText
    t =   138.94s Find the "parlor-l08-app-foundation-state" StaticText
    t =   138.96s Find the "parlor-l08-app-foundation-run" Button
    t =   138.97s Checking existence of `Alert (First Match)`
PARLOR_L08_APP_FOUNDATION {"activations":1,"alert_present":false,"boot_ordinal":1,"context_sha256":"03aa763a1d764b4d2f89ae6d24752f71802315cf36298b5583a2bbee9a742f55","controls_sha256":"04b915fc1390e909d7075ee46deede1a1eadb1e8faa24c0e5a8753b88ac71acf","fixture_template_sha256":"f7b0e515b580f4bd9c49857ad4a49a3ab925218e8e52c260eb14cc75e410cba7","foreground":true,"kind":"l08-app-foundation-xctest","process_boot":"A62C4BF0-BD39-4FA4-81A8-9504BC0A1ABC","process_id":816,"run_token":"217002BD-D169-40FC-8138-AB4831656E8D","schema_version":1}
    t =   139.04s Waiting 10.0s for "parlor-native-readiness-run" Button to exist
    t =   140.09s     Checking `Expect predicate `existsNoRetry == 1` for object "parlor-native-readiness-run" Button`
    t =   140.09s         Checking existence of `"parlor-native-readiness-run" Button`
    t =   140.12s Find the "parlor-native-readiness-run" Button
    t =   140.14s Find the "parlor-native-readiness-run" Button
    t =   140.18s Tap "parlor-native-readiness-run" Button
    t =   140.18s     Wait for com.parlor.app.debug to idle
    t =   140.18s     Find the "parlor-native-readiness-run" Button
    t =   140.21s     Check for interrupting elements affecting "parlor-native-readiness-run" Button
    t =   140.24s     Synthesize event
    t =   140.53s     Wait for com.parlor.app.debug to idle
    t =   140.60s Waiting 10.0s for "parlor-native-readiness-state" StaticText to exist
    t =   141.64s     Checking `Expect predicate `existsNoRetry == 1` for object "parlor-native-readiness-state" StaticText`
    t =   141.64s         Checking existence of `"parlor-native-readiness-state" StaticText`
    t =   142.71s Find the "parlor-native-readiness-state" StaticText
    t =   142.73s Find the "parlor-native-readiness-state" StaticText
    t =   142.76s Checking existence of `Alert (First Match)`
    t =   142.84s Waiting 10.0s for "parlor-dsc01-state" StaticText to exist
    t =   143.87s     Checking `Expect predicate `existsNoRetry == 1` for object "parlor-dsc01-state" StaticText`
    t =   143.87s         Checking existence of `"parlor-dsc01-state" StaticText`
    t =   143.89s Find the "parlor-dsc01-state" StaticText
    t =   143.92s Tap "parlor-dsc01-observe" Button
    t =   143.92s     Wait for com.parlor.app.debug to idle
    t =   143.93s     Find the "parlor-dsc01-observe" Button
    t =   143.96s     Check for interrupting elements affecting "parlor-dsc01-observe" Button
    t =   143.99s     Synthesize event
    t =   144.30s     Wait for com.parlor.app.debug to idle
    t =   145.31s Find the "parlor-dsc01-state" StaticText
    t =   145.33s Waiting 10.0s for "parlor-dsc01-state" StaticText to exist
    t =   146.34s     Checking `Expect predicate `existsNoRetry == 1` for object "parlor-dsc01-state" StaticText`
    t =   146.34s         Checking existence of `"parlor-dsc01-state" StaticText`
    t =   146.37s Find the "parlor-dsc01-state" StaticText
    t =   148.48s Checking existence of `Alert (First Match)`
    t =   148.57s Waiting 10.0s for "parlor-dsc01-state" StaticText to exist
    t =   149.59s     Checking `Expect predicate `existsNoRetry == 1` for object "parlor-dsc01-state" StaticText`
    t =   149.59s         Checking existence of `"parlor-dsc01-state" StaticText`
    t =   149.62s Find the "parlor-dsc01-state" StaticText
    t =   149.64s Tap "parlor-dsc01-observe" Button
    t =   149.64s     Wait for com.parlor.app.debug to idle
    t =   149.64s     Find the "parlor-dsc01-observe" Button
    t =   149.68s     Check for interrupting elements affecting "parlor-dsc01-observe" Button
    t =   149.71s     Synthesize event
    t =   150.01s     Wait for com.parlor.app.debug to idle
    t =   151.05s Find the "parlor-dsc01-state" StaticText
    t =   151.07s Waiting 10.0s for "parlor-dsc01-state" StaticText to exist
    t =   152.11s     Checking `Expect predicate `existsNoRetry == 1` for object "parlor-dsc01-state" StaticText`
    t =   152.11s         Checking existence of `"parlor-dsc01-state" StaticText`
    t =   152.13s Find the "parlor-dsc01-state" StaticText
    t =   154.16s Checking existence of `Alert (First Match)`
    t =   154.22s Waiting 10.0s for "parlor-dsc01-state" StaticText to exist
    t =   155.28s     Checking `Expect predicate `existsNoRetry == 1` for object "parlor-dsc01-state" StaticText`
    t =   155.28s         Checking existence of `"parlor-dsc01-state" StaticText`
    t =   155.30s Find the "parlor-dsc01-state" StaticText
    t =   155.33s Tap "parlor-dsc01-observe" Button
    t =   155.33s     Wait for com.parlor.app.debug to idle
    t =   155.33s     Find the "parlor-dsc01-observe" Button
    t =   155.36s     Check for interrupting elements affecting "parlor-dsc01-observe" Button
    t =   155.39s     Synthesize event
    t =   155.70s     Wait for com.parlor.app.debug to idle
    t =   156.71s Find the "parlor-dsc01-state" StaticText
    t =   156.77s Waiting 10.0s for "parlor-dsc01-state" StaticText to exist
    t =   157.81s     Checking `Expect predicate `existsNoRetry == 1` for object "parlor-dsc01-state" StaticText`
    t =   157.81s         Checking existence of `"parlor-dsc01-state" StaticText`
    t =   157.84s Find the "parlor-dsc01-state" StaticText
    t =   159.91s Checking existence of `Alert (First Match)`
    t =   160.03s Waiting 10.0s for "parlor-dsc01-state" StaticText to exist
    t =   161.05s     Checking `Expect predicate `existsNoRetry == 1` for object "parlor-dsc01-state" StaticText`
    t =   161.05s         Checking existence of `"parlor-dsc01-state" StaticText`
    t =   161.08s Find the "parlor-dsc01-state" StaticText
    t =   161.11s Tap "parlor-dsc01-observe" Button
    t =   161.11s     Wait for com.parlor.app.debug to idle
    t =   161.12s     Find the "parlor-dsc01-observe" Button
    t =   161.15s     Check for interrupting elements affecting "parlor-dsc01-observe" Button
    t =   161.22s     Synthesize event
    t =   161.53s     Wait for com.parlor.app.debug to idle
    t =   162.58s Find the "parlor-dsc01-state" StaticText
    t =   162.62s Waiting 10.0s for "parlor-dsc01-state" StaticText to exist
    t =   163.64s     Checking `Expect predicate `existsNoRetry == 1` for object "parlor-dsc01-state" StaticText`
    t =   163.65s         Checking existence of `"parlor-dsc01-state" StaticText`
    t =   163.69s Find the "parlor-dsc01-state" StaticText
    t =   165.78s Checking existence of `Alert (First Match)`
    t =   165.89s Waiting 10.0s for "parlor-dsc01-state" StaticText to exist
    t =   166.91s     Checking `Expect predicate `existsNoRetry == 1` for object "parlor-dsc01-state" StaticText`
    t =   166.91s         Checking existence of `"parlor-dsc01-state" StaticText`
    t =   166.94s Find the "parlor-dsc01-state" StaticText
    t =   166.97s Tap "parlor-dsc01-observe" Button
    t =   166.97s     Wait for com.parlor.app.debug to idle
    t =   166.98s     Find the "parlor-dsc01-observe" Button
    t =   167.02s     Check for interrupting elements affecting "parlor-dsc01-observe" Button
    t =   167.08s     Synthesize event
    t =   167.38s     Wait for com.parlor.app.debug to idle
    t =   168.40s Find the "parlor-dsc01-state" StaticText
    t =   168.44s Waiting 10.0s for "parlor-dsc01-state" StaticText to exist
    t =   169.51s     Checking `Expect predicate `existsNoRetry == 1` for object "parlor-dsc01-state" StaticText`
    t =   169.51s         Checking existence of `"parlor-dsc01-state" StaticText`
    t =   169.55s Find the "parlor-dsc01-state" StaticText
    t =   171.58s Checking existence of `Alert (First Match)`
    t =   171.74s Waiting 10.0s for "parlor-dsc01-state" StaticText to exist
    t =   172.78s     Checking `Expect predicate `existsNoRetry == 1` for object "parlor-dsc01-state" StaticText`
    t =   172.78s         Checking existence of `"parlor-dsc01-state" StaticText`
    t =   172.84s Find the "parlor-dsc01-state" StaticText
    t =   172.88s Tap "parlor-dsc01-observe" Button
    t =   172.88s     Wait for com.parlor.app.debug to idle
    t =   172.89s     Find the "parlor-dsc01-observe" Button
    t =   172.92s     Check for interrupting elements affecting "parlor-dsc01-observe" Button
    t =   172.99s     Synthesize event
    t =   173.30s     Wait for com.parlor.app.debug to idle
    t =   174.33s Find the "parlor-dsc01-state" StaticText
    t =   174.38s Waiting 10.0s for "parlor-dsc01-state" StaticText to exist
    t =   175.43s     Checking `Expect predicate `existsNoRetry == 1` for object "parlor-dsc01-state" StaticText`
    t =   175.43s         Checking existence of `"parlor-dsc01-state" StaticText`
    t =   175.46s Find the "parlor-dsc01-state" StaticText
PARLOR_NATIVE_COLD_LAUNCH {"app_foreground":true,"boot_ordinal":1,"loaded_app_images":["Parlor","Parlor.debug.dylib"],"loaded_compose_framework":{"file_bytes":84032296,"file_sha256":"4439f0e73d144b8e180bd2334e83f80e76353b8c866eeaea80ab2846dbd6233a","image_uuid":"26cc7bca-2ebe-3e70-b528-a840146077c5","origin":"owned-copy-build","path":"xcode-frameworks\/Debug\/iphonesimulator26.2\/ComposeApp.framework\/ComposeApp"},"native_alert_present":false,"probe_activations":1,"process_boot":"A62C4BF0-BD39-4FA4-81A8-9504BC0A1ABC","run_token":"217002BD-D169-40FC-8138-AB4831656E8D","samples":[{"elapsed_milliseconds":3643,"observation_sequence":4,"ordinal":1},{"elapsed_milliseconds":9399,"observation_sequence":5,"ordinal":2},{"elapsed_milliseconds":15111,"observation_sequence":6,"ordinal":3},{"elapsed_milliseconds":20970,"observation_sequence":7,"ordinal":4},{"elapsed_milliseconds":26819,"observation_sequence":8,"ordinal":5},{"elapsed_milliseconds":32740,"observation_sequence":9,"ordinal":6}],"schema_version":2,"signing_mode":"adhoc"}
    t =   175.50s Terminate com.parlor.app.debug:816
    t =   176.54s Wait for com.parlor.app.debug to become Not Running
    t =   176.54s Open com.parlor.app.debug
    t =   176.54s     Launch com.parlor.app.debug
    t =   177.43s         Setting up automation session
    t =   179.21s         Wait for com.parlor.app.debug to idle
    t =   181.02s Wait for com.parlor.app.debug to become Running Foreground
    t =   181.02s Waiting 30.0s for "parlor-home-brand" StaticText to exist
    t =   182.04s     Checking `Expect predicate `existsNoRetry == 1` for object "parlor-home-brand" StaticText`
    t =   182.04s         Checking existence of `"parlor-home-brand" StaticText`
    t =   182.11s Waiting 10.0s for "parlor-dsc01-observe" Button to exist
    t =   183.13s     Checking `Expect predicate `existsNoRetry == 1` for object "parlor-dsc01-observe" Button`
    t =   183.13s         Checking existence of `"parlor-dsc01-observe" Button`
    t =   183.16s Checking existence of `Alert (First Match)`
    t =   183.21s Waiting 10.0s for "parlor-dsc01-state" StaticText to exist
    t =   184.25s     Checking `Expect predicate `existsNoRetry == 1` for object "parlor-dsc01-state" StaticText`
    t =   184.25s         Checking existence of `"parlor-dsc01-state" StaticText`
    t =   184.27s Find the "parlor-dsc01-state" StaticText
    t =   184.30s Tap "parlor-dsc01-observe" Button
    t =   184.30s     Wait for com.parlor.app.debug to idle
    t =   184.30s     Find the "parlor-dsc01-observe" Button
    t =   184.32s     Check for interrupting elements affecting "parlor-dsc01-observe" Button
    t =   184.36s     Synthesize event
    t =   184.68s     Wait for com.parlor.app.debug to idle
    t =   185.73s Find the "parlor-dsc01-state" StaticText
    t =   185.76s Waiting 10.0s for "parlor-dsc01-state" StaticText to exist
    t =   186.78s     Checking `Expect predicate `existsNoRetry == 1` for object "parlor-dsc01-state" StaticText`
    t =   186.78s         Checking existence of `"parlor-dsc01-state" StaticText`
    t =   186.81s Find the "parlor-dsc01-state" StaticText
    t =   186.85s Waiting 10.0s for "parlor-dsc01-state" StaticText to exist
    t =   187.88s     Checking `Expect predicate `existsNoRetry == 1` for object "parlor-dsc01-state" StaticText`
    t =   187.88s         Checking existence of `"parlor-dsc01-state" StaticText`
    t =   187.92s Find the "parlor-dsc01-state" StaticText
    t =   187.95s Tap "parlor-dsc01-observe" Button
    t =   187.95s     Wait for com.parlor.app.debug to idle
    t =   187.95s     Find the "parlor-dsc01-observe" Button
    t =   187.97s     Check for interrupting elements affecting "parlor-dsc01-observe" Button
    t =   187.99s     Synthesize event
    t =   188.28s     Wait for com.parlor.app.debug to idle
    t =   189.31s Find the "parlor-dsc01-state" StaticText
    t =   189.33s Waiting 10.0s for "parlor-dsc01-state" StaticText to exist
    t =   190.36s     Checking `Expect predicate `existsNoRetry == 1` for object "parlor-dsc01-state" StaticText`
    t =   190.36s         Checking existence of `"parlor-dsc01-state" StaticText`
    t =   190.38s Find the "parlor-dsc01-state" StaticText
    t =   190.39s Waiting 10.0s for "parlor-native-readiness-run" Button to exist
    t =   191.40s     Checking `Expect predicate `existsNoRetry == 1` for object "parlor-native-readiness-run" Button`
    t =   191.40s         Checking existence of `"parlor-native-readiness-run" Button`
    t =   191.42s Find the "parlor-native-readiness-run" Button
    t =   191.44s Find the "parlor-native-readiness-run" Button
    t =   191.47s Tap "parlor-native-readiness-run" Button
    t =   191.47s     Wait for com.parlor.app.debug to idle
    t =   191.48s     Find the "parlor-native-readiness-run" Button
    t =   191.50s     Check for interrupting elements affecting "parlor-native-readiness-run" Button
    t =   191.52s     Synthesize event
    t =   191.83s     Wait for com.parlor.app.debug to idle
    t =   191.95s Waiting 10.0s for "parlor-native-readiness-state" StaticText to exist
    t =   192.98s     Checking `Expect predicate `existsNoRetry == 1` for object "parlor-native-readiness-state" StaticText`
    t =   192.98s         Checking existence of `"parlor-native-readiness-state" StaticText`
    t =   194.04s Find the "parlor-native-readiness-state" StaticText
    t =   194.07s Find the "parlor-native-readiness-state" StaticText
    t =   194.10s Checking existence of `Alert (First Match)`
    t =   194.16s Waiting 10.0s for "parlor-dsc01-state" StaticText to exist
    t =   195.20s     Checking `Expect predicate `existsNoRetry == 1` for object "parlor-dsc01-state" StaticText`
    t =   195.20s         Checking existence of `"parlor-dsc01-state" StaticText`
    t =   195.21s Find the "parlor-dsc01-state" StaticText
    t =   195.23s Tap "parlor-dsc01-observe" Button
    t =   195.23s     Wait for com.parlor.app.debug to idle
    t =   195.23s     Find the "parlor-dsc01-observe" Button
    t =   195.25s     Check for interrupting elements affecting "parlor-dsc01-observe" Button
    t =   195.28s     Synthesize event
    t =   195.58s     Wait for com.parlor.app.debug to idle
    t =   196.60s Find the "parlor-dsc01-state" StaticText
    t =   196.62s Waiting 10.0s for "parlor-dsc01-state" StaticText to exist
    t =   197.65s     Checking `Expect predicate `existsNoRetry == 1` for object "parlor-dsc01-state" StaticText`
    t =   197.65s         Checking existence of `"parlor-dsc01-state" StaticText`
    t =   197.66s Find the "parlor-dsc01-state" StaticText
    t =   199.68s Checking existence of `Alert (First Match)`
    t =   199.73s Waiting 10.0s for "parlor-dsc01-state" StaticText to exist
    t =   200.78s     Checking `Expect predicate `existsNoRetry == 1` for object "parlor-dsc01-state" StaticText`
    t =   200.78s         Checking existence of `"parlor-dsc01-state" StaticText`
    t =   200.80s Find the "parlor-dsc01-state" StaticText
    t =   200.81s Tap "parlor-dsc01-observe" Button
    t =   200.81s     Wait for com.parlor.app.debug to idle
    t =   200.82s     Find the "parlor-dsc01-observe" Button
    t =   200.83s     Check for interrupting elements affecting "parlor-dsc01-observe" Button
    t =   200.85s     Synthesize event
    t =   201.15s     Wait for com.parlor.app.debug to idle
    t =   202.18s Find the "parlor-dsc01-state" StaticText
    t =   202.21s Waiting 10.0s for "parlor-dsc01-state" StaticText to exist
    t =   203.23s     Checking `Expect predicate `existsNoRetry == 1` for object "parlor-dsc01-state" StaticText`
    t =   203.23s         Checking existence of `"parlor-dsc01-state" StaticText`
    t =   203.25s Find the "parlor-dsc01-state" StaticText
    t =   205.27s Checking existence of `Alert (First Match)`
    t =   205.32s Waiting 10.0s for "parlor-dsc01-state" StaticText to exist
    t =   206.33s     Checking `Expect predicate `existsNoRetry == 1` for object "parlor-dsc01-state" StaticText`
    t =   206.33s         Checking existence of `"parlor-dsc01-state" StaticText`
    t =   206.35s Find the "parlor-dsc01-state" StaticText
    t =   206.37s Tap "parlor-dsc01-observe" Button
    t =   206.37s     Wait for com.parlor.app.debug to idle
    t =   206.37s     Find the "parlor-dsc01-observe" Button
    t =   206.38s     Check for interrupting elements affecting "parlor-dsc01-observe" Button
    t =   206.41s     Synthesize event
    t =   206.71s     Wait for com.parlor.app.debug to idle
    t =   207.73s Find the "parlor-dsc01-state" StaticText
    t =   207.76s Waiting 10.0s for "parlor-dsc01-state" StaticText to exist
    t =   208.81s     Checking `Expect predicate `existsNoRetry == 1` for object "parlor-dsc01-state" StaticText`
    t =   208.81s         Checking existence of `"parlor-dsc01-state" StaticText`
    t =   208.83s Find the "parlor-dsc01-state" StaticText
    t =   210.95s Checking existence of `Alert (First Match)`
    t =   211.03s Waiting 10.0s for "parlor-dsc01-state" StaticText to exist
    t =   212.05s     Checking `Expect predicate `existsNoRetry == 1` for object "parlor-dsc01-state" StaticText`
    t =   212.05s         Checking existence of `"parlor-dsc01-state" StaticText`
    t =   212.07s Find the "parlor-dsc01-state" StaticText
    t =   212.08s Tap "parlor-dsc01-observe" Button
    t =   212.08s     Wait for com.parlor.app.debug to idle
    t =   212.08s     Find the "parlor-dsc01-observe" Button
    t =   212.10s     Check for interrupting elements affecting "parlor-dsc01-observe" Button
    t =   212.13s     Synthesize event
    t =   212.43s     Wait for com.parlor.app.debug to idle
    t =   213.44s Find the "parlor-dsc01-state" StaticText
    t =   213.46s Waiting 10.0s for "parlor-dsc01-state" StaticText to exist
    t =   214.48s     Checking `Expect predicate `existsNoRetry == 1` for object "parlor-dsc01-state" StaticText`
    t =   214.48s         Checking existence of `"parlor-dsc01-state" StaticText`
    t =   214.50s Find the "parlor-dsc01-state" StaticText
    t =   216.61s Checking existence of `Alert (First Match)`
    t =   216.74s Waiting 10.0s for "parlor-dsc01-state" StaticText to exist
    t =   217.78s     Checking `Expect predicate `existsNoRetry == 1` for object "parlor-dsc01-state" StaticText`
    t =   217.78s         Checking existence of `"parlor-dsc01-state" StaticText`
    t =   217.81s Find the "parlor-dsc01-state" StaticText
    t =   217.84s Tap "parlor-dsc01-observe" Button
    t =   217.84s     Wait for com.parlor.app.debug to idle
    t =   217.84s     Find the "parlor-dsc01-observe" Button
    t =   217.86s     Check for interrupting elements affecting "parlor-dsc01-observe" Button
    t =   217.90s     Synthesize event
    t =   218.21s     Wait for com.parlor.app.debug to idle
    t =   219.24s Find the "parlor-dsc01-state" StaticText
    t =   219.27s Waiting 10.0s for "parlor-dsc01-state" StaticText to exist
    t =   220.31s     Checking `Expect predicate `existsNoRetry == 1` for object "parlor-dsc01-state" StaticText`
    t =   220.31s         Checking existence of `"parlor-dsc01-state" StaticText`
    t =   220.33s Find the "parlor-dsc01-state" StaticText
    t =   222.38s Checking existence of `Alert (First Match)`
    t =   222.46s Waiting 10.0s for "parlor-dsc01-state" StaticText to exist
    t =   223.50s     Checking `Expect predicate `existsNoRetry == 1` for object "parlor-dsc01-state" StaticText`
    t =   223.50s         Checking existence of `"parlor-dsc01-state" StaticText`
    t =   223.52s Find the "parlor-dsc01-state" StaticText
    t =   223.54s Tap "parlor-dsc01-observe" Button
    t =   223.54s     Wait for com.parlor.app.debug to idle
    t =   223.55s     Find the "parlor-dsc01-observe" Button
    t =   223.58s     Check for interrupting elements affecting "parlor-dsc01-observe" Button
    t =   223.61s     Synthesize event
    t =   223.91s     Wait for com.parlor.app.debug to idle
    t =   224.95s Find the "parlor-dsc01-state" StaticText
    t =   224.98s Waiting 10.0s for "parlor-dsc01-state" StaticText to exist
    t =   226.01s     Checking `Expect predicate `existsNoRetry == 1` for object "parlor-dsc01-state" StaticText`
    t =   226.01s         Checking existence of `"parlor-dsc01-state" StaticText`
    t =   226.03s Find the "parlor-dsc01-state" StaticText
PARLOR_NATIVE_COLD_LAUNCH {"app_foreground":true,"boot_ordinal":2,"loaded_app_images":["Parlor","Parlor.debug.dylib"],"loaded_compose_framework":{"file_bytes":84032296,"file_sha256":"4439f0e73d144b8e180bd2334e83f80e76353b8c866eeaea80ab2846dbd6233a","image_uuid":"26cc7bca-2ebe-3e70-b528-a840146077c5","origin":"owned-copy-build","path":"xcode-frameworks\/Debug\/iphonesimulator26.2\/ComposeApp.framework\/ComposeApp"},"native_alert_present":false,"probe_activations":1,"process_boot":"9B799F9C-BA82-46C7-9C67-3393CC8E6083","run_token":"217002BD-D169-40FC-8138-AB4831656E8D","samples":[{"elapsed_milliseconds":3583,"observation_sequence":13,"ordinal":1},{"elapsed_milliseconds":9177,"observation_sequence":14,"ordinal":2},{"elapsed_milliseconds":14756,"observation_sequence":15,"ordinal":3},{"elapsed_milliseconds":20436,"observation_sequence":16,"ordinal":4},{"elapsed_milliseconds":26262,"observation_sequence":17,"ordinal":5},{"elapsed_milliseconds":31956,"observation_sequence":18,"ordinal":6}],"schema_version":2,"signing_mode":"adhoc"}
    t =   226.05s Terminate com.parlor.app.debug:4978
    t =   227.06s Wait for com.parlor.app.debug to become Not Running
    t =   227.06s Open com.parlor.app.debug
    t =   227.06s     Launch com.parlor.app.debug
    t =   227.54s         Setting up automation session
    t =   229.30s         Wait for com.parlor.app.debug to idle
    t =   230.99s Wait for com.parlor.app.debug to become Running Foreground
    t =   231.00s Waiting 30.0s for "parlor-home-brand" StaticText to exist
    t =   232.00s     Checking `Expect predicate `existsNoRetry == 1` for object "parlor-home-brand" StaticText`
    t =   232.00s         Checking existence of `"parlor-home-brand" StaticText`
    t =   232.08s Waiting 10.0s for "parlor-dsc01-observe" Button to exist
    t =   233.11s     Checking `Expect predicate `existsNoRetry == 1` for object "parlor-dsc01-observe" Button`
    t =   233.11s         Checking existence of `"parlor-dsc01-observe" Button`
    t =   233.13s Checking existence of `Alert (First Match)`
    t =   233.19s Waiting 10.0s for "parlor-dsc01-state" StaticText to exist
    t =   234.24s     Checking `Expect predicate `existsNoRetry == 1` for object "parlor-dsc01-state" StaticText`
    t =   234.24s         Checking existence of `"parlor-dsc01-state" StaticText`
    t =   234.27s Find the "parlor-dsc01-state" StaticText
    t =   234.29s Tap "parlor-dsc01-observe" Button
    t =   234.29s     Wait for com.parlor.app.debug to idle
    t =   234.29s     Find the "parlor-dsc01-observe" Button
    t =   234.31s     Check for interrupting elements affecting "parlor-dsc01-observe" Button
    t =   234.34s     Synthesize event
    t =   234.65s     Wait for com.parlor.app.debug to idle
    t =   235.68s Find the "parlor-dsc01-state" StaticText
    t =   235.70s Waiting 10.0s for "parlor-dsc01-state" StaticText to exist
    t =   236.71s     Checking `Expect predicate `existsNoRetry == 1` for object "parlor-dsc01-state" StaticText`
    t =   236.71s         Checking existence of `"parlor-dsc01-state" StaticText`
    t =   236.73s Find the "parlor-dsc01-state" StaticText
    t =   236.76s Waiting 10.0s for "parlor-dsc01-state" StaticText to exist
    t =   237.78s     Checking `Expect predicate `existsNoRetry == 1` for object "parlor-dsc01-state" StaticText`
    t =   237.78s         Checking existence of `"parlor-dsc01-state" StaticText`
    t =   237.82s Find the "parlor-dsc01-state" StaticText
    t =   237.84s Tap "parlor-dsc01-observe" Button
    t =   237.84s     Wait for com.parlor.app.debug to idle
    t =   237.85s     Find the "parlor-dsc01-observe" Button
    t =   237.87s     Check for interrupting elements affecting "parlor-dsc01-observe" Button
    t =   237.89s     Synthesize event
    t =   238.18s     Wait for com.parlor.app.debug to idle
    t =   239.22s Find the "parlor-dsc01-state" StaticText
    t =   239.24s Waiting 10.0s for "parlor-dsc01-state" StaticText to exist
    t =   240.24s     Checking `Expect predicate `existsNoRetry == 1` for object "parlor-dsc01-state" StaticText`
    t =   240.24s         Checking existence of `"parlor-dsc01-state" StaticText`
    t =   240.28s Find the "parlor-dsc01-state" StaticText
    t =   240.31s Waiting 10.0s for "parlor-native-readiness-run" Button to exist
    t =   241.35s     Checking `Expect predicate `existsNoRetry == 1` for object "parlor-native-readiness-run" Button`
    t =   241.35s         Checking existence of `"parlor-native-readiness-run" Button`
    t =   241.38s Find the "parlor-native-readiness-run" Button
    t =   241.40s Find the "parlor-native-readiness-run" Button
    t =   241.45s Tap "parlor-native-readiness-run" Button
    t =   241.45s     Wait for com.parlor.app.debug to idle
    t =   241.45s     Find the "parlor-native-readiness-run" Button
    t =   241.48s     Check for interrupting elements affecting "parlor-native-readiness-run" Button
    t =   241.51s     Synthesize event
    t =   241.82s     Wait for com.parlor.app.debug to idle
    t =   241.93s Waiting 10.0s for "parlor-native-readiness-state" StaticText to exist
    t =   242.95s     Checking `Expect predicate `existsNoRetry == 1` for object "parlor-native-readiness-state" StaticText`
    t =   242.95s         Checking existence of `"parlor-native-readiness-state" StaticText`
    t =   244.01s Find the "parlor-native-readiness-state" StaticText
    t =   244.03s Find the "parlor-native-readiness-state" StaticText
    t =   244.04s Checking existence of `Alert (First Match)`
    t =   244.08s Waiting 10.0s for "parlor-dsc01-state" StaticText to exist
    t =   245.11s     Checking `Expect predicate `existsNoRetry == 1` for object "parlor-dsc01-state" StaticText`
    t =   245.11s         Checking existence of `"parlor-dsc01-state" StaticText`
    t =   245.13s Find the "parlor-dsc01-state" StaticText
    t =   245.15s Tap "parlor-dsc01-observe" Button
    t =   245.15s     Wait for com.parlor.app.debug to idle
    t =   245.15s     Find the "parlor-dsc01-observe" Button
    t =   245.17s     Check for interrupting elements affecting "parlor-dsc01-observe" Button
    t =   245.20s     Synthesize event
    t =   245.50s     Wait for com.parlor.app.debug to idle
    t =   246.51s Find the "parlor-dsc01-state" StaticText
    t =   246.54s Waiting 10.0s for "parlor-dsc01-state" StaticText to exist
    t =   247.58s     Checking `Expect predicate `existsNoRetry == 1` for object "parlor-dsc01-state" StaticText`
    t =   247.58s         Checking existence of `"parlor-dsc01-state" StaticText`
    t =   247.60s Find the "parlor-dsc01-state" StaticText
    t =   249.64s Checking existence of `Alert (First Match)`
    t =   249.71s Waiting 10.0s for "parlor-dsc01-state" StaticText to exist
    t =   250.71s     Checking `Expect predicate `existsNoRetry == 1` for object "parlor-dsc01-state" StaticText`
    t =   250.71s         Checking existence of `"parlor-dsc01-state" StaticText`
    t =   250.74s Find the "parlor-dsc01-state" StaticText
    t =   250.76s Tap "parlor-dsc01-observe" Button
    t =   250.76s     Wait for com.parlor.app.debug to idle
    t =   250.76s     Find the "parlor-dsc01-observe" Button
    t =   250.79s     Check for interrupting elements affecting "parlor-dsc01-observe" Button
    t =   250.83s     Synthesize event
    t =   251.13s     Wait for com.parlor.app.debug to idle
    t =   252.18s Find the "parlor-dsc01-state" StaticText
    t =   252.20s Waiting 10.0s for "parlor-dsc01-state" StaticText to exist
    t =   253.24s     Checking `Expect predicate `existsNoRetry == 1` for object "parlor-dsc01-state" StaticText`
    t =   253.25s         Checking existence of `"parlor-dsc01-state" StaticText`
    t =   253.27s Find the "parlor-dsc01-state" StaticText
    t =   255.31s Checking existence of `Alert (First Match)`
    t =   255.39s Waiting 10.0s for "parlor-dsc01-state" StaticText to exist
    t =   256.39s     Checking `Expect predicate `existsNoRetry == 1` for object "parlor-dsc01-state" StaticText`
    t =   256.39s         Checking existence of `"parlor-dsc01-state" StaticText`
    t =   256.42s Find the "parlor-dsc01-state" StaticText
    t =   256.45s Tap "parlor-dsc01-observe" Button
    t =   256.45s     Wait for com.parlor.app.debug to idle
    t =   256.45s     Find the "parlor-dsc01-observe" Button
    t =   256.48s     Check for interrupting elements affecting "parlor-dsc01-observe" Button
    t =   256.51s     Synthesize event
    t =   256.80s     Wait for com.parlor.app.debug to idle
    t =   257.84s Find the "parlor-dsc01-state" StaticText
    t =   257.86s Waiting 10.0s for "parlor-dsc01-state" StaticText to exist
    t =   258.93s     Checking `Expect predicate `existsNoRetry == 1` for object "parlor-dsc01-state" StaticText`
    t =   258.93s         Checking existence of `"parlor-dsc01-state" StaticText`
    t =   258.95s Find the "parlor-dsc01-state" StaticText
    t =   260.98s Checking existence of `Alert (First Match)`
    t =   261.06s Waiting 10.0s for "parlor-dsc01-state" StaticText to exist
    t =   262.11s     Checking `Expect predicate `existsNoRetry == 1` for object "parlor-dsc01-state" StaticText`
    t =   262.11s         Checking existence of `"parlor-dsc01-state" StaticText`
    t =   262.14s Find the "parlor-dsc01-state" StaticText
    t =   262.16s Tap "parlor-dsc01-observe" Button
    t =   262.16s     Wait for com.parlor.app.debug to idle
    t =   262.16s     Find the "parlor-dsc01-observe" Button
    t =   262.18s     Check for interrupting elements affecting "parlor-dsc01-observe" Button
    t =   262.22s     Synthesize event
    t =   262.51s     Wait for com.parlor.app.debug to idle
    t =   263.55s Find the "parlor-dsc01-state" StaticText
    t =   263.58s Waiting 10.0s for "parlor-dsc01-state" StaticText to exist
    t =   264.60s     Checking `Expect predicate `existsNoRetry == 1` for object "parlor-dsc01-state" StaticText`
    t =   264.60s         Checking existence of `"parlor-dsc01-state" StaticText`
    t =   264.62s Find the "parlor-dsc01-state" StaticText
    t =   266.73s Checking existence of `Alert (First Match)`
    t =   266.83s Waiting 10.0s for "parlor-dsc01-state" StaticText to exist
    t =   267.85s     Checking `Expect predicate `existsNoRetry == 1` for object "parlor-dsc01-state" StaticText`
    t =   267.85s         Checking existence of `"parlor-dsc01-state" StaticText`
    t =   267.88s Find the "parlor-dsc01-state" StaticText
    t =   267.90s Tap "parlor-dsc01-observe" Button
    t =   267.90s     Wait for com.parlor.app.debug to idle
    t =   267.90s     Find the "parlor-dsc01-observe" Button
    t =   267.93s     Check for interrupting elements affecting "parlor-dsc01-observe" Button
    t =   267.97s     Synthesize event
    t =   268.27s     Wait for com.parlor.app.debug to idle
    t =   269.34s Find the "parlor-dsc01-state" StaticText
    t =   269.38s Waiting 10.0s for "parlor-dsc01-state" StaticText to exist
    t =   270.43s     Checking `Expect predicate `existsNoRetry == 1` for object "parlor-dsc01-state" StaticText`
    t =   270.43s         Checking existence of `"parlor-dsc01-state" StaticText`
    t =   270.47s Find the "parlor-dsc01-state" StaticText
    t =   272.59s Checking existence of `Alert (First Match)`
    t =   272.72s Waiting 10.0s for "parlor-dsc01-state" StaticText to exist
    t =   273.77s     Checking `Expect predicate `existsNoRetry == 1` for object "parlor-dsc01-state" StaticText`
    t =   273.77s         Checking existence of `"parlor-dsc01-state" StaticText`
    t =   273.80s Find the "parlor-dsc01-state" StaticText
    t =   273.82s Tap "parlor-dsc01-observe" Button
    t =   273.82s     Wait for com.parlor.app.debug to idle
    t =   273.82s     Find the "parlor-dsc01-observe" Button
    t =   273.87s     Check for interrupting elements affecting "parlor-dsc01-observe" Button
    t =   273.93s     Synthesize event
    t =   274.24s     Wait for com.parlor.app.debug to idle
    t =   275.28s Find the "parlor-dsc01-state" StaticText
    t =   275.32s Waiting 10.0s for "parlor-dsc01-state" StaticText to exist
    t =   276.34s     Checking `Expect predicate `existsNoRetry == 1` for object "parlor-dsc01-state" StaticText`
    t =   276.34s         Checking existence of `"parlor-dsc01-state" StaticText`
    t =   276.36s Find the "parlor-dsc01-state" StaticText
PARLOR_NATIVE_COLD_LAUNCH {"app_foreground":true,"boot_ordinal":3,"loaded_app_images":["Parlor","Parlor.debug.dylib"],"loaded_compose_framework":{"file_bytes":84032296,"file_sha256":"4439f0e73d144b8e180bd2334e83f80e76353b8c866eeaea80ab2846dbd6233a","image_uuid":"26cc7bca-2ebe-3e70-b528-a840146077c5","origin":"owned-copy-build","path":"xcode-frameworks\/Debug\/iphonesimulator26.2\/ComposeApp.framework\/ComposeApp"},"native_alert_present":false,"probe_activations":1,"process_boot":"F2E618EC-0432-49FC-88CF-BFFCC3C5527C","run_token":"217002BD-D169-40FC-8138-AB4831656E8D","samples":[{"elapsed_milliseconds":3578,"observation_sequence":22,"ordinal":1},{"elapsed_milliseconds":9250,"observation_sequence":23,"ordinal":2},{"elapsed_milliseconds":14922,"observation_sequence":24,"ordinal":3},{"elapsed_milliseconds":20590,"observation_sequence":25,"ordinal":4},{"elapsed_milliseconds":26459,"observation_sequence":26,"ordinal":5},{"elapsed_milliseconds":32364,"observation_sequence":27,"ordinal":6}],"schema_version":2,"signing_mode":"adhoc"}
    t =   276.41s Terminate com.parlor.app.debug:8561
    t =   277.41s Wait for com.parlor.app.debug to become Not Running
    t =   277.41s Open com.parlor.app.debug
    t =   277.41s     Launch com.parlor.app.debug
    t =   278.11s         Setting up automation session
    t =   279.87s         Wait for com.parlor.app.debug to idle
    t =   281.61s Wait for com.parlor.app.debug to become Running Foreground
    t =   281.61s Waiting 30.0s for "parlor-home-brand" StaticText to exist
    t =   282.64s     Checking `Expect predicate `existsNoRetry == 1` for object "parlor-home-brand" StaticText`
    t =   282.64s         Checking existence of `"parlor-home-brand" StaticText`
    t =   282.74s Waiting 10.0s for "parlor-dsc01-observe" Button to exist
    t =   283.78s     Checking `Expect predicate `existsNoRetry == 1` for object "parlor-dsc01-observe" Button`
    t =   283.78s         Checking existence of `"parlor-dsc01-observe" Button`
    t =   283.81s Checking existence of `Alert (First Match)`
    t =   283.93s Waiting 10.0s for "parlor-dsc01-state" StaticText to exist
    t =   284.98s     Checking `Expect predicate `existsNoRetry == 1` for object "parlor-dsc01-state" StaticText`
    t =   284.98s         Checking existence of `"parlor-dsc01-state" StaticText`
    t =   285.01s Find the "parlor-dsc01-state" StaticText
    t =   285.06s Tap "parlor-dsc01-observe" Button
    t =   285.06s     Wait for com.parlor.app.debug to idle
    t =   285.06s     Find the "parlor-dsc01-observe" Button
    t =   285.10s     Check for interrupting elements affecting "parlor-dsc01-observe" Button
    t =   285.14s     Synthesize event
    t =   285.45s     Wait for com.parlor.app.debug to idle
    t =   286.50s Find the "parlor-dsc01-state" StaticText
    t =   286.53s Waiting 10.0s for "parlor-dsc01-state" StaticText to exist
    t =   287.56s     Checking `Expect predicate `existsNoRetry == 1` for object "parlor-dsc01-state" StaticText`
    t =   287.56s         Checking existence of `"parlor-dsc01-state" StaticText`
    t =   287.58s Find the "parlor-dsc01-state" StaticText
    t =   287.62s Waiting 10.0s for "parlor-dsc01-state" StaticText to exist
    t =   288.68s     Checking `Expect predicate `existsNoRetry == 1` for object "parlor-dsc01-state" StaticText`
    t =   288.68s         Checking existence of `"parlor-dsc01-state" StaticText`
    t =   288.73s Find the "parlor-dsc01-state" StaticText
    t =   288.78s Tap "parlor-dsc01-observe" Button
    t =   288.78s     Wait for com.parlor.app.debug to idle
    t =   288.78s     Find the "parlor-dsc01-observe" Button
    t =   288.83s     Check for interrupting elements affecting "parlor-dsc01-observe" Button
    t =   288.89s     Synthesize event
    t =   289.20s     Wait for com.parlor.app.debug to idle
    t =   290.23s Find the "parlor-dsc01-state" StaticText
    t =   290.29s Waiting 10.0s for "parlor-dsc01-state" StaticText to exist
    t =   291.33s     Checking `Expect predicate `existsNoRetry == 1` for object "parlor-dsc01-state" StaticText`
    t =   291.33s         Checking existence of `"parlor-dsc01-state" StaticText`
    t =   291.35s Find the "parlor-dsc01-state" StaticText
    t =   291.39s Waiting 10.0s for "parlor-native-readiness-run" Button to exist
    t =   292.44s     Checking `Expect predicate `existsNoRetry == 1` for object "parlor-native-readiness-run" Button`
    t =   292.44s         Checking existence of `"parlor-native-readiness-run" Button`
    t =   292.48s Find the "parlor-native-readiness-run" Button
    t =   292.50s Find the "parlor-native-readiness-run" Button
    t =   292.54s Tap "parlor-native-readiness-run" Button
    t =   292.54s     Wait for com.parlor.app.debug to idle
    t =   292.54s     Find the "parlor-native-readiness-run" Button
    t =   292.58s     Check for interrupting elements affecting "parlor-native-readiness-run" Button
    t =   292.61s     Synthesize event
    t =   292.92s     Wait for com.parlor.app.debug to idle
    t =   293.07s Waiting 10.0s for "parlor-native-readiness-state" StaticText to exist
    t =   294.09s     Checking `Expect predicate `existsNoRetry == 1` for object "parlor-native-readiness-state" StaticText`
    t =   294.09s         Checking existence of `"parlor-native-readiness-state" StaticText`
    t =   295.14s Find the "parlor-native-readiness-state" StaticText
    t =   295.17s Find the "parlor-native-readiness-state" StaticText
    t =   295.20s Checking existence of `Alert (First Match)`
    t =   295.26s Waiting 10.0s for "parlor-dsc01-state" StaticText to exist
    t =   296.29s     Checking `Expect predicate `existsNoRetry == 1` for object "parlor-dsc01-state" StaticText`
    t =   296.29s         Checking existence of `"parlor-dsc01-state" StaticText`
    t =   296.32s Find the "parlor-dsc01-state" StaticText
    t =   296.34s Tap "parlor-dsc01-observe" Button
    t =   296.34s     Wait for com.parlor.app.debug to idle
    t =   296.34s     Find the "parlor-dsc01-observe" Button
    t =   296.38s     Check for interrupting elements affecting "parlor-dsc01-observe" Button
    t =   296.43s     Synthesize event
    t =   296.73s     Wait for com.parlor.app.debug to idle
    t =   297.74s Find the "parlor-dsc01-state" StaticText
    t =   297.77s Waiting 10.0s for "parlor-dsc01-state" StaticText to exist
    t =   298.78s     Checking `Expect predicate `existsNoRetry == 1` for object "parlor-dsc01-state" StaticText`
    t =   298.78s         Checking existence of `"parlor-dsc01-state" StaticText`
    t =   298.79s Find the "parlor-dsc01-state" StaticText
    t =   300.84s Checking existence of `Alert (First Match)`
    t =   301.06s Waiting 10.0s for "parlor-dsc01-state" StaticText to exist
    t =   302.09s     Checking `Expect predicate `existsNoRetry == 1` for object "parlor-dsc01-state" StaticText`
    t =   302.09s         Checking existence of `"parlor-dsc01-state" StaticText`
    t =   302.11s Find the "parlor-dsc01-state" StaticText
    t =   302.15s Tap "parlor-dsc01-observe" Button
    t =   302.15s     Wait for com.parlor.app.debug to idle
    t =   302.15s     Find the "parlor-dsc01-observe" Button
    t =   302.19s     Check for interrupting elements affecting "parlor-dsc01-observe" Button
    t =   302.21s     Synthesize event
    t =   302.51s     Wait for com.parlor.app.debug to idle
    t =   303.57s Find the "parlor-dsc01-state" StaticText
    t =   303.59s Waiting 10.0s for "parlor-dsc01-state" StaticText to exist
    t =   304.61s     Checking `Expect predicate `existsNoRetry == 1` for object "parlor-dsc01-state" StaticText`
    t =   304.61s         Checking existence of `"parlor-dsc01-state" StaticText`
    t =   304.63s Find the "parlor-dsc01-state" StaticText
    t =   306.68s Checking existence of `Alert (First Match)`
    t =   306.74s Waiting 10.0s for "parlor-dsc01-state" StaticText to exist
    t =   307.80s     Checking `Expect predicate `existsNoRetry == 1` for object "parlor-dsc01-state" StaticText`
    t =   307.80s         Checking existence of `"parlor-dsc01-state" StaticText`
    t =   307.82s Find the "parlor-dsc01-state" StaticText
    t =   307.84s Tap "parlor-dsc01-observe" Button
    t =   307.84s     Wait for com.parlor.app.debug to idle
    t =   307.84s     Find the "parlor-dsc01-observe" Button
    t =   307.86s     Check for interrupting elements affecting "parlor-dsc01-observe" Button
    t =   307.89s     Synthesize event
    t =   308.19s     Wait for com.parlor.app.debug to idle
    t =   309.25s Find the "parlor-dsc01-state" StaticText
    t =   309.29s Waiting 10.0s for "parlor-dsc01-state" StaticText to exist
    t =   310.31s     Checking `Expect predicate `existsNoRetry == 1` for object "parlor-dsc01-state" StaticText`
    t =   310.31s         Checking existence of `"parlor-dsc01-state" StaticText`
    t =   310.38s Find the "parlor-dsc01-state" StaticText
    t =   312.44s Checking existence of `Alert (First Match)`
    t =   312.51s Waiting 10.0s for "parlor-dsc01-state" StaticText to exist
    t =   313.58s     Checking `Expect predicate `existsNoRetry == 1` for object "parlor-dsc01-state" StaticText`
    t =   313.58s         Checking existence of `"parlor-dsc01-state" StaticText`
    t =   313.60s Find the "parlor-dsc01-state" StaticText
    t =   313.62s Tap "parlor-dsc01-observe" Button
    t =   313.62s     Wait for com.parlor.app.debug to idle
    t =   313.62s     Find the "parlor-dsc01-observe" Button
    t =   313.64s     Check for interrupting elements affecting "parlor-dsc01-observe" Button
    t =   313.67s     Synthesize event
    t =   313.96s     Wait for com.parlor.app.debug to idle
    t =   314.99s Find the "parlor-dsc01-state" StaticText
    t =   315.03s Waiting 10.0s for "parlor-dsc01-state" StaticText to exist
    t =   316.05s     Checking `Expect predicate `existsNoRetry == 1` for object "parlor-dsc01-state" StaticText`
    t =   316.05s         Checking existence of `"parlor-dsc01-state" StaticText`
    t =   316.07s Find the "parlor-dsc01-state" StaticText
    t =   318.18s Checking existence of `Alert (First Match)`
    t =   318.22s Waiting 10.0s for "parlor-dsc01-state" StaticText to exist
    t =   319.25s     Checking `Expect predicate `existsNoRetry == 1` for object "parlor-dsc01-state" StaticText`
    t =   319.25s         Checking existence of `"parlor-dsc01-state" StaticText`
    t =   319.27s Find the "parlor-dsc01-state" StaticText
    t =   319.29s Tap "parlor-dsc01-observe" Button
    t =   319.29s     Wait for com.parlor.app.debug to idle
    t =   319.29s     Find the "parlor-dsc01-observe" Button
    t =   319.31s     Check for interrupting elements affecting "parlor-dsc01-observe" Button
    t =   319.33s     Synthesize event
    t =   319.63s     Wait for com.parlor.app.debug to idle
    t =   320.65s Find the "parlor-dsc01-state" StaticText
    t =   320.68s Waiting 10.0s for "parlor-dsc01-state" StaticText to exist
    t =   321.71s     Checking `Expect predicate `existsNoRetry == 1` for object "parlor-dsc01-state" StaticText`
    t =   321.71s         Checking existence of `"parlor-dsc01-state" StaticText`
    t =   321.74s Find the "parlor-dsc01-state" StaticText
    t =   323.76s Checking existence of `Alert (First Match)`
    t =   323.83s Waiting 10.0s for "parlor-dsc01-state" StaticText to exist
    t =   324.85s     Checking `Expect predicate `existsNoRetry == 1` for object "parlor-dsc01-state" StaticText`
    t =   324.85s         Checking existence of `"parlor-dsc01-state" StaticText`
    t =   324.88s Find the "parlor-dsc01-state" StaticText
    t =   324.91s Tap "parlor-dsc01-observe" Button
    t =   324.91s     Wait for com.parlor.app.debug to idle
    t =   324.91s     Find the "parlor-dsc01-observe" Button
    t =   324.94s     Check for interrupting elements affecting "parlor-dsc01-observe" Button
    t =   324.97s     Synthesize event
    t =   325.28s     Wait for com.parlor.app.debug to idle
    t =   326.31s Find the "parlor-dsc01-state" StaticText
    t =   326.34s Waiting 10.0s for "parlor-dsc01-state" StaticText to exist
    t =   327.38s     Checking `Expect predicate `existsNoRetry == 1` for object "parlor-dsc01-state" StaticText`
    t =   327.38s         Checking existence of `"parlor-dsc01-state" StaticText`
    t =   327.41s Find the "parlor-dsc01-state" StaticText
PARLOR_NATIVE_COLD_LAUNCH {"app_foreground":true,"boot_ordinal":4,"loaded_app_images":["Parlor","Parlor.debug.dylib"],"loaded_compose_framework":{"file_bytes":84032296,"file_sha256":"4439f0e73d144b8e180bd2334e83f80e76353b8c866eeaea80ab2846dbd6233a","image_uuid":"26cc7bca-2ebe-3e70-b528-a840146077c5","origin":"owned-copy-build","path":"xcode-frameworks\/Debug\/iphonesimulator26.2\/ComposeApp.framework\/ComposeApp"},"native_alert_present":false,"probe_activations":1,"process_boot":"C54FE82E-464F-4E68-8A90-F41579A43E2E","run_token":"217002BD-D169-40FC-8138-AB4831656E8D","samples":[{"elapsed_milliseconds":3621,"observation_sequence":31,"ordinal":1},{"elapsed_milliseconds":9470,"observation_sequence":32,"ordinal":2},{"elapsed_milliseconds":15203,"observation_sequence":33,"ordinal":3},{"elapsed_milliseconds":20892,"observation_sequence":34,"ordinal":4},{"elapsed_milliseconds":26561,"observation_sequence":35,"ordinal":5},{"elapsed_milliseconds":32239,"observation_sequence":36,"ordinal":6}],"schema_version":2,"signing_mode":"adhoc"}
    t =   327.44s Terminate com.parlor.app.debug:11991
    t =   328.44s Wait for com.parlor.app.debug to become Not Running
    t =   328.44s Open com.parlor.app.debug
    t =   328.44s     Launch com.parlor.app.debug
    t =   328.91s         Setting up automation session
    t =   330.46s         Wait for com.parlor.app.debug to idle
    t =   332.08s Wait for com.parlor.app.debug to become Running Foreground
    t =   332.08s Waiting 30.0s for "parlor-home-brand" StaticText to exist
    t =   333.11s     Checking `Expect predicate `existsNoRetry == 1` for object "parlor-home-brand" StaticText`
    t =   333.11s         Checking existence of `"parlor-home-brand" StaticText`
    t =   333.19s Waiting 10.0s for "parlor-dsc01-observe" Button to exist
    t =   334.24s     Checking `Expect predicate `existsNoRetry == 1` for object "parlor-dsc01-observe" Button`
    t =   334.24s         Checking existence of `"parlor-dsc01-observe" Button`
    t =   334.27s Checking existence of `Alert (First Match)`
    t =   334.31s Waiting 10.0s for "parlor-dsc01-state" StaticText to exist
    t =   335.34s     Checking `Expect predicate `existsNoRetry == 1` for object "parlor-dsc01-state" StaticText`
    t =   335.34s         Checking existence of `"parlor-dsc01-state" StaticText`
    t =   335.36s Find the "parlor-dsc01-state" StaticText
    t =   335.38s Tap "parlor-dsc01-observe" Button
    t =   335.38s     Wait for com.parlor.app.debug to idle
    t =   335.38s     Find the "parlor-dsc01-observe" Button
    t =   335.40s     Check for interrupting elements affecting "parlor-dsc01-observe" Button
    t =   335.43s     Synthesize event
    t =   335.73s     Wait for com.parlor.app.debug to idle
    t =   336.78s Find the "parlor-dsc01-state" StaticText
    t =   336.82s Waiting 10.0s for "parlor-dsc01-state" StaticText to exist
    t =   337.85s     Checking `Expect predicate `existsNoRetry == 1` for object "parlor-dsc01-state" StaticText`
    t =   337.85s         Checking existence of `"parlor-dsc01-state" StaticText`
    t =   337.87s Find the "parlor-dsc01-state" StaticText
    t =   337.90s Waiting 10.0s for "parlor-dsc01-state" StaticText to exist
    t =   338.91s     Checking `Expect predicate `existsNoRetry == 1` for object "parlor-dsc01-state" StaticText`
    t =   338.91s         Checking existence of `"parlor-dsc01-state" StaticText`
    t =   338.93s Find the "parlor-dsc01-state" StaticText
    t =   338.95s Tap "parlor-dsc01-observe" Button
    t =   338.95s     Wait for com.parlor.app.debug to idle
    t =   338.95s     Find the "parlor-dsc01-observe" Button
    t =   338.99s     Check for interrupting elements affecting "parlor-dsc01-observe" Button
    t =   339.02s     Synthesize event
    t =   339.31s     Wait for com.parlor.app.debug to idle
    t =   340.33s Find the "parlor-dsc01-state" StaticText
    t =   340.35s Waiting 10.0s for "parlor-dsc01-state" StaticText to exist
    t =   341.38s     Checking `Expect predicate `existsNoRetry == 1` for object "parlor-dsc01-state" StaticText`
    t =   341.38s         Checking existence of `"parlor-dsc01-state" StaticText`
    t =   341.40s Find the "parlor-dsc01-state" StaticText
    t =   341.42s Waiting 10.0s for "parlor-native-readiness-run" Button to exist
    t =   342.45s     Checking `Expect predicate `existsNoRetry == 1` for object "parlor-native-readiness-run" Button`
    t =   342.45s         Checking existence of `"parlor-native-readiness-run" Button`
    t =   342.46s Find the "parlor-native-readiness-run" Button
    t =   342.49s Find the "parlor-native-readiness-run" Button
    t =   342.53s Tap "parlor-native-readiness-run" Button
    t =   342.53s     Wait for com.parlor.app.debug to idle
    t =   342.53s     Find the "parlor-native-readiness-run" Button
    t =   342.56s     Check for interrupting elements affecting "parlor-native-readiness-run" Button
    t =   342.59s     Synthesize event
    t =   342.88s     Wait for com.parlor.app.debug to idle
    t =   342.89s Waiting 10.0s for "parlor-native-readiness-state" StaticText to exist
    t =   343.93s     Checking `Expect predicate `existsNoRetry == 1` for object "parlor-native-readiness-state" StaticText`
    t =   343.93s         Checking existence of `"parlor-native-readiness-state" StaticText`
    t =   345.01s Find the "parlor-native-readiness-state" StaticText
    t =   345.03s Find the "parlor-native-readiness-state" StaticText
    t =   345.05s Checking existence of `Alert (First Match)`
    t =   345.10s Waiting 10.0s for "parlor-dsc01-state" StaticText to exist
    t =   346.11s     Checking `Expect predicate `existsNoRetry == 1` for object "parlor-dsc01-state" StaticText`
    t =   346.11s         Checking existence of `"parlor-dsc01-state" StaticText`
    t =   346.14s Find the "parlor-dsc01-state" StaticText
    t =   346.16s Tap "parlor-dsc01-observe" Button
    t =   346.16s     Wait for com.parlor.app.debug to idle
    t =   346.16s     Find the "parlor-dsc01-observe" Button
    t =   346.18s     Check for interrupting elements affecting "parlor-dsc01-observe" Button
    t =   346.20s     Synthesize event
    t =   346.50s     Wait for com.parlor.app.debug to idle
    t =   347.52s Find the "parlor-dsc01-state" StaticText
    t =   347.56s Waiting 10.0s for "parlor-dsc01-state" StaticText to exist
    t =   348.58s     Checking `Expect predicate `existsNoRetry == 1` for object "parlor-dsc01-state" StaticText`
    t =   348.58s         Checking existence of `"parlor-dsc01-state" StaticText`
    t =   348.60s Find the "parlor-dsc01-state" StaticText
    t =   350.71s Checking existence of `Alert (First Match)`
    t =   350.76s Waiting 10.0s for "parlor-dsc01-state" StaticText to exist
    t =   351.80s     Checking `Expect predicate `existsNoRetry == 1` for object "parlor-dsc01-state" StaticText`
    t =   351.80s         Checking existence of `"parlor-dsc01-state" StaticText`
    t =   351.81s Find the "parlor-dsc01-state" StaticText
    t =   351.84s Tap "parlor-dsc01-observe" Button
    t =   351.84s     Wait for com.parlor.app.debug to idle
    t =   351.84s     Find the "parlor-dsc01-observe" Button
    t =   351.86s     Check for interrupting elements affecting "parlor-dsc01-observe" Button
    t =   351.88s     Synthesize event
    t =   352.18s     Wait for com.parlor.app.debug to idle
    t =   353.20s Find the "parlor-dsc01-state" StaticText
    t =   353.22s Waiting 10.0s for "parlor-dsc01-state" StaticText to exist
    t =   354.24s     Checking `Expect predicate `existsNoRetry == 1` for object "parlor-dsc01-state" StaticText`
    t =   354.24s         Checking existence of `"parlor-dsc01-state" StaticText`
    t =   354.26s Find the "parlor-dsc01-state" StaticText
    t =   356.28s Checking existence of `Alert (First Match)`
    t =   356.33s Waiting 10.0s for "parlor-dsc01-state" StaticText to exist
    t =   357.35s     Checking `Expect predicate `existsNoRetry == 1` for object "parlor-dsc01-state" StaticText`
    t =   357.35s         Checking existence of `"parlor-dsc01-state" StaticText`
    t =   357.36s Find the "parlor-dsc01-state" StaticText
    t =   357.38s Tap "parlor-dsc01-observe" Button
    t =   357.38s     Wait for com.parlor.app.debug to idle
    t =   357.39s     Find the "parlor-dsc01-observe" Button
    t =   357.41s     Check for interrupting elements affecting "parlor-dsc01-observe" Button
    t =   357.43s     Synthesize event
    t =   357.71s     Wait for com.parlor.app.debug to idle
    t =   358.75s Find the "parlor-dsc01-state" StaticText
    t =   358.76s Waiting 10.0s for "parlor-dsc01-state" StaticText to exist
    t =   359.78s     Checking `Expect predicate `existsNoRetry == 1` for object "parlor-dsc01-state" StaticText`
    t =   359.78s         Checking existence of `"parlor-dsc01-state" StaticText`
    t =   359.79s Find the "parlor-dsc01-state" StaticText
    t =   361.81s Checking existence of `Alert (First Match)`
    t =   361.85s Waiting 10.0s for "parlor-dsc01-state" StaticText to exist
    t =   362.91s     Checking `Expect predicate `existsNoRetry == 1` for object "parlor-dsc01-state" StaticText`
    t =   362.91s         Checking existence of `"parlor-dsc01-state" StaticText`
    t =   362.93s Find the "parlor-dsc01-state" StaticText
    t =   362.95s Tap "parlor-dsc01-observe" Button
    t =   362.95s     Wait for com.parlor.app.debug to idle
    t =   362.95s     Find the "parlor-dsc01-observe" Button
    t =   362.97s     Check for interrupting elements affecting "parlor-dsc01-observe" Button
    t =   362.98s     Synthesize event
    t =   363.28s     Wait for com.parlor.app.debug to idle
    t =   364.33s Find the "parlor-dsc01-state" StaticText
    t =   364.35s Waiting 10.0s for "parlor-dsc01-state" StaticText to exist
    t =   365.38s     Checking `Expect predicate `existsNoRetry == 1` for object "parlor-dsc01-state" StaticText`
    t =   365.38s         Checking existence of `"parlor-dsc01-state" StaticText`
    t =   365.40s Find the "parlor-dsc01-state" StaticText
    t =   367.51s Checking existence of `Alert (First Match)`
    t =   367.56s Waiting 10.0s for "parlor-dsc01-state" StaticText to exist
    t =   368.58s     Checking `Expect predicate `existsNoRetry == 1` for object "parlor-dsc01-state" StaticText`
    t =   368.58s         Checking existence of `"parlor-dsc01-state" StaticText`
    t =   368.62s Find the "parlor-dsc01-state" StaticText
    t =   368.69s Tap "parlor-dsc01-observe" Button
    t =   368.69s     Wait for com.parlor.app.debug to idle
    t =   368.69s     Find the "parlor-dsc01-observe" Button
    t =   368.72s     Check for interrupting elements affecting "parlor-dsc01-observe" Button
    t =   368.76s     Synthesize event
    t =   369.06s     Wait for com.parlor.app.debug to idle
    t =   370.08s Find the "parlor-dsc01-state" StaticText
    t =   370.11s Waiting 10.0s for "parlor-dsc01-state" StaticText to exist
    t =   371.11s     Checking `Expect predicate `existsNoRetry == 1` for object "parlor-dsc01-state" StaticText`
    t =   371.11s         Checking existence of `"parlor-dsc01-state" StaticText`
    t =   371.15s Find the "parlor-dsc01-state" StaticText
    t =   373.26s Checking existence of `Alert (First Match)`
    t =   373.32s Waiting 10.0s for "parlor-dsc01-state" StaticText to exist
    t =   374.38s     Checking `Expect predicate `existsNoRetry == 1` for object "parlor-dsc01-state" StaticText`
    t =   374.38s         Checking existence of `"parlor-dsc01-state" StaticText`
    t =   374.39s Find the "parlor-dsc01-state" StaticText
    t =   374.41s Tap "parlor-dsc01-observe" Button
    t =   374.41s     Wait for com.parlor.app.debug to idle
    t =   374.41s     Find the "parlor-dsc01-observe" Button
    t =   374.43s     Check for interrupting elements affecting "parlor-dsc01-observe" Button
    t =   374.46s     Synthesize event
    t =   374.75s     Wait for com.parlor.app.debug to idle
    t =   375.78s Find the "parlor-dsc01-state" StaticText
    t =   375.81s Waiting 10.0s for "parlor-dsc01-state" StaticText to exist
    t =   376.84s     Checking `Expect predicate `existsNoRetry == 1` for object "parlor-dsc01-state" StaticText`
    t =   376.84s         Checking existence of `"parlor-dsc01-state" StaticText`
    t =   376.86s Find the "parlor-dsc01-state" StaticText
PARLOR_NATIVE_COLD_LAUNCH {"app_foreground":true,"boot_ordinal":5,"loaded_app_images":["Parlor","Parlor.debug.dylib"],"loaded_compose_framework":{"file_bytes":84032296,"file_sha256":"4439f0e73d144b8e180bd2334e83f80e76353b8c866eeaea80ab2846dbd6233a","image_uuid":"26cc7bca-2ebe-3e70-b528-a840146077c5","origin":"owned-copy-build","path":"xcode-frameworks\/Debug\/iphonesimulator26.2\/ComposeApp.framework\/ComposeApp"},"native_alert_present":false,"probe_activations":1,"process_boot":"D83E02B6-9B36-4AD0-851E-E14A5EE69DC0","run_token":"217002BD-D169-40FC-8138-AB4831656E8D","samples":[{"elapsed_milliseconds":3588,"observation_sequence":40,"ordinal":1},{"elapsed_milliseconds":9226,"observation_sequence":41,"ordinal":2},{"elapsed_milliseconds":14757,"observation_sequence":42,"ordinal":3},{"elapsed_milliseconds":20367,"observation_sequence":43,"ordinal":4},{"elapsed_milliseconds":26139,"observation_sequence":44,"ordinal":5},{"elapsed_milliseconds":31839,"observation_sequence":45,"ordinal":6}],"schema_version":2,"signing_mode":"adhoc"}
    t =   376.89s Terminate com.parlor.app.debug:15299
    t =   377.98s Wait for com.parlor.app.debug to become Not Running
    t =   377.98s Open com.parlor.app.debug
    t =   377.98s     Launch com.parlor.app.debug
    t =   378.70s         Setting up automation session
    t =   379.86s         Wait for com.parlor.app.debug to idle
    t =   381.41s Wait for com.parlor.app.debug to become Running Foreground
    t =   381.41s Waiting 30.0s for "parlor-home-brand" StaticText to exist
    t =   382.46s     Checking `Expect predicate `existsNoRetry == 1` for object "parlor-home-brand" StaticText`
    t =   382.46s         Checking existence of `"parlor-home-brand" StaticText`
    t =   382.53s Waiting 10.0s for "parlor-dsc01-observe" Button to exist
    t =   383.59s     Checking `Expect predicate `existsNoRetry == 1` for object "parlor-dsc01-observe" Button`
    t =   383.59s         Checking existence of `"parlor-dsc01-observe" Button`
    t =   383.63s Checking existence of `Alert (First Match)`
    t =   383.72s Waiting 10.0s for "parlor-dsc01-state" StaticText to exist
    t =   384.76s     Checking `Expect predicate `existsNoRetry == 1` for object "parlor-dsc01-state" StaticText`
    t =   384.76s         Checking existence of `"parlor-dsc01-state" StaticText`
    t =   384.80s Find the "parlor-dsc01-state" StaticText
    t =   384.83s Tap "parlor-dsc01-observe" Button
    t =   384.83s     Wait for com.parlor.app.debug to idle
    t =   384.83s     Find the "parlor-dsc01-observe" Button
    t =   384.85s     Check for interrupting elements affecting "parlor-dsc01-observe" Button
    t =   384.88s     Synthesize event
    t =   385.18s     Wait for com.parlor.app.debug to idle
    t =   386.21s Find the "parlor-dsc01-state" StaticText
    t =   386.24s Waiting 10.0s for "parlor-dsc01-state" StaticText to exist
    t =   387.24s     Checking `Expect predicate `existsNoRetry == 1` for object "parlor-dsc01-state" StaticText`
    t =   387.24s         Checking existence of `"parlor-dsc01-state" StaticText`
    t =   387.26s Find the "parlor-dsc01-state" StaticText
    t =   387.28s Waiting 10.0s for "parlor-dsc01-state" StaticText to exist
    t =   388.33s     Checking `Expect predicate `existsNoRetry == 1` for object "parlor-dsc01-state" StaticText`
    t =   388.33s         Checking existence of `"parlor-dsc01-state" StaticText`
    t =   388.35s Find the "parlor-dsc01-state" StaticText
    t =   388.36s Tap "parlor-dsc01-observe" Button
    t =   388.36s     Wait for com.parlor.app.debug to idle
    t =   388.37s     Find the "parlor-dsc01-observe" Button
    t =   388.39s     Check for interrupting elements affecting "parlor-dsc01-observe" Button
    t =   388.41s     Synthesize event
    t =   388.71s     Wait for com.parlor.app.debug to idle
    t =   389.73s Find the "parlor-dsc01-state" StaticText
    t =   389.75s Waiting 10.0s for "parlor-dsc01-state" StaticText to exist
    t =   390.78s     Checking `Expect predicate `existsNoRetry == 1` for object "parlor-dsc01-state" StaticText`
    t =   390.79s         Checking existence of `"parlor-dsc01-state" StaticText`
    t =   390.81s Find the "parlor-dsc01-state" StaticText
    t =   390.83s Waiting 10.0s for "parlor-native-readiness-run" Button to exist
    t =   391.88s     Checking `Expect predicate `existsNoRetry == 1` for object "parlor-native-readiness-run" Button`
    t =   391.88s         Checking existence of `"parlor-native-readiness-run" Button`
    t =   391.89s Find the "parlor-native-readiness-run" Button
    t =   391.92s Find the "parlor-native-readiness-run" Button
    t =   391.95s Tap "parlor-native-readiness-run" Button
    t =   391.95s     Wait for com.parlor.app.debug to idle
    t =   391.96s     Find the "parlor-native-readiness-run" Button
    t =   391.98s     Check for interrupting elements affecting "parlor-native-readiness-run" Button
    t =   392.00s     Synthesize event
    t =   392.30s     Wait for com.parlor.app.debug to idle
    t =   392.33s Waiting 10.0s for "parlor-native-readiness-state" StaticText to exist
    t =   393.36s     Checking `Expect predicate `existsNoRetry == 1` for object "parlor-native-readiness-state" StaticText`
    t =   393.36s         Checking existence of `"parlor-native-readiness-state" StaticText`
    t =   394.40s Find the "parlor-native-readiness-state" StaticText
    t =   394.42s Find the "parlor-native-readiness-state" StaticText
    t =   394.45s Checking existence of `Alert (First Match)`
    t =   394.50s Waiting 10.0s for "parlor-dsc01-state" StaticText to exist
    t =   395.52s     Checking `Expect predicate `existsNoRetry == 1` for object "parlor-dsc01-state" StaticText`
    t =   395.52s         Checking existence of `"parlor-dsc01-state" StaticText`
    t =   395.55s Find the "parlor-dsc01-state" StaticText
    t =   395.59s Tap "parlor-dsc01-observe" Button
    t =   395.59s     Wait for com.parlor.app.debug to idle
    t =   395.59s     Find the "parlor-dsc01-observe" Button
    t =   395.62s     Check for interrupting elements affecting "parlor-dsc01-observe" Button
    t =   395.64s     Synthesize event
    t =   395.95s     Wait for com.parlor.app.debug to idle
    t =   396.98s Find the "parlor-dsc01-state" StaticText
    t =   397.00s Waiting 10.0s for "parlor-dsc01-state" StaticText to exist
    t =   398.01s     Checking `Expect predicate `existsNoRetry == 1` for object "parlor-dsc01-state" StaticText`
    t =   398.01s         Checking existence of `"parlor-dsc01-state" StaticText`
    t =   398.04s Find the "parlor-dsc01-state" StaticText
    t =   400.11s Checking existence of `Alert (First Match)`
    t =   400.19s Waiting 10.0s for "parlor-dsc01-state" StaticText to exist
    t =   401.20s     Checking `Expect predicate `existsNoRetry == 1` for object "parlor-dsc01-state" StaticText`
    t =   401.20s         Checking existence of `"parlor-dsc01-state" StaticText`
    t =   401.22s Find the "parlor-dsc01-state" StaticText
    t =   401.25s Tap "parlor-dsc01-observe" Button
    t =   401.25s     Wait for com.parlor.app.debug to idle
    t =   401.26s     Find the "parlor-dsc01-observe" Button
    t =   401.28s     Check for interrupting elements affecting "parlor-dsc01-observe" Button
    t =   401.30s     Synthesize event
    t =   401.60s     Wait for com.parlor.app.debug to idle
    t =   402.65s Find the "parlor-dsc01-state" StaticText
    t =   402.68s Waiting 10.0s for "parlor-dsc01-state" StaticText to exist
    t =   403.71s     Checking `Expect predicate `existsNoRetry == 1` for object "parlor-dsc01-state" StaticText`
    t =   403.71s         Checking existence of `"parlor-dsc01-state" StaticText`
    t =   403.73s Find the "parlor-dsc01-state" StaticText
    t =   405.84s Checking existence of `Alert (First Match)`
    t =   405.91s Waiting 10.0s for "parlor-dsc01-state" StaticText to exist
    t =   406.95s     Checking `Expect predicate `existsNoRetry == 1` for object "parlor-dsc01-state" StaticText`
    t =   406.95s         Checking existence of `"parlor-dsc01-state" StaticText`
    t =   406.97s Find the "parlor-dsc01-state" StaticText
    t =   406.98s Tap "parlor-dsc01-observe" Button
    t =   406.98s     Wait for com.parlor.app.debug to idle
    t =   406.99s     Find the "parlor-dsc01-observe" Button
    t =   407.00s     Check for interrupting elements affecting "parlor-dsc01-observe" Button
    t =   407.03s     Synthesize event
    t =   407.33s     Wait for com.parlor.app.debug to idle
    t =   408.36s Find the "parlor-dsc01-state" StaticText
    t =   408.39s Waiting 10.0s for "parlor-dsc01-state" StaticText to exist
    t =   409.41s     Checking `Expect predicate `existsNoRetry == 1` for object "parlor-dsc01-state" StaticText`
    t =   409.41s         Checking existence of `"parlor-dsc01-state" StaticText`
    t =   409.43s Find the "parlor-dsc01-state" StaticText
    t =   411.53s Checking existence of `Alert (First Match)`
    t =   411.57s Waiting 10.0s for "parlor-dsc01-state" StaticText to exist
    t =   412.58s     Checking `Expect predicate `existsNoRetry == 1` for object "parlor-dsc01-state" StaticText`
    t =   412.58s         Checking existence of `"parlor-dsc01-state" StaticText`
    t =   412.60s Find the "parlor-dsc01-state" StaticText
    t =   412.63s Tap "parlor-dsc01-observe" Button
    t =   412.63s     Wait for com.parlor.app.debug to idle
    t =   412.64s     Find the "parlor-dsc01-observe" Button
    t =   412.67s     Check for interrupting elements affecting "parlor-dsc01-observe" Button
    t =   412.71s     Synthesize event
    t =   413.01s     Wait for com.parlor.app.debug to idle
    t =   414.04s Find the "parlor-dsc01-state" StaticText
    t =   414.07s Waiting 10.0s for "parlor-dsc01-state" StaticText to exist
    t =   415.11s     Checking `Expect predicate `existsNoRetry == 1` for object "parlor-dsc01-state" StaticText`
    t =   415.11s         Checking existence of `"parlor-dsc01-state" StaticText`
    t =   415.14s Find the "parlor-dsc01-state" StaticText
    t =   417.25s Checking existence of `Alert (First Match)`
    t =   417.34s Waiting 10.0s for "parlor-dsc01-state" StaticText to exist
    t =   418.38s     Checking `Expect predicate `existsNoRetry == 1` for object "parlor-dsc01-state" StaticText`
    t =   418.38s         Checking existence of `"parlor-dsc01-state" StaticText`
    t =   418.40s Find the "parlor-dsc01-state" StaticText
    t =   418.42s Tap "parlor-dsc01-observe" Button
    t =   418.42s     Wait for com.parlor.app.debug to idle
    t =   418.43s     Find the "parlor-dsc01-observe" Button
    t =   418.45s     Check for interrupting elements affecting "parlor-dsc01-observe" Button
    t =   418.48s     Synthesize event
    t =   418.79s     Wait for com.parlor.app.debug to idle
    t =   419.83s Find the "parlor-dsc01-state" StaticText
    t =   419.86s Waiting 10.0s for "parlor-dsc01-state" StaticText to exist
    t =   420.91s     Checking `Expect predicate `existsNoRetry == 1` for object "parlor-dsc01-state" StaticText`
    t =   420.91s         Checking existence of `"parlor-dsc01-state" StaticText`
    t =   420.94s Find the "parlor-dsc01-state" StaticText
    t =   422.98s Checking existence of `Alert (First Match)`
    t =   423.11s Waiting 10.0s for "parlor-dsc01-state" StaticText to exist
    t =   424.14s     Checking `Expect predicate `existsNoRetry == 1` for object "parlor-dsc01-state" StaticText`
    t =   424.14s         Checking existence of `"parlor-dsc01-state" StaticText`
    t =   424.18s Find the "parlor-dsc01-state" StaticText
    t =   424.24s Tap "parlor-dsc01-observe" Button
    t =   424.24s     Wait for com.parlor.app.debug to idle
    t =   424.24s     Find the "parlor-dsc01-observe" Button
    t =   424.30s     Check for interrupting elements affecting "parlor-dsc01-observe" Button
    t =   424.34s     Synthesize event
    t =   424.66s     Wait for com.parlor.app.debug to idle
    t =   425.70s Find the "parlor-dsc01-state" StaticText
    t =   425.74s Waiting 10.0s for "parlor-dsc01-state" StaticText to exist
    t =   426.76s     Checking `Expect predicate `existsNoRetry == 1` for object "parlor-dsc01-state" StaticText`
    t =   426.76s         Checking existence of `"parlor-dsc01-state" StaticText`
    t =   426.80s Find the "parlor-dsc01-state" StaticText
PARLOR_NATIVE_COLD_LAUNCH {"app_foreground":true,"boot_ordinal":6,"loaded_app_images":["Parlor","Parlor.debug.dylib"],"loaded_compose_framework":{"file_bytes":84032296,"file_sha256":"4439f0e73d144b8e180bd2334e83f80e76353b8c866eeaea80ab2846dbd6233a","image_uuid":"26cc7bca-2ebe-3e70-b528-a840146077c5","origin":"owned-copy-build","path":"xcode-frameworks\/Debug\/iphonesimulator26.2\/ComposeApp.framework\/ComposeApp"},"native_alert_present":false,"probe_activations":1,"process_boot":"79B3E8E8-7D6B-4EF9-8E76-C44745302C20","run_token":"217002BD-D169-40FC-8138-AB4831656E8D","samples":[{"elapsed_milliseconds":3607,"observation_sequence":49,"ordinal":1},{"elapsed_milliseconds":9313,"observation_sequence":50,"ordinal":2},{"elapsed_milliseconds":14999,"observation_sequence":51,"ordinal":3},{"elapsed_milliseconds":20714,"observation_sequence":52,"ordinal":4},{"elapsed_milliseconds":26519,"observation_sequence":53,"ordinal":5},{"elapsed_milliseconds":32398,"observation_sequence":54,"ordinal":6}],"schema_version":2,"signing_mode":"adhoc"}
    t =   426.85s Terminate com.parlor.app.debug:19287
    t =   427.88s Wait for com.parlor.app.debug to become Not Running
    t =   427.88s Open com.parlor.app.debug
    t =   427.88s     Launch com.parlor.app.debug
    t =   428.32s         Setting up automation session
    t =   430.52s         Wait for com.parlor.app.debug to idle
    t =   432.47s Wait for com.parlor.app.debug to become Running Foreground
    t =   432.47s Waiting 30.0s for "parlor-home-brand" StaticText to exist
    t =   433.51s     Checking `Expect predicate `existsNoRetry == 1` for object "parlor-home-brand" StaticText`
    t =   433.51s         Checking existence of `"parlor-home-brand" StaticText`
    t =   433.75s Waiting 10.0s for "parlor-dsc01-observe" Button to exist
    t =   434.81s     Checking `Expect predicate `existsNoRetry == 1` for object "parlor-dsc01-observe" Button`
    t =   434.81s         Checking existence of `"parlor-dsc01-observe" Button`
    t =   434.84s Checking existence of `Alert (First Match)`
    t =   434.95s Waiting 10.0s for "parlor-dsc01-state" StaticText to exist
    t =   436.00s     Checking `Expect predicate `existsNoRetry == 1` for object "parlor-dsc01-state" StaticText`
    t =   436.01s         Checking existence of `"parlor-dsc01-state" StaticText`
    t =   436.06s Find the "parlor-dsc01-state" StaticText
    t =   436.09s Tap "parlor-dsc01-observe" Button
    t =   436.09s     Wait for com.parlor.app.debug to idle
    t =   436.10s     Find the "parlor-dsc01-observe" Button
    t =   436.14s     Check for interrupting elements affecting "parlor-dsc01-observe" Button
    t =   436.20s     Synthesize event
    t =   436.53s     Wait for com.parlor.app.debug to idle
    t =   437.62s Find the "parlor-dsc01-state" StaticText
    t =   437.69s Waiting 10.0s for "parlor-dsc01-state" StaticText to exist
    t =   438.73s     Checking `Expect predicate `existsNoRetry == 1` for object "parlor-dsc01-state" StaticText`
    t =   438.73s         Checking existence of `"parlor-dsc01-state" StaticText`
    t =   438.79s Find the "parlor-dsc01-state" StaticText
    t =   438.89s Waiting 10.0s for "parlor-dsc01-state" StaticText to exist
    t =   439.94s     Checking `Expect predicate `existsNoRetry == 1` for object "parlor-dsc01-state" StaticText`
    t =   439.95s         Checking existence of `"parlor-dsc01-state" StaticText`
    t =   440.01s Find the "parlor-dsc01-state" StaticText
    t =   440.07s Tap "parlor-dsc01-observe" Button
    t =   440.07s     Wait for com.parlor.app.debug to idle
    t =   440.07s     Find the "parlor-dsc01-observe" Button
    t =   440.16s     Check for interrupting elements affecting "parlor-dsc01-observe" Button
    t =   440.25s     Synthesize event
    t =   440.60s     Wait for com.parlor.app.debug to idle
    t =   441.68s Find the "parlor-dsc01-state" StaticText
    t =   441.76s Waiting 10.0s for "parlor-dsc01-state" StaticText to exist
    t =   442.78s     Checking `Expect predicate `existsNoRetry == 1` for object "parlor-dsc01-state" StaticText`
    t =   442.78s         Checking existence of `"parlor-dsc01-state" StaticText`
    t =   442.86s Find the "parlor-dsc01-state" StaticText
    t =   442.91s Waiting 10.0s for "parlor-native-readiness-run" Button to exist
    t =   443.94s     Checking `Expect predicate `existsNoRetry == 1` for object "parlor-native-readiness-run" Button`
    t =   443.94s         Checking existence of `"parlor-native-readiness-run" Button`
    t =   443.99s Find the "parlor-native-readiness-run" Button
    t =   444.05s Find the "parlor-native-readiness-run" Button
    t =   444.11s Tap "parlor-native-readiness-run" Button
    t =   444.11s     Wait for com.parlor.app.debug to idle
    t =   444.12s     Find the "parlor-native-readiness-run" Button
    t =   444.16s     Check for interrupting elements affecting "parlor-native-readiness-run" Button
    t =   444.23s     Synthesize event
    t =   444.53s     Wait for com.parlor.app.debug to idle
    t =   444.67s Waiting 10.0s for "parlor-native-readiness-state" StaticText to exist
    t =   445.68s     Checking `Expect predicate `existsNoRetry == 1` for object "parlor-native-readiness-state" StaticText`
    t =   445.68s         Checking existence of `"parlor-native-readiness-state" StaticText`
    t =   446.76s Find the "parlor-native-readiness-state" StaticText
    t =   446.87s Find the "parlor-native-readiness-state" StaticText
    t =   446.93s Checking existence of `Alert (First Match)`
    t =   447.26s Waiting 10.0s for "parlor-dsc01-state" StaticText to exist
    t =   448.30s     Checking `Expect predicate `existsNoRetry == 1` for object "parlor-dsc01-state" StaticText`
    t =   448.30s         Checking existence of `"parlor-dsc01-state" StaticText`
    t =   448.33s Find the "parlor-dsc01-state" StaticText
    t =   448.35s Tap "parlor-dsc01-observe" Button
    t =   448.35s     Wait for com.parlor.app.debug to idle
    t =   448.35s     Find the "parlor-dsc01-observe" Button
    t =   448.39s     Check for interrupting elements affecting "parlor-dsc01-observe" Button
    t =   448.42s     Synthesize event
    t =   448.73s     Wait for com.parlor.app.debug to idle
    t =   449.78s Find the "parlor-dsc01-state" StaticText
    t =   449.80s Waiting 10.0s for "parlor-dsc01-state" StaticText to exist
    t =   450.84s     Checking `Expect predicate `existsNoRetry == 1` for object "parlor-dsc01-state" StaticText`
    t =   450.84s         Checking existence of `"parlor-dsc01-state" StaticText`
    t =   450.88s Find the "parlor-dsc01-state" StaticText
    t =   452.91s Checking existence of `Alert (First Match)`
    t =   452.97s Waiting 10.0s for "parlor-dsc01-state" StaticText to exist
    t =   453.99s     Checking `Expect predicate `existsNoRetry == 1` for object "parlor-dsc01-state" StaticText`
    t =   453.99s         Checking existence of `"parlor-dsc01-state" StaticText`
    t =   454.01s Find the "parlor-dsc01-state" StaticText
    t =   454.04s Tap "parlor-dsc01-observe" Button
    t =   454.04s     Wait for com.parlor.app.debug to idle
    t =   454.05s     Find the "parlor-dsc01-observe" Button
    t =   454.07s     Check for interrupting elements affecting "parlor-dsc01-observe" Button
    t =   454.11s     Synthesize event
    t =   454.41s     Wait for com.parlor.app.debug to idle
    t =   455.43s Find the "parlor-dsc01-state" StaticText
    t =   455.47s Waiting 10.0s for "parlor-dsc01-state" StaticText to exist
    t =   456.51s     Checking `Expect predicate `existsNoRetry == 1` for object "parlor-dsc01-state" StaticText`
    t =   456.51s         Checking existence of `"parlor-dsc01-state" StaticText`
    t =   456.56s Find the "parlor-dsc01-state" StaticText
    t =   458.61s Checking existence of `Alert (First Match)`
    t =   458.66s Waiting 10.0s for "parlor-dsc01-state" StaticText to exist
    t =   459.69s     Checking `Expect predicate `existsNoRetry == 1` for object "parlor-dsc01-state" StaticText`
    t =   459.69s         Checking existence of `"parlor-dsc01-state" StaticText`
    t =   459.73s Find the "parlor-dsc01-state" StaticText
    t =   459.75s Tap "parlor-dsc01-observe" Button
    t =   459.75s     Wait for com.parlor.app.debug to idle
    t =   459.75s     Find the "parlor-dsc01-observe" Button
    t =   459.78s     Check for interrupting elements affecting "parlor-dsc01-observe" Button
    t =   459.85s     Synthesize event
    t =   460.15s     Wait for com.parlor.app.debug to idle
    t =   461.18s Find the "parlor-dsc01-state" StaticText
    t =   461.20s Waiting 10.0s for "parlor-dsc01-state" StaticText to exist
    t =   462.24s     Checking `Expect predicate `existsNoRetry == 1` for object "parlor-dsc01-state" StaticText`
    t =   462.24s         Checking existence of `"parlor-dsc01-state" StaticText`
    t =   462.26s Find the "parlor-dsc01-state" StaticText
    t =   464.29s Checking existence of `Alert (First Match)`
    t =   464.33s Waiting 10.0s for "parlor-dsc01-state" StaticText to exist
    t =   465.38s     Checking `Expect predicate `existsNoRetry == 1` for object "parlor-dsc01-state" StaticText`
    t =   465.38s         Checking existence of `"parlor-dsc01-state" StaticText`
    t =   465.41s Find the "parlor-dsc01-state" StaticText
    t =   465.43s Tap "parlor-dsc01-observe" Button
    t =   465.44s     Wait for com.parlor.app.debug to idle
    t =   465.44s     Find the "parlor-dsc01-observe" Button
    t =   465.45s     Check for interrupting elements affecting "parlor-dsc01-observe" Button
    t =   465.47s     Synthesize event
    t =   465.76s     Wait for com.parlor.app.debug to idle
    t =   466.78s Find the "parlor-dsc01-state" StaticText
    t =   466.82s Waiting 10.0s for "parlor-dsc01-state" StaticText to exist
    t =   467.84s     Checking `Expect predicate `existsNoRetry == 1` for object "parlor-dsc01-state" StaticText`
    t =   467.85s         Checking existence of `"parlor-dsc01-state" StaticText`
    t =   467.88s Find the "parlor-dsc01-state" StaticText
    t =   469.93s Checking existence of `Alert (First Match)`
    t =   469.97s Waiting 10.0s for "parlor-dsc01-state" StaticText to exist
    t =   471.01s     Checking `Expect predicate `existsNoRetry == 1` for object "parlor-dsc01-state" StaticText`
    t =   471.01s         Checking existence of `"parlor-dsc01-state" StaticText`
    t =   471.03s Find the "parlor-dsc01-state" StaticText
    t =   471.05s Tap "parlor-dsc01-observe" Button
    t =   471.05s     Wait for com.parlor.app.debug to idle
    t =   471.05s     Find the "parlor-dsc01-observe" Button
    t =   471.06s     Check for interrupting elements affecting "parlor-dsc01-observe" Button
    t =   471.08s     Synthesize event
    t =   471.37s     Wait for com.parlor.app.debug to idle
    t =   472.39s Find the "parlor-dsc01-state" StaticText
    t =   472.40s Waiting 10.0s for "parlor-dsc01-state" StaticText to exist
    t =   473.45s     Checking `Expect predicate `existsNoRetry == 1` for object "parlor-dsc01-state" StaticText`
    t =   473.45s         Checking existence of `"parlor-dsc01-state" StaticText`
    t =   473.46s Find the "parlor-dsc01-state" StaticText
    t =   475.51s Checking existence of `Alert (First Match)`
    t =   475.58s Waiting 10.0s for "parlor-dsc01-state" StaticText to exist
    t =   476.65s     Checking `Expect predicate `existsNoRetry == 1` for object "parlor-dsc01-state" StaticText`
    t =   476.65s         Checking existence of `"parlor-dsc01-state" StaticText`
    t =   476.68s Find the "parlor-dsc01-state" StaticText
    t =   476.71s Tap "parlor-dsc01-observe" Button
    t =   476.71s     Wait for com.parlor.app.debug to idle
    t =   476.71s     Find the "parlor-dsc01-observe" Button
    t =   476.73s     Check for interrupting elements affecting "parlor-dsc01-observe" Button
    t =   476.77s     Synthesize event
    t =   477.06s     Wait for com.parlor.app.debug to idle
    t =   478.12s Find the "parlor-dsc01-state" StaticText
    t =   478.17s Waiting 10.0s for "parlor-dsc01-state" StaticText to exist
    t =   479.20s     Checking `Expect predicate `existsNoRetry == 1` for object "parlor-dsc01-state" StaticText`
    t =   479.21s         Checking existence of `"parlor-dsc01-state" StaticText`
    t =   479.25s Find the "parlor-dsc01-state" StaticText
PARLOR_NATIVE_COLD_LAUNCH {"app_foreground":true,"boot_ordinal":7,"loaded_app_images":["Parlor","Parlor.debug.dylib"],"loaded_compose_framework":{"file_bytes":84032296,"file_sha256":"4439f0e73d144b8e180bd2334e83f80e76353b8c866eeaea80ab2846dbd6233a","image_uuid":"26cc7bca-2ebe-3e70-b528-a840146077c5","origin":"owned-copy-build","path":"xcode-frameworks\/Debug\/iphonesimulator26.2\/ComposeApp.framework\/ComposeApp"},"native_alert_present":false,"probe_activations":1,"process_boot":"DB0081B2-8085-4920-8EFC-23587F5BB5B2","run_token":"217002BD-D169-40FC-8138-AB4831656E8D","samples":[{"elapsed_milliseconds":3979,"observation_sequence":58,"ordinal":1},{"elapsed_milliseconds":9654,"observation_sequence":59,"ordinal":2},{"elapsed_milliseconds":15353,"observation_sequence":60,"ordinal":3},{"elapsed_milliseconds":20985,"observation_sequence":61,"ordinal":4},{"elapsed_milliseconds":26548,"observation_sequence":62,"ordinal":5},{"elapsed_milliseconds":32340,"observation_sequence":63,"ordinal":6}],"schema_version":2,"signing_mode":"adhoc"}
    t =   479.28s Terminate com.parlor.app.debug:22595
    t =   480.28s Wait for com.parlor.app.debug to become Not Running
    t =   480.28s Open com.parlor.app.debug
    t =   480.28s     Launch com.parlor.app.debug
    t =   480.77s         Setting up automation session
    t =   482.30s         Wait for com.parlor.app.debug to idle
    t =   483.86s Wait for com.parlor.app.debug to become Running Foreground
    t =   483.86s Waiting 30.0s for "parlor-home-brand" StaticText to exist
    t =   484.87s     Checking `Expect predicate `existsNoRetry == 1` for object "parlor-home-brand" StaticText`
    t =   484.87s         Checking existence of `"parlor-home-brand" StaticText`
    t =   484.96s Waiting 10.0s for "parlor-dsc01-observe" Button to exist
    t =   485.98s     Checking `Expect predicate `existsNoRetry == 1` for object "parlor-dsc01-observe" Button`
    t =   485.98s         Checking existence of `"parlor-dsc01-observe" Button`
    t =   486.02s Checking existence of `Alert (First Match)`
    t =   486.14s Waiting 10.0s for "parlor-dsc01-state" StaticText to exist
    t =   487.16s     Checking `Expect predicate `existsNoRetry == 1` for object "parlor-dsc01-state" StaticText`
    t =   487.16s         Checking existence of `"parlor-dsc01-state" StaticText`
    t =   487.19s Find the "parlor-dsc01-state" StaticText
    t =   487.21s Tap "parlor-dsc01-observe" Button
    t =   487.21s     Wait for com.parlor.app.debug to idle
    t =   487.22s     Find the "parlor-dsc01-observe" Button
    t =   487.24s     Check for interrupting elements affecting "parlor-dsc01-observe" Button
    t =   487.27s     Synthesize event
    t =   487.58s     Wait for com.parlor.app.debug to idle
    t =   488.61s Find the "parlor-dsc01-state" StaticText
    t =   488.65s Waiting 10.0s for "parlor-dsc01-state" StaticText to exist
    t =   489.66s     Checking `Expect predicate `existsNoRetry == 1` for object "parlor-dsc01-state" StaticText`
    t =   489.66s         Checking existence of `"parlor-dsc01-state" StaticText`
    t =   489.68s Find the "parlor-dsc01-state" StaticText
    t =   489.70s Waiting 10.0s for "parlor-dsc01-state" StaticText to exist
    t =   490.75s     Checking `Expect predicate `existsNoRetry == 1` for object "parlor-dsc01-state" StaticText`
    t =   490.75s         Checking existence of `"parlor-dsc01-state" StaticText`
    t =   490.77s Find the "parlor-dsc01-state" StaticText
    t =   490.79s Tap "parlor-dsc01-observe" Button
    t =   490.79s     Wait for com.parlor.app.debug to idle
    t =   490.80s     Find the "parlor-dsc01-observe" Button
    t =   490.82s     Check for interrupting elements affecting "parlor-dsc01-observe" Button
    t =   490.87s     Synthesize event
    t =   491.18s     Wait for com.parlor.app.debug to idle
    t =   492.25s Find the "parlor-dsc01-state" StaticText
    t =   492.27s Waiting 10.0s for "parlor-dsc01-state" StaticText to exist
    t =   493.31s     Checking `Expect predicate `existsNoRetry == 1` for object "parlor-dsc01-state" StaticText`
    t =   493.31s         Checking existence of `"parlor-dsc01-state" StaticText`
    t =   493.33s Find the "parlor-dsc01-state" StaticText
    t =   493.35s Waiting 10.0s for "parlor-native-readiness-run" Button to exist
    t =   494.39s     Checking `Expect predicate `existsNoRetry == 1` for object "parlor-native-readiness-run" Button`
    t =   494.39s         Checking existence of `"parlor-native-readiness-run" Button`
    t =   494.42s Find the "parlor-native-readiness-run" Button
    t =   494.46s Find the "parlor-native-readiness-run" Button
    t =   494.51s Tap "parlor-native-readiness-run" Button
    t =   494.51s     Wait for com.parlor.app.debug to idle
    t =   494.52s     Find the "parlor-native-readiness-run" Button
    t =   494.54s     Check for interrupting elements affecting "parlor-native-readiness-run" Button
    t =   494.56s     Synthesize event
    t =   494.86s     Wait for com.parlor.app.debug to idle
    t =   494.93s Waiting 10.0s for "parlor-native-readiness-state" StaticText to exist
    t =   495.93s     Checking `Expect predicate `existsNoRetry == 1` for object "parlor-native-readiness-state" StaticText`
    t =   495.93s         Checking existence of `"parlor-native-readiness-state" StaticText`
    t =   497.05s Find the "parlor-native-readiness-state" StaticText
    t =   497.07s Find the "parlor-native-readiness-state" StaticText
    t =   497.10s Checking existence of `Alert (First Match)`
    t =   497.17s Waiting 10.0s for "parlor-dsc01-state" StaticText to exist
    t =   498.21s     Checking `Expect predicate `existsNoRetry == 1` for object "parlor-dsc01-state" StaticText`
    t =   498.21s         Checking existence of `"parlor-dsc01-state" StaticText`
    t =   498.23s Find the "parlor-dsc01-state" StaticText
    t =   498.25s Tap "parlor-dsc01-observe" Button
    t =   498.25s     Wait for com.parlor.app.debug to idle
    t =   498.25s     Find the "parlor-dsc01-observe" Button
    t =   498.28s     Check for interrupting elements affecting "parlor-dsc01-observe" Button
    t =   498.32s     Synthesize event
    t =   498.62s     Wait for com.parlor.app.debug to idle
    t =   499.65s Find the "parlor-dsc01-state" StaticText
    t =   499.68s Waiting 10.0s for "parlor-dsc01-state" StaticText to exist
    t =   500.71s     Checking `Expect predicate `existsNoRetry == 1` for object "parlor-dsc01-state" StaticText`
    t =   500.71s         Checking existence of `"parlor-dsc01-state" StaticText`
    t =   500.73s Find the "parlor-dsc01-state" StaticText
    t =   502.76s Checking existence of `Alert (First Match)`
    t =   502.84s Waiting 10.0s for "parlor-dsc01-state" StaticText to exist
    t =   503.85s     Checking `Expect predicate `existsNoRetry == 1` for object "parlor-dsc01-state" StaticText`
    t =   503.85s         Checking existence of `"parlor-dsc01-state" StaticText`
    t =   503.89s Find the "parlor-dsc01-state" StaticText
    t =   503.92s Tap "parlor-dsc01-observe" Button
    t =   503.92s     Wait for com.parlor.app.debug to idle
    t =   503.92s     Find the "parlor-dsc01-observe" Button
    t =   503.96s     Check for interrupting elements affecting "parlor-dsc01-observe" Button
    t =   504.02s     Synthesize event
    t =   504.32s     Wait for com.parlor.app.debug to idle
    t =   505.35s Find the "parlor-dsc01-state" StaticText
    t =   505.37s Waiting 10.0s for "parlor-dsc01-state" StaticText to exist
    t =   506.38s     Checking `Expect predicate `existsNoRetry == 1` for object "parlor-dsc01-state" StaticText`
    t =   506.38s         Checking existence of `"parlor-dsc01-state" StaticText`
    t =   506.40s Find the "parlor-dsc01-state" StaticText
    t =   508.53s Checking existence of `Alert (First Match)`
    t =   508.60s Waiting 10.0s for "parlor-dsc01-state" StaticText to exist
    t =   509.65s     Checking `Expect predicate `existsNoRetry == 1` for object "parlor-dsc01-state" StaticText`
    t =   509.65s         Checking existence of `"parlor-dsc01-state" StaticText`
    t =   509.67s Find the "parlor-dsc01-state" StaticText
    t =   509.69s Tap "parlor-dsc01-observe" Button
    t =   509.69s     Wait for com.parlor.app.debug to idle
    t =   509.70s     Find the "parlor-dsc01-observe" Button
    t =   509.73s     Check for interrupting elements affecting "parlor-dsc01-observe" Button
    t =   509.77s     Synthesize event
    t =   510.08s     Wait for com.parlor.app.debug to idle
    t =   511.11s Find the "parlor-dsc01-state" StaticText
    t =   511.14s Waiting 10.0s for "parlor-dsc01-state" StaticText to exist
    t =   512.18s     Checking `Expect predicate `existsNoRetry == 1` for object "parlor-dsc01-state" StaticText`
    t =   512.18s         Checking existence of `"parlor-dsc01-state" StaticText`
    t =   512.20s Find the "parlor-dsc01-state" StaticText
    t =   514.23s Checking existence of `Alert (First Match)`
    t =   514.27s Waiting 10.0s for "parlor-dsc01-state" StaticText to exist
    t =   515.31s     Checking `Expect predicate `existsNoRetry == 1` for object "parlor-dsc01-state" StaticText`
    t =   515.31s         Checking existence of `"parlor-dsc01-state" StaticText`
    t =   515.33s Find the "parlor-dsc01-state" StaticText
    t =   515.36s Tap "parlor-dsc01-observe" Button
    t =   515.36s     Wait for com.parlor.app.debug to idle
    t =   515.36s     Find the "parlor-dsc01-observe" Button
    t =   515.41s     Check for interrupting elements affecting "parlor-dsc01-observe" Button
    t =   515.45s     Synthesize event
    t =   515.75s     Wait for com.parlor.app.debug to idle
    t =   516.80s Find the "parlor-dsc01-state" StaticText
    t =   516.82s Waiting 10.0s for "parlor-dsc01-state" StaticText to exist
    t =   517.84s     Checking `Expect predicate `existsNoRetry == 1` for object "parlor-dsc01-state" StaticText`
    t =   517.84s         Checking existence of `"parlor-dsc01-state" StaticText`
    t =   517.86s Find the "parlor-dsc01-state" StaticText
    t =   519.89s Checking existence of `Alert (First Match)`
    t =   519.99s Waiting 10.0s for "parlor-dsc01-state" StaticText to exist
    t =   521.04s     Checking `Expect predicate `existsNoRetry == 1` for object "parlor-dsc01-state" StaticText`
    t =   521.04s         Checking existence of `"parlor-dsc01-state" StaticText`
    t =   521.07s Find the "parlor-dsc01-state" StaticText
    t =   521.11s Tap "parlor-dsc01-observe" Button
    t =   521.11s     Wait for com.parlor.app.debug to idle
    t =   521.11s     Find the "parlor-dsc01-observe" Button
    t =   521.14s     Check for interrupting elements affecting "parlor-dsc01-observe" Button
    t =   521.16s     Synthesize event
    t =   521.46s     Wait for com.parlor.app.debug to idle
    t =   522.51s Find the "parlor-dsc01-state" StaticText
    t =   522.53s Waiting 10.0s for "parlor-dsc01-state" StaticText to exist
    t =   523.54s     Checking `Expect predicate `existsNoRetry == 1` for object "parlor-dsc01-state" StaticText`
    t =   523.54s         Checking existence of `"parlor-dsc01-state" StaticText`
    t =   523.56s Find the "parlor-dsc01-state" StaticText
    t =   525.64s Checking existence of `Alert (First Match)`
    t =   525.68s Waiting 10.0s for "parlor-dsc01-state" StaticText to exist
    t =   526.71s     Checking `Expect predicate `existsNoRetry == 1` for object "parlor-dsc01-state" StaticText`
    t =   526.71s         Checking existence of `"parlor-dsc01-state" StaticText`
    t =   526.73s Find the "parlor-dsc01-state" StaticText
    t =   526.75s Tap "parlor-dsc01-observe" Button
    t =   526.75s     Wait for com.parlor.app.debug to idle
    t =   526.75s     Find the "parlor-dsc01-observe" Button
    t =   526.77s     Check for interrupting elements affecting "parlor-dsc01-observe" Button
    t =   526.79s     Synthesize event
    t =   527.08s     Wait for com.parlor.app.debug to idle
    t =   528.12s Find the "parlor-dsc01-state" StaticText
    t =   528.14s Waiting 10.0s for "parlor-dsc01-state" StaticText to exist
    t =   529.18s     Checking `Expect predicate `existsNoRetry == 1` for object "parlor-dsc01-state" StaticText`
    t =   529.18s         Checking existence of `"parlor-dsc01-state" StaticText`
    t =   529.21s Find the "parlor-dsc01-state" StaticText
PARLOR_NATIVE_COLD_LAUNCH {"app_foreground":true,"boot_ordinal":8,"loaded_app_images":["Parlor","Parlor.debug.dylib"],"loaded_compose_framework":{"file_bytes":84032296,"file_sha256":"4439f0e73d144b8e180bd2334e83f80e76353b8c866eeaea80ab2846dbd6233a","image_uuid":"26cc7bca-2ebe-3e70-b528-a840146077c5","origin":"owned-copy-build","path":"xcode-frameworks\/Debug\/iphonesimulator26.2\/ComposeApp.framework\/ComposeApp"},"native_alert_present":false,"probe_activations":1,"process_boot":"0F07243D-6FAD-46C1-8B79-7D70987BC0E4","run_token":"217002BD-D169-40FC-8138-AB4831656E8D","samples":[{"elapsed_milliseconds":3653,"observation_sequence":67,"ordinal":1},{"elapsed_milliseconds":9334,"observation_sequence":68,"ordinal":2},{"elapsed_milliseconds":15125,"observation_sequence":69,"ordinal":3},{"elapsed_milliseconds":20784,"observation_sequence":70,"ordinal":4},{"elapsed_milliseconds":26486,"observation_sequence":71,"ordinal":5},{"elapsed_milliseconds":32125,"observation_sequence":72,"ordinal":6}],"schema_version":2,"signing_mode":"adhoc"}
    t =   529.23s Tap "parlor-dsc01-complete" Button
    t =   529.23s     Wait for com.parlor.app.debug to idle
    t =   529.23s     Find the "parlor-dsc01-complete" Button
    t =   529.26s     Check for interrupting elements affecting "parlor-dsc01-complete" Button
    t =   529.29s     Synthesize event
    t =   529.61s     Wait for com.parlor.app.debug to idle
    t =   529.62s Waiting 10.0s for "parlor-dsc01-state" StaticText to exist
    t =   530.64s     Checking `Expect predicate `existsNoRetry == 1` for object "parlor-dsc01-state" StaticText`
    t =   530.64s         Checking existence of `"parlor-dsc01-state" StaticText`
    t =   530.68s Find the "parlor-dsc01-state" StaticText
    t =   530.71s Tap "parlor-dsc01-observe" Button
    t =   530.71s     Wait for com.parlor.app.debug to idle
    t =   530.71s     Find the "parlor-dsc01-observe" Button
    t =   530.73s     Check for interrupting elements affecting "parlor-dsc01-observe" Button
    t =   530.77s     Synthesize event
    t =   531.06s     Wait for com.parlor.app.debug to idle
    t =   532.10s Find the "parlor-dsc01-state" StaticText
    t =   532.13s Waiting 10.0s for "parlor-dsc01-state" StaticText to exist
    t =   533.16s     Checking `Expect predicate `existsNoRetry == 1` for object "parlor-dsc01-state" StaticText`
    t =   533.16s         Checking existence of `"parlor-dsc01-state" StaticText`
    t =   533.19s Find the "parlor-dsc01-state" StaticText
    t =   533.21s Terminate com.parlor.app.debug:25856
    t =   534.24s Wait for com.parlor.app.debug to become Not Running
    t =   534.24s Open com.parlor.app.debug
    t =   534.24s     Launch com.parlor.app.debug
    t =   534.95s         Setting up automation session
    t =   536.21s         Wait for com.parlor.app.debug to idle
    t =   537.83s Wait for com.parlor.app.debug to become Running Foreground
    t =   537.83s Waiting 30.0s for "parlor-home-brand" StaticText to exist
    t =   538.87s     Checking `Expect predicate `existsNoRetry == 1` for object "parlor-home-brand" StaticText`
    t =   538.87s         Checking existence of `"parlor-home-brand" StaticText`
    t =   538.93s Waiting 10.0s for "parlor-dsc01-observe" Button to exist
    t =   539.98s     Checking `Expect predicate `existsNoRetry == 1` for object "parlor-dsc01-observe" Button`
    t =   539.98s         Checking existence of `"parlor-dsc01-observe" Button`
    t =   540.02s Checking existence of `Alert (First Match)`
    t =   540.13s Waiting 10.0s for "parlor-dsc01-state" StaticText to exist
    t =   541.13s     Checking `Expect predicate `existsNoRetry == 1` for object "parlor-dsc01-state" StaticText`
    t =   541.13s         Checking existence of `"parlor-dsc01-state" StaticText`
    t =   541.16s Find the "parlor-dsc01-state" StaticText
    t =   541.20s Tap "parlor-dsc01-observe" Button
    t =   541.20s     Wait for com.parlor.app.debug to idle
    t =   541.21s     Find the "parlor-dsc01-observe" Button
    t =   541.25s     Check for interrupting elements affecting "parlor-dsc01-observe" Button
    t =   541.28s     Synthesize event
    t =   541.59s     Wait for com.parlor.app.debug to idle
    t =   542.61s Find the "parlor-dsc01-state" StaticText
    t =   542.65s Waiting 10.0s for "parlor-dsc01-state" StaticText to exist
    t =   543.68s     Checking `Expect predicate `existsNoRetry == 1` for object "parlor-dsc01-state" StaticText`
    t =   543.68s         Checking existence of `"parlor-dsc01-state" StaticText`
    t =   543.72s Find the "parlor-dsc01-state" StaticText
    t =   543.78s Waiting 10.0s for "parlor-dsc01-state" StaticText to exist
    t =   544.85s     Checking `Expect predicate `existsNoRetry == 1` for object "parlor-dsc01-state" StaticText`
    t =   544.85s         Checking existence of `"parlor-dsc01-state" StaticText`
    t =   544.87s Find the "parlor-dsc01-state" StaticText
    t =   544.90s Tap "parlor-dsc01-observe" Button
    t =   544.90s     Wait for com.parlor.app.debug to idle
    t =   544.90s     Find the "parlor-dsc01-observe" Button
    t =   544.92s     Check for interrupting elements affecting "parlor-dsc01-observe" Button
    t =   544.98s     Synthesize event
    t =   545.28s     Wait for com.parlor.app.debug to idle
    t =   546.32s Find the "parlor-dsc01-state" StaticText
    t =   546.35s Waiting 10.0s for "parlor-dsc01-state" StaticText to exist
    t =   547.41s     Checking `Expect predicate `existsNoRetry == 1` for object "parlor-dsc01-state" StaticText`
    t =   547.41s         Checking existence of `"parlor-dsc01-state" StaticText`
    t =   547.45s Find the "parlor-dsc01-state" StaticText
    t =   547.48s Waiting 15.0s for "l08-host-next" Any to exist
    t =   548.53s     Checking `Expect predicate `existsNoRetry == 1` for object "l08-host-next" Any`
    t =   548.53s         Checking existence of `"l08-host-next" Any`
    t =   548.72s Get number of matches for: Elements matching predicate '"l08-host-next" IN identifiers'
    t =   549.85s Checking existence of `"l08-host-next" Any`
    t =   549.97s Find the "l08-host-next" Any
    t =   550.09s Find the "l08-host-next" Button
    t =   550.34s Tap "l08-host-next" Button
    t =   550.34s     Wait for com.parlor.app.debug to idle
    t =   550.34s     Find the "l08-host-next" Button
    t =   550.45s     Check for interrupting elements affecting "l08-host-next" Button
    t =   550.50s     Synthesize event
    t =   550.83s     Wait for com.parlor.app.debug to idle
    t =   551.55s Waiting 10.0s for "l08-host-result" StaticText to exist
    t =   552.61s     Checking `Expect predicate `existsNoRetry == 1` for object "l08-host-result" StaticText`
    t =   552.61s         Checking existence of `"l08-host-result" StaticText`
    t =   553.66s Find the "l08-host-result" StaticText
    t =   553.72s Find the "l08-host-result" StaticText
    t =   553.74s Checking existence of `Alert (First Match)`
    t =   553.83s Waiting 10.0s for "parlor-dsc01-state" StaticText to exist
    t =   554.87s     Checking `Expect predicate `existsNoRetry == 1` for object "parlor-dsc01-state" StaticText`
    t =   554.87s         Checking existence of `"parlor-dsc01-state" StaticText`
    t =   554.90s Find the "parlor-dsc01-state" StaticText
    t =   554.92s Tap "parlor-dsc01-observe" Button
    t =   554.92s     Wait for com.parlor.app.debug to idle
    t =   554.93s     Find the "parlor-dsc01-observe" Button
    t =   554.96s     Check for interrupting elements affecting "parlor-dsc01-observe" Button
    t =   555.01s     Synthesize event
    t =   555.34s     Wait for com.parlor.app.debug to idle
    t =   556.42s Find the "parlor-dsc01-state" StaticText
    t =   556.50s Waiting 10.0s for "parlor-dsc01-state" StaticText to exist
    t =   557.51s     Checking `Expect predicate `existsNoRetry == 1` for object "parlor-dsc01-state" StaticText`
    t =   557.51s         Checking existence of `"parlor-dsc01-state" StaticText`
    t =   557.56s Find the "parlor-dsc01-state" StaticText
    t =   557.62s Waiting 15.0s for "l08-host-next" Any to exist
    t =   558.64s     Checking `Expect predicate `existsNoRetry == 1` for object "l08-host-next" Any`
    t =   558.64s         Checking existence of `"l08-host-next" Any`
    t =   558.77s Get number of matches for: Elements matching predicate '"l08-host-next" IN identifiers'
    t =   559.86s Checking existence of `"l08-host-next" Any`
    t =   559.99s Find the "l08-host-next" Any
    t =   560.07s Find the "l08-host-next" Button
    t =   560.18s Tap "l08-host-next" Button
    t =   560.18s     Wait for com.parlor.app.debug to idle
    t =   560.18s     Find the "l08-host-next" Button
    t =   560.33s     Check for interrupting elements affecting "l08-host-next" Button
    t =   560.43s     Synthesize event
    t =   560.73s     Wait for com.parlor.app.debug to idle
    t =   560.99s Waiting 10.0s for "l08-host-result" StaticText to exist
    t =   562.01s     Checking `Expect predicate `existsNoRetry == 1` for object "l08-host-result" StaticText`
    t =   562.01s         Checking existence of `"l08-host-result" StaticText`
    t =   563.08s Find the "l08-host-result" StaticText
    t =   563.11s Find the "l08-host-result" StaticText
    t =   563.12s Checking existence of `Alert (First Match)`
    t =   563.17s Waiting 10.0s for "parlor-dsc01-state" StaticText to exist
    t =   564.23s     Checking `Expect predicate `existsNoRetry == 1` for object "parlor-dsc01-state" StaticText`
    t =   564.23s         Checking existence of `"parlor-dsc01-state" StaticText`
    t =   564.26s Find the "parlor-dsc01-state" StaticText
    t =   564.29s Tap "parlor-dsc01-observe" Button
    t =   564.29s     Wait for com.parlor.app.debug to idle
    t =   564.29s     Find the "parlor-dsc01-observe" Button
    t =   564.32s     Check for interrupting elements affecting "parlor-dsc01-observe" Button
    t =   564.37s     Synthesize event
    t =   564.70s     Wait for com.parlor.app.debug to idle
    t =   565.72s Find the "parlor-dsc01-state" StaticText
    t =   565.75s Waiting 10.0s for "parlor-dsc01-state" StaticText to exist
    t =   566.78s     Checking `Expect predicate `existsNoRetry == 1` for object "parlor-dsc01-state" StaticText`
    t =   566.78s         Checking existence of `"parlor-dsc01-state" StaticText`
    t =   566.80s Find the "parlor-dsc01-state" StaticText
    t =   566.86s Waiting 15.0s for "l08-host-next" Any to exist
    t =   567.88s     Checking `Expect predicate `existsNoRetry == 1` for object "l08-host-next" Any`
    t =   567.88s         Checking existence of `"l08-host-next" Any`
    t =   567.96s Get number of matches for: Elements matching predicate '"l08-host-next" IN identifiers'
    t =   569.04s Checking existence of `"l08-host-next" Any`
    t =   569.09s Find the "l08-host-next" Any
    t =   569.17s Find the "l08-host-next" Button
    t =   569.27s Tap "l08-host-next" Button
    t =   569.27s     Wait for com.parlor.app.debug to idle
    t =   569.28s     Find the "l08-host-next" Button
    t =   569.34s     Check for interrupting elements affecting "l08-host-next" Button
    t =   569.40s     Synthesize event
    t =   569.71s     Wait for com.parlor.app.debug to idle
    t =   569.76s Waiting 10.0s for "l08-host-result" StaticText to exist
    t =   570.81s     Checking `Expect predicate `existsNoRetry == 1` for object "l08-host-result" StaticText`
    t =   570.81s         Checking existence of `"l08-host-result" StaticText`
    t =   571.84s Find the "l08-host-result" StaticText
    t =   571.87s Find the "l08-host-result" StaticText
    t =   571.91s Checking existence of `Alert (First Match)`
    t =   571.99s Waiting 10.0s for "parlor-dsc01-state" StaticText to exist
    t =   573.06s     Checking `Expect predicate `existsNoRetry == 1` for object "parlor-dsc01-state" StaticText`
    t =   573.06s         Checking existence of `"parlor-dsc01-state" StaticText`
    t =   573.10s Find the "parlor-dsc01-state" StaticText
    t =   573.13s Tap "parlor-dsc01-observe" Button
    t =   573.13s     Wait for com.parlor.app.debug to idle
    t =   573.13s     Find the "parlor-dsc01-observe" Button
    t =   573.17s     Check for interrupting elements affecting "parlor-dsc01-observe" Button
    t =   573.23s     Synthesize event
    t =   573.53s     Wait for com.parlor.app.debug to idle
    t =   574.58s Find the "parlor-dsc01-state" StaticText
    t =   574.64s Waiting 10.0s for "parlor-dsc01-state" StaticText to exist
    t =   575.64s     Checking `Expect predicate `existsNoRetry == 1` for object "parlor-dsc01-state" StaticText`
    t =   575.64s         Checking existence of `"parlor-dsc01-state" StaticText`
    t =   575.68s Find the "parlor-dsc01-state" StaticText
    t =   575.72s Pressing Home button
    t =   576.19s Wait for com.parlor.app.debug to become Running Background
    t =   577.23s Open com.parlor.app.debug
    t =   577.23s     Activate com.parlor.app.debug
    t =   577.71s         Wait for com.parlor.app.debug to idle
    t =   577.73s Wait for com.parlor.app.debug to become Running Foreground
    t =   577.74s Waiting 15.0s for "l08-host-next" Any to exist
    t =   578.76s     Checking `Expect predicate `existsNoRetry == 1` for object "l08-host-next" Any`
    t =   578.76s         Checking existence of `"l08-host-next" Any`
    t =   578.83s Get number of matches for: Elements matching predicate '"l08-host-next" IN identifiers'
    t =   579.92s Checking existence of `"l08-host-next" Any`
    t =   579.99s Find the "l08-host-next" Any
    t =   580.05s Find the "l08-host-next" Button
    t =   580.22s Tap "l08-host-next" Button
    t =   580.22s     Wait for com.parlor.app.debug to idle
    t =   580.22s     Find the "l08-host-next" Button
    t =   580.32s     Check for interrupting elements affecting "l08-host-next" Button
    t =   580.38s     Synthesize event
    t =   580.67s     Wait for com.parlor.app.debug to idle
    t =   580.73s Waiting 10.0s for "l08-host-result" StaticText to exist
    t =   581.76s     Checking `Expect predicate `existsNoRetry == 1` for object "l08-host-result" StaticText`
    t =   581.76s         Checking existence of `"l08-host-result" StaticText`
    t =   582.84s Find the "l08-host-result" StaticText
    t =   582.89s Find the "l08-host-result" StaticText
    t =   582.91s Checking existence of `Alert (First Match)`
    t =   582.96s Waiting 10.0s for "parlor-dsc01-state" StaticText to exist
    t =   584.00s     Checking `Expect predicate `existsNoRetry == 1` for object "parlor-dsc01-state" StaticText`
    t =   584.00s         Checking existence of `"parlor-dsc01-state" StaticText`
    t =   584.03s Find the "parlor-dsc01-state" StaticText
    t =   584.05s Tap "parlor-dsc01-observe" Button
    t =   584.05s     Wait for com.parlor.app.debug to idle
    t =   584.06s     Find the "parlor-dsc01-observe" Button
    t =   584.11s     Check for interrupting elements affecting "parlor-dsc01-observe" Button
    t =   584.17s     Synthesize event
    t =   584.46s     Wait for com.parlor.app.debug to idle
    t =   585.48s Find the "parlor-dsc01-state" StaticText
    t =   585.52s Waiting 10.0s for "parlor-dsc01-state" StaticText to exist
    t =   586.54s     Checking `Expect predicate `existsNoRetry == 1` for object "parlor-dsc01-state" StaticText`
    t =   586.54s         Checking existence of `"parlor-dsc01-state" StaticText`
    t =   586.57s Find the "parlor-dsc01-state" StaticText
    t =   586.58s Waiting 15.0s for "l08-host-next" Any to exist
    t =   587.62s     Checking `Expect predicate `existsNoRetry == 1` for object "l08-host-next" Any`
    t =   587.62s         Checking existence of `"l08-host-next" Any`
    t =   587.69s Get number of matches for: Elements matching predicate '"l08-host-next" IN identifiers'
    t =   588.76s Checking existence of `"l08-host-next" Any`
    t =   588.80s Find the "l08-host-next" Any
    t =   588.84s Find the "l08-host-next" Button
    t =   588.89s Tap "l08-host-next" Button
    t =   588.89s     Wait for com.parlor.app.debug to idle
    t =   588.89s     Find the "l08-host-next" Button
    t =   588.93s     Check for interrupting elements affecting "l08-host-next" Button
    t =   588.96s     Synthesize event
    t =   589.26s     Wait for com.parlor.app.debug to idle
    t =   589.35s Waiting 10.0s for "l08-host-result" StaticText to exist
    t =   590.40s     Checking `Expect predicate `existsNoRetry == 1` for object "l08-host-result" StaticText`
    t =   590.40s         Checking existence of `"l08-host-result" StaticText`
    t =   591.44s Find the "l08-host-result" StaticText
    t =   591.49s Find the "l08-host-result" StaticText
    t =   591.61s Checking existence of `Alert (First Match)`
    t =   591.70s Waiting 10.0s for "parlor-dsc01-state" StaticText to exist
    t =   592.71s     Checking `Expect predicate `existsNoRetry == 1` for object "parlor-dsc01-state" StaticText`
    t =   592.71s         Checking existence of `"parlor-dsc01-state" StaticText`
    t =   592.74s Find the "parlor-dsc01-state" StaticText
    t =   592.77s Tap "parlor-dsc01-observe" Button
    t =   592.77s     Wait for com.parlor.app.debug to idle
    t =   592.77s     Find the "parlor-dsc01-observe" Button
    t =   592.82s     Check for interrupting elements affecting "parlor-dsc01-observe" Button
    t =   592.85s     Synthesize event
    t =   593.15s     Wait for com.parlor.app.debug to idle
    t =   594.20s Find the "parlor-dsc01-state" StaticText
    t =   594.24s Waiting 10.0s for "parlor-dsc01-state" StaticText to exist
    t =   595.24s     Checking `Expect predicate `existsNoRetry == 1` for object "parlor-dsc01-state" StaticText`
    t =   595.24s         Checking existence of `"parlor-dsc01-state" StaticText`
    t =   595.26s Find the "parlor-dsc01-state" StaticText
    t =   595.29s Waiting 15.0s for "l08-host-next" Any to exist
    t =   596.31s     Checking `Expect predicate `existsNoRetry == 1` for object "l08-host-next" Any`
    t =   596.31s         Checking existence of `"l08-host-next" Any`
    t =   596.38s Get number of matches for: Elements matching predicate '"l08-host-next" IN identifiers'
    t =   597.41s Checking existence of `"l08-host-next" Any`
    t =   597.63s Find the "l08-host-next" Any
    t =   597.69s Find the "l08-host-next" Button
    t =   597.77s Tap "l08-host-next" Button
    t =   597.77s     Wait for com.parlor.app.debug to idle
    t =   597.78s     Find the "l08-host-next" Button
    t =   597.83s     Check for interrupting elements affecting "l08-host-next" Button
    t =   597.88s     Synthesize event
    t =   598.18s     Wait for com.parlor.app.debug to idle
    t =   598.37s Waiting 10.0s for "l08-host-result" StaticText to exist
    t =   599.41s     Checking `Expect predicate `existsNoRetry == 1` for object "l08-host-result" StaticText`
    t =   599.41s         Checking existence of `"l08-host-result" StaticText`
    t =   600.44s Find the "l08-host-result" StaticText
    t =   600.47s Find the "l08-host-result" StaticText
    t =   600.49s Checking existence of `Alert (First Match)`
    t =   600.53s Waiting 10.0s for "parlor-dsc01-state" StaticText to exist
    t =   601.60s     Checking `Expect predicate `existsNoRetry == 1` for object "parlor-dsc01-state" StaticText`
    t =   601.60s         Checking existence of `"parlor-dsc01-state" StaticText`
    t =   601.62s Find the "parlor-dsc01-state" StaticText
    t =   601.64s Tap "parlor-dsc01-observe" Button
    t =   601.64s     Wait for com.parlor.app.debug to idle
    t =   601.64s     Find the "parlor-dsc01-observe" Button
    t =   601.66s     Check for interrupting elements affecting "parlor-dsc01-observe" Button
    t =   601.69s     Synthesize event
    t =   602.00s     Wait for com.parlor.app.debug to idle
    t =   603.05s Find the "parlor-dsc01-state" StaticText
    t =   603.08s Waiting 10.0s for "parlor-dsc01-state" StaticText to exist
    t =   604.11s     Checking `Expect predicate `existsNoRetry == 1` for object "parlor-dsc01-state" StaticText`
    t =   604.11s         Checking existence of `"parlor-dsc01-state" StaticText`
    t =   604.13s Find the "parlor-dsc01-state" StaticText
    t =   604.15s Pressing Home button
    t =   604.62s Wait for com.parlor.app.debug to become Running Background
    t =   605.27s Open com.parlor.app.debug
    t =   605.27s     Activate com.parlor.app.debug
    t =   605.44s         Wait for com.parlor.app.debug to idle
    t =   605.54s Wait for com.parlor.app.debug to become Running Foreground
    t =   605.54s Waiting 15.0s for "l08-host-next" Any to exist
    t =   606.60s     Checking `Expect predicate `existsNoRetry == 1` for object "l08-host-next" Any`
    t =   606.60s         Checking existence of `"l08-host-next" Any`
    t =   606.66s Get number of matches for: Elements matching predicate '"l08-host-next" IN identifiers'
    t =   607.73s Checking existence of `"l08-host-next" Any`
    t =   607.83s Find the "l08-host-next" Any
    t =   607.88s Find the "l08-host-next" Button
    t =   607.95s Tap "l08-host-next" Button
    t =   607.95s     Wait for com.parlor.app.debug to idle
    t =   607.95s     Find the "l08-host-next" Button
    t =   607.99s     Check for interrupting elements affecting "l08-host-next" Button
    t =   608.03s     Synthesize event
    t =   608.32s     Wait for com.parlor.app.debug to idle
    t =   608.37s Waiting 10.0s for "l08-host-result" StaticText to exist
    t =   609.41s     Checking `Expect predicate `existsNoRetry == 1` for object "l08-host-result" StaticText`
    t =   609.41s         Checking existence of `"l08-host-result" StaticText`
    t =   610.44s Find the "l08-host-result" StaticText
    t =   610.46s Find the "l08-host-result" StaticText
    t =   610.48s Checking existence of `Alert (First Match)`
    t =   610.52s Waiting 10.0s for "parlor-dsc01-state" StaticText to exist
    t =   611.55s     Checking `Expect predicate `existsNoRetry == 1` for object "parlor-dsc01-state" StaticText`
    t =   611.55s         Checking existence of `"parlor-dsc01-state" StaticText`
    t =   611.57s Find the "parlor-dsc01-state" StaticText
    t =   611.59s Tap "parlor-dsc01-observe" Button
    t =   611.59s     Wait for com.parlor.app.debug to idle
    t =   611.60s     Find the "parlor-dsc01-observe" Button
    t =   611.61s     Check for interrupting elements affecting "parlor-dsc01-observe" Button
    t =   611.64s     Synthesize event
    t =   611.93s     Wait for com.parlor.app.debug to idle
    t =   612.98s Find the "parlor-dsc01-state" StaticText
    t =   613.00s Waiting 10.0s for "parlor-dsc01-state" StaticText to exist
    t =   614.04s     Checking `Expect predicate `existsNoRetry == 1` for object "parlor-dsc01-state" StaticText`
    t =   614.04s         Checking existence of `"parlor-dsc01-state" StaticText`
    t =   614.06s Find the "parlor-dsc01-state" StaticText
    t =   614.08s Waiting 15.0s for "l08-host-next" Any to exist
    t =   615.11s     Checking `Expect predicate `existsNoRetry == 1` for object "l08-host-next" Any`
    t =   615.11s         Checking existence of `"l08-host-next" Any`
    t =   615.15s Get number of matches for: Elements matching predicate '"l08-host-next" IN identifiers'
    t =   616.20s Checking existence of `"l08-host-next" Any`
    t =   616.24s Find the "l08-host-next" Any
    t =   616.28s Find the "l08-host-next" Button
    t =   616.34s Tap "l08-host-next" Button
    t =   616.35s     Wait for com.parlor.app.debug to idle
    t =   616.35s     Find the "l08-host-next" Button
    t =   616.39s     Check for interrupting elements affecting "l08-host-next" Button
    t =   616.42s     Synthesize event
    t =   616.71s     Wait for com.parlor.app.debug to idle
    t =   616.72s Waiting 10.0s for "l08-host-result" StaticText to exist
    t =   617.73s     Checking `Expect predicate `existsNoRetry == 1` for object "l08-host-result" StaticText`
    t =   617.73s         Checking existence of `"l08-host-result" StaticText`
    t =   618.78s Find the "l08-host-result" StaticText
    t =   618.80s Find the "l08-host-result" StaticText
    t =   618.82s Checking existence of `Alert (First Match)`
    t =   618.87s Waiting 10.0s for "parlor-dsc01-state" StaticText to exist
    t =   619.92s     Checking `Expect predicate `existsNoRetry == 1` for object "parlor-dsc01-state" StaticText`
    t =   619.92s         Checking existence of `"parlor-dsc01-state" StaticText`
    t =   619.96s Find the "parlor-dsc01-state" StaticText
    t =   620.00s Tap "parlor-dsc01-observe" Button
    t =   620.00s     Wait for com.parlor.app.debug to idle
    t =   620.00s     Find the "parlor-dsc01-observe" Button
    t =   620.03s     Check for interrupting elements affecting "parlor-dsc01-observe" Button
    t =   620.07s     Synthesize event
    t =   620.36s     Wait for com.parlor.app.debug to idle
    t =   621.38s Find the "parlor-dsc01-state" StaticText
    t =   621.43s Waiting 10.0s for "parlor-dsc01-state" StaticText to exist
    t =   622.44s     Checking `Expect predicate `existsNoRetry == 1` for object "parlor-dsc01-state" StaticText`
    t =   622.44s         Checking existence of `"parlor-dsc01-state" StaticText`
    t =   622.47s Find the "parlor-dsc01-state" StaticText
    t =   622.50s Waiting 15.0s for "l08-host-next" Any to exist
    t =   623.51s     Checking `Expect predicate `existsNoRetry == 1` for object "l08-host-next" Any`
    t =   623.51s         Checking existence of `"l08-host-next" Any`
    t =   623.57s Get number of matches for: Elements matching predicate '"l08-host-next" IN identifiers'
    t =   624.65s Checking existence of `"l08-host-next" Any`
    t =   624.72s Find the "l08-host-next" Any
    t =   624.76s Find the "l08-host-next" Button
    t =   624.80s Tap "l08-host-next" Button
    t =   624.80s     Wait for com.parlor.app.debug to idle
    t =   624.81s     Find the "l08-host-next" Button
    t =   624.85s     Check for interrupting elements affecting "l08-host-next" Button
    t =   624.88s     Synthesize event
    t =   625.18s     Wait for com.parlor.app.debug to idle
    t =   625.26s Waiting 10.0s for "l08-host-result" StaticText to exist
    t =   626.31s     Checking `Expect predicate `existsNoRetry == 1` for object "l08-host-result" StaticText`
    t =   626.31s         Checking existence of `"l08-host-result" StaticText`
    t =   627.35s Find the "l08-host-result" StaticText
    t =   627.41s Find the "l08-host-result" StaticText
    t =   627.43s Checking existence of `Alert (First Match)`
    t =   627.47s Waiting 10.0s for "parlor-dsc01-state" StaticText to exist
    t =   628.48s     Checking `Expect predicate `existsNoRetry == 1` for object "parlor-dsc01-state" StaticText`
    t =   628.48s         Checking existence of `"parlor-dsc01-state" StaticText`
    t =   628.50s Find the "parlor-dsc01-state" StaticText
    t =   628.53s Tap "parlor-dsc01-observe" Button
    t =   628.53s     Wait for com.parlor.app.debug to idle
    t =   628.53s     Find the "parlor-dsc01-observe" Button
    t =   628.55s     Check for interrupting elements affecting "parlor-dsc01-observe" Button
    t =   628.58s     Synthesize event
    t =   628.88s     Wait for com.parlor.app.debug to idle
    t =   629.91s Find the "parlor-dsc01-state" StaticText
    t =   629.93s Waiting 10.0s for "parlor-dsc01-state" StaticText to exist
    t =   630.94s     Checking `Expect predicate `existsNoRetry == 1` for object "parlor-dsc01-state" StaticText`
    t =   630.94s         Checking existence of `"parlor-dsc01-state" StaticText`
    t =   630.97s Find the "parlor-dsc01-state" StaticText
    t =   630.98s Waiting 15.0s for "l08-host-next" Any to exist
    t =   632.00s     Checking `Expect predicate `existsNoRetry == 1` for object "l08-host-next" Any`
    t =   632.00s         Checking existence of `"l08-host-next" Any`
    t =   632.04s Get number of matches for: Elements matching predicate '"l08-host-next" IN identifiers'
    t =   633.13s Checking existence of `"l08-host-next" Any`
    t =   633.16s Find the "l08-host-next" Any
    t =   633.19s Find the "l08-host-next" Button
    t =   633.26s Tap "l08-host-next" Button
    t =   633.26s     Wait for com.parlor.app.debug to idle
    t =   633.26s     Find the "l08-host-next" Button
    t =   633.30s     Check for interrupting elements affecting "l08-host-next" Button
    t =   633.33s     Synthesize event
    t =   633.62s     Wait for com.parlor.app.debug to idle
    t =   633.67s Waiting 10.0s for "l08-host-result" StaticText to exist
    t =   634.68s     Checking `Expect predicate `existsNoRetry == 1` for object "l08-host-result" StaticText`
    t =   634.68s         Checking existence of `"l08-host-result" StaticText`
    t =   635.71s Find the "l08-host-result" StaticText
    t =   635.75s Find the "l08-host-result" StaticText
    t =   635.77s Checking existence of `Alert (First Match)`
    t =   635.80s Waiting 10.0s for "parlor-dsc01-state" StaticText to exist
    t =   636.87s     Checking `Expect predicate `existsNoRetry == 1` for object "parlor-dsc01-state" StaticText`
    t =   636.87s         Checking existence of `"parlor-dsc01-state" StaticText`
    t =   636.88s Find the "parlor-dsc01-state" StaticText
    t =   636.89s Tap "parlor-dsc01-observe" Button
    t =   636.89s     Wait for com.parlor.app.debug to idle
    t =   636.90s     Find the "parlor-dsc01-observe" Button
    t =   636.92s     Check for interrupting elements affecting "parlor-dsc01-observe" Button
    t =   636.94s     Synthesize event
    t =   637.23s     Wait for com.parlor.app.debug to idle
    t =   638.25s Find the "parlor-dsc01-state" StaticText
    t =   638.26s Waiting 10.0s for "parlor-dsc01-state" StaticText to exist
    t =   639.31s     Checking `Expect predicate `existsNoRetry == 1` for object "parlor-dsc01-state" StaticText`
    t =   639.31s         Checking existence of `"parlor-dsc01-state" StaticText`
    t =   639.34s Find the "parlor-dsc01-state" StaticText
    t =   639.36s Pressing Home button
    t =   639.83s Wait for com.parlor.app.debug to become Running Background
    t =   640.55s Open com.parlor.app.debug
    t =   640.55s     Activate com.parlor.app.debug
    t =   640.95s         Wait for com.parlor.app.debug to idle
    t =   640.96s Wait for com.parlor.app.debug to become Running Foreground
    t =   640.96s Waiting 15.0s for "l08-host-next" Any to exist
    t =   641.98s     Checking `Expect predicate `existsNoRetry == 1` for object "l08-host-next" Any`
    t =   641.98s         Checking existence of `"l08-host-next" Any`
    t =   642.01s Get number of matches for: Elements matching predicate '"l08-host-next" IN identifiers'
    t =   643.06s Checking existence of `"l08-host-next" Any`
    t =   643.14s Find the "l08-host-next" Any
    t =   643.25s Find the "l08-host-next" Button
    t =   643.34s Tap "l08-host-next" Button
    t =   643.34s     Wait for com.parlor.app.debug to idle
    t =   643.35s     Find the "l08-host-next" Button
    t =   643.43s     Check for interrupting elements affecting "l08-host-next" Button
    t =   643.48s     Synthesize event
    t =   643.78s     Wait for com.parlor.app.debug to idle
    t =   643.86s Waiting 10.0s for "l08-host-result" StaticText to exist
    t =   644.88s     Checking `Expect predicate `existsNoRetry == 1` for object "l08-host-result" StaticText`
    t =   644.88s         Checking existence of `"l08-host-result" StaticText`
    t =   645.91s Find the "l08-host-result" StaticText
    t =   645.93s Find the "l08-host-result" StaticText
    t =   645.95s Checking existence of `Alert (First Match)`
    t =   646.00s Waiting 10.0s for "parlor-dsc01-state" StaticText to exist
    t =   647.03s     Checking `Expect predicate `existsNoRetry == 1` for object "parlor-dsc01-state" StaticText`
    t =   647.03s         Checking existence of `"parlor-dsc01-state" StaticText`
    t =   647.04s Find the "parlor-dsc01-state" StaticText
    t =   647.06s Tap "parlor-dsc01-observe" Button
    t =   647.06s     Wait for com.parlor.app.debug to idle
    t =   647.07s     Find the "parlor-dsc01-observe" Button
    t =   647.10s     Check for interrupting elements affecting "parlor-dsc01-observe" Button
    t =   647.15s     Synthesize event
    t =   647.45s     Wait for com.parlor.app.debug to idle
    t =   648.50s Find the "parlor-dsc01-state" StaticText
    t =   648.53s Waiting 10.0s for "parlor-dsc01-state" StaticText to exist
    t =   649.58s     Checking `Expect predicate `existsNoRetry == 1` for object "parlor-dsc01-state" StaticText`
    t =   649.58s         Checking existence of `"parlor-dsc01-state" StaticText`
    t =   649.60s Find the "parlor-dsc01-state" StaticText
    t =   649.62s Waiting 15.0s for "l08-host-next" Any to exist
    t =   650.66s     Checking `Expect predicate `existsNoRetry == 1` for object "l08-host-next" Any`
    t =   650.66s         Checking existence of `"l08-host-next" Any`
    t =   650.77s Get number of matches for: Elements matching predicate '"l08-host-next" IN identifiers'
    t =   651.85s Checking existence of `"l08-host-next" Any`
    t =   651.88s Find the "l08-host-next" Any
    t =   651.93s Find the "l08-host-next" Button
    t =   651.97s Tap "l08-host-next" Button
    t =   651.97s     Wait for com.parlor.app.debug to idle
    t =   651.97s     Find the "l08-host-next" Button
    t =   652.01s     Check for interrupting elements affecting "l08-host-next" Button
    t =   652.06s     Synthesize event
    t =   652.37s     Wait for com.parlor.app.debug to idle
    t =   652.47s Waiting 10.0s for "l08-host-result" StaticText to exist
    t =   653.51s     Checking `Expect predicate `existsNoRetry == 1` for object "l08-host-result" StaticText`
    t =   653.51s         Checking existence of `"l08-host-result" StaticText`
    t =   654.58s Find the "l08-host-result" StaticText
    t =   654.60s Find the "l08-host-result" StaticText
    t =   654.62s Checking existence of `Alert (First Match)`
    t =   654.68s Waiting 10.0s for "parlor-dsc01-state" StaticText to exist
    t =   655.71s     Checking `Expect predicate `existsNoRetry == 1` for object "parlor-dsc01-state" StaticText`
    t =   655.71s         Checking existence of `"parlor-dsc01-state" StaticText`
    t =   655.73s Find the "parlor-dsc01-state" StaticText
    t =   655.76s Tap "parlor-dsc01-observe" Button
    t =   655.76s     Wait for com.parlor.app.debug to idle
    t =   655.77s     Find the "parlor-dsc01-observe" Button
    t =   655.79s     Check for interrupting elements affecting "parlor-dsc01-observe" Button
    t =   655.82s     Synthesize event
    t =   656.12s     Wait for com.parlor.app.debug to idle
    t =   657.15s Find the "parlor-dsc01-state" StaticText
    t =   657.17s Waiting 10.0s for "parlor-dsc01-state" StaticText to exist
    t =   658.19s     Checking `Expect predicate `existsNoRetry == 1` for object "parlor-dsc01-state" StaticText`
    t =   658.19s         Checking existence of `"parlor-dsc01-state" StaticText`
    t =   658.21s Find the "parlor-dsc01-state" StaticText
    t =   658.23s Waiting 15.0s for "l08-host-next" Any to exist
    t =   659.28s     Checking `Expect predicate `existsNoRetry == 1` for object "l08-host-next" Any`
    t =   659.28s         Checking existence of `"l08-host-next" Any`
    t =   659.36s Get number of matches for: Elements matching predicate '"l08-host-next" IN identifiers'
    t =   660.41s Checking existence of `"l08-host-next" Any`
    t =   660.48s Find the "l08-host-next" Any
    t =   660.54s Find the "l08-host-next" Button
    t =   660.63s Tap "l08-host-next" Button
    t =   660.63s     Wait for com.parlor.app.debug to idle
    t =   660.63s     Find the "l08-host-next" Button
    t =   660.70s     Check for interrupting elements affecting "l08-host-next" Button
    t =   660.76s     Synthesize event
    t =   661.06s     Wait for com.parlor.app.debug to idle
    t =   661.06s Waiting 10.0s for "l08-host-result" StaticText to exist
    t =   662.08s     Checking `Expect predicate `existsNoRetry == 1` for object "l08-host-result" StaticText`
    t =   662.08s         Checking existence of `"l08-host-result" StaticText`
    t =   663.14s Find the "l08-host-result" StaticText
    t =   663.17s Find the "l08-host-result" StaticText
    t =   663.20s Checking existence of `Alert (First Match)`
    t =   663.23s Waiting 10.0s for "parlor-dsc01-state" StaticText to exist
    t =   664.28s     Checking `Expect predicate `existsNoRetry == 1` for object "parlor-dsc01-state" StaticText`
    t =   664.28s         Checking existence of `"parlor-dsc01-state" StaticText`
    t =   664.29s Find the "parlor-dsc01-state" StaticText
    t =   664.31s Tap "parlor-dsc01-observe" Button
    t =   664.31s     Wait for com.parlor.app.debug to idle
    t =   664.32s     Find the "parlor-dsc01-observe" Button
    t =   664.33s     Check for interrupting elements affecting "parlor-dsc01-observe" Button
    t =   664.36s     Synthesize event
    t =   664.66s     Wait for com.parlor.app.debug to idle
    t =   665.68s Find the "parlor-dsc01-state" StaticText
    t =   665.69s Waiting 10.0s for "parlor-dsc01-state" StaticText to exist
    t =   666.71s     Checking `Expect predicate `existsNoRetry == 1` for object "parlor-dsc01-state" StaticText`
    t =   666.71s         Checking existence of `"parlor-dsc01-state" StaticText`
    t =   666.73s Find the "parlor-dsc01-state" StaticText
    t =   666.74s Waiting 15.0s for "l08-host-next" Any to exist
    t =   667.76s     Checking `Expect predicate `existsNoRetry == 1` for object "l08-host-next" Any`
    t =   667.76s         Checking existence of `"l08-host-next" Any`
    t =   667.81s Get number of matches for: Elements matching predicate '"l08-host-next" IN identifiers'
    t =   668.88s Checking existence of `"l08-host-next" Any`
    t =   668.92s Find the "l08-host-next" Any
    t =   668.96s Find the "l08-host-next" Button
    t =   669.03s Tap "l08-host-next" Button
    t =   669.03s     Wait for com.parlor.app.debug to idle
    t =   669.04s     Find the "l08-host-next" Button
    t =   669.08s     Check for interrupting elements affecting "l08-host-next" Button
    t =   669.12s     Synthesize event
    t =   669.44s     Wait for com.parlor.app.debug to idle
    t =   669.55s Waiting 10.0s for "l08-host-result" StaticText to exist
    t =   670.58s     Checking `Expect predicate `existsNoRetry == 1` for object "l08-host-result" StaticText`
    t =   670.58s         Checking existence of `"l08-host-result" StaticText`
    t =   671.64s Find the "l08-host-result" StaticText
    t =   671.70s Find the "l08-host-result" StaticText
    t =   671.73s Checking existence of `Alert (First Match)`
    t =   671.80s Waiting 10.0s for "parlor-dsc01-state" StaticText to exist
    t =   672.85s     Checking `Expect predicate `existsNoRetry == 1` for object "parlor-dsc01-state" StaticText`
    t =   672.85s         Checking existence of `"parlor-dsc01-state" StaticText`
    t =   672.86s Find the "parlor-dsc01-state" StaticText
    t =   672.88s Tap "parlor-dsc01-observe" Button
    t =   672.88s     Wait for com.parlor.app.debug to idle
    t =   672.89s     Find the "parlor-dsc01-observe" Button
    t =   672.91s     Check for interrupting elements affecting "parlor-dsc01-observe" Button
    t =   672.96s     Synthesize event
    t =   673.25s     Wait for com.parlor.app.debug to idle
    t =   674.27s Find the "parlor-dsc01-state" StaticText
    t =   674.30s Waiting 10.0s for "parlor-dsc01-state" StaticText to exist
    t =   675.33s     Checking `Expect predicate `existsNoRetry == 1` for object "parlor-dsc01-state" StaticText`
    t =   675.33s         Checking existence of `"parlor-dsc01-state" StaticText`
    t =   675.35s Find the "parlor-dsc01-state" StaticText
    t =   675.38s Checking existence of `Alert (First Match)`
PARLOR_L08_HOST_BOOT {"actions":["prepare","capture","language-en","cycle-1","resume-1","language-ar","cycle-2","resume-2","remount","language-system","cycle-3","resume-3","active-ack","leave"],"alert_present":false,"boot_ordinal":1,"foreground":true,"process_boot":"BE6C9BAE-6330-4204-90C5-F28B4298478D","run_token":"217002BD-D169-40FC-8138-AB4831656E8D","schema_version":1}
    t =   675.45s Terminate com.parlor.app.debug:29957
    t =   676.47s Wait for com.parlor.app.debug to become Not Running
    t =   676.47s Open com.parlor.app.debug
    t =   676.47s     Launch com.parlor.app.debug
    t =   676.93s         Setting up automation session
    t =   678.74s         Wait for com.parlor.app.debug to idle
    t =   680.58s Wait for com.parlor.app.debug to become Running Foreground
    t =   680.58s Waiting 30.0s for "parlor-home-brand" StaticText to exist
    t =   681.60s     Checking `Expect predicate `existsNoRetry == 1` for object "parlor-home-brand" StaticText`
    t =   681.60s         Checking existence of `"parlor-home-brand" StaticText`
    t =   681.73s Waiting 10.0s for "parlor-dsc01-observe" Button to exist
    t =   682.76s     Checking `Expect predicate `existsNoRetry == 1` for object "parlor-dsc01-observe" Button`
    t =   682.76s         Checking existence of `"parlor-dsc01-observe" Button`
    t =   682.80s Checking existence of `Alert (First Match)`
    t =   682.90s Waiting 10.0s for "parlor-dsc01-state" StaticText to exist
    t =   683.94s     Checking `Expect predicate `existsNoRetry == 1` for object "parlor-dsc01-state" StaticText`
    t =   683.94s         Checking existence of `"parlor-dsc01-state" StaticText`
    t =   684.01s Find the "parlor-dsc01-state" StaticText
    t =   684.06s Tap "parlor-dsc01-observe" Button
    t =   684.06s     Wait for com.parlor.app.debug to idle
    t =   684.07s     Find the "parlor-dsc01-observe" Button
    t =   684.11s     Check for interrupting elements affecting "parlor-dsc01-observe" Button
    t =   684.17s     Synthesize event
    t =   684.49s     Wait for com.parlor.app.debug to idle
    t =   685.51s Find the "parlor-dsc01-state" StaticText
    t =   685.58s Waiting 10.0s for "parlor-dsc01-state" StaticText to exist
    t =   686.61s     Checking `Expect predicate `existsNoRetry == 1` for object "parlor-dsc01-state" StaticText`
    t =   686.61s         Checking existence of `"parlor-dsc01-state" StaticText`
    t =   686.71s Find the "parlor-dsc01-state" StaticText
    t =   686.77s Waiting 10.0s for "parlor-dsc01-state" StaticText to exist
    t =   687.81s     Checking `Expect predicate `existsNoRetry == 1` for object "parlor-dsc01-state" StaticText`
    t =   687.81s         Checking existence of `"parlor-dsc01-state" StaticText`
    t =   687.85s Find the "parlor-dsc01-state" StaticText
    t =   687.87s Tap "parlor-dsc01-observe" Button
    t =   687.87s     Wait for com.parlor.app.debug to idle
    t =   687.88s     Find the "parlor-dsc01-observe" Button
    t =   687.92s     Check for interrupting elements affecting "parlor-dsc01-observe" Button
    t =   687.97s     Synthesize event
    t =   688.28s     Wait for com.parlor.app.debug to idle
    t =   689.34s Find the "parlor-dsc01-state" StaticText
    t =   689.37s Waiting 10.0s for "parlor-dsc01-state" StaticText to exist
    t =   690.41s     Checking `Expect predicate `existsNoRetry == 1` for object "parlor-dsc01-state" StaticText`
    t =   690.41s         Checking existence of `"parlor-dsc01-state" StaticText`
    t =   690.44s Find the "parlor-dsc01-state" StaticText
    t =   690.48s Waiting 15.0s for "l08-host-next" Any to exist
    t =   691.49s     Checking `Expect predicate `existsNoRetry == 1` for object "l08-host-next" Any`
    t =   691.49s         Checking existence of `"l08-host-next" Any`
    t =   691.56s Get number of matches for: Elements matching predicate '"l08-host-next" IN identifiers'
    t =   692.63s Checking existence of `"l08-host-next" Any`
    t =   692.76s Find the "l08-host-next" Any
    t =   692.85s Find the "l08-host-next" Button
    t =   692.94s Tap "l08-host-next" Button
    t =   692.94s     Wait for com.parlor.app.debug to idle
    t =   692.95s     Find the "l08-host-next" Button
    t =   693.03s     Check for interrupting elements affecting "l08-host-next" Button
    t =   693.12s     Synthesize event
    t =   693.43s     Wait for com.parlor.app.debug to idle
    t =   693.77s Waiting 10.0s for "l08-host-result" StaticText to exist
    t =   694.81s     Checking `Expect predicate `existsNoRetry == 1` for object "l08-host-result" StaticText`
    t =   694.81s         Checking existence of `"l08-host-result" StaticText`
    t =   695.89s Find the "l08-host-result" StaticText
    t =   695.94s Find the "l08-host-result" StaticText
    t =   696.01s Checking existence of `Alert (First Match)`
    t =   696.24s Waiting 10.0s for "parlor-dsc01-state" StaticText to exist
    t =   697.29s     Checking `Expect predicate `existsNoRetry == 1` for object "parlor-dsc01-state" StaticText`
    t =   697.29s         Checking existence of `"parlor-dsc01-state" StaticText`
    t =   697.36s Find the "parlor-dsc01-state" StaticText
    t =   697.42s Tap "parlor-dsc01-observe" Button
    t =   697.42s     Wait for com.parlor.app.debug to idle
    t =   697.43s     Find the "parlor-dsc01-observe" Button
    t =   697.53s     Check for interrupting elements affecting "parlor-dsc01-observe" Button
    t =   697.60s     Synthesize event
    t =   697.91s     Wait for com.parlor.app.debug to idle
    t =   698.97s Find the "parlor-dsc01-state" StaticText
    t =   699.03s Waiting 10.0s for "parlor-dsc01-state" StaticText to exist
    t =   700.07s     Checking `Expect predicate `existsNoRetry == 1` for object "parlor-dsc01-state" StaticText`
    t =   700.07s         Checking existence of `"parlor-dsc01-state" StaticText`
    t =   700.10s Find the "parlor-dsc01-state" StaticText
    t =   700.12s Get number of matches for: Elements matching predicate '"l08-mafia-repeat" IN identifiers'
    t =   700.15s Find the "l08-mafia-repeat" Any
    t =   700.61s Find the "l08-mafia-repeat" Switch
    t =   700.83s Find the "l08-mafia-repeat" Switch
    t =   701.07s Find the Target Application 'com.parlor.app.debug'
    t =   701.09s Get number of matches for: Elements matching predicate '"parlor-dsc01-overlay" IN identifiers'
    t =   701.12s Get number of matches for: Elements matching predicate '"parlor-dsc01-overlay" IN identifiers'
    t =   701.15s Find the "parlor-dsc01-overlay" Any
    t =   701.18s Checking existence of `Alert (First Match)`
    t =   701.30s Checking existence of `Keyboard (First Match)`
    t =   701.71s Get number of matches for: Elements matching predicate '"l08-mafia-repeat" IN identifiers'
    t =   701.76s Find the "l08-mafia-repeat" Any
    t =   701.94s Find the "l08-mafia-repeat" Switch
    t =   702.19s Find the "l08-mafia-repeat" Switch
    t =   702.37s Find the Target Application 'com.parlor.app.debug'
    t =   702.39s Get number of matches for: Elements matching predicate '"parlor-dsc01-overlay" IN identifiers'
    t =   702.42s Get number of matches for: Elements matching predicate '"parlor-dsc01-overlay" IN identifiers'
    t =   702.46s Find the "parlor-dsc01-overlay" Any
    t =   702.48s Checking existence of `Alert (First Match)`
    t =   702.58s Checking existence of `Keyboard (First Match)`
    t =   702.93s Get number of matches for: Elements matching predicate '"l08-mafia-repeat" IN identifiers'
    t =   702.97s Find the "l08-mafia-repeat" Any
    t =   703.34s Find the "l08-mafia-repeat" Switch
    t =   703.66s Find the "l08-mafia-repeat" Switch
    t =   703.92s Find the Target Application 'com.parlor.app.debug'
    t =   703.95s Get number of matches for: Elements matching predicate '"parlor-dsc01-overlay" IN identifiers'
    t =   703.99s Get number of matches for: Elements matching predicate '"parlor-dsc01-overlay" IN identifiers'
    t =   704.03s Find the "parlor-dsc01-overlay" Any
    t =   704.08s Checking existence of `Alert (First Match)`
    t =   704.28s Checking existence of `Keyboard (First Match)`
    t =   704.78s Get number of matches for: Elements matching predicate '"l08-mafia-repeat" IN identifiers'
    t =   704.85s Find the "l08-mafia-repeat" Any
    t =   705.29s Find the "l08-mafia-repeat" Switch
    t =   705.69s Find the "l08-mafia-repeat" Switch
    t =   705.92s Find the Target Application 'com.parlor.app.debug'
    t =   705.94s Get number of matches for: Elements matching predicate '"parlor-dsc01-overlay" IN identifiers'
    t =   705.98s Get number of matches for: Elements matching predicate '"parlor-dsc01-overlay" IN identifiers'
    t =   706.01s Find the "parlor-dsc01-overlay" Any
    t =   706.04s Checking existence of `Alert (First Match)`
    t =   706.23s Checking existence of `Keyboard (First Match)`
    t =   706.66s Get number of matches for: Elements matching predicate '"l08-mafia-repeat" IN identifiers'
    t =   706.71s Find the "l08-mafia-repeat" Any
    t =   706.94s Find the "l08-mafia-repeat" Switch
    t =   707.22s Find the "l08-mafia-repeat" Switch
    t =   707.47s Find the Target Application 'com.parlor.app.debug'
    t =   707.51s Get number of matches for: Elements matching predicate '"parlor-dsc01-overlay" IN identifiers'
    t =   707.55s Get number of matches for: Elements matching predicate '"parlor-dsc01-overlay" IN identifiers'
    t =   707.58s Find the "parlor-dsc01-overlay" Any
    t =   707.62s Checking existence of `Alert (First Match)`
    t =   707.73s Checking existence of `Keyboard (First Match)`
    t =   708.26s Get number of matches for: Elements matching predicate '"l08-mafia-repeat" IN identifiers'
    t =   708.29s Find the "l08-mafia-repeat" Any
    t =   708.45s Find the "l08-mafia-repeat" Switch
    t =   708.62s Find the "l08-mafia-repeat" Switch
    t =   708.85s Find the Target Application 'com.parlor.app.debug'
    t =   708.87s Get number of matches for: Elements matching predicate '"parlor-dsc01-overlay" IN identifiers'
    t =   708.91s Get number of matches for: Elements matching predicate '"parlor-dsc01-overlay" IN identifiers'
    t =   708.94s Find the "parlor-dsc01-overlay" Any
    t =   708.98s Checking existence of `Alert (First Match)`
    t =   709.11s Checking existence of `Keyboard (First Match)`
    t =   709.22s Get number of matches for: Elements matching predicate '"l08-mafia-repeat" IN identifiers'
    t =   709.26s Get number of matches for: Elements matching predicate '"l08-mafia-repeat" IN identifiers'
    t =   709.30s Find the "l08-mafia-repeat" Any
    t =   709.46s Find the "l08-mafia-repeat" Switch
    t =   709.63s Find the "l08-mafia-repeat" Switch
    t =   709.82s Find the Target Application 'com.parlor.app.debug'
    t =   709.84s Get number of matches for: Elements matching predicate '"parlor-dsc01-overlay" IN identifiers'
    t =   709.88s Get number of matches for: Elements matching predicate '"parlor-dsc01-overlay" IN identifiers'
    t =   709.92s Find the "parlor-dsc01-overlay" Any
    t =   709.96s Checking existence of `Alert (First Match)`
    t =   710.11s Checking existence of `Keyboard (First Match)`
    t =   710.51s Get number of matches for: Elements matching predicate '"l08-mafia-repeat" IN identifiers'
    t =   710.54s Find the "l08-mafia-repeat" Any
    t =   710.88s Find the "l08-mafia-repeat" Switch
    t =   711.30s Find the "l08-mafia-repeat" Switch
    t =   711.50s Find the Target Application 'com.parlor.app.debug'
    t =   711.53s Get number of matches for: Elements matching predicate '"parlor-dsc01-overlay" IN identifiers'
    t =   711.57s Get number of matches for: Elements matching predicate '"parlor-dsc01-overlay" IN identifiers'
    t =   711.61s Find the "parlor-dsc01-overlay" Any
    t =   711.65s Checking existence of `Alert (First Match)`
    t =   711.83s Checking existence of `Keyboard (First Match)`
    t =   712.33s Get number of matches for: Elements matching predicate '"l08-mafia-repeat" IN identifiers'
    t =   712.37s Find the "l08-mafia-repeat" Any
    t =   712.55s Find the "l08-mafia-repeat" Switch
    t =   712.73s Find the "l08-mafia-repeat" Switch
    t =   712.98s Find the Target Application 'com.parlor.app.debug'
    t =   713.04s Get number of matches for: Elements matching predicate '"parlor-dsc01-overlay" IN identifiers'
    t =   713.10s Get number of matches for: Elements matching predicate '"parlor-dsc01-overlay" IN identifiers'
    t =   713.15s Find the "parlor-dsc01-overlay" Any
    t =   713.19s Checking existence of `Alert (First Match)`
    t =   713.40s Checking existence of `Keyboard (First Match)`
    t =   713.89s Get number of matches for: Elements matching predicate '"l08-mafia-repeat" IN identifiers'
    t =   713.95s Find the "l08-mafia-repeat" Any
    t =   714.27s Find the "l08-mafia-repeat" Switch
    t =   714.57s Find the "l08-mafia-repeat" Switch
    t =   714.85s Find the Target Application 'com.parlor.app.debug'
    t =   714.88s Get number of matches for: Elements matching predicate '"parlor-dsc01-overlay" IN identifiers'
    t =   714.92s Get number of matches for: Elements matching predicate '"parlor-dsc01-overlay" IN identifiers'
    t =   714.97s Find the "parlor-dsc01-overlay" Any
    t =   715.03s Checking existence of `Alert (First Match)`
    t =   715.20s Checking existence of `Keyboard (First Match)`
    t =   715.78s Get number of matches for: Elements matching predicate '"l08-mafia-repeat" IN identifiers'
    t =   715.81s Find the "l08-mafia-repeat" Any
    t =   715.98s Find the "l08-mafia-repeat" Switch
    t =   716.16s Find the "l08-mafia-repeat" Switch
    t =   716.34s Find the Target Application 'com.parlor.app.debug'
    t =   716.37s Get number of matches for: Elements matching predicate '"parlor-dsc01-overlay" IN identifiers'
    t =   716.42s Get number of matches for: Elements matching predicate '"parlor-dsc01-overlay" IN identifiers'
    t =   716.48s Find the "parlor-dsc01-overlay" Any
    t =   716.55s Checking existence of `Alert (First Match)`
    t =   716.67s Checking existence of `Keyboard (First Match)`
    t =   717.08s Get number of matches for: Elements matching predicate '"l08-mafia-repeat" IN identifiers'
    t =   717.11s Find the "l08-mafia-repeat" Any
    t =   717.32s Find the "l08-mafia-repeat" Switch
    t =   717.58s Find the "l08-mafia-repeat" Switch
    t =   717.76s Find the Target Application 'com.parlor.app.debug'
    t =   717.77s Get number of matches for: Elements matching predicate '"parlor-dsc01-overlay" IN identifiers'
    t =   717.81s Get number of matches for: Elements matching predicate '"parlor-dsc01-overlay" IN identifiers'
    t =   717.84s Find the "parlor-dsc01-overlay" Any
    t =   717.88s Checking existence of `Alert (First Match)`
    t =   717.97s Checking existence of `Keyboard (First Match)`
    t =   718.14s Get number of matches for: Elements matching predicate '"l08-mafia-repeat" IN identifiers'
    t =   718.18s Get number of matches for: Elements matching predicate '"l08-mafia-repeat" IN identifiers'
    t =   718.22s Find the "l08-mafia-repeat" Any
    t =   718.58s Find the "l08-mafia-repeat" Switch
    t =   718.91s Find the "l08-mafia-repeat" Switch
    t =   719.12s Find the Target Application 'com.parlor.app.debug'
    t =   719.15s Get number of matches for: Elements matching predicate '"parlor-dsc01-overlay" IN identifiers'
    t =   719.19s Get number of matches for: Elements matching predicate '"parlor-dsc01-overlay" IN identifiers'
    t =   719.25s Find the "parlor-dsc01-overlay" Any
    t =   719.30s Checking existence of `Alert (First Match)`
    t =   719.48s Checking existence of `Keyboard (First Match)`
    t =   719.88s Get number of matches for: Elements matching predicate '"l08-mafia-repeat" IN identifiers'
    t =   719.93s Find the "l08-mafia-repeat" Any
    t =   720.17s Find the "l08-mafia-repeat" Switch
    t =   720.57s Find the "l08-mafia-repeat" Switch
    t =   720.83s Find the Target Application 'com.parlor.app.debug'
    t =   720.85s Get number of matches for: Elements matching predicate '"parlor-dsc01-overlay" IN identifiers'
    t =   720.89s Get number of matches for: Elements matching predicate '"parlor-dsc01-overlay" IN identifiers'
    t =   720.92s Find the "parlor-dsc01-overlay" Any
    t =   720.94s Checking existence of `Alert (First Match)`
    t =   721.07s Checking existence of `Keyboard (First Match)`
    t =   721.29s Find the "l08-mafia-repeat" Any
    t =   721.67s Find the "l08-mafia-repeat" Switch
    t =   721.87s Tap "l08-mafia-repeat" Switch[0.50, 0.50]
    t =   721.87s     Wait for com.parlor.app.debug to idle
    t =   721.88s     Find the "l08-mafia-repeat" Switch
    t =   722.13s     Check for interrupting elements affecting "l08-mafia-repeat" Switch
    t =   722.26s     Synthesize event
    t =   722.27s         Find the "l08-mafia-repeat" Switch
    t =   722.56s         Find the "l08-mafia-repeat" Switch
    t =   722.83s         Find the "l08-mafia-repeat" Switch
    t =   723.33s     Wait for com.parlor.app.debug to idle
    t =   723.34s Get number of matches for: Elements matching predicate '"l08-mafia-start" IN identifiers'
    t =   723.47s Find the "l08-mafia-start" Any
    t =   723.82s Find the "l08-mafia-start" Button
    t =   724.09s Find the "l08-mafia-start" Button
    t =   724.28s Find the Target Application 'com.parlor.app.debug'
    t =   724.30s Get number of matches for: Elements matching predicate '"parlor-dsc01-overlay" IN identifiers'
    t =   724.33s Get number of matches for: Elements matching predicate '"parlor-dsc01-overlay" IN identifiers'
    t =   724.36s Find the "parlor-dsc01-overlay" Any
    t =   724.40s Checking existence of `Alert (First Match)`
    t =   724.51s Checking existence of `Keyboard (First Match)`
    t =   724.89s Get number of matches for: Elements matching predicate '"l08-mafia-start" IN identifiers'
    t =   724.93s Find the "l08-mafia-start" Any
    t =   725.11s Find the "l08-mafia-start" Button
    t =   725.35s Find the "l08-mafia-start" Button
    t =   725.63s Find the Target Application 'com.parlor.app.debug'
    t =   725.68s Get number of matches for: Elements matching predicate '"parlor-dsc01-overlay" IN identifiers'
    t =   725.73s Get number of matches for: Elements matching predicate '"parlor-dsc01-overlay" IN identifiers'
    t =   725.84s Find the "parlor-dsc01-overlay" Any
    t =   725.90s Checking existence of `Alert (First Match)`
    t =   726.09s Checking existence of `Keyboard (First Match)`
    t =   726.51s Get number of matches for: Elements matching predicate '"l08-mafia-start" IN identifiers'
    t =   726.55s Find the "l08-mafia-start" Any
    t =   726.76s Find the "l08-mafia-start" Button
    t =   727.09s Find the "l08-mafia-start" Button
    t =   727.39s Find the Target Application 'com.parlor.app.debug'
    t =   727.42s Get number of matches for: Elements matching predicate '"parlor-dsc01-overlay" IN identifiers'
    t =   727.45s Get number of matches for: Elements matching predicate '"parlor-dsc01-overlay" IN identifiers'
    t =   727.48s Find the "parlor-dsc01-overlay" Any
    t =   727.52s Checking existence of `Alert (First Match)`
    t =   727.64s Checking existence of `Keyboard (First Match)`
    t =   728.04s Get number of matches for: Elements matching predicate '"l08-mafia-start" IN identifiers'
    t =   728.08s Find the "l08-mafia-start" Any
    t =   728.35s Find the "l08-mafia-start" Button
    t =   728.63s Find the "l08-mafia-start" Button
    t =   728.83s Find the Target Application 'com.parlor.app.debug'
    t =   728.84s Get number of matches for: Elements matching predicate '"parlor-dsc01-overlay" IN identifiers'
    t =   728.88s Get number of matches for: Elements matching predicate '"parlor-dsc01-overlay" IN identifiers'
    t =   728.92s Find the "parlor-dsc01-overlay" Any
    t =   728.94s Checking existence of `Alert (First Match)`
    t =   729.08s Checking existence of `Keyboard (First Match)`
    t =   729.54s Get number of matches for: Elements matching predicate '"l08-mafia-start" IN identifiers'
    t =   729.59s Find the "l08-mafia-start" Any
    t =   730.10s Find the "l08-mafia-start" Button
    t =   730.54s Find the "l08-mafia-start" Button
    t =   731.27s Find the Target Application 'com.parlor.app.debug'
    t =   731.31s Get number of matches for: Elements matching predicate '"parlor-dsc01-overlay" IN identifiers'
    t =   731.36s Get number of matches for: Elements matching predicate '"parlor-dsc01-overlay" IN identifiers'
    t =   731.42s Find the "parlor-dsc01-overlay" Any
    t =   731.54s Checking existence of `Alert (First Match)`
    t =   731.99s Checking existence of `Keyboard (First Match)`
    t =   732.49s Get number of matches for: Elements matching predicate '"l08-mafia-start" IN identifiers'
    t =   732.52s Find the "l08-mafia-start" Any
    t =   733.07s Find the "l08-mafia-start" Button
    t =   733.92s Find the "l08-mafia-start" Button
    t =   734.32s Find the Target Application 'com.parlor.app.debug'
    t =   734.36s Get number of matches for: Elements matching predicate '"parlor-dsc01-overlay" IN identifiers'
    t =   734.43s Get number of matches for: Elements matching predicate '"parlor-dsc01-overlay" IN identifiers'
    t =   734.47s Find the "parlor-dsc01-overlay" Any
    t =   734.53s Checking existence of `Alert (First Match)`
    t =   734.83s Checking existence of `Keyboard (First Match)`
    t =   735.13s Swipe up Target Application 'com.parlor.app.debug'
    t =   735.13s     Wait for com.parlor.app.debug to idle
    t =   735.14s     Find the Target Application 'com.parlor.app.debug'
    t =   735.18s     Check for interrupting elements affecting "Parlor" Application
    t =   735.23s     Synthesize event
    t =   735.72s     Wait for com.parlor.app.debug to idle
    t =   735.74s Get number of matches for: Elements matching predicate '"l08-mafia-start" IN identifiers'
    t =   735.81s Find the "l08-mafia-start" Any
    t =   736.64s Find the "l08-mafia-start" Button
    t =   737.22s Find the "l08-mafia-start" Button
    t =   737.62s Find the Target Application 'com.parlor.app.debug'
    t =   737.66s Get number of matches for: Elements matching predicate '"parlor-dsc01-overlay" IN identifiers'
    t =   737.71s Get number of matches for: Elements matching predicate '"parlor-dsc01-overlay" IN identifiers'
    t =   737.81s Find the "parlor-dsc01-overlay" Any
    t =   737.87s Checking existence of `Alert (First Match)`
    t =   738.07s Checking existence of `Keyboard (First Match)`
    t =   738.62s Get number of matches for: Elements matching predicate '"l08-mafia-start" IN identifiers'
    t =   738.66s Find the "l08-mafia-start" Any
    t =   739.49s Find the "l08-mafia-start" Button
    t =   740.14s Find the "l08-mafia-start" Button
    t =   740.64s Find the Target Application 'com.parlor.app.debug'
    t =   740.67s Get number of matches for: Elements matching predicate '"parlor-dsc01-overlay" IN identifiers'
    t =   740.71s Get number of matches for: Elements matching predicate '"parlor-dsc01-overlay" IN identifiers'
    t =   740.75s Find the "parlor-dsc01-overlay" Any
    t =   740.82s Checking existence of `Alert (First Match)`
    t =   741.18s Checking existence of `Keyboard (First Match)`
    t =   741.63s Get number of matches for: Elements matching predicate '"l08-mafia-start" IN identifiers'
    t =   741.74s Find the "l08-mafia-start" Any
    t =   742.52s Find the "l08-mafia-start" Button
    t =   742.96s Find the "l08-mafia-start" Button
    t =   743.31s Find the Target Application 'com.parlor.app.debug'
    t =   743.35s Get number of matches for: Elements matching predicate '"parlor-dsc01-overlay" IN identifiers'
    t =   743.38s Get number of matches for: Elements matching predicate '"parlor-dsc01-overlay" IN identifiers'
    t =   743.42s Find the "parlor-dsc01-overlay" Any
    t =   743.49s Checking existence of `Alert (First Match)`
    t =   743.79s Checking existence of `Keyboard (First Match)`
    t =   744.28s Get number of matches for: Elements matching predicate '"l08-mafia-start" IN identifiers'
    t =   744.31s Find the "l08-mafia-start" Any
    t =   745.23s Find the "l08-mafia-start" Button
    t =   746.11s Find the "l08-mafia-start" Button
    t =   747.12s Find the Target Application 'com.parlor.app.debug'
    t =   747.18s Get number of matches for: Elements matching predicate '"parlor-dsc01-overlay" IN identifiers'
    t =   747.31s Get number of matches for: Elements matching predicate '"parlor-dsc01-overlay" IN identifiers'
    t =   747.35s Find the "parlor-dsc01-overlay" Any
    t =   747.48s Checking existence of `Alert (First Match)`
    t =   747.93s Checking existence of `Keyboard (First Match)`
    t =   748.36s Get number of matches for: Elements matching predicate '"l08-mafia-start" IN identifiers'
    t =   748.42s Find the "l08-mafia-start" Any
    t =   749.05s Find the "l08-mafia-start" Button
    t =   749.92s Find the "l08-mafia-start" Button
    t =   751.14s Find the Target Application 'com.parlor.app.debug'
    t =   751.23s Get number of matches for: Elements matching predicate '"parlor-dsc01-overlay" IN identifiers'
    t =   751.35s Get number of matches for: Elements matching predicate '"parlor-dsc01-overlay" IN identifiers'
    t =   751.47s Find the "parlor-dsc01-overlay" Any
    t =   751.56s Checking existence of `Alert (First Match)`
    t =   752.03s Checking existence of `Keyboard (First Match)`
    t =   752.53s Get number of matches for: Elements matching predicate '"l08-mafia-start" IN identifiers'
    t =   752.79s Find the "l08-mafia-start" Any
    t =   754.03s Find the "l08-mafia-start" Button
    t =   755.22s Find the "l08-mafia-start" Button
    t =   756.00s Find the Target Application 'com.parlor.app.debug'
    t =   756.09s Get number of matches for: Elements matching predicate '"parlor-dsc01-overlay" IN identifiers'
    t =   756.26s Get number of matches for: Elements matching predicate '"parlor-dsc01-overlay" IN identifiers'
    t =   756.31s Find the "parlor-dsc01-overlay" Any
    t =   756.51s Checking existence of `Alert (First Match)`
    t =   757.09s Checking existence of `Keyboard (First Match)`
    t =   757.48s Swipe up Target Application 'com.parlor.app.debug'
    t =   757.48s     Wait for com.parlor.app.debug to idle
    t =   757.48s     Find the Target Application 'com.parlor.app.debug'
    t =   757.54s     Check for interrupting elements affecting "Parlor" Application
    t =   757.61s     Synthesize event
    t =   758.13s     Wait for com.parlor.app.debug to idle
    t =   758.14s Get number of matches for: Elements matching predicate '"l08-mafia-start" IN identifiers'
    t =   758.22s Find the "l08-mafia-start" Any
    t =   758.73s Find the "l08-mafia-start" Button
    t =   759.33s Find the "l08-mafia-start" Button
    t =   759.65s Find the Target Application 'com.parlor.app.debug'
    t =   759.69s Get number of matches for: Elements matching predicate '"parlor-dsc01-overlay" IN identifiers'
    t =   759.75s Get number of matches for: Elements matching predicate '"parlor-dsc01-overlay" IN identifiers'
    t =   759.79s Find the "parlor-dsc01-overlay" Any
    t =   759.84s Checking existence of `Alert (First Match)`
    t =   760.10s Checking existence of `Keyboard (First Match)`
    t =   760.59s Get number of matches for: Elements matching predicate '"l08-mafia-start" IN identifiers'
    t =   760.64s Find the "l08-mafia-start" Any
    t =   761.04s Find the "l08-mafia-start" Button
    t =   761.48s Find the "l08-mafia-start" Button
    t =   761.80s Find the Target Application 'com.parlor.app.debug'
    t =   761.81s Get number of matches for: Elements matching predicate '"parlor-dsc01-overlay" IN identifiers'
    t =   761.86s Get number of matches for: Elements matching predicate '"parlor-dsc01-overlay" IN identifiers'
    t =   761.90s Find the "parlor-dsc01-overlay" Any
    t =   761.92s Checking existence of `Alert (First Match)`
    t =   762.09s Checking existence of `Keyboard (First Match)`
    t =   762.49s Get number of matches for: Elements matching predicate '"l08-mafia-start" IN identifiers'
    t =   762.53s Find the "l08-mafia-start" Any
    t =   762.86s Find the "l08-mafia-start" Button
    t =   763.28s Find the "l08-mafia-start" Button
    t =   763.52s Find the Target Application 'com.parlor.app.debug'
    t =   763.55s Get number of matches for: Elements matching predicate '"parlor-dsc01-overlay" IN identifiers'
    t =   763.57s Get number of matches for: Elements matching predicate '"parlor-dsc01-overlay" IN identifiers'
    t =   763.60s Find the "parlor-dsc01-overlay" Any
    t =   763.62s Checking existence of `Alert (First Match)`
    t =   763.72s Checking existence of `Keyboard (First Match)`
    t =   764.08s Get number of matches for: Elements matching predicate '"l08-mafia-start" IN identifiers'
    t =   764.10s Find the "l08-mafia-start" Any
    t =   764.30s Find the "l08-mafia-start" Button
    t =   764.48s Find the "l08-mafia-start" Button
    t =   764.65s Find the Target Application 'com.parlor.app.debug'
    t =   764.67s Get number of matches for: Elements matching predicate '"parlor-dsc01-overlay" IN identifiers'
    t =   764.69s Get number of matches for: Elements matching predicate '"parlor-dsc01-overlay" IN identifiers'
    t =   764.73s Find the "parlor-dsc01-overlay" Any
    t =   764.75s Checking existence of `Alert (First Match)`
    t =   764.87s Checking existence of `Keyboard (First Match)`
    t =   765.24s Get number of matches for: Elements matching predicate '"l08-mafia-start" IN identifiers'
    t =   765.28s Find the "l08-mafia-start" Any
    t =   765.50s Find the "l08-mafia-start" Button
    t =   765.75s Find the "l08-mafia-start" Button
    t =   765.94s Find the Target Application 'com.parlor.app.debug'
    t =   765.97s Get number of matches for: Elements matching predicate '"parlor-dsc01-overlay" IN identifiers'
    t =   765.99s Get number of matches for: Elements matching predicate '"parlor-dsc01-overlay" IN identifiers'
    t =   766.03s Find the "parlor-dsc01-overlay" Any
    t =   766.05s Checking existence of `Alert (First Match)`
    t =   766.14s Checking existence of `Keyboard (First Match)`
    t =   766.49s Get number of matches for: Elements matching predicate '"l08-mafia-start" IN identifiers'
    t =   766.51s Find the "l08-mafia-start" Any
    t =   766.70s Find the "l08-mafia-start" Button
    t =   766.89s Find the "l08-mafia-start" Button
    t =   767.06s Find the Target Application 'com.parlor.app.debug'
    t =   767.09s Get number of matches for: Elements matching predicate '"parlor-dsc01-overlay" IN identifiers'
    t =   767.14s Get number of matches for: Elements matching predicate '"parlor-dsc01-overlay" IN identifiers'
    t =   767.20s Find the "parlor-dsc01-overlay" Any
    t =   767.23s Checking existence of `Alert (First Match)`
    t =   767.45s Checking existence of `Keyboard (First Match)`
    t =   767.64s Swipe up Target Application 'com.parlor.app.debug'
    t =   767.64s     Wait for com.parlor.app.debug to idle
    t =   767.64s     Find the Target Application 'com.parlor.app.debug'
    t =   767.66s     Check for interrupting elements affecting "Parlor" Application
    t =   767.70s     Synthesize event
    t =   768.19s     Wait for com.parlor.app.debug to idle
    t =   768.20s Get number of matches for: Elements matching predicate '"l08-mafia-start" IN identifiers'
    t =   768.40s Find the "l08-mafia-start" Any
    t =   768.88s Find the "l08-mafia-start" Button
    t =   769.31s Find the "l08-mafia-start" Button
    t =   769.68s Find the Target Application 'com.parlor.app.debug'
    t =   769.73s Get number of matches for: Elements matching predicate '"parlor-dsc01-overlay" IN identifiers'
    t =   769.78s Get number of matches for: Elements matching predicate '"parlor-dsc01-overlay" IN identifiers'
    t =   769.82s Find the "parlor-dsc01-overlay" Any
    t =   769.86s Checking existence of `Alert (First Match)`
    t =   769.99s Checking existence of `Keyboard (First Match)`
    t =   770.40s Get number of matches for: Elements matching predicate '"l08-mafia-start" IN identifiers'
    t =   770.45s Find the "l08-mafia-start" Any
    t =   770.66s Find the "l08-mafia-start" Button
    t =   770.90s Find the "l08-mafia-start" Button
    t =   771.12s Find the Target Application 'com.parlor.app.debug'
    t =   771.14s Get number of matches for: Elements matching predicate '"parlor-dsc01-overlay" IN identifiers'
    t =   771.17s Get number of matches for: Elements matching predicate '"parlor-dsc01-overlay" IN identifiers'
    t =   771.19s Find the "parlor-dsc01-overlay" Any
    t =   771.23s Checking existence of `Alert (First Match)`
    t =   771.38s Checking existence of `Keyboard (First Match)`
    t =   771.73s Get number of matches for: Elements matching predicate '"l08-mafia-start" IN identifiers'
    t =   771.77s Find the "l08-mafia-start" Any
    t =   772.02s Find the "l08-mafia-start" Button
    t =   772.33s Find the "l08-mafia-start" Button
    t =   772.58s Find the Target Application 'com.parlor.app.debug'
    t =   772.60s Get number of matches for: Elements matching predicate '"parlor-dsc01-overlay" IN identifiers'
    t =   772.63s Get number of matches for: Elements matching predicate '"parlor-dsc01-overlay" IN identifiers'
    t =   772.67s Find the "parlor-dsc01-overlay" Any
    t =   772.71s Checking existence of `Alert (First Match)`
    t =   772.91s Checking existence of `Keyboard (First Match)`
    t =   773.48s Get number of matches for: Elements matching predicate '"l08-mafia-start" IN identifiers'
    t =   773.55s Find the "l08-mafia-start" Any
    t =   773.97s Find the "l08-mafia-start" Button
    t =   774.63s Find the "l08-mafia-start" Button
    t =   775.22s Find the Target Application 'com.parlor.app.debug'
    t =   775.25s Get number of matches for: Elements matching predicate '"parlor-dsc01-overlay" IN identifiers'
    t =   775.28s Get number of matches for: Elements matching predicate '"parlor-dsc01-overlay" IN identifiers'
    t =   775.31s Find the "parlor-dsc01-overlay" Any
    t =   775.35s Checking existence of `Alert (First Match)`
    t =   775.58s Checking existence of `Keyboard (First Match)`
    t =   776.19s Get number of matches for: Elements matching predicate '"l08-mafia-start" IN identifiers'
    t =   776.24s Find the "l08-mafia-start" Any
    t =   776.64s Find the "l08-mafia-start" Button
    t =   777.20s Find the "l08-mafia-start" Button
    t =   777.57s Find the Target Application 'com.parlor.app.debug'
    t =   777.60s Get number of matches for: Elements matching predicate '"parlor-dsc01-overlay" IN identifiers'
    t =   777.69s Get number of matches for: Elements matching predicate '"parlor-dsc01-overlay" IN identifiers'
    t =   777.79s Find the "parlor-dsc01-overlay" Any
    t =   777.87s Checking existence of `Alert (First Match)`
    t =   778.12s Checking existence of `Keyboard (First Match)`
    t =   778.56s Get number of matches for: Elements matching predicate '"l08-mafia-start" IN identifiers'
    t =   778.61s Find the "l08-mafia-start" Any
    t =   778.97s Find the "l08-mafia-start" Button
    t =   779.29s Find the "l08-mafia-start" Button
    t =   779.60s Find the Target Application 'com.parlor.app.debug'
    t =   779.62s Get number of matches for: Elements matching predicate '"parlor-dsc01-overlay" IN identifiers'
    t =   779.67s Get number of matches for: Elements matching predicate '"parlor-dsc01-overlay" IN identifiers'
    t =   779.70s Find the "parlor-dsc01-overlay" Any
    t =   779.73s Checking existence of `Alert (First Match)`
    t =   779.84s Checking existence of `Keyboard (First Match)`
    t =   779.93s Get number of matches for: Elements matching predicate '"l08-mafia-start" IN identifiers'
    t =   779.96s Find the "l08-mafia-start" Any
    t =   780.14s Find the "l08-mafia-start" Button
    t =   780.48s Find the "l08-mafia-start" Button
    t =   780.80s Find the Target Application 'com.parlor.app.debug'
    t =   780.83s Get number of matches for: Elements matching predicate '"parlor-dsc01-overlay" IN identifiers'
    t =   780.87s Get number of matches for: Elements matching predicate '"parlor-dsc01-overlay" IN identifiers'
    t =   780.89s Find the "parlor-dsc01-overlay" Any
    t =   780.92s Checking existence of `Alert (First Match)`
    t =   781.04s Checking existence of `Keyboard (First Match)`
    t =   781.39s Get number of matches for: Elements matching predicate '"l08-mafia-start" IN identifiers'
    t =   781.43s Find the "l08-mafia-start" Any
    t =   781.71s Find the "l08-mafia-start" Button
    t =   782.00s Find the "l08-mafia-start" Button
    t =   782.26s Find the Target Application 'com.parlor.app.debug'
    t =   782.29s Get number of matches for: Elements matching predicate '"parlor-dsc01-overlay" IN identifiers'
    t =   782.34s Get number of matches for: Elements matching predicate '"parlor-dsc01-overlay" IN identifiers'
    t =   782.37s Find the "parlor-dsc01-overlay" Any
    t =   782.41s Checking existence of `Alert (First Match)`
    t =   782.54s Checking existence of `Keyboard (First Match)`
    t =   782.93s Get number of matches for: Elements matching predicate '"l08-mafia-start" IN identifiers'
    t =   782.97s Find the "l08-mafia-start" Any
    t =   783.22s Find the "l08-mafia-start" Button
    t =   783.69s Find the "l08-mafia-start" Button
    t =   783.94s Find the Target Application 'com.parlor.app.debug'
    t =   783.95s Get number of matches for: Elements matching predicate '"parlor-dsc01-overlay" IN identifiers'
    t =   783.97s Get number of matches for: Elements matching predicate '"parlor-dsc01-overlay" IN identifiers'
    t =   784.00s Find the "parlor-dsc01-overlay" Any
    t =   784.02s Checking existence of `Alert (First Match)`
    t =   784.08s Checking existence of `Keyboard (First Match)`
    t =   784.40s Get number of matches for: Elements matching predicate '"l08-mafia-start" IN identifiers'
    t =   784.43s Find the "l08-mafia-start" Any
    t =   784.58s Find the "l08-mafia-start" Button
    t =   784.84s Find the "l08-mafia-start" Button
    t =   785.01s Find the Target Application 'com.parlor.app.debug'
    t =   785.03s Get number of matches for: Elements matching predicate '"parlor-dsc01-overlay" IN identifiers'
    t =   785.06s Get number of matches for: Elements matching predicate '"parlor-dsc01-overlay" IN identifiers'
    t =   785.10s Find the "parlor-dsc01-overlay" Any
    t =   785.14s Checking existence of `Alert (First Match)`
    t =   785.28s Checking existence of `Keyboard (First Match)`
    t =   785.63s Get number of matches for: Elements matching predicate '"l08-mafia-start" IN identifiers'
    t =   785.65s Find the "l08-mafia-start" Any
    t =   785.82s Find the "l08-mafia-start" Button
    t =   785.98s Find the "l08-mafia-start" Button
    t =   786.16s Find the Target Application 'com.parlor.app.debug'
    t =   786.18s Get number of matches for: Elements matching predicate '"parlor-dsc01-overlay" IN identifiers'
    t =   786.21s Get number of matches for: Elements matching predicate '"parlor-dsc01-overlay" IN identifiers'
    t =   786.25s Find the "parlor-dsc01-overlay" Any
    t =   786.28s Checking existence of `Alert (First Match)`
    t =   786.35s Checking existence of `Keyboard (First Match)`
    t =   786.68s Get number of matches for: Elements matching predicate '"l08-mafia-start" IN identifiers'
    t =   786.72s Find the "l08-mafia-start" Any
    t =   786.88s Find the "l08-mafia-start" Button
    t =   787.05s Find the "l08-mafia-start" Button
    t =   787.23s Find the Target Application 'com.parlor.app.debug'
    t =   787.26s Get number of matches for: Elements matching predicate '"parlor-dsc01-overlay" IN identifiers'
    t =   787.29s Get number of matches for: Elements matching predicate '"parlor-dsc01-overlay" IN identifiers'
    t =   787.32s Find the "parlor-dsc01-overlay" Any
    t =   787.35s Checking existence of `Alert (First Match)`
    t =   787.45s Checking existence of `Keyboard (First Match)`
    t =   787.52s Get number of matches for: Elements matching predicate '"l08-mafia-start" IN identifiers'
    t =   787.55s Get number of matches for: Elements matching predicate '"l08-mafia-start" IN identifiers'
    t =   787.59s Find the "l08-mafia-start" Any
    t =   787.81s Find the "l08-mafia-start" Button
    t =   788.17s Find the "l08-mafia-start" Button
    t =   788.38s Find the Target Application 'com.parlor.app.debug'
    t =   788.42s Get number of matches for: Elements matching predicate '"parlor-dsc01-overlay" IN identifiers'
    t =   788.45s Get number of matches for: Elements matching predicate '"parlor-dsc01-overlay" IN identifiers'
    t =   788.48s Find the "parlor-dsc01-overlay" Any
    t =   788.51s Checking existence of `Alert (First Match)`
    t =   788.62s Checking existence of `Keyboard (First Match)`
    t =   788.98s Get number of matches for: Elements matching predicate '"l08-mafia-start" IN identifiers'
    t =   789.01s Find the "l08-mafia-start" Any
    t =   789.23s Find the "l08-mafia-start" Button
    t =   789.44s Find the "l08-mafia-start" Button
    t =   789.62s Find the Target Application 'com.parlor.app.debug'
    t =   789.64s Get number of matches for: Elements matching predicate '"parlor-dsc01-overlay" IN identifiers'
    t =   789.67s Get number of matches for: Elements matching predicate '"parlor-dsc01-overlay" IN identifiers'
    t =   789.70s Find the "parlor-dsc01-overlay" Any
    t =   789.72s Checking existence of `Alert (First Match)`
    t =   789.83s Checking existence of `Keyboard (First Match)`
    t =   789.94s Find the "l08-mafia-start" Any
    t =   790.22s Find the "l08-mafia-start" Button
    t =   790.42s Tap "l08-mafia-start" Button[0.50, 0.50]
    t =   790.42s     Wait for com.parlor.app.debug to idle
    t =   790.42s     Find the "l08-mafia-start" Button
    t =   790.61s     Check for interrupting elements affecting "l08-mafia-start" Button
    t =   790.71s     Synthesize event
    t =   790.72s         Find the "l08-mafia-start" Button
    t =   791.04s         Find the "l08-mafia-start" Button
    t =   791.20s         Find the "l08-mafia-start" Button
    t =   791.68s     Wait for com.parlor.app.debug to idle
    t =   791.68s Waiting 15.0s for "l08-host-next" Any to exist
    t =   792.73s     Checking `Expect predicate `existsNoRetry == 1` for object "l08-host-next" Any`
    t =   792.73s         Checking existence of `"l08-host-next" Any`
    t =   792.83s Get number of matches for: Elements matching predicate '"l08-host-next" IN identifiers'
    t =   793.88s Checking existence of `"l08-host-next" Any`
    t =   793.99s Find the "l08-host-next" Any
    t =   794.09s Find the "l08-host-next" Button
    t =   794.20s Tap "l08-host-next" Button
    t =   794.20s     Wait for com.parlor.app.debug to idle
    t =   794.21s     Find the "l08-host-next" Button
    t =   794.28s     Check for interrupting elements affecting "l08-host-next" Button
    t =   794.32s     Synthesize event
    t =   794.63s     Wait for com.parlor.app.debug to idle
    t =   794.81s Waiting 10.0s for "l08-host-result" StaticText to exist
    t =   795.84s     Checking `Expect predicate `existsNoRetry == 1` for object "l08-host-result" StaticText`
    t =   795.84s         Checking existence of `"l08-host-result" StaticText`
    t =   796.91s Find the "l08-host-result" StaticText
    t =   796.95s Find the "l08-host-result" StaticText
    t =   796.98s Checking existence of `Alert (First Match)`
    t =   797.03s Waiting 10.0s for "parlor-dsc01-state" StaticText to exist
    t =   798.06s     Checking `Expect predicate `existsNoRetry == 1` for object "parlor-dsc01-state" StaticText`
    t =   798.06s         Checking existence of `"parlor-dsc01-state" StaticText`
    t =   798.09s Find the "parlor-dsc01-state" StaticText
    t =   798.11s Tap "parlor-dsc01-observe" Button
    t =   798.11s     Wait for com.parlor.app.debug to idle
    t =   798.13s     Find the "parlor-dsc01-observe" Button
    t =   798.17s     Check for interrupting elements affecting "parlor-dsc01-observe" Button
    t =   798.20s     Synthesize event
    t =   798.54s     Wait for com.parlor.app.debug to idle
    t =   799.58s Find the "parlor-dsc01-state" StaticText
    t =   799.61s Waiting 10.0s for "parlor-dsc01-state" StaticText to exist
    t =   800.65s     Checking `Expect predicate `existsNoRetry == 1` for object "parlor-dsc01-state" StaticText`
    t =   800.65s         Checking existence of `"parlor-dsc01-state" StaticText`
    t =   800.66s Find the "parlor-dsc01-state" StaticText
    t =   800.68s Waiting 15.0s for "l08-host-next" Any to exist
    t =   801.71s     Checking `Expect predicate `existsNoRetry == 1` for object "l08-host-next" Any`
    t =   801.71s         Checking existence of `"l08-host-next" Any`
    t =   801.77s Get number of matches for: Elements matching predicate '"l08-host-next" IN identifiers'
    t =   802.84s Checking existence of `"l08-host-next" Any`
    t =   802.89s Find the "l08-host-next" Any
    t =   802.94s Find the "l08-host-next" Button
    t =   803.05s Tap "l08-host-next" Button
    t =   803.05s     Wait for com.parlor.app.debug to idle
    t =   803.05s     Find the "l08-host-next" Button
    t =   803.11s     Check for interrupting elements affecting "l08-host-next" Button
    t =   803.15s     Synthesize event
    t =   803.48s     Wait for com.parlor.app.debug to idle
    t =   803.51s Waiting 10.0s for "l08-host-result" StaticText to exist
    t =   804.54s     Checking `Expect predicate `existsNoRetry == 1` for object "l08-host-result" StaticText`
    t =   804.55s         Checking existence of `"l08-host-result" StaticText`
    t =   805.58s Find the "l08-host-result" StaticText
    t =   805.60s Find the "l08-host-result" StaticText
    t =   805.62s Checking existence of `Alert (First Match)`
    t =   805.70s Waiting 10.0s for "parlor-dsc01-state" StaticText to exist
    t =   806.75s     Checking `Expect predicate `existsNoRetry == 1` for object "parlor-dsc01-state" StaticText`
    t =   806.75s         Checking existence of `"parlor-dsc01-state" StaticText`
    t =   806.77s Find the "parlor-dsc01-state" StaticText
    t =   806.80s Tap "parlor-dsc01-observe" Button
    t =   806.80s     Wait for com.parlor.app.debug to idle
    t =   806.80s     Find the "parlor-dsc01-observe" Button
    t =   806.85s     Check for interrupting elements affecting "parlor-dsc01-observe" Button
    t =   806.89s     Synthesize event
    t =   807.21s     Wait for com.parlor.app.debug to idle
    t =   808.25s Find the "parlor-dsc01-state" StaticText
    t =   808.28s Waiting 10.0s for "parlor-dsc01-state" StaticText to exist
    t =   809.31s     Checking `Expect predicate `existsNoRetry == 1` for object "parlor-dsc01-state" StaticText`
    t =   809.31s         Checking existence of `"parlor-dsc01-state" StaticText`
    t =   809.33s Find the "parlor-dsc01-state" StaticText
    t =   809.36s Pressing Home button
    t =   809.81s Wait for com.parlor.app.debug to become Running Background
    t =   810.70s Open com.parlor.app.debug
    t =   810.70s     Activate com.parlor.app.debug
    t =   811.08s         Wait for com.parlor.app.debug to idle
    t =   811.20s Wait for com.parlor.app.debug to become Running Foreground
    t =   811.20s Waiting 15.0s for "l08-host-next" Any to exist
    t =   812.21s     Checking `Expect predicate `existsNoRetry == 1` for object "l08-host-next" Any`
    t =   812.21s         Checking existence of `"l08-host-next" Any`
    t =   812.31s Get number of matches for: Elements matching predicate '"l08-host-next" IN identifiers'
    t =   813.34s Checking existence of `"l08-host-next" Any`
    t =   813.43s Find the "l08-host-next" Any
    t =   813.49s Find the "l08-host-next" Button
    t =   813.59s Tap "l08-host-next" Button
    t =   813.59s     Wait for com.parlor.app.debug to idle
    t =   813.60s     Find the "l08-host-next" Button
    t =   813.68s     Check for interrupting elements affecting "l08-host-next" Button
    t =   813.76s     Synthesize event
    t =   814.06s     Wait for com.parlor.app.debug to idle
    t =   814.21s Waiting 10.0s for "l08-host-result" StaticText to exist
    t =   815.24s     Checking `Expect predicate `existsNoRetry == 1` for object "l08-host-result" StaticText`
    t =   815.24s         Checking existence of `"l08-host-result" StaticText`
    t =   816.29s Find the "l08-host-result" StaticText
    t =   816.33s Find the "l08-host-result" StaticText
    t =   816.37s Checking existence of `Alert (First Match)`
    t =   816.44s Waiting 10.0s for "parlor-dsc01-state" StaticText to exist
    t =   817.46s     Checking `Expect predicate `existsNoRetry == 1` for object "parlor-dsc01-state" StaticText`
    t =   817.46s         Checking existence of `"parlor-dsc01-state" StaticText`
    t =   817.49s Find the "parlor-dsc01-state" StaticText
    t =   817.52s Tap "parlor-dsc01-observe" Button
    t =   817.53s     Wait for com.parlor.app.debug to idle
    t =   817.53s     Find the "parlor-dsc01-observe" Button
    t =   817.56s     Check for interrupting elements affecting "parlor-dsc01-observe" Button
    t =   817.61s     Synthesize event
    t =   817.91s     Wait for com.parlor.app.debug to idle
    t =   818.93s Find the "parlor-dsc01-state" StaticText
    t =   818.97s Waiting 10.0s for "parlor-dsc01-state" StaticText to exist
    t =   820.00s     Checking `Expect predicate `existsNoRetry == 1` for object "parlor-dsc01-state" StaticText`
    t =   820.00s         Checking existence of `"parlor-dsc01-state" StaticText`
    t =   820.02s Find the "parlor-dsc01-state" StaticText
    t =   820.04s Waiting 15.0s for "l08-host-next" Any to exist
    t =   821.08s     Checking `Expect predicate `existsNoRetry == 1` for object "l08-host-next" Any`
    t =   821.08s         Checking existence of `"l08-host-next" Any`
    t =   821.29s Get number of matches for: Elements matching predicate '"l08-host-next" IN identifiers'
    t =   822.36s Checking existence of `"l08-host-next" Any`
    t =   822.41s Find the "l08-host-next" Any
    t =   822.45s Find the "l08-host-next" Button
    t =   822.52s Tap "l08-host-next" Button
    t =   822.52s     Wait for com.parlor.app.debug to idle
    t =   822.53s     Find the "l08-host-next" Button
    t =   822.57s     Check for interrupting elements affecting "l08-host-next" Button
    t =   822.60s     Synthesize event
    t =   822.91s     Wait for com.parlor.app.debug to idle
    t =   822.91s Waiting 10.0s for "l08-host-result" StaticText to exist
    t =   823.94s     Checking `Expect predicate `existsNoRetry == 1` for object "l08-host-result" StaticText`
    t =   823.94s         Checking existence of `"l08-host-result" StaticText`
    t =   824.98s Find the "l08-host-result" StaticText
    t =   825.01s Find the "l08-host-result" StaticText
    t =   825.03s Checking existence of `Alert (First Match)`
    t =   825.08s Waiting 10.0s for "parlor-dsc01-state" StaticText to exist
    t =   826.11s     Checking `Expect predicate `existsNoRetry == 1` for object "parlor-dsc01-state" StaticText`
    t =   826.11s         Checking existence of `"parlor-dsc01-state" StaticText`
    t =   826.13s Find the "parlor-dsc01-state" StaticText
    t =   826.16s Tap "parlor-dsc01-observe" Button
    t =   826.16s     Wait for com.parlor.app.debug to idle
    t =   826.17s     Find the "parlor-dsc01-observe" Button
    t =   826.21s     Check for interrupting elements affecting "parlor-dsc01-observe" Button
    t =   826.26s     Synthesize event
    t =   826.56s     Wait for com.parlor.app.debug to idle
    t =   827.60s Find the "parlor-dsc01-state" StaticText
    t =   827.63s Waiting 10.0s for "parlor-dsc01-state" StaticText to exist
    t =   828.66s     Checking `Expect predicate `existsNoRetry == 1` for object "parlor-dsc01-state" StaticText`
    t =   828.66s         Checking existence of `"parlor-dsc01-state" StaticText`
    t =   828.69s Find the "parlor-dsc01-state" StaticText
    t =   828.72s Waiting 15.0s for "l08-host-next" Any to exist
    t =   829.76s     Checking `Expect predicate `existsNoRetry == 1` for object "l08-host-next" Any`
    t =   829.76s         Checking existence of `"l08-host-next" Any`
    t =   830.02s Get number of matches for: Elements matching predicate '"l08-host-next" IN identifiers'
    t =   831.08s Checking existence of `"l08-host-next" Any`
    t =   831.27s Find the "l08-host-next" Any
    t =   831.50s Find the "l08-host-next" Button
    t =   831.80s Tap "l08-host-next" Button
    t =   831.80s     Wait for com.parlor.app.debug to idle
    t =   831.81s     Find the "l08-host-next" Button
    t =   832.07s     Check for interrupting elements affecting "l08-host-next" Button
    t =   832.20s     Synthesize event
    t =   832.51s     Wait for com.parlor.app.debug to idle
    t =   832.63s Waiting 10.0s for "l08-host-result" StaticText to exist
    t =   833.66s     Checking `Expect predicate `existsNoRetry == 1` for object "l08-host-result" StaticText`
    t =   833.66s         Checking existence of `"l08-host-result" StaticText`
    t =   834.78s Find the "l08-host-result" StaticText
    t =   834.83s Find the "l08-host-result" StaticText
    t =   834.87s Checking existence of `Alert (First Match)`
    t =   834.96s Waiting 10.0s for "parlor-dsc01-state" StaticText to exist
    t =   836.00s     Checking `Expect predicate `existsNoRetry == 1` for object "parlor-dsc01-state" StaticText`
    t =   836.00s         Checking existence of `"parlor-dsc01-state" StaticText`
    t =   836.03s Find the "parlor-dsc01-state" StaticText
    t =   836.07s Tap "parlor-dsc01-observe" Button
    t =   836.07s     Wait for com.parlor.app.debug to idle
    t =   836.07s     Find the "parlor-dsc01-observe" Button
    t =   836.12s     Check for interrupting elements affecting "parlor-dsc01-observe" Button
    t =   836.16s     Synthesize event
    t =   836.48s     Wait for com.parlor.app.debug to idle
    t =   837.51s Find the "parlor-dsc01-state" StaticText
    t =   837.57s Waiting 10.0s for "parlor-dsc01-state" StaticText to exist
    t =   838.58s     Checking `Expect predicate `existsNoRetry == 1` for object "parlor-dsc01-state" StaticText`
    t =   838.58s         Checking existence of `"parlor-dsc01-state" StaticText`
    t =   838.61s Find the "parlor-dsc01-state" StaticText
    t =   838.66s Pressing Home button
    t =   839.13s Wait for com.parlor.app.debug to become Running Background
    t =   840.31s Open com.parlor.app.debug
    t =   840.31s     Activate com.parlor.app.debug
    t =   840.57s         Wait for com.parlor.app.debug to idle
    t =   840.73s Wait for com.parlor.app.debug to become Running Foreground
    t =   840.73s Waiting 15.0s for "l08-host-next" Any to exist
    t =   841.78s     Checking `Expect predicate `existsNoRetry == 1` for object "l08-host-next" Any`
    t =   841.78s         Checking existence of `"l08-host-next" Any`
    t =   841.93s Get number of matches for: Elements matching predicate '"l08-host-next" IN identifiers'
    t =   843.03s Checking existence of `"l08-host-next" Any`
    t =   843.12s Find the "l08-host-next" Any
    t =   843.23s Find the "l08-host-next" Button
    t =   843.35s Tap "l08-host-next" Button
    t =   843.35s     Wait for com.parlor.app.debug to idle
    t =   843.37s     Find the "l08-host-next" Button
    t =   843.46s     Check for interrupting elements affecting "l08-host-next" Button
    t =   843.53s     Synthesize event
    t =   843.85s     Wait for com.parlor.app.debug to idle
    t =   843.99s Waiting 10.0s for "l08-host-result" StaticText to exist
    t =   845.01s     Checking `Expect predicate `existsNoRetry == 1` for object "l08-host-result" StaticText`
    t =   845.01s         Checking existence of `"l08-host-result" StaticText`
    t =   846.04s Find the "l08-host-result" StaticText
    t =   846.11s Find the "l08-host-result" StaticText
    t =   846.14s Checking existence of `Alert (First Match)`
    t =   846.32s Waiting 10.0s for "parlor-dsc01-state" StaticText to exist
    t =   847.36s     Checking `Expect predicate `existsNoRetry == 1` for object "parlor-dsc01-state" StaticText`
    t =   847.36s         Checking existence of `"parlor-dsc01-state" StaticText`
    t =   847.43s Find the "parlor-dsc01-state" StaticText
    t =   847.48s Tap "parlor-dsc01-observe" Button
    t =   847.48s     Wait for com.parlor.app.debug to idle
    t =   847.48s     Find the "parlor-dsc01-observe" Button
    t =   847.53s     Check for interrupting elements affecting "parlor-dsc01-observe" Button
    t =   847.57s     Synthesize event
    t =   847.89s     Wait for com.parlor.app.debug to idle
    t =   848.91s Find the "parlor-dsc01-state" StaticText
    t =   848.96s Waiting 10.0s for "parlor-dsc01-state" StaticText to exist
    t =   849.98s     Checking `Expect predicate `existsNoRetry == 1` for object "parlor-dsc01-state" StaticText`
    t =   849.98s         Checking existence of `"parlor-dsc01-state" StaticText`
    t =   850.02s Find the "parlor-dsc01-state" StaticText
    t =   850.05s Waiting 15.0s for "l08-host-next" Any to exist
    t =   851.08s     Checking `Expect predicate `existsNoRetry == 1` for object "l08-host-next" Any`
    t =   851.08s         Checking existence of `"l08-host-next" Any`
    t =   851.20s Get number of matches for: Elements matching predicate '"l08-host-next" IN identifiers'
    t =   852.26s Checking existence of `"l08-host-next" Any`
    t =   852.37s Find the "l08-host-next" Any
    t =   852.45s Find the "l08-host-next" Button
    t =   852.57s Tap "l08-host-next" Button
    t =   852.58s     Wait for com.parlor.app.debug to idle
    t =   852.58s     Find the "l08-host-next" Button
    t =   852.72s     Check for interrupting elements affecting "l08-host-next" Button
    t =   852.80s     Synthesize event
    t =   853.11s     Wait for com.parlor.app.debug to idle
    t =   853.27s Waiting 10.0s for "l08-host-result" StaticText to exist
    t =   854.31s     Checking `Expect predicate `existsNoRetry == 1` for object "l08-host-result" StaticText`
    t =   854.31s         Checking existence of `"l08-host-result" StaticText`
    t =   855.34s Find the "l08-host-result" StaticText
    t =   855.38s Find the "l08-host-result" StaticText
    t =   855.42s Checking existence of `Alert (First Match)`
    t =   855.49s Waiting 10.0s for "parlor-dsc01-state" StaticText to exist
    t =   856.52s     Checking `Expect predicate `existsNoRetry == 1` for object "parlor-dsc01-state" StaticText`
    t =   856.52s         Checking existence of `"parlor-dsc01-state" StaticText`
    t =   856.55s Find the "parlor-dsc01-state" StaticText
    t =   856.59s Tap "parlor-dsc01-observe" Button
    t =   856.59s     Wait for com.parlor.app.debug to idle
    t =   856.60s     Find the "parlor-dsc01-observe" Button
    t =   856.62s     Check for interrupting elements affecting "parlor-dsc01-observe" Button
    t =   856.66s     Synthesize event
    t =   856.97s     Wait for com.parlor.app.debug to idle
    t =   858.02s Find the "parlor-dsc01-state" StaticText
    t =   858.06s Waiting 10.0s for "parlor-dsc01-state" StaticText to exist
    t =   859.08s     Checking `Expect predicate `existsNoRetry == 1` for object "parlor-dsc01-state" StaticText`
    t =   859.08s         Checking existence of `"parlor-dsc01-state" StaticText`
    t =   859.11s Find the "parlor-dsc01-state" StaticText
    t =   859.18s Waiting 15.0s for "l08-host-next" Any to exist
    t =   860.21s     Checking `Expect predicate `existsNoRetry == 1` for object "l08-host-next" Any`
    t =   860.21s         Checking existence of `"l08-host-next" Any`
    t =   860.31s Get number of matches for: Elements matching predicate '"l08-host-next" IN identifiers'
    t =   861.38s Checking existence of `"l08-host-next" Any`
    t =   861.48s Find the "l08-host-next" Any
    t =   861.57s Find the "l08-host-next" Button
    t =   861.71s Tap "l08-host-next" Button
    t =   861.71s     Wait for com.parlor.app.debug to idle
    t =   861.72s     Find the "l08-host-next" Button
    t =   862.00s     Check for interrupting elements affecting "l08-host-next" Button
    t =   862.14s     Synthesize event
    t =   862.46s     Wait for com.parlor.app.debug to idle
    t =   862.64s Waiting 10.0s for "l08-host-result" StaticText to exist
    t =   863.64s     Checking `Expect predicate `existsNoRetry == 1` for object "l08-host-result" StaticText`
    t =   863.64s         Checking existence of `"l08-host-result" StaticText`
    t =   864.71s Find the "l08-host-result" StaticText
    t =   864.77s Find the "l08-host-result" StaticText
    t =   864.81s Checking existence of `Alert (First Match)`
    t =   864.93s Waiting 10.0s for "parlor-dsc01-state" StaticText to exist
    t =   865.98s     Checking `Expect predicate `existsNoRetry == 1` for object "parlor-dsc01-state" StaticText`
    t =   865.98s         Checking existence of `"parlor-dsc01-state" StaticText`
    t =   866.01s Find the "parlor-dsc01-state" StaticText
    t =   866.06s Tap "parlor-dsc01-observe" Button
    t =   866.06s     Wait for com.parlor.app.debug to idle
    t =   866.06s     Find the "parlor-dsc01-observe" Button
    t =   866.08s     Check for interrupting elements affecting "parlor-dsc01-observe" Button
    t =   866.14s     Synthesize event
    t =   866.44s     Wait for com.parlor.app.debug to idle
    t =   867.48s Find the "parlor-dsc01-state" StaticText
    t =   867.53s Waiting 10.0s for "parlor-dsc01-state" StaticText to exist
    t =   868.56s     Checking `Expect predicate `existsNoRetry == 1` for object "parlor-dsc01-state" StaticText`
    t =   868.56s         Checking existence of `"parlor-dsc01-state" StaticText`
    t =   868.59s Find the "parlor-dsc01-state" StaticText
    t =   868.66s Waiting 15.0s for "l08-host-next" Any to exist
    t =   869.71s     Checking `Expect predicate `existsNoRetry == 1` for object "l08-host-next" Any`
    t =   869.71s         Checking existence of `"l08-host-next" Any`
    t =   869.79s Get number of matches for: Elements matching predicate '"l08-host-next" IN identifiers'
    t =   870.86s Checking existence of `"l08-host-next" Any`
    t =   870.97s Find the "l08-host-next" Any
    t =   871.09s Find the "l08-host-next" Button
    t =   871.22s Tap "l08-host-next" Button
    t =   871.22s     Wait for com.parlor.app.debug to idle
    t =   871.22s     Find the "l08-host-next" Button
    t =   871.29s     Check for interrupting elements affecting "l08-host-next" Button
    t =   871.34s     Synthesize event
    t =   871.65s     Wait for com.parlor.app.debug to idle
    t =   871.76s Waiting 10.0s for "l08-host-result" StaticText to exist
    t =   872.78s     Checking `Expect predicate `existsNoRetry == 1` for object "l08-host-result" StaticText`
    t =   872.78s         Checking existence of `"l08-host-result" StaticText`
    t =   873.89s Find the "l08-host-result" StaticText
    t =   873.93s Find the "l08-host-result" StaticText
    t =   873.95s Checking existence of `Alert (First Match)`
    t =   874.00s Waiting 10.0s for "parlor-dsc01-state" StaticText to exist
    t =   875.05s     Checking `Expect predicate `existsNoRetry == 1` for object "parlor-dsc01-state" StaticText`
    t =   875.05s         Checking existence of `"parlor-dsc01-state" StaticText`
    t =   875.09s Find the "parlor-dsc01-state" StaticText
    t =   875.12s Tap "parlor-dsc01-observe" Button
    t =   875.12s     Wait for com.parlor.app.debug to idle
    t =   875.13s     Find the "parlor-dsc01-observe" Button
    t =   875.15s     Check for interrupting elements affecting "parlor-dsc01-observe" Button
    t =   875.18s     Synthesize event
    t =   875.48s     Wait for com.parlor.app.debug to idle
    t =   876.51s Find the "parlor-dsc01-state" StaticText
    t =   876.54s Waiting 10.0s for "parlor-dsc01-state" StaticText to exist
    t =   877.58s     Checking `Expect predicate `existsNoRetry == 1` for object "parlor-dsc01-state" StaticText`
    t =   877.58s         Checking existence of `"parlor-dsc01-state" StaticText`
    t =   877.59s Find the "parlor-dsc01-state" StaticText
    t =   877.61s Pressing Home button
    t =   878.08s Wait for com.parlor.app.debug to become Running Background
    t =   878.94s Open com.parlor.app.debug
    t =   878.94s     Activate com.parlor.app.debug
    t =   879.62s         Wait for com.parlor.app.debug to idle
    t =   879.62s Wait for com.parlor.app.debug to become Running Foreground
    t =   879.62s Waiting 15.0s for "l08-host-next" Any to exist
    t =   880.64s     Checking `Expect predicate `existsNoRetry == 1` for object "l08-host-next" Any`
    t =   880.64s         Checking existence of `"l08-host-next" Any`
    t =   880.84s Get number of matches for: Elements matching predicate '"l08-host-next" IN identifiers'
    t =   881.98s Checking existence of `"l08-host-next" Any`
    t =   882.07s Find the "l08-host-next" Any
    t =   882.14s Find the "l08-host-next" Button
    t =   882.28s Tap "l08-host-next" Button
    t =   882.28s     Wait for com.parlor.app.debug to idle
    t =   882.29s     Find the "l08-host-next" Button
    t =   882.44s     Check for interrupting elements affecting "l08-host-next" Button
    t =   882.51s     Synthesize event
    t =   882.82s     Wait for com.parlor.app.debug to idle
    t =   882.91s Waiting 10.0s for "l08-host-result" StaticText to exist
    t =   883.94s     Checking `Expect predicate `existsNoRetry == 1` for object "l08-host-result" StaticText`
    t =   883.94s         Checking existence of `"l08-host-result" StaticText`
    t =   884.98s Find the "l08-host-result" StaticText
    t =   885.00s Find the "l08-host-result" StaticText
    t =   885.02s Checking existence of `Alert (First Match)`
    t =   885.06s Waiting 10.0s for "parlor-dsc01-state" StaticText to exist
    t =   886.11s     Checking `Expect predicate `existsNoRetry == 1` for object "parlor-dsc01-state" StaticText`
    t =   886.11s         Checking existence of `"parlor-dsc01-state" StaticText`
    t =   886.14s Find the "parlor-dsc01-state" StaticText
    t =   886.15s Tap "parlor-dsc01-observe" Button
    t =   886.15s     Wait for com.parlor.app.debug to idle
    t =   886.15s     Find the "parlor-dsc01-observe" Button
    t =   886.18s     Check for interrupting elements affecting "parlor-dsc01-observe" Button
    t =   886.20s     Synthesize event
    t =   886.49s     Wait for com.parlor.app.debug to idle
    t =   887.54s Find the "parlor-dsc01-state" StaticText
    t =   887.57s Waiting 10.0s for "parlor-dsc01-state" StaticText to exist
    t =   888.60s     Checking `Expect predicate `existsNoRetry == 1` for object "parlor-dsc01-state" StaticText`
    t =   888.60s         Checking existence of `"parlor-dsc01-state" StaticText`
    t =   888.61s Find the "parlor-dsc01-state" StaticText
    t =   888.64s Waiting 15.0s for "l08-host-next" Any to exist
    t =   889.68s     Checking `Expect predicate `existsNoRetry == 1` for object "l08-host-next" Any`
    t =   889.68s         Checking existence of `"l08-host-next" Any`
    t =   889.73s Get number of matches for: Elements matching predicate '"l08-host-next" IN identifiers'
    t =   890.78s Checking existence of `"l08-host-next" Any`
    t =   890.82s Find the "l08-host-next" Any
    t =   890.87s Find the "l08-host-next" Button
    t =   890.93s Tap "l08-host-next" Button
    t =   890.93s     Wait for com.parlor.app.debug to idle
    t =   890.93s     Find the "l08-host-next" Button
    t =   890.97s     Check for interrupting elements affecting "l08-host-next" Button
    t =   891.00s     Synthesize event
    t =   891.30s     Wait for com.parlor.app.debug to idle
    t =   891.30s Waiting 10.0s for "l08-host-result" StaticText to exist
    t =   892.31s     Checking `Expect predicate `existsNoRetry == 1` for object "l08-host-result" StaticText`
    t =   892.31s         Checking existence of `"l08-host-result" StaticText`
    t =   893.34s Find the "l08-host-result" StaticText
    t =   893.37s Find the "l08-host-result" StaticText
    t =   893.38s Checking existence of `Alert (First Match)`
    t =   893.44s Waiting 10.0s for "parlor-dsc01-state" StaticText to exist
    t =   894.48s     Checking `Expect predicate `existsNoRetry == 1` for object "parlor-dsc01-state" StaticText`
    t =   894.48s         Checking existence of `"parlor-dsc01-state" StaticText`
    t =   894.50s Find the "parlor-dsc01-state" StaticText
    t =   894.52s Tap "parlor-dsc01-observe" Button
    t =   894.52s     Wait for com.parlor.app.debug to idle
    t =   894.52s     Find the "parlor-dsc01-observe" Button
    t =   894.54s     Check for interrupting elements affecting "parlor-dsc01-observe" Button
    t =   894.55s     Synthesize event
    t =   894.86s     Wait for com.parlor.app.debug to idle
    t =   895.90s Find the "parlor-dsc01-state" StaticText
    t =   895.93s Waiting 10.0s for "parlor-dsc01-state" StaticText to exist
    t =   896.96s     Checking `Expect predicate `existsNoRetry == 1` for object "parlor-dsc01-state" StaticText`
    t =   896.96s         Checking existence of `"parlor-dsc01-state" StaticText`
    t =   896.98s Find the "parlor-dsc01-state" StaticText
    t =   897.01s Waiting 15.0s for "l08-host-next" Any to exist
    t =   898.04s     Checking `Expect predicate `existsNoRetry == 1` for object "l08-host-next" Any`
    t =   898.04s         Checking existence of `"l08-host-next" Any`
    t =   898.11s Get number of matches for: Elements matching predicate '"l08-host-next" IN identifiers'
    t =   899.18s Checking existence of `"l08-host-next" Any`
    t =   899.26s Find the "l08-host-next" Any
    t =   899.37s Find the "l08-host-next" Button
    t =   899.47s Tap "l08-host-next" Button
    t =   899.47s     Wait for com.parlor.app.debug to idle
    t =   899.48s     Find the "l08-host-next" Button
    t =   899.56s     Check for interrupting elements affecting "l08-host-next" Button
    t =   899.62s     Synthesize event
    t =   899.91s     Wait for com.parlor.app.debug to idle
    t =   899.92s Waiting 10.0s for "l08-host-result" StaticText to exist
    t =   900.94s     Checking `Expect predicate `existsNoRetry == 1` for object "l08-host-result" StaticText`
    t =   900.94s         Checking existence of `"l08-host-result" StaticText`
    t =   902.00s Find the "l08-host-result" StaticText
    t =   902.02s Find the "l08-host-result" StaticText
    t =   902.04s Checking existence of `Alert (First Match)`
    t =   902.08s Waiting 10.0s for "parlor-dsc01-state" StaticText to exist
    t =   903.11s     Checking `Expect predicate `existsNoRetry == 1` for object "parlor-dsc01-state" StaticText`
    t =   903.11s         Checking existence of `"parlor-dsc01-state" StaticText`
    t =   903.15s Find the "parlor-dsc01-state" StaticText
    t =   903.17s Tap "parlor-dsc01-observe" Button
    t =   903.17s     Wait for com.parlor.app.debug to idle
    t =   903.18s     Find the "parlor-dsc01-observe" Button
    t =   903.21s     Check for interrupting elements affecting "parlor-dsc01-observe" Button
    t =   903.24s     Synthesize event
    t =   903.56s     Wait for com.parlor.app.debug to idle
    t =   904.60s Find the "parlor-dsc01-state" StaticText
    t =   904.61s Waiting 10.0s for "parlor-dsc01-state" StaticText to exist
    t =   905.63s     Checking `Expect predicate `existsNoRetry == 1` for object "parlor-dsc01-state" StaticText`
    t =   905.63s         Checking existence of `"parlor-dsc01-state" StaticText`
    t =   905.64s Find the "parlor-dsc01-state" StaticText
    t =   905.67s Waiting 15.0s for "l08-host-next" Any to exist
    t =   906.71s     Checking `Expect predicate `existsNoRetry == 1` for object "l08-host-next" Any`
    t =   906.71s         Checking existence of `"l08-host-next" Any`
    t =   906.77s Get number of matches for: Elements matching predicate '"l08-host-next" IN identifiers'
    t =   907.86s Checking existence of `"l08-host-next" Any`
    t =   907.97s Find the "l08-host-next" Any
    t =   908.08s Find the "l08-host-next" Button
    t =   908.17s Tap "l08-host-next" Button
    t =   908.17s     Wait for com.parlor.app.debug to idle
    t =   908.18s     Find the "l08-host-next" Button
    t =   908.34s     Check for interrupting elements affecting "l08-host-next" Button
    t =   908.42s     Synthesize event
    t =   908.71s     Wait for com.parlor.app.debug to idle
    t =   908.84s Waiting 10.0s for "l08-host-result" StaticText to exist
    t =   909.88s     Checking `Expect predicate `existsNoRetry == 1` for object "l08-host-result" StaticText`
    t =   909.88s         Checking existence of `"l08-host-result" StaticText`
    t =   910.94s Find the "l08-host-result" StaticText
    t =   911.00s Find the "l08-host-result" StaticText
    t =   911.03s Checking existence of `Alert (First Match)`
    t =   911.14s Waiting 10.0s for "parlor-dsc01-state" StaticText to exist
    t =   912.18s     Checking `Expect predicate `existsNoRetry == 1` for object "parlor-dsc01-state" StaticText`
    t =   912.18s         Checking existence of `"parlor-dsc01-state" StaticText`
    t =   912.21s Find the "parlor-dsc01-state" StaticText
    t =   912.25s Tap "parlor-dsc01-observe" Button
    t =   912.25s     Wait for com.parlor.app.debug to idle
    t =   912.25s     Find the "parlor-dsc01-observe" Button
    t =   912.28s     Check for interrupting elements affecting "parlor-dsc01-observe" Button
    t =   912.32s     Synthesize event
    t =   912.64s     Wait for com.parlor.app.debug to idle
    t =   913.66s Find the "parlor-dsc01-state" StaticText
    t =   913.69s Waiting 10.0s for "parlor-dsc01-state" StaticText to exist
    t =   914.71s     Checking `Expect predicate `existsNoRetry == 1` for object "parlor-dsc01-state" StaticText`
    t =   914.71s         Checking existence of `"parlor-dsc01-state" StaticText`
    t =   914.73s Find the "parlor-dsc01-state" StaticText
    t =   914.76s Checking existence of `Alert (First Match)`
PARLOR_L08_HOST_BOOT {"actions":["prepare","capture","language-en","cycle-1","resume-1","language-ar","cycle-2","resume-2","remount","language-system","cycle-3","resume-3","active-ack","leave"],"alert_present":false,"boot_ordinal":2,"foreground":true,"process_boot":"DF8879E1-16D0-45C1-9249-32A16B100D00","run_token":"217002BD-D169-40FC-8138-AB4831656E8D","schema_version":1}
    t =   914.86s Terminate com.parlor.app.debug:39599
    t =   915.95s Wait for com.parlor.app.debug to become Not Running
    t =   915.95s Open com.parlor.app.debug
    t =   915.95s     Launch com.parlor.app.debug
    t =   916.41s         Setting up automation session
    t =   918.01s         Wait for com.parlor.app.debug to idle
    t =   919.68s Wait for com.parlor.app.debug to become Running Foreground
    t =   919.68s Waiting 30.0s for "parlor-home-brand" StaticText to exist
    t =   920.77s     Checking `Expect predicate `existsNoRetry == 1` for object "parlor-home-brand" StaticText`
    t =   920.77s         Checking existence of `"parlor-home-brand" StaticText`
    t =   920.84s Waiting 10.0s for "parlor-dsc01-observe" Button to exist
    t =   921.86s     Checking `Expect predicate `existsNoRetry == 1` for object "parlor-dsc01-observe" Button`
    t =   921.86s         Checking existence of `"parlor-dsc01-observe" Button`
    t =   921.88s Checking existence of `Alert (First Match)`
    t =   921.93s Waiting 10.0s for "parlor-dsc01-state" StaticText to exist
    t =   922.98s     Checking `Expect predicate `existsNoRetry == 1` for object "parlor-dsc01-state" StaticText`
    t =   922.98s         Checking existence of `"parlor-dsc01-state" StaticText`
    t =   923.00s Find the "parlor-dsc01-state" StaticText
    t =   923.02s Tap "parlor-dsc01-observe" Button
    t =   923.02s     Wait for com.parlor.app.debug to idle
    t =   923.02s     Find the "parlor-dsc01-observe" Button
    t =   923.05s     Check for interrupting elements affecting "parlor-dsc01-observe" Button
    t =   923.08s     Synthesize event
    t =   923.38s     Wait for com.parlor.app.debug to idle
    t =   924.41s Find the "parlor-dsc01-state" StaticText
    t =   924.44s Waiting 10.0s for "parlor-dsc01-state" StaticText to exist
    t =   925.48s     Checking `Expect predicate `existsNoRetry == 1` for object "parlor-dsc01-state" StaticText`
    t =   925.48s         Checking existence of `"parlor-dsc01-state" StaticText`
    t =   925.50s Find the "parlor-dsc01-state" StaticText
    t =   925.52s Waiting 10.0s for "parlor-dsc01-state" StaticText to exist
    t =   926.54s     Checking `Expect predicate `existsNoRetry == 1` for object "parlor-dsc01-state" StaticText`
    t =   926.54s         Checking existence of `"parlor-dsc01-state" StaticText`
    t =   926.56s Find the "parlor-dsc01-state" StaticText
    t =   926.58s Tap "parlor-dsc01-observe" Button
    t =   926.58s     Wait for com.parlor.app.debug to idle
    t =   926.58s     Find the "parlor-dsc01-observe" Button
    t =   926.61s     Check for interrupting elements affecting "parlor-dsc01-observe" Button
    t =   926.64s     Synthesize event
    t =   926.93s     Wait for com.parlor.app.debug to idle
    t =   927.98s Find the "parlor-dsc01-state" StaticText
    t =   928.00s Waiting 10.0s for "parlor-dsc01-state" StaticText to exist
    t =   929.01s     Checking `Expect predicate `existsNoRetry == 1` for object "parlor-dsc01-state" StaticText`
    t =   929.01s         Checking existence of `"parlor-dsc01-state" StaticText`
    t =   929.04s Find the "parlor-dsc01-state" StaticText
    t =   929.06s Waiting 15.0s for "l08-host-next" Any to exist
    t =   930.09s     Checking `Expect predicate `existsNoRetry == 1` for object "l08-host-next" Any`
    t =   930.09s         Checking existence of `"l08-host-next" Any`
    t =   930.19s Get number of matches for: Elements matching predicate '"l08-host-next" IN identifiers'
    t =   931.30s Checking existence of `"l08-host-next" Any`
    t =   931.33s Find the "l08-host-next" Any
    t =   931.37s Find the "l08-host-next" Button
    t =   931.42s Tap "l08-host-next" Button
    t =   931.42s     Wait for com.parlor.app.debug to idle
    t =   931.42s     Find the "l08-host-next" Button
    t =   931.45s     Check for interrupting elements affecting "l08-host-next" Button
    t =   931.48s     Synthesize event
    t =   931.77s     Wait for com.parlor.app.debug to idle
    t =   931.90s Waiting 10.0s for "l08-host-result" StaticText to exist
    t =   932.91s     Checking `Expect predicate `existsNoRetry == 1` for object "l08-host-result" StaticText`
    t =   932.91s         Checking existence of `"l08-host-result" StaticText`
    t =   933.99s Find the "l08-host-result" StaticText
    t =   934.01s Find the "l08-host-result" StaticText
    t =   934.03s Checking existence of `Alert (First Match)`
    t =   934.09s Waiting 10.0s for "parlor-dsc01-state" StaticText to exist
    t =   935.13s     Checking `Expect predicate `existsNoRetry == 1` for object "parlor-dsc01-state" StaticText`
    t =   935.13s         Checking existence of `"parlor-dsc01-state" StaticText`
    t =   935.15s Find the "parlor-dsc01-state" StaticText
    t =   935.17s Tap "parlor-dsc01-observe" Button
    t =   935.17s     Wait for com.parlor.app.debug to idle
    t =   935.18s     Find the "parlor-dsc01-observe" Button
    t =   935.20s     Check for interrupting elements affecting "parlor-dsc01-observe" Button
    t =   935.23s     Synthesize event
    t =   935.53s     Wait for com.parlor.app.debug to idle
    t =   936.58s Find the "parlor-dsc01-state" StaticText
    t =   936.62s Waiting 10.0s for "parlor-dsc01-state" StaticText to exist
    t =   937.66s     Checking `Expect predicate `existsNoRetry == 1` for object "parlor-dsc01-state" StaticText`
    t =   937.67s         Checking existence of `"parlor-dsc01-state" StaticText`
    t =   937.74s Find the "parlor-dsc01-state" StaticText
    t =   937.77s Get number of matches for: Elements matching predicate '"l08-mafia-repeat" IN identifiers'
    t =   937.79s Find the "l08-mafia-repeat" Any
    t =   937.93s Find the "l08-mafia-repeat" Switch
    t =   938.03s Find the "l08-mafia-repeat" Switch
    t =   938.11s Find the Target Application 'com.parlor.app.debug'
    t =   938.12s Get number of matches for: Elements matching predicate '"parlor-dsc01-overlay" IN identifiers'
    t =   938.14s Get number of matches for: Elements matching predicate '"parlor-dsc01-overlay" IN identifiers'
    t =   938.19s Find the "parlor-dsc01-overlay" Any
    t =   938.22s Checking existence of `Alert (First Match)`
    t =   938.31s Checking existence of `Keyboard (First Match)`
    t =   938.66s Get number of matches for: Elements matching predicate '"l08-mafia-repeat" IN identifiers'
    t =   938.69s Find the "l08-mafia-repeat" Any
    t =   938.82s Find the "l08-mafia-repeat" Switch
    t =   938.92s Find the "l08-mafia-repeat" Switch
    t =   939.03s Find the Target Application 'com.parlor.app.debug'
    t =   939.05s Get number of matches for: Elements matching predicate '"parlor-dsc01-overlay" IN identifiers'
    t =   939.07s Get number of matches for: Elements matching predicate '"parlor-dsc01-overlay" IN identifiers'
    t =   939.11s Find the "parlor-dsc01-overlay" Any
    t =   939.13s Checking existence of `Alert (First Match)`
    t =   939.21s Checking existence of `Keyboard (First Match)`
    t =   939.58s Get number of matches for: Elements matching predicate '"l08-mafia-repeat" IN identifiers'
    t =   939.61s Find the "l08-mafia-repeat" Any
    t =   939.84s Find the "l08-mafia-repeat" Switch
    t =   940.00s Find the "l08-mafia-repeat" Switch
    t =   940.14s Find the Target Application 'com.parlor.app.debug'
    t =   940.17s Get number of matches for: Elements matching predicate '"parlor-dsc01-overlay" IN identifiers'
    t =   940.21s Get number of matches for: Elements matching predicate '"parlor-dsc01-overlay" IN identifiers'
    t =   940.23s Find the "parlor-dsc01-overlay" Any
    t =   940.26s Checking existence of `Alert (First Match)`
    t =   940.37s Checking existence of `Keyboard (First Match)`
    t =   940.71s Get number of matches for: Elements matching predicate '"l08-mafia-repeat" IN identifiers'
    t =   940.74s Find the "l08-mafia-repeat" Any
    t =   940.85s Find the "l08-mafia-repeat" Switch
    t =   940.97s Find the "l08-mafia-repeat" Switch
    t =   941.06s Find the Target Application 'com.parlor.app.debug'
    t =   941.07s Get number of matches for: Elements matching predicate '"parlor-dsc01-overlay" IN identifiers'
    t =   941.10s Get number of matches for: Elements matching predicate '"parlor-dsc01-overlay" IN identifiers'
    t =   941.13s Find the "parlor-dsc01-overlay" Any
    t =   941.15s Checking existence of `Alert (First Match)`
    t =   941.23s Checking existence of `Keyboard (First Match)`
    t =   941.58s Get number of matches for: Elements matching predicate '"l08-mafia-repeat" IN identifiers'
    t =   941.60s Find the "l08-mafia-repeat" Any
    t =   941.71s Find the "l08-mafia-repeat" Switch
    t =   941.80s Find the "l08-mafia-repeat" Switch
    t =   941.92s Find the Target Application 'com.parlor.app.debug'
    t =   941.93s Get number of matches for: Elements matching predicate '"parlor-dsc01-overlay" IN identifiers'
    t =   941.96s Get number of matches for: Elements matching predicate '"parlor-dsc01-overlay" IN identifiers'
    t =   942.00s Find the "parlor-dsc01-overlay" Any
    t =   942.02s Checking existence of `Alert (First Match)`
    t =   942.09s Checking existence of `Keyboard (First Match)`
    t =   942.43s Get number of matches for: Elements matching predicate '"l08-mafia-repeat" IN identifiers'
    t =   942.46s Find the "l08-mafia-repeat" Any
    t =   942.58s Find the "l08-mafia-repeat" Switch
    t =   942.70s Find the "l08-mafia-repeat" Switch
    t =   942.81s Find the Target Application 'com.parlor.app.debug'
    t =   942.83s Get number of matches for: Elements matching predicate '"parlor-dsc01-overlay" IN identifiers'
    t =   942.85s Get number of matches for: Elements matching predicate '"parlor-dsc01-overlay" IN identifiers'
    t =   942.87s Find the "parlor-dsc01-overlay" Any
    t =   942.89s Checking existence of `Alert (First Match)`
    t =   942.97s Checking existence of `Keyboard (First Match)`
    t =   943.06s Get number of matches for: Elements matching predicate '"l08-mafia-repeat" IN identifiers'
    t =   943.09s Get number of matches for: Elements matching predicate '"l08-mafia-start" IN identifiers'
    t =   943.12s Find the "l08-mafia-start" Any
    t =   943.30s Find the "l08-mafia-start" Button
    t =   943.46s Find the "l08-mafia-start" Button
    t =   943.61s Find the Target Application 'com.parlor.app.debug'
    t =   943.63s Get number of matches for: Elements matching predicate '"parlor-dsc01-overlay" IN identifiers'
    t =   943.66s Get number of matches for: Elements matching predicate '"parlor-dsc01-overlay" IN identifiers'
    t =   943.68s Find the "parlor-dsc01-overlay" Any
    t =   943.70s Checking existence of `Alert (First Match)`
    t =   943.76s Checking existence of `Keyboard (First Match)`
    t =   944.13s Get number of matches for: Elements matching predicate '"l08-mafia-start" IN identifiers'
    t =   944.17s Find the "l08-mafia-start" Any
    t =   944.39s Find the "l08-mafia-start" Button
    t =   944.61s Find the "l08-mafia-start" Button
    t =   944.78s Find the Target Application 'com.parlor.app.debug'
    t =   944.79s Get number of matches for: Elements matching predicate '"parlor-dsc01-overlay" IN identifiers'
    t =   944.81s Get number of matches for: Elements matching predicate '"parlor-dsc01-overlay" IN identifiers'
    t =   944.83s Find the "parlor-dsc01-overlay" Any
    t =   944.85s Checking existence of `Alert (First Match)`
    t =   944.91s Checking existence of `Keyboard (First Match)`
    t =   945.21s Get number of matches for: Elements matching predicate '"l08-mafia-start" IN identifiers'
    t =   945.24s Find the "l08-mafia-start" Any
    t =   945.39s Find the "l08-mafia-start" Button
    t =   945.57s Find the "l08-mafia-start" Button
    t =   945.70s Find the Target Application 'com.parlor.app.debug'
    t =   945.72s Get number of matches for: Elements matching predicate '"parlor-dsc01-overlay" IN identifiers'
    t =   945.75s Get number of matches for: Elements matching predicate '"parlor-dsc01-overlay" IN identifiers'
    t =   945.77s Find the "parlor-dsc01-overlay" Any
    t =   945.79s Checking existence of `Alert (First Match)`
    t =   945.88s Checking existence of `Keyboard (First Match)`
    t =   946.21s Get number of matches for: Elements matching predicate '"l08-mafia-start" IN identifiers'
    t =   946.24s Find the "l08-mafia-start" Any
    t =   946.39s Find the "l08-mafia-start" Button
    t =   946.54s Find the "l08-mafia-start" Button
    t =   946.68s Find the Target Application 'com.parlor.app.debug'
    t =   946.70s Get number of matches for: Elements matching predicate '"parlor-dsc01-overlay" IN identifiers'
    t =   946.74s Get number of matches for: Elements matching predicate '"parlor-dsc01-overlay" IN identifiers'
    t =   946.80s Find the "parlor-dsc01-overlay" Any
    t =   946.83s Checking existence of `Alert (First Match)`
    t =   946.97s Checking existence of `Keyboard (First Match)`
    t =   947.34s Get number of matches for: Elements matching predicate '"l08-mafia-start" IN identifiers'
    t =   947.38s Find the "l08-mafia-start" Any
    t =   947.56s Find the "l08-mafia-start" Button
    t =   947.78s Find the "l08-mafia-start" Button
    t =   948.02s Find the Target Application 'com.parlor.app.debug'
    t =   948.06s Get number of matches for: Elements matching predicate '"parlor-dsc01-overlay" IN identifiers'
    t =   948.09s Get number of matches for: Elements matching predicate '"parlor-dsc01-overlay" IN identifiers'
    t =   948.12s Find the "parlor-dsc01-overlay" Any
    t =   948.14s Checking existence of `Alert (First Match)`
    t =   948.22s Checking existence of `Keyboard (First Match)`
    t =   948.54s Get number of matches for: Elements matching predicate '"l08-mafia-start" IN identifiers'
    t =   948.57s Find the "l08-mafia-start" Any
    t =   948.72s Find the "l08-mafia-start" Button
    t =   948.85s Find the "l08-mafia-start" Button
    t =   948.95s Find the Target Application 'com.parlor.app.debug'
    t =   948.98s Get number of matches for: Elements matching predicate '"parlor-dsc01-overlay" IN identifiers'
    t =   949.00s Get number of matches for: Elements matching predicate '"parlor-dsc01-overlay" IN identifiers'
    t =   949.02s Find the "parlor-dsc01-overlay" Any
    t =   949.04s Checking existence of `Alert (First Match)`
    t =   949.10s Checking existence of `Keyboard (First Match)`
    t =   949.17s Swipe up Target Application 'com.parlor.app.debug'
    t =   949.17s     Wait for com.parlor.app.debug to idle
    t =   949.17s     Find the Target Application 'com.parlor.app.debug'
    t =   949.19s     Check for interrupting elements affecting "Parlor" Application
    t =   949.22s     Synthesize event
    t =   949.71s     Wait for com.parlor.app.debug to idle
    t =   949.72s Get number of matches for: Elements matching predicate '"l08-mafia-start" IN identifiers'
    t =   949.74s Find the "l08-mafia-start" Any
    t =   949.86s Find the "l08-mafia-start" Button
    t =   950.03s Find the "l08-mafia-start" Button
    t =   950.25s Find the Target Application 'com.parlor.app.debug'
    t =   950.28s Get number of matches for: Elements matching predicate '"parlor-dsc01-overlay" IN identifiers'
    t =   950.31s Get number of matches for: Elements matching predicate '"parlor-dsc01-overlay" IN identifiers'
    t =   950.34s Find the "parlor-dsc01-overlay" Any
    t =   950.38s Checking existence of `Alert (First Match)`
    t =   950.49s Checking existence of `Keyboard (First Match)`
    t =   950.83s Get number of matches for: Elements matching predicate '"l08-mafia-start" IN identifiers'
    t =   950.86s Find the "l08-mafia-start" Any
    t =   950.99s Find the "l08-mafia-start" Button
    t =   951.21s Find the "l08-mafia-start" Button
    t =   951.38s Find the Target Application 'com.parlor.app.debug'
    t =   951.42s Get number of matches for: Elements matching predicate '"parlor-dsc01-overlay" IN identifiers'
    t =   951.45s Get number of matches for: Elements matching predicate '"parlor-dsc01-overlay" IN identifiers'
    t =   951.48s Find the "parlor-dsc01-overlay" Any
    t =   951.51s Checking existence of `Alert (First Match)`
    t =   951.60s Checking existence of `Keyboard (First Match)`
    t =   951.94s Get number of matches for: Elements matching predicate '"l08-mafia-start" IN identifiers'
    t =   951.97s Find the "l08-mafia-start" Any
    t =   952.15s Find the "l08-mafia-start" Button
    t =   952.36s Find the "l08-mafia-start" Button
    t =   952.50s Find the Target Application 'com.parlor.app.debug'
    t =   952.52s Get number of matches for: Elements matching predicate '"parlor-dsc01-overlay" IN identifiers'
    t =   952.55s Get number of matches for: Elements matching predicate '"parlor-dsc01-overlay" IN identifiers'
    t =   952.57s Find the "parlor-dsc01-overlay" Any
    t =   952.60s Checking existence of `Alert (First Match)`
    t =   952.74s Checking existence of `Keyboard (First Match)`
    t =   953.11s Get number of matches for: Elements matching predicate '"l08-mafia-start" IN identifiers'
    t =   953.13s Find the "l08-mafia-start" Any
    t =   953.26s Find the "l08-mafia-start" Button
    t =   953.40s Find the "l08-mafia-start" Button
    t =   953.58s Find the Target Application 'com.parlor.app.debug'
    t =   953.60s Get number of matches for: Elements matching predicate '"parlor-dsc01-overlay" IN identifiers'
    t =   953.63s Get number of matches for: Elements matching predicate '"parlor-dsc01-overlay" IN identifiers'
    t =   953.66s Find the "parlor-dsc01-overlay" Any
    t =   953.71s Checking existence of `Alert (First Match)`
    t =   953.80s Checking existence of `Keyboard (First Match)`
    t =   954.16s Get number of matches for: Elements matching predicate '"l08-mafia-start" IN identifiers'
    t =   954.21s Find the "l08-mafia-start" Any
    t =   954.38s Find the "l08-mafia-start" Button
    t =   954.56s Find the "l08-mafia-start" Button
    t =   954.80s Find the Target Application 'com.parlor.app.debug'
    t =   954.82s Get number of matches for: Elements matching predicate '"parlor-dsc01-overlay" IN identifiers'
    t =   954.86s Get number of matches for: Elements matching predicate '"parlor-dsc01-overlay" IN identifiers'
    t =   954.88s Find the "parlor-dsc01-overlay" Any
    t =   954.90s Checking existence of `Alert (First Match)`
    t =   955.04s Checking existence of `Keyboard (First Match)`
    t =   955.38s Get number of matches for: Elements matching predicate '"l08-mafia-start" IN identifiers'
    t =   955.40s Find the "l08-mafia-start" Any
    t =   955.66s Find the "l08-mafia-start" Button
    t =   955.86s Find the "l08-mafia-start" Button
    t =   956.06s Find the Target Application 'com.parlor.app.debug'
    t =   956.09s Get number of matches for: Elements matching predicate '"parlor-dsc01-overlay" IN identifiers'
    t =   956.11s Get number of matches for: Elements matching predicate '"parlor-dsc01-overlay" IN identifiers'
    t =   956.14s Find the "parlor-dsc01-overlay" Any
    t =   956.17s Checking existence of `Alert (First Match)`
    t =   956.28s Checking existence of `Keyboard (First Match)`
    t =   956.42s Swipe up Target Application 'com.parlor.app.debug'
    t =   956.42s     Wait for com.parlor.app.debug to idle
    t =   956.43s     Find the Target Application 'com.parlor.app.debug'
    t =   956.46s     Check for interrupting elements affecting "Parlor" Application
    t =   956.49s     Synthesize event
    t =   957.00s     Wait for com.parlor.app.debug to idle
    t =   957.03s Get number of matches for: Elements matching predicate '"l08-mafia-start" IN identifiers'
    t =   957.06s Find the "l08-mafia-start" Any
    t =   957.31s Find the "l08-mafia-start" Button
    t =   957.53s Find the "l08-mafia-start" Button
    t =   957.77s Find the Target Application 'com.parlor.app.debug'
    t =   957.84s Get number of matches for: Elements matching predicate '"parlor-dsc01-overlay" IN identifiers'
    t =   957.90s Get number of matches for: Elements matching predicate '"parlor-dsc01-overlay" IN identifiers'
    t =   957.96s Find the "parlor-dsc01-overlay" Any
    t =   958.00s Checking existence of `Alert (First Match)`
    t =   958.16s Checking existence of `Keyboard (First Match)`
    t =   958.69s Get number of matches for: Elements matching predicate '"l08-mafia-start" IN identifiers'
    t =   958.75s Find the "l08-mafia-start" Any
    t =   959.01s Find the "l08-mafia-start" Button
    t =   959.35s Find the "l08-mafia-start" Button
    t =   959.66s Find the Target Application 'com.parlor.app.debug'
    t =   959.71s Get number of matches for: Elements matching predicate '"parlor-dsc01-overlay" IN identifiers'
    t =   959.75s Get number of matches for: Elements matching predicate '"parlor-dsc01-overlay" IN identifiers'
    t =   959.79s Find the "parlor-dsc01-overlay" Any
    t =   959.87s Checking existence of `Alert (First Match)`
    t =   960.03s Checking existence of `Keyboard (First Match)`
    t =   960.63s Get number of matches for: Elements matching predicate '"l08-mafia-start" IN identifiers'
    t =   960.68s Find the "l08-mafia-start" Any
    t =   960.99s Find the "l08-mafia-start" Button
    t =   961.36s Find the "l08-mafia-start" Button
    t =   961.77s Find the Target Application 'com.parlor.app.debug'
    t =   961.80s Get number of matches for: Elements matching predicate '"parlor-dsc01-overlay" IN identifiers'
    t =   961.83s Get number of matches for: Elements matching predicate '"parlor-dsc01-overlay" IN identifiers'
    t =   961.88s Find the "parlor-dsc01-overlay" Any
    t =   961.90s Checking existence of `Alert (First Match)`
    t =   962.06s Checking existence of `Keyboard (First Match)`
    t =   962.48s Get number of matches for: Elements matching predicate '"l08-mafia-start" IN identifiers'
    t =   962.52s Find the "l08-mafia-start" Any
    t =   962.69s Find the "l08-mafia-start" Button
    t =   963.00s Find the "l08-mafia-start" Button
    t =   963.20s Find the Target Application 'com.parlor.app.debug'
    t =   963.22s Get number of matches for: Elements matching predicate '"parlor-dsc01-overlay" IN identifiers'
    t =   963.25s Get number of matches for: Elements matching predicate '"parlor-dsc01-overlay" IN identifiers'
    t =   963.27s Find the "parlor-dsc01-overlay" Any
    t =   963.29s Checking existence of `Alert (First Match)`
    t =   963.41s Checking existence of `Keyboard (First Match)`
    t =   963.76s Get number of matches for: Elements matching predicate '"l08-mafia-start" IN identifiers'
    t =   963.79s Find the "l08-mafia-start" Any
    t =   964.01s Find the "l08-mafia-start" Button
    t =   964.21s Find the "l08-mafia-start" Button
    t =   964.39s Find the Target Application 'com.parlor.app.debug'
    t =   964.40s Get number of matches for: Elements matching predicate '"parlor-dsc01-overlay" IN identifiers'
    t =   964.43s Get number of matches for: Elements matching predicate '"parlor-dsc01-overlay" IN identifiers'
    t =   964.46s Find the "parlor-dsc01-overlay" Any
    t =   964.49s Checking existence of `Alert (First Match)`
    t =   964.57s Checking existence of `Keyboard (First Match)`
    t =   964.91s Get number of matches for: Elements matching predicate '"l08-mafia-start" IN identifiers'
    t =   964.94s Find the "l08-mafia-start" Any
    t =   965.13s Find the "l08-mafia-start" Button
    t =   965.33s Find the "l08-mafia-start" Button
    t =   965.52s Find the Target Application 'com.parlor.app.debug'
    t =   965.54s Get number of matches for: Elements matching predicate '"parlor-dsc01-overlay" IN identifiers'
    t =   965.57s Get number of matches for: Elements matching predicate '"parlor-dsc01-overlay" IN identifiers'
    t =   965.60s Find the "parlor-dsc01-overlay" Any
    t =   965.64s Checking existence of `Alert (First Match)`
    t =   965.78s Checking existence of `Keyboard (First Match)`
    t =   965.90s Swipe up Target Application 'com.parlor.app.debug'
    t =   965.90s     Wait for com.parlor.app.debug to idle
    t =   965.90s     Find the Target Application 'com.parlor.app.debug'
    t =   965.95s     Check for interrupting elements affecting "Parlor" Application
    t =   965.99s     Synthesize event
    t =   966.48s     Wait for com.parlor.app.debug to idle
    t =   966.48s Get number of matches for: Elements matching predicate '"l08-mafia-start" IN identifiers'
    t =   966.53s Find the "l08-mafia-start" Any
    t =   966.77s Find the "l08-mafia-start" Button
    t =   967.00s Find the "l08-mafia-start" Button
    t =   967.16s Find the Target Application 'com.parlor.app.debug'
    t =   967.21s Get number of matches for: Elements matching predicate '"parlor-dsc01-overlay" IN identifiers'
    t =   967.24s Get number of matches for: Elements matching predicate '"parlor-dsc01-overlay" IN identifiers'
    t =   967.27s Find the "parlor-dsc01-overlay" Any
    t =   967.29s Checking existence of `Alert (First Match)`
    t =   967.39s Checking existence of `Keyboard (First Match)`
    t =   967.73s Get number of matches for: Elements matching predicate '"l08-mafia-start" IN identifiers'
    t =   967.76s Find the "l08-mafia-start" Any
    t =   967.94s Find the "l08-mafia-start" Button
    t =   968.18s Find the "l08-mafia-start" Button
    t =   968.46s Find the Target Application 'com.parlor.app.debug'
    t =   968.49s Get number of matches for: Elements matching predicate '"parlor-dsc01-overlay" IN identifiers'
    t =   968.53s Get number of matches for: Elements matching predicate '"parlor-dsc01-overlay" IN identifiers'
    t =   968.55s Find the "parlor-dsc01-overlay" Any
    t =   968.63s Checking existence of `Alert (First Match)`
    t =   968.74s Checking existence of `Keyboard (First Match)`
    t =   969.08s Get number of matches for: Elements matching predicate '"l08-mafia-start" IN identifiers'
    t =   969.11s Find the "l08-mafia-start" Any
    t =   969.29s Find the "l08-mafia-start" Button
    t =   969.50s Find the "l08-mafia-start" Button
    t =   969.68s Find the Target Application 'com.parlor.app.debug'
    t =   969.71s Get number of matches for: Elements matching predicate '"parlor-dsc01-overlay" IN identifiers'
    t =   969.73s Get number of matches for: Elements matching predicate '"parlor-dsc01-overlay" IN identifiers'
    t =   969.76s Find the "parlor-dsc01-overlay" Any
    t =   969.78s Checking existence of `Alert (First Match)`
    t =   969.90s Checking existence of `Keyboard (First Match)`
    t =   970.25s Get number of matches for: Elements matching predicate '"l08-mafia-start" IN identifiers'
    t =   970.28s Find the "l08-mafia-start" Any
    t =   970.46s Find the "l08-mafia-start" Button
    t =   970.65s Find the "l08-mafia-start" Button
    t =   970.90s Find the Target Application 'com.parlor.app.debug'
    t =   970.95s Get number of matches for: Elements matching predicate '"parlor-dsc01-overlay" IN identifiers'
    t =   970.99s Get number of matches for: Elements matching predicate '"parlor-dsc01-overlay" IN identifiers'
    t =   971.03s Find the "parlor-dsc01-overlay" Any
    t =   971.06s Checking existence of `Alert (First Match)`
    t =   971.20s Checking existence of `Keyboard (First Match)`
    t =   971.60s Get number of matches for: Elements matching predicate '"l08-mafia-start" IN identifiers'
    t =   971.62s Find the "l08-mafia-start" Any
    t =   971.84s Find the "l08-mafia-start" Button
    t =   972.09s Find the "l08-mafia-start" Button
    t =   972.37s Find the Target Application 'com.parlor.app.debug'
    t =   972.38s Get number of matches for: Elements matching predicate '"parlor-dsc01-overlay" IN identifiers'
    t =   972.41s Get number of matches for: Elements matching predicate '"parlor-dsc01-overlay" IN identifiers'
    t =   972.43s Find the "parlor-dsc01-overlay" Any
    t =   972.47s Checking existence of `Alert (First Match)`
    t =   972.57s Checking existence of `Keyboard (First Match)`
    t =   972.93s Get number of matches for: Elements matching predicate '"l08-mafia-start" IN identifiers'
    t =   972.96s Find the "l08-mafia-start" Any
    t =   973.35s Find the "l08-mafia-start" Button
    t =   973.88s Find the "l08-mafia-start" Button
    t =   974.62s Find the Target Application 'com.parlor.app.debug'
    t =   974.66s Get number of matches for: Elements matching predicate '"parlor-dsc01-overlay" IN identifiers'
    t =   974.68s Get number of matches for: Elements matching predicate '"parlor-dsc01-overlay" IN identifiers'
    t =   974.72s Find the "parlor-dsc01-overlay" Any
    t =   974.77s Checking existence of `Alert (First Match)`
    t =   974.95s Checking existence of `Keyboard (First Match)`
    t =   975.17s Get number of matches for: Elements matching predicate '"l08-mafia-start" IN identifiers'
    t =   975.21s Find the "l08-mafia-start" Any
    t =   975.57s Find the "l08-mafia-start" Button
    t =   975.95s Find the "l08-mafia-start" Button
    t =   976.24s Find the Target Application 'com.parlor.app.debug'
    t =   976.28s Get number of matches for: Elements matching predicate '"parlor-dsc01-overlay" IN identifiers'
    t =   976.32s Get number of matches for: Elements matching predicate '"parlor-dsc01-overlay" IN identifiers'
    t =   976.37s Find the "parlor-dsc01-overlay" Any
    t =   976.44s Checking existence of `Alert (First Match)`
    t =   976.66s Checking existence of `Keyboard (First Match)`
    t =   977.13s Get number of matches for: Elements matching predicate '"l08-mafia-start" IN identifiers'
    t =   977.15s Find the "l08-mafia-start" Any
    t =   977.35s Find the "l08-mafia-start" Button
    t =   977.87s Find the "l08-mafia-start" Button
    t =   978.34s Find the Target Application 'com.parlor.app.debug'
    t =   978.36s Get number of matches for: Elements matching predicate '"parlor-dsc01-overlay" IN identifiers'
    t =   978.40s Get number of matches for: Elements matching predicate '"parlor-dsc01-overlay" IN identifiers'
    t =   978.52s Find the "parlor-dsc01-overlay" Any
    t =   978.63s Checking existence of `Alert (First Match)`
    t =   979.06s Checking existence of `Keyboard (First Match)`
    t =   979.81s Get number of matches for: Elements matching predicate '"l08-mafia-start" IN identifiers'
    t =   979.85s Find the "l08-mafia-start" Any
    t =   980.34s Find the "l08-mafia-start" Button
    t =   980.76s Find the "l08-mafia-start" Button
    t =   981.14s Find the Target Application 'com.parlor.app.debug'
    t =   981.17s Get number of matches for: Elements matching predicate '"parlor-dsc01-overlay" IN identifiers'
    t =   981.21s Get number of matches for: Elements matching predicate '"parlor-dsc01-overlay" IN identifiers'
    t =   981.23s Find the "parlor-dsc01-overlay" Any
    t =   981.27s Checking existence of `Alert (First Match)`
    t =   981.46s Checking existence of `Keyboard (First Match)`
    t =   981.88s Get number of matches for: Elements matching predicate '"l08-mafia-start" IN identifiers'
    t =   981.91s Find the "l08-mafia-start" Any
    t =   982.20s Find the "l08-mafia-start" Button
    t =   982.55s Find the "l08-mafia-start" Button
    t =   982.83s Find the Target Application 'com.parlor.app.debug'
    t =   982.85s Get number of matches for: Elements matching predicate '"parlor-dsc01-overlay" IN identifiers'
    t =   982.87s Get number of matches for: Elements matching predicate '"parlor-dsc01-overlay" IN identifiers'
    t =   982.93s Find the "parlor-dsc01-overlay" Any
    t =   982.97s Checking existence of `Alert (First Match)`
    t =   983.14s Checking existence of `Keyboard (First Match)`
    t =   983.54s Get number of matches for: Elements matching predicate '"l08-mafia-start" IN identifiers'
    t =   983.58s Find the "l08-mafia-start" Any
    t =   983.86s Find the "l08-mafia-start" Button
    t =   984.06s Find the "l08-mafia-start" Button
    t =   984.31s Find the Target Application 'com.parlor.app.debug'
    t =   984.34s Get number of matches for: Elements matching predicate '"parlor-dsc01-overlay" IN identifiers'
    t =   984.36s Get number of matches for: Elements matching predicate '"parlor-dsc01-overlay" IN identifiers'
    t =   984.39s Find the "parlor-dsc01-overlay" Any
    t =   984.42s Checking existence of `Alert (First Match)`
    t =   984.52s Checking existence of `Keyboard (First Match)`
    t =   984.87s Get number of matches for: Elements matching predicate '"l08-mafia-start" IN identifiers'
    t =   984.90s Find the "l08-mafia-start" Any
    t =   985.19s Find the "l08-mafia-start" Button
    t =   985.46s Find the "l08-mafia-start" Button
    t =   985.73s Find the Target Application 'com.parlor.app.debug'
    t =   985.75s Get number of matches for: Elements matching predicate '"parlor-dsc01-overlay" IN identifiers'
    t =   985.78s Get number of matches for: Elements matching predicate '"parlor-dsc01-overlay" IN identifiers'
    t =   985.83s Find the "parlor-dsc01-overlay" Any
    t =   985.93s Checking existence of `Alert (First Match)`
    t =   986.08s Checking existence of `Keyboard (First Match)`
    t =   986.29s Get number of matches for: Elements matching predicate '"l08-mafia-start" IN identifiers'
    t =   986.36s Get number of matches for: Elements matching predicate '"l08-mafia-start" IN identifiers'
    t =   986.41s Find the "l08-mafia-start" Any
    t =   986.95s Find the "l08-mafia-start" Button
    t =   987.31s Find the "l08-mafia-start" Button
    t =   987.71s Find the Target Application 'com.parlor.app.debug'
    t =   987.75s Get number of matches for: Elements matching predicate '"parlor-dsc01-overlay" IN identifiers'
    t =   987.79s Get number of matches for: Elements matching predicate '"parlor-dsc01-overlay" IN identifiers'
    t =   987.82s Find the "parlor-dsc01-overlay" Any
    t =   987.88s Checking existence of `Alert (First Match)`
    t =   988.08s Checking existence of `Keyboard (First Match)`
    t =   988.55s Get number of matches for: Elements matching predicate '"l08-mafia-start" IN identifiers'
    t =   988.61s Find the "l08-mafia-start" Any
    t =   989.04s Find the "l08-mafia-start" Button
    t =   989.38s Find the "l08-mafia-start" Button
    t =   989.70s Find the Target Application 'com.parlor.app.debug'
    t =   989.72s Get number of matches for: Elements matching predicate '"parlor-dsc01-overlay" IN identifiers'
    t =   989.74s Get number of matches for: Elements matching predicate '"parlor-dsc01-overlay" IN identifiers'
    t =   989.77s Find the "parlor-dsc01-overlay" Any
    t =   989.79s Checking existence of `Alert (First Match)`
    t =   989.88s Checking existence of `Keyboard (First Match)`
    t =   989.96s Find the "l08-mafia-start" Any
    t =   990.11s Find the "l08-mafia-start" Button
    t =   990.28s Tap "l08-mafia-start" Button[0.50, 0.50]
    t =   990.28s     Wait for com.parlor.app.debug to idle
    t =   990.28s     Find the "l08-mafia-start" Button
    t =   990.45s     Check for interrupting elements affecting "l08-mafia-start" Button
    t =   990.50s     Synthesize event
    t =   990.50s         Find the "l08-mafia-start" Button
    t =   990.66s         Find the "l08-mafia-start" Button
    t =   990.83s         Find the "l08-mafia-start" Button
    t =   991.25s     Wait for com.parlor.app.debug to idle
    t =   991.25s Waiting 15.0s for "l08-host-next" Any to exist
    t =   992.26s     Checking `Expect predicate `existsNoRetry == 1` for object "l08-host-next" Any`
    t =   992.26s         Checking existence of `"l08-host-next" Any`
    t =   992.31s Get number of matches for: Elements matching predicate '"l08-host-next" IN identifiers'
    t =   993.38s Checking existence of `"l08-host-next" Any`
    t =   993.43s Find the "l08-host-next" Any
    t =   993.48s Find the "l08-host-next" Button
    t =   993.55s Tap "l08-host-next" Button
    t =   993.55s     Wait for com.parlor.app.debug to idle
    t =   993.55s     Find the "l08-host-next" Button
    t =   993.61s     Check for interrupting elements affecting "l08-host-next" Button
    t =   993.64s     Synthesize event
    t =   993.93s     Wait for com.parlor.app.debug to idle
    t =   994.00s Waiting 10.0s for "l08-host-result" StaticText to exist
    t =   995.01s     Checking `Expect predicate `existsNoRetry == 1` for object "l08-host-result" StaticText`
    t =   995.01s         Checking existence of `"l08-host-result" StaticText`
    t =   996.04s Find the "l08-host-result" StaticText
    t =   996.07s Find the "l08-host-result" StaticText
    t =   996.11s Checking existence of `Alert (First Match)`
    t =   996.18s Waiting 10.0s for "parlor-dsc01-state" StaticText to exist
    t =   997.21s     Checking `Expect predicate `existsNoRetry == 1` for object "parlor-dsc01-state" StaticText`
    t =   997.21s         Checking existence of `"parlor-dsc01-state" StaticText`
    t =   997.23s Find the "parlor-dsc01-state" StaticText
    t =   997.26s Tap "parlor-dsc01-observe" Button
    t =   997.26s     Wait for com.parlor.app.debug to idle
    t =   997.26s     Find the "parlor-dsc01-observe" Button
    t =   997.31s     Check for interrupting elements affecting "parlor-dsc01-observe" Button
    t =   997.33s     Synthesize event
    t =   997.63s     Wait for com.parlor.app.debug to idle
    t =   998.66s Find the "parlor-dsc01-state" StaticText
    t =   998.69s Waiting 10.0s for "parlor-dsc01-state" StaticText to exist
    t =   999.71s     Checking `Expect predicate `existsNoRetry == 1` for object "parlor-dsc01-state" StaticText`
    t =   999.71s         Checking existence of `"parlor-dsc01-state" StaticText`
    t =   999.73s Find the "parlor-dsc01-state" StaticText
    t =   999.74s Waiting 15.0s for "l08-host-next" Any to exist
    t =  1000.75s     Checking `Expect predicate `existsNoRetry == 1` for object "l08-host-next" Any`
    t =  1000.75s         Checking existence of `"l08-host-next" Any`
    t =  1000.82s Get number of matches for: Elements matching predicate '"l08-host-next" IN identifiers'
    t =  1001.85s Checking existence of `"l08-host-next" Any`
    t =  1001.90s Find the "l08-host-next" Any
    t =  1001.94s Find the "l08-host-next" Button
    t =  1002.01s Tap "l08-host-next" Button
    t =  1002.01s     Wait for com.parlor.app.debug to idle
    t =  1002.02s     Find the "l08-host-next" Button
    t =  1002.10s     Check for interrupting elements affecting "l08-host-next" Button
    t =  1002.14s     Synthesize event
    t =  1002.44s     Wait for com.parlor.app.debug to idle
    t =  1002.45s Waiting 10.0s for "l08-host-result" StaticText to exist
    t =  1003.46s     Checking `Expect predicate `existsNoRetry == 1` for object "l08-host-result" StaticText`
    t =  1003.46s         Checking existence of `"l08-host-result" StaticText`
    t =  1004.51s Find the "l08-host-result" StaticText
    t =  1004.53s Find the "l08-host-result" StaticText
    t =  1004.55s Checking existence of `Alert (First Match)`
    t =  1004.63s Waiting 10.0s for "parlor-dsc01-state" StaticText to exist
    t =  1005.64s     Checking `Expect predicate `existsNoRetry == 1` for object "parlor-dsc01-state" StaticText`
    t =  1005.64s         Checking existence of `"parlor-dsc01-state" StaticText`
    t =  1005.66s Find the "parlor-dsc01-state" StaticText
    t =  1005.68s Tap "parlor-dsc01-observe" Button
    t =  1005.68s     Wait for com.parlor.app.debug to idle
    t =  1005.69s     Find the "parlor-dsc01-observe" Button
    t =  1005.73s     Check for interrupting elements affecting "parlor-dsc01-observe" Button
    t =  1005.76s     Synthesize event
    t =  1006.07s     Wait for com.parlor.app.debug to idle
    t =  1007.08s Find the "parlor-dsc01-state" StaticText
    t =  1007.12s Waiting 10.0s for "parlor-dsc01-state" StaticText to exist
    t =  1008.14s     Checking `Expect predicate `existsNoRetry == 1` for object "parlor-dsc01-state" StaticText`
    t =  1008.14s         Checking existence of `"parlor-dsc01-state" StaticText`
    t =  1008.17s Find the "parlor-dsc01-state" StaticText
    t =  1008.20s Pressing Home button
    t =  1008.67s Wait for com.parlor.app.debug to become Running Background
    t =  1009.69s Open com.parlor.app.debug
    t =  1009.70s     Activate com.parlor.app.debug
    t =  1010.08s         Wait for com.parlor.app.debug to idle
    t =  1010.09s Wait for com.parlor.app.debug to become Running Foreground
    t =  1010.09s Waiting 15.0s for "l08-host-next" Any to exist
    t =  1011.13s     Checking `Expect predicate `existsNoRetry == 1` for object "l08-host-next" Any`
    t =  1011.13s         Checking existence of `"l08-host-next" Any`
    t =  1011.21s Get number of matches for: Elements matching predicate '"l08-host-next" IN identifiers'
    t =  1012.26s Checking existence of `"l08-host-next" Any`
    t =  1012.33s Find the "l08-host-next" Any
    t =  1012.42s Find the "l08-host-next" Button
    t =  1012.49s Tap "l08-host-next" Button
    t =  1012.49s     Wait for com.parlor.app.debug to idle
    t =  1012.50s     Find the "l08-host-next" Button
    t =  1012.58s     Check for interrupting elements affecting "l08-host-next" Button
    t =  1012.62s     Synthesize event
    t =  1012.93s     Wait for com.parlor.app.debug to idle
    t =  1013.14s Waiting 10.0s for "l08-host-result" StaticText to exist
    t =  1014.18s     Checking `Expect predicate `existsNoRetry == 1` for object "l08-host-result" StaticText`
    t =  1014.18s         Checking existence of `"l08-host-result" StaticText`
    t =  1015.25s Find the "l08-host-result" StaticText
    t =  1015.27s Find the "l08-host-result" StaticText
    t =  1015.29s Checking existence of `Alert (First Match)`
    t =  1015.34s Waiting 10.0s for "parlor-dsc01-state" StaticText to exist
    t =  1016.38s     Checking `Expect predicate `existsNoRetry == 1` for object "parlor-dsc01-state" StaticText`
    t =  1016.38s         Checking existence of `"parlor-dsc01-state" StaticText`
    t =  1016.40s Find the "parlor-dsc01-state" StaticText
    t =  1016.43s Tap "parlor-dsc01-observe" Button
    t =  1016.43s     Wait for com.parlor.app.debug to idle
    t =  1016.43s     Find the "parlor-dsc01-observe" Button
    t =  1016.46s     Check for interrupting elements affecting "parlor-dsc01-observe" Button
    t =  1016.51s     Synthesize event
    t =  1016.81s     Wait for com.parlor.app.debug to idle
    t =  1017.85s Find the "parlor-dsc01-state" StaticText
    t =  1017.87s Waiting 10.0s for "parlor-dsc01-state" StaticText to exist
    t =  1018.91s     Checking `Expect predicate `existsNoRetry == 1` for object "parlor-dsc01-state" StaticText`
    t =  1018.92s         Checking existence of `"parlor-dsc01-state" StaticText`
    t =  1018.95s Find the "parlor-dsc01-state" StaticText
    t =  1018.97s Waiting 15.0s for "l08-host-next" Any to exist
    t =  1019.98s     Checking `Expect predicate `existsNoRetry == 1` for object "l08-host-next" Any`
    t =  1019.98s         Checking existence of `"l08-host-next" Any`
    t =  1020.04s Get number of matches for: Elements matching predicate '"l08-host-next" IN identifiers'
    t =  1021.11s Checking existence of `"l08-host-next" Any`
    t =  1021.19s Find the "l08-host-next" Any
    t =  1021.27s Find the "l08-host-next" Button
    t =  1021.33s Tap "l08-host-next" Button
    t =  1021.33s     Wait for com.parlor.app.debug to idle
    t =  1021.34s     Find the "l08-host-next" Button
    t =  1021.41s     Check for interrupting elements affecting "l08-host-next" Button
    t =  1021.46s     Synthesize event
    t =  1021.76s     Wait for com.parlor.app.debug to idle
    t =  1021.79s Waiting 10.0s for "l08-host-result" StaticText to exist
    t =  1022.81s     Checking `Expect predicate `existsNoRetry == 1` for object "l08-host-result" StaticText`
    t =  1022.81s         Checking existence of `"l08-host-result" StaticText`
    t =  1023.84s Find the "l08-host-result" StaticText
    t =  1023.87s Find the "l08-host-result" StaticText
    t =  1023.88s Checking existence of `Alert (First Match)`
    t =  1023.93s Waiting 10.0s for "parlor-dsc01-state" StaticText to exist
    t =  1024.98s     Checking `Expect predicate `existsNoRetry == 1` for object "parlor-dsc01-state" StaticText`
    t =  1024.98s         Checking existence of `"parlor-dsc01-state" StaticText`
    t =  1025.00s Find the "parlor-dsc01-state" StaticText
    t =  1025.03s Tap "parlor-dsc01-observe" Button
    t =  1025.03s     Wait for com.parlor.app.debug to idle
    t =  1025.03s     Find the "parlor-dsc01-observe" Button
    t =  1025.05s     Check for interrupting elements affecting "parlor-dsc01-observe" Button
    t =  1025.08s     Synthesize event
    t =  1025.38s     Wait for com.parlor.app.debug to idle
    t =  1026.42s Find the "parlor-dsc01-state" StaticText
    t =  1026.44s Waiting 10.0s for "parlor-dsc01-state" StaticText to exist
    t =  1027.44s     Checking `Expect predicate `existsNoRetry == 1` for object "parlor-dsc01-state" StaticText`
    t =  1027.44s         Checking existence of `"parlor-dsc01-state" StaticText`
    t =  1027.49s Find the "parlor-dsc01-state" StaticText
    t =  1027.52s Waiting 15.0s for "l08-host-next" Any to exist
    t =  1028.53s     Checking `Expect predicate `existsNoRetry == 1` for object "l08-host-next" Any`
    t =  1028.53s         Checking existence of `"l08-host-next" Any`
    t =  1028.57s Get number of matches for: Elements matching predicate '"l08-host-next" IN identifiers'
    t =  1029.65s Checking existence of `"l08-host-next" Any`
    t =  1029.69s Find the "l08-host-next" Any
    t =  1029.75s Find the "l08-host-next" Button
    t =  1029.79s Tap "l08-host-next" Button
    t =  1029.79s     Wait for com.parlor.app.debug to idle
    t =  1029.79s     Find the "l08-host-next" Button
    t =  1029.84s     Check for interrupting elements affecting "l08-host-next" Button
    t =  1029.88s     Synthesize event
    t =  1030.18s     Wait for com.parlor.app.debug to idle
    t =  1030.24s Waiting 10.0s for "l08-host-result" StaticText to exist
    t =  1031.26s     Checking `Expect predicate `existsNoRetry == 1` for object "l08-host-result" StaticText`
    t =  1031.26s         Checking existence of `"l08-host-result" StaticText`
    t =  1032.31s Find the "l08-host-result" StaticText
    t =  1032.33s Find the "l08-host-result" StaticText
    t =  1032.35s Checking existence of `Alert (First Match)`
    t =  1032.40s Waiting 10.0s for "parlor-dsc01-state" StaticText to exist
    t =  1033.40s     Checking `Expect predicate `existsNoRetry == 1` for object "parlor-dsc01-state" StaticText`
    t =  1033.40s         Checking existence of `"parlor-dsc01-state" StaticText`
    t =  1033.44s Find the "parlor-dsc01-state" StaticText
    t =  1033.46s Tap "parlor-dsc01-observe" Button
    t =  1033.46s     Wait for com.parlor.app.debug to idle
    t =  1033.46s     Find the "parlor-dsc01-observe" Button
    t =  1033.48s     Check for interrupting elements affecting "parlor-dsc01-observe" Button
    t =  1033.51s     Synthesize event
    t =  1033.81s     Wait for com.parlor.app.debug to idle
    t =  1034.84s Find the "parlor-dsc01-state" StaticText
    t =  1034.86s Waiting 10.0s for "parlor-dsc01-state" StaticText to exist
    t =  1035.91s     Checking `Expect predicate `existsNoRetry == 1` for object "parlor-dsc01-state" StaticText`
    t =  1035.91s         Checking existence of `"parlor-dsc01-state" StaticText`
    t =  1035.93s Find the "parlor-dsc01-state" StaticText
    t =  1035.94s Pressing Home button
    t =  1036.40s Wait for com.parlor.app.debug to become Running Background
    t =  1037.04s Open com.parlor.app.debug
    t =  1037.04s     Activate com.parlor.app.debug
    t =  1037.25s         Wait for com.parlor.app.debug to idle
    t =  1037.38s Wait for com.parlor.app.debug to become Running Foreground
    t =  1037.38s Waiting 15.0s for "l08-host-next" Any to exist
    t =  1038.43s     Checking `Expect predicate `existsNoRetry == 1` for object "l08-host-next" Any`
    t =  1038.43s         Checking existence of `"l08-host-next" Any`
    t =  1038.54s Get number of matches for: Elements matching predicate '"l08-host-next" IN identifiers'
    t =  1039.59s Checking existence of `"l08-host-next" Any`
    t =  1039.63s Find the "l08-host-next" Any
    t =  1039.70s Find the "l08-host-next" Button
    t =  1039.74s Tap "l08-host-next" Button
    t =  1039.74s     Wait for com.parlor.app.debug to idle
    t =  1039.74s     Find the "l08-host-next" Button
    t =  1039.78s     Check for interrupting elements affecting "l08-host-next" Button
    t =  1039.81s     Synthesize event
    t =  1040.13s     Wait for com.parlor.app.debug to idle
    t =  1040.21s Waiting 10.0s for "l08-host-result" StaticText to exist
    t =  1041.24s     Checking `Expect predicate `existsNoRetry == 1` for object "l08-host-result" StaticText`
    t =  1041.24s         Checking existence of `"l08-host-result" StaticText`
    t =  1042.31s Find the "l08-host-result" StaticText
    t =  1042.34s Find the "l08-host-result" StaticText
    t =  1042.38s Checking existence of `Alert (First Match)`
    t =  1042.42s Waiting 10.0s for "parlor-dsc01-state" StaticText to exist
    t =  1043.44s     Checking `Expect predicate `existsNoRetry == 1` for object "parlor-dsc01-state" StaticText`
    t =  1043.44s         Checking existence of `"parlor-dsc01-state" StaticText`
    t =  1043.47s Find the "parlor-dsc01-state" StaticText
    t =  1043.48s Tap "parlor-dsc01-observe" Button
    t =  1043.48s     Wait for com.parlor.app.debug to idle
    t =  1043.49s     Find the "parlor-dsc01-observe" Button
    t =  1043.50s     Check for interrupting elements affecting "parlor-dsc01-observe" Button
    t =  1043.52s     Synthesize event
    t =  1043.81s     Wait for com.parlor.app.debug to idle
    t =  1044.85s Find the "parlor-dsc01-state" StaticText
    t =  1044.89s Waiting 10.0s for "parlor-dsc01-state" StaticText to exist
    t =  1045.96s     Checking `Expect predicate `existsNoRetry == 1` for object "parlor-dsc01-state" StaticText`
    t =  1045.96s         Checking existence of `"parlor-dsc01-state" StaticText`
    t =  1045.99s Find the "parlor-dsc01-state" StaticText
    t =  1046.00s Waiting 15.0s for "l08-host-next" Any to exist
    t =  1047.01s     Checking `Expect predicate `existsNoRetry == 1` for object "l08-host-next" Any`
    t =  1047.01s         Checking existence of `"l08-host-next" Any`
    t =  1047.07s Get number of matches for: Elements matching predicate '"l08-host-next" IN identifiers'
    t =  1048.12s Checking existence of `"l08-host-next" Any`
    t =  1048.15s Find the "l08-host-next" Any
    t =  1048.19s Find the "l08-host-next" Button
    t =  1048.22s Tap "l08-host-next" Button
    t =  1048.22s     Wait for com.parlor.app.debug to idle
    t =  1048.23s     Find the "l08-host-next" Button
    t =  1048.26s     Check for interrupting elements affecting "l08-host-next" Button
    t =  1048.28s     Synthesize event
    t =  1048.58s     Wait for com.parlor.app.debug to idle
    t =  1048.58s Waiting 10.0s for "l08-host-result" StaticText to exist
    t =  1049.61s     Checking `Expect predicate `existsNoRetry == 1` for object "l08-host-result" StaticText`
    t =  1049.61s         Checking existence of `"l08-host-result" StaticText`
    t =  1050.64s Find the "l08-host-result" StaticText
    t =  1050.67s Find the "l08-host-result" StaticText
    t =  1050.69s Checking existence of `Alert (First Match)`
    t =  1050.72s Waiting 10.0s for "parlor-dsc01-state" StaticText to exist
    t =  1051.78s     Checking `Expect predicate `existsNoRetry == 1` for object "parlor-dsc01-state" StaticText`
    t =  1051.78s         Checking existence of `"parlor-dsc01-state" StaticText`
    t =  1051.79s Find the "parlor-dsc01-state" StaticText
    t =  1051.81s Tap "parlor-dsc01-observe" Button
    t =  1051.81s     Wait for com.parlor.app.debug to idle
    t =  1051.81s     Find the "parlor-dsc01-observe" Button
    t =  1051.83s     Check for interrupting elements affecting "parlor-dsc01-observe" Button
    t =  1051.86s     Synthesize event
    t =  1052.18s     Wait for com.parlor.app.debug to idle
    t =  1053.21s Find the "parlor-dsc01-state" StaticText
    t =  1053.23s Waiting 10.0s for "parlor-dsc01-state" StaticText to exist
    t =  1054.24s     Checking `Expect predicate `existsNoRetry == 1` for object "parlor-dsc01-state" StaticText`
    t =  1054.24s         Checking existence of `"parlor-dsc01-state" StaticText`
    t =  1054.26s Find the "parlor-dsc01-state" StaticText
    t =  1054.27s Waiting 15.0s for "l08-host-next" Any to exist
    t =  1055.28s     Checking `Expect predicate `existsNoRetry == 1` for object "l08-host-next" Any`
    t =  1055.28s         Checking existence of `"l08-host-next" Any`
    t =  1055.31s Get number of matches for: Elements matching predicate '"l08-host-next" IN identifiers'
    t =  1056.34s Checking existence of `"l08-host-next" Any`
    t =  1056.37s Find the "l08-host-next" Any
    t =  1056.41s Find the "l08-host-next" Button
    t =  1056.45s Tap "l08-host-next" Button
    t =  1056.45s     Wait for com.parlor.app.debug to idle
    t =  1056.46s     Find the "l08-host-next" Button
    t =  1056.49s     Check for interrupting elements affecting "l08-host-next" Button
    t =  1056.51s     Synthesize event
    t =  1056.80s     Wait for com.parlor.app.debug to idle
    t =  1056.84s Waiting 10.0s for "l08-host-result" StaticText to exist
    t =  1057.86s     Checking `Expect predicate `existsNoRetry == 1` for object "l08-host-result" StaticText`
    t =  1057.86s         Checking existence of `"l08-host-result" StaticText`
    t =  1058.91s Find the "l08-host-result" StaticText
    t =  1058.94s Find the "l08-host-result" StaticText
    t =  1058.96s Checking existence of `Alert (First Match)`
    t =  1059.01s Waiting 10.0s for "parlor-dsc01-state" StaticText to exist
    t =  1060.04s     Checking `Expect predicate `existsNoRetry == 1` for object "parlor-dsc01-state" StaticText`
    t =  1060.04s         Checking existence of `"parlor-dsc01-state" StaticText`
    t =  1060.09s Find the "parlor-dsc01-state" StaticText
    t =  1060.11s Tap "parlor-dsc01-observe" Button
    t =  1060.11s     Wait for com.parlor.app.debug to idle
    t =  1060.11s     Find the "parlor-dsc01-observe" Button
    t =  1060.13s     Check for interrupting elements affecting "parlor-dsc01-observe" Button
    t =  1060.15s     Synthesize event
    t =  1060.44s     Wait for com.parlor.app.debug to idle
    t =  1061.48s Find the "parlor-dsc01-state" StaticText
    t =  1061.50s Waiting 10.0s for "parlor-dsc01-state" StaticText to exist
    t =  1062.51s     Checking `Expect predicate `existsNoRetry == 1` for object "parlor-dsc01-state" StaticText`
    t =  1062.51s         Checking existence of `"parlor-dsc01-state" StaticText`
    t =  1062.54s Find the "parlor-dsc01-state" StaticText
    t =  1062.56s Waiting 15.0s for "l08-host-next" Any to exist
    t =  1063.58s     Checking `Expect predicate `existsNoRetry == 1` for object "l08-host-next" Any`
    t =  1063.58s         Checking existence of `"l08-host-next" Any`
    t =  1063.66s Get number of matches for: Elements matching predicate '"l08-host-next" IN identifiers'
    t =  1064.71s Checking existence of `"l08-host-next" Any`
    t =  1064.76s Find the "l08-host-next" Any
    t =  1064.82s Find the "l08-host-next" Button
    t =  1064.98s Tap "l08-host-next" Button
    t =  1064.98s     Wait for com.parlor.app.debug to idle
    t =  1064.98s     Find the "l08-host-next" Button
    t =  1065.07s     Check for interrupting elements affecting "l08-host-next" Button
    t =  1065.12s     Synthesize event
    t =  1065.42s     Wait for com.parlor.app.debug to idle
    t =  1065.50s Waiting 10.0s for "l08-host-result" StaticText to exist
    t =  1066.51s     Checking `Expect predicate `existsNoRetry == 1` for object "l08-host-result" StaticText`
    t =  1066.51s         Checking existence of `"l08-host-result" StaticText`
    t =  1067.54s Find the "l08-host-result" StaticText
    t =  1067.57s Find the "l08-host-result" StaticText
    t =  1067.60s Checking existence of `Alert (First Match)`
    t =  1067.64s Waiting 10.0s for "parlor-dsc01-state" StaticText to exist
    t =  1068.66s     Checking `Expect predicate `existsNoRetry == 1` for object "parlor-dsc01-state" StaticText`
    t =  1068.66s         Checking existence of `"parlor-dsc01-state" StaticText`
    t =  1068.68s Find the "parlor-dsc01-state" StaticText
    t =  1068.70s Tap "parlor-dsc01-observe" Button
    t =  1068.70s     Wait for com.parlor.app.debug to idle
    t =  1068.70s     Find the "parlor-dsc01-observe" Button
    t =  1068.72s     Check for interrupting elements affecting "parlor-dsc01-observe" Button
    t =  1068.75s     Synthesize event
    t =  1069.05s     Wait for com.parlor.app.debug to idle
    t =  1070.08s Find the "parlor-dsc01-state" StaticText
    t =  1070.10s Waiting 10.0s for "parlor-dsc01-state" StaticText to exist
    t =  1071.11s     Checking `Expect predicate `existsNoRetry == 1` for object "parlor-dsc01-state" StaticText`
    t =  1071.11s         Checking existence of `"parlor-dsc01-state" StaticText`
    t =  1071.13s Find the "parlor-dsc01-state" StaticText
    t =  1071.17s Pressing Home button
    t =  1071.63s Wait for com.parlor.app.debug to become Running Background
    t =  1072.40s Open com.parlor.app.debug
    t =  1072.40s     Activate com.parlor.app.debug
    t =  1072.73s         Wait for com.parlor.app.debug to idle
    t =  1072.75s Wait for com.parlor.app.debug to become Running Foreground
    t =  1072.75s Waiting 15.0s for "l08-host-next" Any to exist
    t =  1073.78s     Checking `Expect predicate `existsNoRetry == 1` for object "l08-host-next" Any`
    t =  1073.78s         Checking existence of `"l08-host-next" Any`
    t =  1073.81s Get number of matches for: Elements matching predicate '"l08-host-next" IN identifiers'
    t =  1074.87s Checking existence of `"l08-host-next" Any`
    t =  1074.91s Find the "l08-host-next" Any
    t =  1074.96s Find the "l08-host-next" Button
    t =  1075.03s Tap "l08-host-next" Button
    t =  1075.03s     Wait for com.parlor.app.debug to idle
    t =  1075.04s     Find the "l08-host-next" Button
    t =  1075.09s     Check for interrupting elements affecting "l08-host-next" Button
    t =  1075.14s     Synthesize event
    t =  1075.44s     Wait for com.parlor.app.debug to idle
    t =  1075.49s Waiting 10.0s for "l08-host-result" StaticText to exist
    t =  1076.52s     Checking `Expect predicate `existsNoRetry == 1` for object "l08-host-result" StaticText`
    t =  1076.52s         Checking existence of `"l08-host-result" StaticText`
    t =  1077.62s Find the "l08-host-result" StaticText
    t =  1077.65s Find the "l08-host-result" StaticText
    t =  1077.69s Checking existence of `Alert (First Match)`
    t =  1077.76s Waiting 10.0s for "parlor-dsc01-state" StaticText to exist
    t =  1078.79s     Checking `Expect predicate `existsNoRetry == 1` for object "parlor-dsc01-state" StaticText`
    t =  1078.80s         Checking existence of `"parlor-dsc01-state" StaticText`
    t =  1078.82s Find the "parlor-dsc01-state" StaticText
    t =  1078.87s Tap "parlor-dsc01-observe" Button
    t =  1078.87s     Wait for com.parlor.app.debug to idle
    t =  1078.88s     Find the "parlor-dsc01-observe" Button
    t =  1078.91s     Check for interrupting elements affecting "parlor-dsc01-observe" Button
    t =  1078.94s     Synthesize event
    t =  1079.25s     Wait for com.parlor.app.debug to idle
    t =  1080.29s Find the "parlor-dsc01-state" StaticText
    t =  1080.38s Waiting 10.0s for "parlor-dsc01-state" StaticText to exist
    t =  1081.43s     Checking `Expect predicate `existsNoRetry == 1` for object "parlor-dsc01-state" StaticText`
    t =  1081.43s         Checking existence of `"parlor-dsc01-state" StaticText`
    t =  1081.49s Find the "parlor-dsc01-state" StaticText
    t =  1081.55s Waiting 15.0s for "l08-host-next" Any to exist
    t =  1082.58s     Checking `Expect predicate `existsNoRetry == 1` for object "l08-host-next" Any`
    t =  1082.58s         Checking existence of `"l08-host-next" Any`
    t =  1082.77s Get number of matches for: Elements matching predicate '"l08-host-next" IN identifiers'
    t =  1083.79s Checking existence of `"l08-host-next" Any`
    t =  1083.85s Find the "l08-host-next" Any
    t =  1083.89s Find the "l08-host-next" Button
    t =  1083.95s Tap "l08-host-next" Button
    t =  1083.95s     Wait for com.parlor.app.debug to idle
    t =  1083.95s     Find the "l08-host-next" Button
    t =  1084.00s     Check for interrupting elements affecting "l08-host-next" Button
    t =  1084.04s     Synthesize event
    t =  1084.34s     Wait for com.parlor.app.debug to idle
    t =  1084.37s Waiting 10.0s for "l08-host-result" StaticText to exist
    t =  1085.41s     Checking `Expect predicate `existsNoRetry == 1` for object "l08-host-result" StaticText`
    t =  1085.41s         Checking existence of `"l08-host-result" StaticText`
    t =  1086.45s Find the "l08-host-result" StaticText
    t =  1086.46s Find the "l08-host-result" StaticText
    t =  1086.48s Checking existence of `Alert (First Match)`
    t =  1086.52s Waiting 10.0s for "parlor-dsc01-state" StaticText to exist
    t =  1087.56s     Checking `Expect predicate `existsNoRetry == 1` for object "parlor-dsc01-state" StaticText`
    t =  1087.56s         Checking existence of `"parlor-dsc01-state" StaticText`
    t =  1087.58s Find the "parlor-dsc01-state" StaticText
    t =  1087.59s Tap "parlor-dsc01-observe" Button
    t =  1087.59s     Wait for com.parlor.app.debug to idle
    t =  1087.59s     Find the "parlor-dsc01-observe" Button
    t =  1087.61s     Check for interrupting elements affecting "parlor-dsc01-observe" Button
    t =  1087.63s     Synthesize event
    t =  1087.93s     Wait for com.parlor.app.debug to idle
    t =  1088.98s Find the "parlor-dsc01-state" StaticText
    t =  1089.00s Waiting 10.0s for "parlor-dsc01-state" StaticText to exist
    t =  1090.01s     Checking `Expect predicate `existsNoRetry == 1` for object "parlor-dsc01-state" StaticText`
    t =  1090.02s         Checking existence of `"parlor-dsc01-state" StaticText`
    t =  1090.03s Find the "parlor-dsc01-state" StaticText
    t =  1090.05s Waiting 15.0s for "l08-host-next" Any to exist
    t =  1091.08s     Checking `Expect predicate `existsNoRetry == 1` for object "l08-host-next" Any`
    t =  1091.08s         Checking existence of `"l08-host-next" Any`
    t =  1091.11s Get number of matches for: Elements matching predicate '"l08-host-next" IN identifiers'
    t =  1092.18s Checking existence of `"l08-host-next" Any`
    t =  1092.23s Find the "l08-host-next" Any
    t =  1092.27s Find the "l08-host-next" Button
    t =  1092.33s Tap "l08-host-next" Button
    t =  1092.33s     Wait for com.parlor.app.debug to idle
    t =  1092.33s     Find the "l08-host-next" Button
    t =  1092.38s     Check for interrupting elements affecting "l08-host-next" Button
    t =  1092.41s     Synthesize event
    t =  1092.71s     Wait for com.parlor.app.debug to idle
    t =  1092.72s Waiting 10.0s for "l08-host-result" StaticText to exist
    t =  1093.78s     Checking `Expect predicate `existsNoRetry == 1` for object "l08-host-result" StaticText`
    t =  1093.78s         Checking existence of `"l08-host-result" StaticText`
    t =  1094.84s Find the "l08-host-result" StaticText
    t =  1094.86s Find the "l08-host-result" StaticText
    t =  1094.88s Checking existence of `Alert (First Match)`
    t =  1094.91s Waiting 10.0s for "parlor-dsc01-state" StaticText to exist
    t =  1095.93s     Checking `Expect predicate `existsNoRetry == 1` for object "parlor-dsc01-state" StaticText`
    t =  1095.93s         Checking existence of `"parlor-dsc01-state" StaticText`
    t =  1095.94s Find the "parlor-dsc01-state" StaticText
    t =  1095.96s Tap "parlor-dsc01-observe" Button
    t =  1095.96s     Wait for com.parlor.app.debug to idle
    t =  1095.96s     Find the "parlor-dsc01-observe" Button
    t =  1095.98s     Check for interrupting elements affecting "parlor-dsc01-observe" Button
    t =  1096.01s     Synthesize event
    t =  1096.31s     Wait for com.parlor.app.debug to idle
    t =  1097.35s Find the "parlor-dsc01-state" StaticText
    t =  1097.37s Waiting 10.0s for "parlor-dsc01-state" StaticText to exist
    t =  1098.40s     Checking `Expect predicate `existsNoRetry == 1` for object "parlor-dsc01-state" StaticText`
    t =  1098.40s         Checking existence of `"parlor-dsc01-state" StaticText`
    t =  1098.42s Find the "parlor-dsc01-state" StaticText
    t =  1098.43s Waiting 15.0s for "l08-host-next" Any to exist
    t =  1099.44s     Checking `Expect predicate `existsNoRetry == 1` for object "l08-host-next" Any`
    t =  1099.44s         Checking existence of `"l08-host-next" Any`
    t =  1099.48s Get number of matches for: Elements matching predicate '"l08-host-next" IN identifiers'
    t =  1100.55s Checking existence of `"l08-host-next" Any`
    t =  1100.60s Find the "l08-host-next" Any
    t =  1100.65s Find the "l08-host-next" Button
    t =  1100.71s Tap "l08-host-next" Button
    t =  1100.71s     Wait for com.parlor.app.debug to idle
    t =  1100.71s     Find the "l08-host-next" Button
    t =  1100.74s     Check for interrupting elements affecting "l08-host-next" Button
    t =  1100.77s     Synthesize event
    t =  1101.08s     Wait for com.parlor.app.debug to idle
    t =  1101.15s Waiting 10.0s for "l08-host-result" StaticText to exist
    t =  1102.21s     Checking `Expect predicate `existsNoRetry == 1` for object "l08-host-result" StaticText`
    t =  1102.21s         Checking existence of `"l08-host-result" StaticText`
    t =  1103.28s Find the "l08-host-result" StaticText
    t =  1103.30s Find the "l08-host-result" StaticText
    t =  1103.32s Checking existence of `Alert (First Match)`
    t =  1103.38s Waiting 10.0s for "parlor-dsc01-state" StaticText to exist
    t =  1104.40s     Checking `Expect predicate `existsNoRetry == 1` for object "parlor-dsc01-state" StaticText`
    t =  1104.40s         Checking existence of `"parlor-dsc01-state" StaticText`
    t =  1104.42s Find the "parlor-dsc01-state" StaticText
    t =  1104.44s Tap "parlor-dsc01-observe" Button
    t =  1104.44s     Wait for com.parlor.app.debug to idle
    t =  1104.44s     Find the "parlor-dsc01-observe" Button
    t =  1104.47s     Check for interrupting elements affecting "parlor-dsc01-observe" Button
    t =  1104.49s     Synthesize event
    t =  1104.81s     Wait for com.parlor.app.debug to idle
    t =  1105.83s Find the "parlor-dsc01-state" StaticText
    t =  1105.84s Waiting 10.0s for "parlor-dsc01-state" StaticText to exist
    t =  1106.88s     Checking `Expect predicate `existsNoRetry == 1` for object "parlor-dsc01-state" StaticText`
    t =  1106.88s         Checking existence of `"parlor-dsc01-state" StaticText`
    t =  1106.90s Find the "parlor-dsc01-state" StaticText
    t =  1106.93s Checking existence of `Alert (First Match)`
PARLOR_L08_HOST_BOOT {"actions":["prepare","capture","language-en","cycle-1","resume-1","language-ar","cycle-2","resume-2","remount","language-system","cycle-3","resume-3","active-ack","leave"],"alert_present":false,"boot_ordinal":3,"foreground":true,"process_boot":"5F0790F8-B1DE-4548-9DBD-53B0C420B7BC","run_token":"217002BD-D169-40FC-8138-AB4831656E8D","schema_version":1}
    t =  1107.02s Tap "parlor-dsc01-complete" Button
    t =  1107.02s     Wait for com.parlor.app.debug to idle
    t =  1107.02s     Find the "parlor-dsc01-complete" Button
    t =  1107.07s     Check for interrupting elements affecting "parlor-dsc01-complete" Button
    t =  1107.10s     Synthesize event
    t =  1107.41s     Wait for com.parlor.app.debug to idle
    t =  1107.42s Waiting 10.0s for "parlor-dsc01-state" StaticText to exist
    t =  1108.46s     Checking `Expect predicate `existsNoRetry == 1` for object "parlor-dsc01-state" StaticText`
    t =  1108.46s         Checking existence of `"parlor-dsc01-state" StaticText`
    t =  1108.48s Find the "parlor-dsc01-state" StaticText
    t =  1108.52s Tap "parlor-dsc01-observe" Button
    t =  1108.52s     Wait for com.parlor.app.debug to idle
    t =  1108.53s     Find the "parlor-dsc01-observe" Button
    t =  1108.55s     Check for interrupting elements affecting "parlor-dsc01-observe" Button
    t =  1108.58s     Synthesize event
    t =  1108.86s     Wait for com.parlor.app.debug to idle
    t =  1109.88s Find the "parlor-dsc01-state" StaticText
    t =  1109.92s Waiting 10.0s for "parlor-dsc01-state" StaticText to exist
    t =  1110.94s     Checking `Expect predicate `existsNoRetry == 1` for object "parlor-dsc01-state" StaticText`
    t =  1110.94s         Checking existence of `"parlor-dsc01-state" StaticText`
    t =  1110.99s Find the "parlor-dsc01-state" StaticText
    t =  1111.02s Terminate com.parlor.app.debug:52886
    t =  1112.03s Wait for com.parlor.app.debug to become Not Running
    t =  1112.03s Open com.parlor.app.debug
    t =  1112.03s     Launch com.parlor.app.debug
    t =  1112.85s         Setting up automation session
    t =  1114.19s         Wait for com.parlor.app.debug to idle
    t =  1115.89s Wait for com.parlor.app.debug to become Running Foreground
    t =  1115.89s Waiting 30.0s for "parlor-home-brand" StaticText to exist
    t =  1116.91s     Checking `Expect predicate `existsNoRetry == 1` for object "parlor-home-brand" StaticText`
    t =  1116.91s         Checking existence of `"parlor-home-brand" StaticText`
    t =  1116.97s Waiting 10.0s for "parlor-dsc01-observe" Button to exist
    t =  1117.99s     Checking `Expect predicate `existsNoRetry == 1` for object "parlor-dsc01-observe" Button`
    t =  1117.99s         Checking existence of `"parlor-dsc01-observe" Button`
    t =  1118.01s Checking existence of `Alert (First Match)`
    t =  1118.08s Waiting 10.0s for "parlor-dsc01-state" StaticText to exist
    t =  1119.13s     Checking `Expect predicate `existsNoRetry == 1` for object "parlor-dsc01-state" StaticText`
    t =  1119.13s         Checking existence of `"parlor-dsc01-state" StaticText`
    t =  1119.16s Find the "parlor-dsc01-state" StaticText
    t =  1119.20s Tap "parlor-dsc01-observe" Button
    t =  1119.20s     Wait for com.parlor.app.debug to idle
    t =  1119.20s     Find the "parlor-dsc01-observe" Button
    t =  1119.24s     Check for interrupting elements affecting "parlor-dsc01-observe" Button
    t =  1119.27s     Synthesize event
    t =  1119.58s     Wait for com.parlor.app.debug to idle
    t =  1120.61s Find the "parlor-dsc01-state" StaticText
    t =  1120.66s Waiting 10.0s for "parlor-dsc01-state" StaticText to exist
    t =  1121.68s     Checking `Expect predicate `existsNoRetry == 1` for object "parlor-dsc01-state" StaticText`
    t =  1121.68s         Checking existence of `"parlor-dsc01-state" StaticText`
    t =  1121.70s Find the "parlor-dsc01-state" StaticText
    t =  1121.75s Waiting 10.0s for "parlor-dsc01-state" StaticText to exist
    t =  1122.78s     Checking `Expect predicate `existsNoRetry == 1` for object "parlor-dsc01-state" StaticText`
    t =  1122.78s         Checking existence of `"parlor-dsc01-state" StaticText`
    t =  1122.81s Find the "parlor-dsc01-state" StaticText
    t =  1122.84s Tap "parlor-dsc01-observe" Button
    t =  1122.84s     Wait for com.parlor.app.debug to idle
    t =  1122.84s     Find the "parlor-dsc01-observe" Button
    t =  1122.89s     Check for interrupting elements affecting "parlor-dsc01-observe" Button
    t =  1122.92s     Synthesize event
    t =  1123.24s     Wait for com.parlor.app.debug to idle
    t =  1124.29s Find the "parlor-dsc01-state" StaticText
    t =  1124.35s Waiting 10.0s for "parlor-dsc01-state" StaticText to exist
    t =  1125.40s     Checking `Expect predicate `existsNoRetry == 1` for object "parlor-dsc01-state" StaticText`
    t =  1125.40s         Checking existence of `"parlor-dsc01-state" StaticText`
    t =  1125.45s Find the "parlor-dsc01-state" StaticText
    t =  1125.50s Waiting 15.0s for "l08-functional-action-save" Any to exist
    t =  1126.53s     Checking `Expect predicate `existsNoRetry == 1` for object "l08-functional-action-save" Any`
    t =  1126.53s         Checking existence of `"l08-functional-action-save" Any`
    t =  1126.66s Get number of matches for: Elements matching predicate '"l08-functional-action-save" IN identifiers'
    t =  1127.71s Checking existence of `"l08-functional-action-save" Any`
    t =  1127.90s Find the "l08-functional-action-save" Any
    t =  1128.07s Find the "l08-functional-action-save" Button
    t =  1128.32s Tap "l08-functional-action-save" Button
    t =  1128.32s     Wait for com.parlor.app.debug to idle
    t =  1128.33s     Find the "l08-functional-action-save" Button
    t =  1128.46s     Check for interrupting elements affecting "l08-functional-action-save" Button
    t =  1128.54s     Synthesize event
    t =  1128.85s     Wait for com.parlor.app.debug to idle
    t =  1128.96s Waiting 10.0s for "l08-storage-functional-result" StaticText to exist
    t =  1129.99s     Checking `Expect predicate `existsNoRetry == 1` for object "l08-storage-functional-result" StaticText`
    t =  1129.99s         Checking existence of `"l08-storage-functional-result" StaticText`
    t =  1131.08s Find the "l08-storage-functional-result" StaticText
    t =  1131.10s Find the "l08-storage-functional-result" StaticText
    t =  1131.14s Checking existence of `Alert (First Match)`
    t =  1131.24s Checking existence of `Alert (First Match)`
PARLOR_L08_STORAGE_FUNCTIONAL_BOOT {"actions":["save"],"alert_present":false,"boot_ordinal":1,"foreground":true,"process_boot":"E435D981-C143-4D4F-A3C6-539BBA2A7AC1","run_token":"217002BD-D169-40FC-8138-AB4831656E8D","schema_version":1}
    t =  1131.32s Terminate com.parlor.app.debug:65173
    t =  1132.35s Wait for com.parlor.app.debug to become Not Running
    t =  1132.35s Open com.parlor.app.debug
    t =  1132.35s     Launch com.parlor.app.debug
    t =  1132.90s         Setting up automation session
    t =  1134.23s         Wait for com.parlor.app.debug to idle
    t =  1135.83s Wait for com.parlor.app.debug to become Running Foreground
    t =  1135.83s Waiting 30.0s for "parlor-home-brand" StaticText to exist
    t =  1136.88s     Checking `Expect predicate `existsNoRetry == 1` for object "parlor-home-brand" StaticText`
    t =  1136.88s         Checking existence of `"parlor-home-brand" StaticText`
    t =  1136.95s Waiting 10.0s for "parlor-dsc01-observe" Button to exist
    t =  1137.98s     Checking `Expect predicate `existsNoRetry == 1` for object "parlor-dsc01-observe" Button`
    t =  1137.98s         Checking existence of `"parlor-dsc01-observe" Button`
    t =  1138.01s Checking existence of `Alert (First Match)`
    t =  1138.13s Waiting 10.0s for "parlor-dsc01-state" StaticText to exist
    t =  1139.18s     Checking `Expect predicate `existsNoRetry == 1` for object "parlor-dsc01-state" StaticText`
    t =  1139.18s         Checking existence of `"parlor-dsc01-state" StaticText`
    t =  1139.21s Find the "parlor-dsc01-state" StaticText
    t =  1139.23s Tap "parlor-dsc01-observe" Button
    t =  1139.23s     Wait for com.parlor.app.debug to idle
    t =  1139.24s     Find the "parlor-dsc01-observe" Button
    t =  1139.27s     Check for interrupting elements affecting "parlor-dsc01-observe" Button
    t =  1139.31s     Synthesize event
    t =  1139.62s     Wait for com.parlor.app.debug to idle
    t =  1140.65s Find the "parlor-dsc01-state" StaticText
    t =  1140.69s Waiting 10.0s for "parlor-dsc01-state" StaticText to exist
    t =  1141.71s     Checking `Expect predicate `existsNoRetry == 1` for object "parlor-dsc01-state" StaticText`
    t =  1141.71s         Checking existence of `"parlor-dsc01-state" StaticText`
    t =  1141.75s Find the "parlor-dsc01-state" StaticText
    t =  1141.78s Waiting 10.0s for "parlor-dsc01-state" StaticText to exist
    t =  1142.81s     Checking `Expect predicate `existsNoRetry == 1` for object "parlor-dsc01-state" StaticText`
    t =  1142.81s         Checking existence of `"parlor-dsc01-state" StaticText`
    t =  1142.85s Find the "parlor-dsc01-state" StaticText
    t =  1142.89s Tap "parlor-dsc01-observe" Button
    t =  1142.89s     Wait for com.parlor.app.debug to idle
    t =  1142.89s     Find the "parlor-dsc01-observe" Button
    t =  1142.91s     Check for interrupting elements affecting "parlor-dsc01-observe" Button
    t =  1142.96s     Synthesize event
    t =  1143.27s     Wait for com.parlor.app.debug to idle
    t =  1144.31s Find the "parlor-dsc01-state" StaticText
    t =  1144.35s Waiting 10.0s for "parlor-dsc01-state" StaticText to exist
    t =  1145.38s     Checking `Expect predicate `existsNoRetry == 1` for object "parlor-dsc01-state" StaticText`
    t =  1145.38s         Checking existence of `"parlor-dsc01-state" StaticText`
    t =  1145.40s Find the "parlor-dsc01-state" StaticText
    t =  1145.43s Waiting 15.0s for "l08-functional-action-load" Any to exist
    t =  1146.44s     Checking `Expect predicate `existsNoRetry == 1` for object "l08-functional-action-load" Any`
    t =  1146.44s         Checking existence of `"l08-functional-action-load" Any`
    t =  1146.50s Get number of matches for: Elements matching predicate '"l08-functional-action-load" IN identifiers'
    t =  1147.58s Checking existence of `"l08-functional-action-load" Any`
    t =  1147.64s Find the "l08-functional-action-load" Any
    t =  1147.69s Find the "l08-functional-action-load" Button
    t =  1147.76s Tap "l08-functional-action-load" Button
    t =  1147.76s     Wait for com.parlor.app.debug to idle
    t =  1147.76s     Find the "l08-functional-action-load" Button
    t =  1147.80s     Check for interrupting elements affecting "l08-functional-action-load" Button
    t =  1147.84s     Synthesize event
    t =  1148.15s     Wait for com.parlor.app.debug to idle
    t =  1148.24s Waiting 10.0s for "l08-storage-functional-result" StaticText to exist
    t =  1149.24s     Checking `Expect predicate `existsNoRetry == 1` for object "l08-storage-functional-result" StaticText`
    t =  1149.24s         Checking existence of `"l08-storage-functional-result" StaticText`
    t =  1150.31s Find the "l08-storage-functional-result" StaticText
    t =  1150.33s Find the "l08-storage-functional-result" StaticText
    t =  1150.35s Checking existence of `Alert (First Match)`
    t =  1150.41s Waiting 15.0s for "l08-home-list" Any to exist
    t =  1151.45s     Checking `Expect predicate `existsNoRetry == 1` for object "l08-home-list" Any`
    t =  1151.45s         Checking existence of `"l08-home-list" Any`
    t =  1151.58s Get number of matches for: Elements matching predicate '"l08-home-list" IN identifiers'
    t =  1151.61s Get number of matches for: Elements matching predicate '"l08-home-wc" IN identifiers'
    t =  1151.65s Get number of matches for: Elements matching predicate '"l08-home-list" IN identifiers'
    t =  1151.67s Get number of matches for: Elements matching predicate '"parlor-dsc01-overlay" IN identifiers'
    t =  1151.70s Checking existence of `Alert (First Match)`
    t =  1151.78s Checking existence of `Keyboard (First Match)`
    t =  1151.86s Checking existence of `"l08-home-list" Any`
    t =  1151.98s Find the "l08-home-list" Any
    t =  1152.13s Checking existence of `"parlor-dsc01-overlay" Any`
    t =  1152.15s Checking existence of `"l08-home-wc" Any`
    t =  1152.26s Find the "l08-home-wc" Any
    t =  1152.39s Find the "l08-home-wc" Any
    t =  1152.52s Find the "l08-home-list" Any
    t =  1152.64s Find the Target Application 'com.parlor.app.debug'
    t =  1152.66s Find the "parlor-dsc01-overlay" Any
    t =  1152.68s Get number of matches for: Elements matching predicate '"l08-home-wc" IN identifiers'
    t =  1152.71s Get number of matches for: Elements matching predicate '"l08-home-list" IN identifiers'
    t =  1152.74s Get number of matches for: Elements matching predicate '"parlor-dsc01-overlay" IN identifiers'
    t =  1152.78s Checking existence of `Alert (First Match)`
    t =  1152.87s Checking existence of `Keyboard (First Match)`
    t =  1152.99s Checking existence of `"l08-home-wc" Any`
    t =  1153.15s Find the "l08-home-wc" Any
    t =  1153.31s Checking existence of `"l08-home-list" Any`
    t =  1153.41s Find the "l08-home-list" Any
    t =  1153.50s Checking existence of `"parlor-dsc01-overlay" Any`
    t =  1153.53s Find the "l08-home-wc" Button
    t =  1153.67s Find the "l08-home-list" Other
    t =  1153.80s Find the Target Application 'com.parlor.app.debug'
    t =  1153.84s Find the "parlor-dsc01-overlay" Any
    t =  1153.87s Find the "l08-home-wc" Button
    t =  1154.02s Find the "l08-home-list" Other
PARLOR_L08_HOME_SCROLL {"attempt":0,"direction":"ready","frames":[[24,376,354,96],[0,0,402,769.66668701171875],[0,0,402,874],[68.666666666666657,134,265,139]],"identifier":"l08-home-wc","list_count":1,"overlay_count":1,"proves_recovery":false,"sample":0,"schema_version":1,"stable_samples":1,"target_count":1,"target_seen":true}
    t =  1154.38s Get number of matches for: Elements matching predicate '"l08-home-wc" IN identifiers'
    t =  1154.40s Get number of matches for: Elements matching predicate '"l08-home-list" IN identifiers'
    t =  1154.43s Get number of matches for: Elements matching predicate '"parlor-dsc01-overlay" IN identifiers'
    t =  1154.46s Checking existence of `Alert (First Match)`
    t =  1154.52s Checking existence of `Keyboard (First Match)`
    t =  1154.58s Checking existence of `"l08-home-list" Any`
    t =  1154.75s Find the "l08-home-list" Any
    t =  1154.89s Checking existence of `"parlor-dsc01-overlay" Any`
    t =  1154.91s Checking existence of `"l08-home-wc" Any`
    t =  1155.02s Find the "l08-home-wc" Any
    t =  1155.16s Find the "l08-home-wc" Any
    t =  1155.34s Find the "l08-home-list" Any
    t =  1155.48s Find the Target Application 'com.parlor.app.debug'
    t =  1155.50s Find the "parlor-dsc01-overlay" Any
    t =  1155.53s Get number of matches for: Elements matching predicate '"l08-home-wc" IN identifiers'
    t =  1155.58s Get number of matches for: Elements matching predicate '"l08-home-list" IN identifiers'
    t =  1155.61s Get number of matches for: Elements matching predicate '"parlor-dsc01-overlay" IN identifiers'
    t =  1155.64s Checking existence of `Alert (First Match)`
    t =  1155.72s Checking existence of `Keyboard (First Match)`
    t =  1155.80s Checking existence of `"l08-home-wc" Any`
    t =  1155.91s Find the "l08-home-wc" Any
    t =  1156.02s Checking existence of `"l08-home-list" Any`
    t =  1156.14s Find the "l08-home-list" Any
    t =  1156.28s Checking existence of `"parlor-dsc01-overlay" Any`
    t =  1156.30s Find the "l08-home-wc" Button
    t =  1156.44s Find the "l08-home-list" Other
    t =  1156.56s Find the Target Application 'com.parlor.app.debug'
    t =  1156.57s Find the "parlor-dsc01-overlay" Any
    t =  1156.59s Find the "l08-home-wc" Button
    t =  1156.73s Find the "l08-home-list" Other
PARLOR_L08_HOME_SCROLL {"attempt":0,"direction":"ready","frames":[[24,376,354,96],[0,0,402,769.66668701171875],[0,0,402,874],[68.666666666666657,134,265,139]],"identifier":"l08-home-wc","list_count":1,"overlay_count":1,"proves_recovery":false,"sample":1,"schema_version":1,"stable_samples":2,"target_count":1,"target_seen":true}
    t =  1157.09s Get number of matches for: Elements matching predicate '"l08-home-wc" IN identifiers'
    t =  1157.13s Get number of matches for: Elements matching predicate '"l08-home-list" IN identifiers'
    t =  1157.17s Get number of matches for: Elements matching predicate '"parlor-dsc01-overlay" IN identifiers'
    t =  1157.19s Checking existence of `Alert (First Match)`
    t =  1157.32s Checking existence of `Keyboard (First Match)`
    t =  1157.38s Checking existence of `"l08-home-list" Any`
    t =  1157.49s Find the "l08-home-list" Any
    t =  1157.62s Checking existence of `"parlor-dsc01-overlay" Any`
    t =  1157.64s Checking existence of `"l08-home-wc" Any`
    t =  1157.86s Find the "l08-home-wc" Any
    t =  1157.96s Find the "l08-home-wc" Any
    t =  1158.09s Find the "l08-home-list" Any
    t =  1158.24s Find the Target Application 'com.parlor.app.debug'
    t =  1158.26s Find the "parlor-dsc01-overlay" Any
    t =  1158.28s Get number of matches for: Elements matching predicate '"l08-home-wc" IN identifiers'
    t =  1158.32s Get number of matches for: Elements matching predicate '"l08-home-list" IN identifiers'
    t =  1158.36s Get number of matches for: Elements matching predicate '"parlor-dsc01-overlay" IN identifiers'
    t =  1158.38s Checking existence of `Alert (First Match)`
    t =  1158.45s Checking existence of `Keyboard (First Match)`
    t =  1158.58s Checking existence of `"l08-home-wc" Any`
    t =  1158.73s Find the "l08-home-wc" Any
    t =  1158.89s Checking existence of `"l08-home-list" Any`
    t =  1159.04s Find the "l08-home-list" Any
    t =  1159.20s Checking existence of `"parlor-dsc01-overlay" Any`
    t =  1159.23s Find the "l08-home-wc" Button
    t =  1159.39s Find the "l08-home-list" Other
    t =  1159.50s Find the Target Application 'com.parlor.app.debug'
    t =  1159.51s Find the "parlor-dsc01-overlay" Any
    t =  1159.53s Find the "l08-home-wc" Button
    t =  1159.65s Find the "l08-home-list" Other
PARLOR_L08_HOME_SCROLL {"attempt":0,"direction":"ready","frames":[[24,376,354,96],[0,0,402,769.66668701171875],[0,0,402,874],[68.666666666666657,134,265,139]],"identifier":"l08-home-wc","list_count":1,"overlay_count":1,"proves_recovery":false,"sample":2,"schema_version":1,"stable_samples":3,"target_count":1,"target_seen":true}
    t =  1160.04s Get number of matches for: Elements matching predicate '"l08-home-wc" IN identifiers'
    t =  1160.07s Get number of matches for: Elements matching predicate '"l08-home-list" IN identifiers'
    t =  1160.09s Get number of matches for: Elements matching predicate '"parlor-dsc01-overlay" IN identifiers'
    t =  1160.11s Checking existence of `Alert (First Match)`
    t =  1160.19s Checking existence of `Keyboard (First Match)`
    t =  1160.27s Checking existence of `"l08-home-list" Any`
    t =  1160.37s Find the "l08-home-list" Any
    t =  1160.50s Checking existence of `"parlor-dsc01-overlay" Any`
    t =  1160.51s Checking existence of `"l08-home-wc" Any`
    t =  1160.61s Find the "l08-home-wc" Any
    t =  1160.75s Find the "l08-home-wc" Any
    t =  1160.86s Find the "l08-home-list" Any
    t =  1160.96s Find the Target Application 'com.parlor.app.debug'
    t =  1160.97s Find the "parlor-dsc01-overlay" Any
    t =  1160.99s Get number of matches for: Elements matching predicate '"l08-home-wc" IN identifiers'
    t =  1161.01s Get number of matches for: Elements matching predicate '"l08-home-list" IN identifiers'
    t =  1161.03s Get number of matches for: Elements matching predicate '"parlor-dsc01-overlay" IN identifiers'
    t =  1161.05s Checking existence of `Alert (First Match)`
    t =  1161.12s Checking existence of `Keyboard (First Match)`
    t =  1161.24s Checking existence of `"l08-home-wc" Any`
    t =  1161.39s Find the "l08-home-wc" Any
    t =  1161.51s Checking existence of `"l08-home-list" Any`
    t =  1161.62s Find the "l08-home-list" Any
    t =  1161.76s Checking existence of `"parlor-dsc01-overlay" Any`
    t =  1161.77s Find the "l08-home-wc" Button
    t =  1161.89s Find the "l08-home-list" Other
    t =  1162.00s Find the Target Application 'com.parlor.app.debug'
    t =  1162.01s Find the "parlor-dsc01-overlay" Any
    t =  1162.04s Find the "l08-home-wc" Button
    t =  1162.21s Find the "l08-home-list" Other
PARLOR_L08_HOME_SCROLL {"attempt":0,"direction":"ready","frames":[[24,376,354,96],[0,0,402,769.66668701171875],[0,0,402,874],[68.666666666666657,134,265,139]],"identifier":"l08-home-wc","list_count":1,"overlay_count":1,"proves_recovery":false,"sample":3,"schema_version":1,"stable_samples":4,"target_count":1,"target_seen":true}
    t =  1162.56s Get number of matches for: Elements matching predicate '"l08-home-wc" IN identifiers'
    t =  1162.59s Get number of matches for: Elements matching predicate '"l08-home-list" IN identifiers'
    t =  1162.62s Get number of matches for: Elements matching predicate '"parlor-dsc01-overlay" IN identifiers'
    t =  1162.64s Checking existence of `Alert (First Match)`
    t =  1162.70s Checking existence of `Keyboard (First Match)`
    t =  1162.77s Checking existence of `"l08-home-list" Any`
    t =  1162.90s Find the "l08-home-list" Any
    t =  1162.98s Checking existence of `"parlor-dsc01-overlay" Any`
    t =  1162.99s Checking existence of `"l08-home-wc" Any`
    t =  1163.13s Find the "l08-home-wc" Any
    t =  1163.22s Find the "l08-home-wc" Any
    t =  1163.31s Find the "l08-home-list" Any
    t =  1163.39s Find the Target Application 'com.parlor.app.debug'
    t =  1163.41s Find the "parlor-dsc01-overlay" Any
    t =  1163.44s Get number of matches for: Elements matching predicate '"l08-home-wc" IN identifiers'
    t =  1163.46s Get number of matches for: Elements matching predicate '"l08-home-list" IN identifiers'
    t =  1163.48s Get number of matches for: Elements matching predicate '"parlor-dsc01-overlay" IN identifiers'
    t =  1163.50s Checking existence of `Alert (First Match)`
    t =  1163.58s Checking existence of `Keyboard (First Match)`
    t =  1163.64s Checking existence of `"l08-home-wc" Any`
    t =  1163.76s Find the "l08-home-wc" Any
    t =  1163.87s Checking existence of `"l08-home-list" Any`
    t =  1163.97s Find the "l08-home-list" Any
    t =  1164.07s Checking existence of `"parlor-dsc01-overlay" Any`
    t =  1164.08s Find the "l08-home-wc" Button
    t =  1164.23s Find the "l08-home-list" Other
    t =  1164.35s Find the Target Application 'com.parlor.app.debug'
    t =  1164.36s Find the "parlor-dsc01-overlay" Any
    t =  1164.38s Find the "l08-home-wc" Button
    t =  1164.49s Find the "l08-home-list" Other
PARLOR_L08_HOME_SCROLL {"attempt":0,"direction":"ready","frames":[[24,376,354,96],[0,0,402,769.66668701171875],[0,0,402,874],[68.666666666666657,134,265,139]],"identifier":"l08-home-wc","list_count":1,"overlay_count":1,"proves_recovery":false,"sample":4,"schema_version":1,"stable_samples":5,"target_count":1,"target_seen":true}
    t =  1164.88s Get number of matches for: Elements matching predicate '"l08-home-wc" IN identifiers'
    t =  1164.92s Get number of matches for: Elements matching predicate '"l08-home-list" IN identifiers'
    t =  1164.94s Get number of matches for: Elements matching predicate '"parlor-dsc01-overlay" IN identifiers'
    t =  1164.97s Checking existence of `Alert (First Match)`
    t =  1165.09s Checking existence of `Keyboard (First Match)`
    t =  1165.17s Checking existence of `"l08-home-list" Any`
    t =  1165.28s Find the "l08-home-list" Any
    t =  1165.39s Checking existence of `"parlor-dsc01-overlay" Any`
    t =  1165.40s Checking existence of `"l08-home-wc" Any`
    t =  1165.54s Find the "l08-home-wc" Any
    t =  1165.69s Find the "l08-home-wc" Any
    t =  1165.82s Find the "l08-home-list" Any
    t =  1165.93s Find the Target Application 'com.parlor.app.debug'
    t =  1165.95s Find the "parlor-dsc01-overlay" Any
    t =  1166.01s Get number of matches for: Elements matching predicate '"l08-home-wc" IN identifiers'
    t =  1166.04s Get number of matches for: Elements matching predicate '"l08-home-list" IN identifiers'
    t =  1166.06s Get number of matches for: Elements matching predicate '"parlor-dsc01-overlay" IN identifiers'
    t =  1166.09s Checking existence of `Alert (First Match)`
    t =  1166.17s Checking existence of `Keyboard (First Match)`
    t =  1166.26s Checking existence of `"l08-home-wc" Any`
    t =  1166.38s Find the "l08-home-wc" Any
    t =  1166.54s Checking existence of `"l08-home-list" Any`
    t =  1166.67s Find the "l08-home-list" Any
    t =  1166.79s Checking existence of `"parlor-dsc01-overlay" Any`
    t =  1166.80s Find the "l08-home-wc" Button
    t =  1166.94s Find the "l08-home-list" Other
    t =  1167.03s Find the Target Application 'com.parlor.app.debug'
    t =  1167.05s Find the "parlor-dsc01-overlay" Any
    t =  1167.08s Find the "l08-home-wc" Button
    t =  1167.19s Find the "l08-home-list" Other
PARLOR_L08_HOME_SCROLL {"attempt":0,"direction":"ready","frames":[[24,376,354,96],[0,0,402,769.66668701171875],[0,0,402,874],[68.666666666666657,134,265,139]],"identifier":"l08-home-wc","list_count":1,"overlay_count":1,"proves_recovery":false,"sample":5,"schema_version":1,"stable_samples":6,"target_count":1,"target_seen":true}
    t =  1167.32s Get number of matches for: Elements matching predicate '"l08-home-wc" IN identifiers'
    t =  1167.34s Checking existence of `"l08-home-wc" Any`
    t =  1167.49s Find the "l08-home-wc" Any
    t =  1167.66s Find the "l08-home-wc" Button
    t =  1167.78s Find the Target Application 'com.parlor.app.debug'
    t =  1167.80s Find the "l08-home-wc" Button
    t =  1167.99s Get number of matches for: Elements matching predicate '"l08-home-list" IN identifiers'
    t =  1168.01s Checking existence of `"l08-home-list" Any`
    t =  1168.13s Find the "l08-home-list" Any
    t =  1168.23s Find the "l08-home-list" Other
    t =  1168.34s Find the Target Application 'com.parlor.app.debug'
    t =  1168.35s Find the "l08-home-list" Other
    t =  1168.44s Get number of matches for: Elements matching predicate '"parlor-dsc01-overlay" IN identifiers'
    t =  1168.46s Checking existence of `"parlor-dsc01-overlay" Any`
    t =  1168.47s Find the "parlor-dsc01-overlay" Any
    t =  1168.49s Find the "parlor-dsc01-overlay" Other
    t =  1168.52s Find the Target Application 'com.parlor.app.debug'
    t =  1168.53s Find the "parlor-dsc01-overlay" Other
PARLOR_L08_PUBLIC_CONTROL {"attempt":0,"identifier":"l08-home-wc","list":{"count":1,"enabled":true,"exists":true,"frame":{"height":769.66668701171875,"width":402,"x":0,"y":0},"hittability_queried":true,"hittable":true},"overlay":{"count":1,"enabled":true,"exists":true,"frame":{"height":139,"width":265,"x":68.666666666666657,"y":134},"hittability_queried":true,"hittable":true},"proves_recovery":false,"schema_version":1,"target":{"count":1,"enabled":true,"exists":true,"frame":{"height":96,"width":354,"x":24,"y":376},"hittability_queried":true,"hittable":true}}
    t =  1168.56s Waiting 15.0s for "l08-home-wc" Any to exist
    t =  1169.60s     Checking `Expect predicate `existsNoRetry == 1` for object "l08-home-wc" Any`
    t =  1169.60s         Checking existence of `"l08-home-wc" Any`
    t =  1169.72s Get number of matches for: Elements matching predicate '"l08-home-wc" IN identifiers'
    t =  1170.81s Get number of matches for: Elements matching predicate '"l08-home-wc" IN identifiers'
    t =  1170.85s Get number of matches for: Elements matching predicate '"l08-home-list" IN identifiers'
    t =  1170.87s Get number of matches for: Elements matching predicate '"parlor-dsc01-overlay" IN identifiers'
    t =  1170.90s Checking existence of `Alert (First Match)`
    t =  1170.96s Checking existence of `Keyboard (First Match)`
    t =  1171.01s Checking existence of `"l08-home-wc" Any`
    t =  1171.10s Find the "l08-home-wc" Any
    t =  1171.21s Checking existence of `"l08-home-list" Any`
    t =  1171.30s Find the "l08-home-list" Any
    t =  1171.41s Checking existence of `"parlor-dsc01-overlay" Any`
    t =  1171.43s Find the "l08-home-wc" Button
    t =  1171.55s Find the "l08-home-list" Other
    t =  1171.62s Find the Target Application 'com.parlor.app.debug'
    t =  1171.64s Find the "parlor-dsc01-overlay" Any
    t =  1171.65s Find the "l08-home-wc" Button
    t =  1171.77s Find the "l08-home-list" Other
    t =  1171.88s Get number of matches for: Elements matching predicate '"l08-home-wc" IN identifiers'
    t =  1171.90s Checking existence of `"l08-home-wc" Any`
    t =  1172.03s Find the "l08-home-wc" Any
    t =  1172.15s Find the "l08-home-wc" Button
    t =  1172.26s Find the Target Application 'com.parlor.app.debug'
    t =  1172.28s Find the "l08-home-wc" Button
    t =  1172.44s Get number of matches for: Elements matching predicate '"l08-home-list" IN identifiers'
    t =  1172.47s Checking existence of `"l08-home-list" Any`
    t =  1172.57s Find the "l08-home-list" Any
    t =  1172.67s Find the "l08-home-list" Other
    t =  1172.81s Find the Target Application 'com.parlor.app.debug'
    t =  1172.82s Find the "l08-home-list" Other
    t =  1172.94s Get number of matches for: Elements matching predicate '"parlor-dsc01-overlay" IN identifiers'
    t =  1172.97s Checking existence of `"parlor-dsc01-overlay" Any`
    t =  1173.00s Find the "parlor-dsc01-overlay" Any
    t =  1173.01s Find the "parlor-dsc01-overlay" Other
    t =  1173.03s Find the Target Application 'com.parlor.app.debug'
    t =  1173.05s Find the "parlor-dsc01-overlay" Other
PARLOR_L08_PUBLIC_CONTROL {"attempt":8,"identifier":"l08-home-wc","list":{"count":1,"enabled":true,"exists":true,"frame":{"height":769.66668701171875,"width":402,"x":0,"y":0},"hittability_queried":true,"hittable":true},"overlay":{"count":1,"enabled":true,"exists":true,"frame":{"height":139,"width":265,"x":68.666666666666657,"y":134},"hittability_queried":true,"hittable":true},"proves_recovery":false,"schema_version":1,"target":{"count":1,"enabled":true,"exists":true,"frame":{"height":96,"width":354,"x":24,"y":376},"hittability_queried":true,"hittable":true}}
    t =  1173.09s Get number of matches for: Elements matching predicate '"l08-ui-result" IN identifiers'
    t =  1173.11s Find the "l08-ui-result" StaticText
PARLOR_L08_HOME_ACTIVATION {"attempt":0,"counters":{},"counters_valid":false,"frames":[],"geometry_valid":false,"identifier":"l08-home-wc","phase":"before-observer","proves_recovery":false,"schema_version":1,"stable_samples":0}
    t =  1173.13s Waiting 15.0s for "l08-ui-observe" Any to exist
    t =  1174.16s     Checking `Expect predicate `existsNoRetry == 1` for object "l08-ui-observe" Any`
    t =  1174.16s         Checking existence of `"l08-ui-observe" Any`
    t =  1174.23s Get number of matches for: Elements matching predicate '"l08-ui-observe" IN identifiers'
    t =  1175.31s Checking existence of `"l08-ui-observe" Any`
    t =  1175.43s Find the "l08-ui-observe" Any
    t =  1175.50s Find the "l08-ui-observe" Button
    t =  1175.60s Tap "l08-ui-observe" Button
    t =  1175.60s     Wait for com.parlor.app.debug to idle
    t =  1175.60s     Find the "l08-ui-observe" Button
    t =  1175.72s     Check for interrupting elements affecting "l08-ui-observe" Button
    t =  1175.76s     Synthesize event
    t =  1176.06s     Wait for com.parlor.app.debug to idle
    t =  1177.11s Get number of matches for: Elements matching predicate '"l08-ui-result" IN identifiers'
    t =  1177.15s Find the "l08-ui-result" StaticText
    t =  1177.17s Get number of matches for: Elements matching predicate '"l08-ui-result" IN identifiers'
    t =  1177.21s Find the "l08-ui-result" StaticText
PARLOR_L08_HOME_ACTIVATION {"attempt":0,"counters":{"discard_taps":0,"recovery_shows":0,"resume_taps":0,"retry_taps":0},"counters_valid":true,"frames":[],"geometry_valid":false,"identifier":"l08-home-wc","phase":"before-zero","proves_recovery":false,"schema_version":1,"stable_samples":0}
    t =  1177.28s Get number of matches for: Elements matching predicate '"l08-home-wc" IN identifiers'
    t =  1177.32s Get number of matches for: Elements matching predicate '"l08-home-list" IN identifiers'
    t =  1177.35s Get number of matches for: Elements matching predicate '"parlor-dsc01-overlay" IN identifiers'
    t =  1177.38s Checking existence of `Alert (First Match)`
    t =  1177.45s Checking existence of `Keyboard (First Match)`
    t =  1177.55s Checking existence of `"l08-home-wc" Any`
    t =  1177.72s Find the "l08-home-wc" Any
    t =  1177.94s Checking existence of `"l08-home-list" Any`
    t =  1178.11s Find the "l08-home-list" Any
    t =  1178.42s Checking existence of `"parlor-dsc01-overlay" Any`
    t =  1178.49s Find the "l08-home-wc" Button
    t =  1178.73s Find the "l08-home-list" Other
    t =  1178.87s Find the Target Application 'com.parlor.app.debug'
    t =  1178.89s Find the "parlor-dsc01-overlay" Any
    t =  1178.92s Find the "l08-home-wc" Button
    t =  1179.14s Find the "l08-home-list" Other
PARLOR_L08_HOME_ACTIVATION {"attempt":0,"counters":{},"counters_valid":false,"frames":[[24,376,354,96],[0,0,402,769.66668701171875],[0,0,402,874],[68.666666666666657,134,265,139]],"geometry_valid":true,"identifier":"l08-home-wc","phase":"geometry","proves_recovery":false,"schema_version":1,"stable_samples":1}
    t =  1179.55s Get number of matches for: Elements matching predicate '"l08-home-wc" IN identifiers'
    t =  1179.58s Get number of matches for: Elements matching predicate '"l08-home-list" IN identifiers'
    t =  1179.61s Get number of matches for: Elements matching predicate '"parlor-dsc01-overlay" IN identifiers'
    t =  1179.64s Checking existence of `Alert (First Match)`
    t =  1179.73s Checking existence of `Keyboard (First Match)`
    t =  1179.83s Checking existence of `"l08-home-wc" Any`
    t =  1180.08s Find the "l08-home-wc" Any
    t =  1180.25s Checking existence of `"l08-home-list" Any`
    t =  1180.41s Find the "l08-home-list" Any
    t =  1180.56s Checking existence of `"parlor-dsc01-overlay" Any`
    t =  1180.59s Find the "l08-home-wc" Button
    t =  1180.71s Find the "l08-home-list" Other
    t =  1180.84s Find the Target Application 'com.parlor.app.debug'
    t =  1180.86s Find the "parlor-dsc01-overlay" Any
    t =  1180.87s Find the "l08-home-wc" Button
    t =  1181.07s Find the "l08-home-list" Other
PARLOR_L08_HOME_ACTIVATION {"attempt":1,"counters":{},"counters_valid":false,"frames":[[24,376,354,96],[0,0,402,769.66668701171875],[0,0,402,874],[68.666666666666657,134,265,139]],"geometry_valid":true,"identifier":"l08-home-wc","phase":"geometry","proves_recovery":false,"schema_version":1,"stable_samples":2}
    t =  1181.56s Get number of matches for: Elements matching predicate '"l08-home-wc" IN identifiers'
    t =  1181.60s Get number of matches for: Elements matching predicate '"l08-home-list" IN identifiers'
    t =  1181.63s Get number of matches for: Elements matching predicate '"parlor-dsc01-overlay" IN identifiers'
    t =  1181.66s Checking existence of `Alert (First Match)`
    t =  1181.77s Checking existence of `Keyboard (First Match)`
    t =  1181.88s Checking existence of `"l08-home-wc" Any`
    t =  1182.08s Find the "l08-home-wc" Any
    t =  1182.28s Checking existence of `"l08-home-list" Any`
    t =  1182.41s Find the "l08-home-list" Any
    t =  1182.60s Checking existence of `"parlor-dsc01-overlay" Any`
    t =  1182.62s Find the "l08-home-wc" Button
    t =  1182.83s Find the "l08-home-list" Other
    t =  1183.00s Find the Target Application 'com.parlor.app.debug'
    t =  1183.02s Find the "parlor-dsc01-overlay" Any
    t =  1183.06s Find the "l08-home-wc" Button
    t =  1183.24s Find the "l08-home-list" Other
PARLOR_L08_HOME_ACTIVATION {"attempt":2,"counters":{},"counters_valid":false,"frames":[[24,376,354,96],[0,0,402,769.66668701171875],[0,0,402,874],[68.666666666666657,134,265,139]],"geometry_valid":true,"identifier":"l08-home-wc","phase":"geometry","proves_recovery":false,"schema_version":1,"stable_samples":3}
    t =  1183.65s Get number of matches for: Elements matching predicate '"l08-home-wc" IN identifiers'
    t =  1183.68s Get number of matches for: Elements matching predicate '"l08-home-list" IN identifiers'
    t =  1183.71s Get number of matches for: Elements matching predicate '"parlor-dsc01-overlay" IN identifiers'
    t =  1183.74s Checking existence of `Alert (First Match)`
    t =  1183.83s Checking existence of `Keyboard (First Match)`
    t =  1183.92s Checking existence of `"l08-home-wc" Any`
    t =  1184.07s Find the "l08-home-wc" Any
    t =  1184.23s Checking existence of `"l08-home-list" Any`
    t =  1184.41s Find the "l08-home-list" Any
    t =  1184.71s Checking existence of `"parlor-dsc01-overlay" Any`
    t =  1184.77s Find the "l08-home-wc" Button
    t =  1185.07s Find the "l08-home-list" Other
    t =  1185.35s Find the Target Application 'com.parlor.app.debug'
    t =  1185.38s Find the "parlor-dsc01-overlay" Any
    t =  1185.51s Find the "l08-home-wc" Button
    t =  1185.76s Find the "l08-home-list" Other
PARLOR_L08_HOME_ACTIVATION {"attempt":3,"counters":{},"counters_valid":false,"frames":[[24,376,354,96],[0,0,402,769.66668701171875],[0,0,402,874],[68.666666666666657,134,265,139]],"geometry_valid":true,"identifier":"l08-home-wc","phase":"geometry","proves_recovery":false,"schema_version":1,"stable_samples":4}
    t =  1186.18s Get number of matches for: Elements matching predicate '"l08-home-wc" IN identifiers'
    t =  1186.20s Get number of matches for: Elements matching predicate '"l08-home-list" IN identifiers'
    t =  1186.24s Get number of matches for: Elements matching predicate '"parlor-dsc01-overlay" IN identifiers'
    t =  1186.26s Checking existence of `Alert (First Match)`
    t =  1186.39s Checking existence of `Keyboard (First Match)`
    t =  1186.49s Checking existence of `"l08-home-wc" Any`
    t =  1186.67s Find the "l08-home-wc" Any
    t =  1186.88s Checking existence of `"l08-home-list" Any`
    t =  1187.06s Find the "l08-home-list" Any
    t =  1187.21s Checking existence of `"parlor-dsc01-overlay" Any`
    t =  1187.26s Find the "l08-home-wc" Button
    t =  1187.42s Find the "l08-home-list" Other
    t =  1187.64s Find the Target Application 'com.parlor.app.debug'
    t =  1187.68s Find the "parlor-dsc01-overlay" Any
    t =  1187.71s Find the "l08-home-wc" Button
    t =  1187.94s Find the "l08-home-list" Other
PARLOR_L08_HOME_ACTIVATION {"attempt":4,"counters":{},"counters_valid":false,"frames":[[24,376,354,96],[0,0,402,769.66668701171875],[0,0,402,874],[68.666666666666657,134,265,139]],"geometry_valid":true,"identifier":"l08-home-wc","phase":"geometry","proves_recovery":false,"schema_version":1,"stable_samples":5}
    t =  1188.44s Get number of matches for: Elements matching predicate '"l08-home-wc" IN identifiers'
    t =  1188.47s Get number of matches for: Elements matching predicate '"l08-home-list" IN identifiers'
    t =  1188.50s Get number of matches for: Elements matching predicate '"parlor-dsc01-overlay" IN identifiers'
    t =  1188.52s Checking existence of `Alert (First Match)`
    t =  1188.65s Checking existence of `Keyboard (First Match)`
    t =  1188.82s Checking existence of `"l08-home-wc" Any`
    t =  1189.03s Find the "l08-home-wc" Any
    t =  1189.34s Checking existence of `"l08-home-list" Any`
    t =  1189.50s Find the "l08-home-list" Any
    t =  1189.72s Checking existence of `"parlor-dsc01-overlay" Any`
    t =  1189.76s Find the "l08-home-wc" Button
    t =  1189.94s Find the "l08-home-list" Other
    t =  1190.11s Find the Target Application 'com.parlor.app.debug'
    t =  1190.12s Find the "parlor-dsc01-overlay" Any
    t =  1190.16s Find the "l08-home-wc" Button
    t =  1190.39s Find the "l08-home-list" Other
PARLOR_L08_HOME_ACTIVATION {"attempt":5,"counters":{},"counters_valid":false,"frames":[[24,376,354,96],[0,0,402,769.66668701171875],[0,0,402,874],[68.666666666666657,134,265,139]],"geometry_valid":true,"identifier":"l08-home-wc","phase":"geometry","proves_recovery":false,"schema_version":1,"stable_samples":6}
    t =  1190.56s Get number of matches for: Elements matching predicate '"l08-home-wc" IN identifiers'
    t =  1190.61s Get number of matches for: Elements matching predicate '"l08-home-list" IN identifiers'
    t =  1190.64s Get number of matches for: Elements matching predicate '"parlor-dsc01-overlay" IN identifiers'
    t =  1190.67s Checking existence of `Alert (First Match)`
    t =  1190.86s Checking existence of `Keyboard (First Match)`
    t =  1190.99s Checking existence of `"l08-home-wc" Any`
    t =  1191.21s Find the "l08-home-wc" Any
    t =  1191.46s Checking existence of `"l08-home-list" Any`
    t =  1191.63s Find the "l08-home-list" Any
    t =  1191.86s Checking existence of `"parlor-dsc01-overlay" Any`
    t =  1191.91s Find the "l08-home-wc" Button
    t =  1192.15s Find the "l08-home-list" Other
    t =  1192.29s Find the Target Application 'com.parlor.app.debug'
    t =  1192.32s Find the "parlor-dsc01-overlay" Any
    t =  1192.35s Find the "l08-home-wc" Button
    t =  1192.51s Find the "l08-home-list" Other
PARLOR_L08_HOME_ACTIVATION {"attempt":0,"counters":{},"counters_valid":false,"frames":[[24,376,354,96],[0,0,402,769.66668701171875],[0,0,402,874],[68.666666666666657,134,265,139]],"geometry_valid":true,"identifier":"l08-home-wc","phase":"before-tap","proves_recovery":false,"schema_version":1,"stable_samples":0}
    t =  1192.68s Find the "l08-home-wc" Any
    t =  1192.99s Find the "l08-home-wc" Button
    t =  1193.14s Find the "l08-home-wc" Button
    t =  1193.38s Tap "l08-home-wc" Button
    t =  1193.38s     Wait for com.parlor.app.debug to idle
    t =  1193.39s     Find the "l08-home-wc" Button
    t =  1193.56s     Check for interrupting elements affecting "l08-home-wc" Button
    t =  1193.62s     Synthesize event
    t =  1193.92s     Wait for com.parlor.app.debug to idle
    t =  1193.92s Waiting 15.0s for "l08-ui-observe" Any to exist
    t =  1194.93s     Checking `Expect predicate `existsNoRetry == 1` for object "l08-ui-observe" Any`
    t =  1194.93s         Checking existence of `"l08-ui-observe" Any`
    t =  1195.04s Get number of matches for: Elements matching predicate '"l08-ui-observe" IN identifiers'
    t =  1196.08s Checking existence of `"l08-ui-observe" Any`
    t =  1196.16s Find the "l08-ui-observe" Any
    t =  1196.23s Find the "l08-ui-observe" Button
    t =  1196.33s Tap "l08-ui-observe" Button
    t =  1196.33s     Wait for com.parlor.app.debug to idle
    t =  1196.33s     Find the "l08-ui-observe" Button
    t =  1196.42s     Check for interrupting elements affecting "l08-ui-observe" Button
    t =  1196.50s     Synthesize event
    t =  1196.80s     Wait for com.parlor.app.debug to idle
    t =  1196.80s Get number of matches for: Elements matching predicate '"l08-ui-result" IN identifiers'
    t =  1196.83s Find the "l08-ui-result" StaticText
PARLOR_L08_HOME_ACTIVATION {"attempt":0,"counters":{"discard_taps":0,"recovery_shows":0,"resume_taps":1,"retry_taps":0},"counters_valid":true,"frames":[],"geometry_valid":false,"identifier":"l08-home-wc","phase":"after-tap","proves_recovery":false,"schema_version":1,"stable_samples":0}
    t =  1196.92s Checking existence of `Alert (First Match)`
    t =  1197.03s Waiting 15.0s for "l08-functional-action-continue" Any to exist
    t =  1198.05s     Checking `Expect predicate `existsNoRetry == 1` for object "l08-functional-action-continue" Any`
    t =  1198.05s         Checking existence of `"l08-functional-action-continue" Any`
    t =  1198.15s Get number of matches for: Elements matching predicate '"l08-functional-action-continue" IN identifiers'
    t =  1199.19s Checking existence of `"l08-functional-action-continue" Any`
    t =  1199.43s Find the "l08-functional-action-continue" Any
    t =  1199.55s Find the "l08-functional-action-continue" Button
    t =  1199.73s Tap "l08-functional-action-continue" Button
    t =  1199.73s     Wait for com.parlor.app.debug to idle
    t =  1199.73s     Find the "l08-functional-action-continue" Button
    t =  1199.82s     Check for interrupting elements affecting "l08-functional-action-continue" Button
    t =  1199.88s     Synthesize event
    t =  1200.18s     Wait for com.parlor.app.debug to idle
    t =  1200.37s Waiting 10.0s for "l08-storage-functional-result" StaticText to exist
    t =  1201.41s     Checking `Expect predicate `existsNoRetry == 1` for object "l08-storage-functional-result" StaticText`
    t =  1201.41s         Checking existence of `"l08-storage-functional-result" StaticText`
    t =  1202.44s Find the "l08-storage-functional-result" StaticText
    t =  1202.48s Find the "l08-storage-functional-result" StaticText
    t =  1202.51s Checking existence of `Alert (First Match)`
    t =  1202.57s Checking existence of `Alert (First Match)`
PARLOR_L08_STORAGE_FUNCTIONAL_BOOT {"actions":["load","continue"],"alert_present":false,"boot_ordinal":2,"foreground":true,"process_boot":"7CDCC646-02FD-4DBF-8761-2E6358AE952D","run_token":"217002BD-D169-40FC-8138-AB4831656E8D","schema_version":1}
    t =  1202.63s Terminate com.parlor.app.debug:66471
    t =  1203.68s Wait for com.parlor.app.debug to become Not Running
    t =  1203.68s Open com.parlor.app.debug
    t =  1203.68s     Launch com.parlor.app.debug
    t =  1204.19s         Setting up automation session
    t =  1205.74s         Wait for com.parlor.app.debug to idle
    t =  1207.32s Wait for com.parlor.app.debug to become Running Foreground
    t =  1207.32s Waiting 30.0s for "parlor-home-brand" StaticText to exist
    t =  1208.33s     Checking `Expect predicate `existsNoRetry == 1` for object "parlor-home-brand" StaticText`
    t =  1208.33s         Checking existence of `"parlor-home-brand" StaticText`
    t =  1208.42s Waiting 10.0s for "parlor-dsc01-observe" Button to exist
    t =  1209.46s     Checking `Expect predicate `existsNoRetry == 1` for object "parlor-dsc01-observe" Button`
    t =  1209.46s         Checking existence of `"parlor-dsc01-observe" Button`
    t =  1209.51s Checking existence of `Alert (First Match)`
    t =  1209.70s Waiting 10.0s for "parlor-dsc01-state" StaticText to exist
    t =  1210.72s     Checking `Expect predicate `existsNoRetry == 1` for object "parlor-dsc01-state" StaticText`
    t =  1210.72s         Checking existence of `"parlor-dsc01-state" StaticText`
    t =  1210.78s Find the "parlor-dsc01-state" StaticText
    t =  1210.83s Tap "parlor-dsc01-observe" Button
    t =  1210.83s     Wait for com.parlor.app.debug to idle
    t =  1210.84s     Find the "parlor-dsc01-observe" Button
    t =  1210.89s     Check for interrupting elements affecting "parlor-dsc01-observe" Button
    t =  1210.93s     Synthesize event
    t =  1211.23s     Wait for com.parlor.app.debug to idle
    t =  1212.25s Find the "parlor-dsc01-state" StaticText
    t =  1212.29s Waiting 10.0s for "parlor-dsc01-state" StaticText to exist
    t =  1213.32s     Checking `Expect predicate `existsNoRetry == 1` for object "parlor-dsc01-state" StaticText`
    t =  1213.32s         Checking existence of `"parlor-dsc01-state" StaticText`
    t =  1213.35s Find the "parlor-dsc01-state" StaticText
    t =  1213.37s Waiting 10.0s for "parlor-dsc01-state" StaticText to exist
    t =  1214.40s     Checking `Expect predicate `existsNoRetry == 1` for object "parlor-dsc01-state" StaticText`
    t =  1214.40s         Checking existence of `"parlor-dsc01-state" StaticText`
    t =  1214.44s Find the "parlor-dsc01-state" StaticText
    t =  1214.47s Tap "parlor-dsc01-observe" Button
    t =  1214.47s     Wait for com.parlor.app.debug to idle
    t =  1214.47s     Find the "parlor-dsc01-observe" Button
    t =  1214.50s     Check for interrupting elements affecting "parlor-dsc01-observe" Button
    t =  1214.53s     Synthesize event
    t =  1214.83s     Wait for com.parlor.app.debug to idle
    t =  1215.85s Find the "parlor-dsc01-state" StaticText
    t =  1215.87s Waiting 10.0s for "parlor-dsc01-state" StaticText to exist
    t =  1216.90s     Checking `Expect predicate `existsNoRetry == 1` for object "parlor-dsc01-state" StaticText`
    t =  1216.90s         Checking existence of `"parlor-dsc01-state" StaticText`
    t =  1216.92s Find the "parlor-dsc01-state" StaticText
    t =  1216.95s Waiting 15.0s for "l08-functional-action-save" Any to exist
    t =  1217.98s     Checking `Expect predicate `existsNoRetry == 1` for object "l08-functional-action-save" Any`
    t =  1217.98s         Checking existence of `"l08-functional-action-save" Any`
    t =  1218.03s Get number of matches for: Elements matching predicate '"l08-functional-action-save" IN identifiers'
    t =  1219.11s Checking existence of `"l08-functional-action-save" Any`
    t =  1219.17s Find the "l08-functional-action-save" Any
    t =  1219.22s Find the "l08-functional-action-save" Button
    t =  1219.28s Tap "l08-functional-action-save" Button
    t =  1219.28s     Wait for com.parlor.app.debug to idle
    t =  1219.28s     Find the "l08-functional-action-save" Button
    t =  1219.32s     Check for interrupting elements affecting "l08-functional-action-save" Button
    t =  1219.37s     Synthesize event
    t =  1219.66s     Wait for com.parlor.app.debug to idle
    t =  1219.71s Waiting 10.0s for "l08-storage-functional-result" StaticText to exist
    t =  1220.73s     Checking `Expect predicate `existsNoRetry == 1` for object "l08-storage-functional-result" StaticText`
    t =  1220.73s         Checking existence of `"l08-storage-functional-result" StaticText`
    t =  1221.81s Find the "l08-storage-functional-result" StaticText
    t =  1221.86s Find the "l08-storage-functional-result" StaticText
    t =  1221.91s Checking existence of `Alert (First Match)`
    t =  1222.01s Checking existence of `Alert (First Match)`
PARLOR_L08_STORAGE_FUNCTIONAL_BOOT {"actions":["save"],"alert_present":false,"boot_ordinal":3,"foreground":true,"process_boot":"DAA8BE4A-5C38-441B-AB27-414723C3E56C","run_token":"217002BD-D169-40FC-8138-AB4831656E8D","schema_version":1}
    t =  1222.11s Terminate com.parlor.app.debug:70193
    t =  1223.16s Wait for com.parlor.app.debug to become Not Running
    t =  1223.16s Open com.parlor.app.debug
    t =  1223.16s     Launch com.parlor.app.debug
    t =  1223.61s         Setting up automation session
    t =  1225.02s         Wait for com.parlor.app.debug to idle
    t =  1226.62s Wait for com.parlor.app.debug to become Running Foreground
    t =  1226.62s Waiting 30.0s for "parlor-home-brand" StaticText to exist
    t =  1227.65s     Checking `Expect predicate `existsNoRetry == 1` for object "parlor-home-brand" StaticText`
    t =  1227.65s         Checking existence of `"parlor-home-brand" StaticText`
    t =  1227.73s Waiting 10.0s for "parlor-dsc01-observe" Button to exist
    t =  1228.73s     Checking `Expect predicate `existsNoRetry == 1` for object "parlor-dsc01-observe" Button`
    t =  1228.73s         Checking existence of `"parlor-dsc01-observe" Button`
    t =  1228.77s Checking existence of `Alert (First Match)`
    t =  1228.84s Waiting 10.0s for "parlor-dsc01-state" StaticText to exist
    t =  1229.88s     Checking `Expect predicate `existsNoRetry == 1` for object "parlor-dsc01-state" StaticText`
    t =  1229.88s         Checking existence of `"parlor-dsc01-state" StaticText`
    t =  1229.91s Find the "parlor-dsc01-state" StaticText
    t =  1229.94s Tap "parlor-dsc01-observe" Button
    t =  1229.94s     Wait for com.parlor.app.debug to idle
    t =  1229.95s     Find the "parlor-dsc01-observe" Button
    t =  1230.01s     Check for interrupting elements affecting "parlor-dsc01-observe" Button
    t =  1230.04s     Synthesize event
    t =  1230.35s     Wait for com.parlor.app.debug to idle
    t =  1231.38s Find the "parlor-dsc01-state" StaticText
    t =  1231.41s Waiting 10.0s for "parlor-dsc01-state" StaticText to exist
    t =  1232.44s     Checking `Expect predicate `existsNoRetry == 1` for object "parlor-dsc01-state" StaticText`
    t =  1232.44s         Checking existence of `"parlor-dsc01-state" StaticText`
    t =  1232.47s Find the "parlor-dsc01-state" StaticText
    t =  1232.50s Waiting 10.0s for "parlor-dsc01-state" StaticText to exist
    t =  1233.53s     Checking `Expect predicate `existsNoRetry == 1` for object "parlor-dsc01-state" StaticText`
    t =  1233.53s         Checking existence of `"parlor-dsc01-state" StaticText`
    t =  1233.55s Find the "parlor-dsc01-state" StaticText
    t =  1233.58s Tap "parlor-dsc01-observe" Button
    t =  1233.58s     Wait for com.parlor.app.debug to idle
    t =  1233.58s     Find the "parlor-dsc01-observe" Button
    t =  1233.61s     Check for interrupting elements affecting "parlor-dsc01-observe" Button
    t =  1233.65s     Synthesize event
    t =  1233.95s     Wait for com.parlor.app.debug to idle
    t =  1235.01s Find the "parlor-dsc01-state" StaticText
    t =  1235.04s Waiting 10.0s for "parlor-dsc01-state" StaticText to exist
    t =  1236.06s     Checking `Expect predicate `existsNoRetry == 1` for object "parlor-dsc01-state" StaticText`
    t =  1236.06s         Checking existence of `"parlor-dsc01-state" StaticText`
    t =  1236.09s Find the "parlor-dsc01-state" StaticText
    t =  1236.13s Waiting 15.0s for "l08-functional-action-load" Any to exist
    t =  1237.16s     Checking `Expect predicate `existsNoRetry == 1` for object "l08-functional-action-load" Any`
    t =  1237.16s         Checking existence of `"l08-functional-action-load" Any`
    t =  1237.23s Get number of matches for: Elements matching predicate '"l08-functional-action-load" IN identifiers'
    t =  1238.26s Checking existence of `"l08-functional-action-load" Any`
    t =  1238.31s Find the "l08-functional-action-load" Any
    t =  1238.36s Find the "l08-functional-action-load" Button
    t =  1238.43s Tap "l08-functional-action-load" Button
    t =  1238.43s     Wait for com.parlor.app.debug to idle
    t =  1238.43s     Find the "l08-functional-action-load" Button
    t =  1238.48s     Check for interrupting elements affecting "l08-functional-action-load" Button
    t =  1238.52s     Synthesize event
    t =  1238.81s     Wait for com.parlor.app.debug to idle
    t =  1238.84s Waiting 10.0s for "l08-storage-functional-result" StaticText to exist
    t =  1239.88s     Checking `Expect predicate `existsNoRetry == 1` for object "l08-storage-functional-result" StaticText`
    t =  1239.88s         Checking existence of `"l08-storage-functional-result" StaticText`
    t =  1240.91s Find the "l08-storage-functional-result" StaticText
    t =  1240.94s Find the "l08-storage-functional-result" StaticText
    t =  1240.99s Checking existence of `Alert (First Match)`
    t =  1241.10s Waiting 15.0s for "l08-home-list" Any to exist
    t =  1242.11s     Checking `Expect predicate `existsNoRetry == 1` for object "l08-home-list" Any`
    t =  1242.11s         Checking existence of `"l08-home-list" Any`
    t =  1242.22s Get number of matches for: Elements matching predicate '"l08-home-list" IN identifiers'
    t =  1242.25s Get number of matches for: Elements matching predicate '"l08-home-we" IN identifiers'
    t =  1242.29s Get number of matches for: Elements matching predicate '"l08-home-list" IN identifiers'
    t =  1242.31s Get number of matches for: Elements matching predicate '"parlor-dsc01-overlay" IN identifiers'
    t =  1242.33s Checking existence of `Alert (First Match)`
    t =  1242.42s Checking existence of `Keyboard (First Match)`
    t =  1242.52s Checking existence of `"l08-home-list" Any`
    t =  1242.68s Find the "l08-home-list" Any
    t =  1242.81s Checking existence of `"parlor-dsc01-overlay" Any`
    t =  1242.82s Checking existence of `"l08-home-we" Any`
    t =  1243.04s Find the "l08-home-we" Any
    t =  1243.26s Find the "l08-home-we" Any
    t =  1243.41s Find the "l08-home-list" Any
    t =  1243.56s Find the Target Application 'com.parlor.app.debug'
    t =  1243.59s Find the "parlor-dsc01-overlay" Any
    t =  1243.61s Get number of matches for: Elements matching predicate '"l08-home-we" IN identifiers'
    t =  1243.64s Get number of matches for: Elements matching predicate '"l08-home-list" IN identifiers'
    t =  1243.66s Get number of matches for: Elements matching predicate '"parlor-dsc01-overlay" IN identifiers'
    t =  1243.69s Checking existence of `Alert (First Match)`
    t =  1243.78s Checking existence of `Keyboard (First Match)`
    t =  1243.84s Checking existence of `"l08-home-we" Any`
    t =  1243.98s Find the "l08-home-we" Any
    t =  1244.15s Checking existence of `"l08-home-list" Any`
    t =  1244.28s Find the "l08-home-list" Any
    t =  1244.39s Checking existence of `"parlor-dsc01-overlay" Any`
    t =  1244.42s Find the "l08-home-we" Button
    t =  1244.55s Find the "l08-home-list" Other
    t =  1244.66s Find the Target Application 'com.parlor.app.debug'
    t =  1244.69s Find the "parlor-dsc01-overlay" Any
    t =  1244.71s Find the "l08-home-we" Button
    t =  1244.88s Find the "l08-home-list" Other
PARLOR_L08_HOME_SCROLL {"attempt":0,"direction":"ready","frames":[[24,376,354,96],[0,0,402,769.66668701171875],[0,0,402,874],[68.666666666666657,134,265,139]],"identifier":"l08-home-we","list_count":1,"overlay_count":1,"proves_recovery":false,"sample":0,"schema_version":1,"stable_samples":1,"target_count":1,"target_seen":true}
    t =  1245.28s Get number of matches for: Elements matching predicate '"l08-home-we" IN identifiers'
    t =  1245.30s Get number of matches for: Elements matching predicate '"l08-home-list" IN identifiers'
    t =  1245.32s Get number of matches for: Elements matching predicate '"parlor-dsc01-overlay" IN identifiers'
    t =  1245.35s Checking existence of `Alert (First Match)`
    t =  1245.41s Checking existence of `Keyboard (First Match)`
    t =  1245.48s Checking existence of `"l08-home-list" Any`
    t =  1245.60s Find the "l08-home-list" Any
    t =  1245.72s Checking existence of `"parlor-dsc01-overlay" Any`
    t =  1245.75s Checking existence of `"l08-home-we" Any`
    t =  1245.89s Find the "l08-home-we" Any
    t =  1246.02s Find the "l08-home-we" Any
    t =  1246.12s Find the "l08-home-list" Any
    t =  1246.22s Find the Target Application 'com.parlor.app.debug'
    t =  1246.24s Find the "parlor-dsc01-overlay" Any
    t =  1246.26s Get number of matches for: Elements matching predicate '"l08-home-we" IN identifiers'
    t =  1246.28s Get number of matches for: Elements matching predicate '"l08-home-list" IN identifiers'
    t =  1246.32s Get number of matches for: Elements matching predicate '"parlor-dsc01-overlay" IN identifiers'
    t =  1246.34s Checking existence of `Alert (First Match)`
    t =  1246.42s Checking existence of `Keyboard (First Match)`
    t =  1246.52s Checking existence of `"l08-home-we" Any`
    t =  1246.66s Find the "l08-home-we" Any
    t =  1246.81s Checking existence of `"l08-home-list" Any`
    t =  1246.92s Find the "l08-home-list" Any
    t =  1247.08s Checking existence of `"parlor-dsc01-overlay" Any`
    t =  1247.12s Find the "l08-home-we" Button
    t =  1247.34s Find the "l08-home-list" Other
    t =  1247.46s Find the Target Application 'com.parlor.app.debug'
    t =  1247.48s Find the "parlor-dsc01-overlay" Any
    t =  1247.50s Find the "l08-home-we" Button
    t =  1247.67s Find the "l08-home-list" Other
PARLOR_L08_HOME_SCROLL {"attempt":0,"direction":"ready","frames":[[24,376,354,96],[0,0,402,769.66668701171875],[0,0,402,874],[68.666666666666657,134,265,139]],"identifier":"l08-home-we","list_count":1,"overlay_count":1,"proves_recovery":false,"sample":1,"schema_version":1,"stable_samples":2,"target_count":1,"target_seen":true}
    t =  1248.06s Get number of matches for: Elements matching predicate '"l08-home-we" IN identifiers'
    t =  1248.08s Get number of matches for: Elements matching predicate '"l08-home-list" IN identifiers'
    t =  1248.11s Get number of matches for: Elements matching predicate '"parlor-dsc01-overlay" IN identifiers'
    t =  1248.13s Checking existence of `Alert (First Match)`
    t =  1248.20s Checking existence of `Keyboard (First Match)`
    t =  1248.26s Checking existence of `"l08-home-list" Any`
    t =  1248.36s Find the "l08-home-list" Any
    t =  1248.48s Checking existence of `"parlor-dsc01-overlay" Any`
    t =  1248.51s Checking existence of `"l08-home-we" Any`
    t =  1248.64s Find the "l08-home-we" Any
    t =  1248.81s Find the "l08-home-we" Any
    t =  1249.06s Find the "l08-home-list" Any
    t =  1249.23s Find the Target Application 'com.parlor.app.debug'
    t =  1249.26s Find the "parlor-dsc01-overlay" Any
    t =  1249.30s Get number of matches for: Elements matching predicate '"l08-home-we" IN identifiers'
    t =  1249.33s Get number of matches for: Elements matching predicate '"l08-home-list" IN identifiers'
    t =  1249.38s Get number of matches for: Elements matching predicate '"parlor-dsc01-overlay" IN identifiers'
    t =  1249.42s Checking existence of `Alert (First Match)`
    t =  1249.55s Checking existence of `Keyboard (First Match)`
    t =  1249.65s Checking existence of `"l08-home-we" Any`
    t =  1249.86s Find the "l08-home-we" Any
    t =  1250.05s Checking existence of `"l08-home-list" Any`
    t =  1250.21s Find the "l08-home-list" Any
    t =  1250.44s Checking existence of `"parlor-dsc01-overlay" Any`
    t =  1250.49s Find the "l08-home-we" Button
    t =  1250.69s Find the "l08-home-list" Other
    t =  1250.90s Find the Target Application 'com.parlor.app.debug'
    t =  1250.92s Find the "parlor-dsc01-overlay" Any
    t =  1250.96s Find the "l08-home-we" Button
    t =  1251.21s Find the "l08-home-list" Other
PARLOR_L08_HOME_SCROLL {"attempt":0,"direction":"ready","frames":[[24,376,354,96],[0,0,402,769.66668701171875],[0,0,402,874],[68.666666666666657,134,265,139]],"identifier":"l08-home-we","list_count":1,"overlay_count":1,"proves_recovery":false,"sample":2,"schema_version":1,"stable_samples":3,"target_count":1,"target_seen":true}
    t =  1251.88s Get number of matches for: Elements matching predicate '"l08-home-we" IN identifiers'
    t =  1251.92s Get number of matches for: Elements matching predicate '"l08-home-list" IN identifiers'
    t =  1251.96s Get number of matches for: Elements matching predicate '"parlor-dsc01-overlay" IN identifiers'
    t =  1251.99s Checking existence of `Alert (First Match)`
    t =  1252.07s Checking existence of `Keyboard (First Match)`
    t =  1252.18s Checking existence of `"l08-home-list" Any`
    t =  1252.37s Find the "l08-home-list" Any
    t =  1252.58s Checking existence of `"parlor-dsc01-overlay" Any`
    t =  1252.63s Checking existence of `"l08-home-we" Any`
    t =  1252.82s Find the "l08-home-we" Any
    t =  1253.03s Find the "l08-home-we" Any
    t =  1253.31s Find the "l08-home-list" Any
    t =  1253.60s Find the Target Application 'com.parlor.app.debug'
    t =  1253.63s Find the "parlor-dsc01-overlay" Any
    t =  1253.67s Get number of matches for: Elements matching predicate '"l08-home-we" IN identifiers'
    t =  1253.70s Get number of matches for: Elements matching predicate '"l08-home-list" IN identifiers'
    t =  1253.74s Get number of matches for: Elements matching predicate '"parlor-dsc01-overlay" IN identifiers'
    t =  1253.77s Checking existence of `Alert (First Match)`
    t =  1253.87s Checking existence of `Keyboard (First Match)`
    t =  1253.98s Checking existence of `"l08-home-we" Any`
    t =  1254.15s Find the "l08-home-we" Any
    t =  1254.37s Checking existence of `"l08-home-list" Any`
    t =  1254.61s Find the "l08-home-list" Any
    t =  1254.77s Checking existence of `"parlor-dsc01-overlay" Any`
    t =  1254.79s Find the "l08-home-we" Button
    t =  1255.04s Find the "l08-home-list" Other
    t =  1255.31s Find the Target Application 'com.parlor.app.debug'
    t =  1255.33s Find the "parlor-dsc01-overlay" Any
    t =  1255.41s Find the "l08-home-we" Button
    t =  1255.71s Find the "l08-home-list" Other
PARLOR_L08_HOME_SCROLL {"attempt":0,"direction":"ready","frames":[[24,376,354,96],[0,0,402,769.66668701171875],[0,0,402,874],[68.666666666666657,134,265,139]],"identifier":"l08-home-we","list_count":1,"overlay_count":1,"proves_recovery":false,"sample":3,"schema_version":1,"stable_samples":4,"target_count":1,"target_seen":true}
    t =  1256.26s Get number of matches for: Elements matching predicate '"l08-home-we" IN identifiers'
    t =  1256.31s Get number of matches for: Elements matching predicate '"l08-home-list" IN identifiers'
    t =  1256.36s Get number of matches for: Elements matching predicate '"parlor-dsc01-overlay" IN identifiers'
    t =  1256.39s Checking existence of `Alert (First Match)`
    t =  1256.55s Checking existence of `Keyboard (First Match)`
    t =  1256.70s Checking existence of `"l08-home-list" Any`
    t =  1256.94s Find the "l08-home-list" Any
    t =  1257.19s Checking existence of `"parlor-dsc01-overlay" Any`
    t =  1257.21s Checking existence of `"l08-home-we" Any`
    t =  1257.49s Find the "l08-home-we" Any
    t =  1257.91s Find the "l08-home-we" Any
    t =  1258.25s Find the "l08-home-list" Any
    t =  1258.51s Find the Target Application 'com.parlor.app.debug'
    t =  1258.53s Find the "parlor-dsc01-overlay" Any
    t =  1258.59s Get number of matches for: Elements matching predicate '"l08-home-we" IN identifiers'
    t =  1258.64s Get number of matches for: Elements matching predicate '"l08-home-list" IN identifiers'
    t =  1258.67s Get number of matches for: Elements matching predicate '"parlor-dsc01-overlay" IN identifiers'
    t =  1258.72s Checking existence of `Alert (First Match)`
    t =  1258.86s Checking existence of `Keyboard (First Match)`
    t =  1259.01s Checking existence of `"l08-home-we" Any`
    t =  1259.38s Find the "l08-home-we" Any
    t =  1259.66s Checking existence of `"l08-home-list" Any`
    t =  1259.92s Find the "l08-home-list" Any
    t =  1260.13s Checking existence of `"parlor-dsc01-overlay" Any`
    t =  1260.17s Find the "l08-home-we" Button
    t =  1260.55s Find the "l08-home-list" Other
    t =  1260.86s Find the Target Application 'com.parlor.app.debug'
    t =  1260.90s Find the "parlor-dsc01-overlay" Any
    t =  1260.93s Find the "l08-home-we" Button
    t =  1261.27s Find the "l08-home-list" Other
PARLOR_L08_HOME_SCROLL {"attempt":0,"direction":"ready","frames":[[24,376,354,96],[0,0,402,769.66668701171875],[0,0,402,874],[68.666666666666657,134,265,139]],"identifier":"l08-home-we","list_count":1,"overlay_count":1,"proves_recovery":false,"sample":4,"schema_version":1,"stable_samples":5,"target_count":1,"target_seen":true}
    t =  1261.89s Get number of matches for: Elements matching predicate '"l08-home-we" IN identifiers'
    t =  1261.94s Get number of matches for: Elements matching predicate '"l08-home-list" IN identifiers'
    t =  1261.98s Get number of matches for: Elements matching predicate '"parlor-dsc01-overlay" IN identifiers'
    t =  1262.01s Checking existence of `Alert (First Match)`
    t =  1262.26s Checking existence of `Keyboard (First Match)`
    t =  1262.42s Checking existence of `"l08-home-list" Any`
    t =  1262.68s Find the "l08-home-list" Any
    t =  1262.92s Checking existence of `"parlor-dsc01-overlay" Any`
    t =  1262.96s Checking existence of `"l08-home-we" Any`
    t =  1263.29s Find the "l08-home-we" Any
    t =  1263.54s Find the "l08-home-we" Any
    t =  1263.97s Find the "l08-home-list" Any
    t =  1264.26s Find the Target Application 'com.parlor.app.debug'
    t =  1264.29s Find the "parlor-dsc01-overlay" Any
    t =  1264.32s Get number of matches for: Elements matching predicate '"l08-home-we" IN identifiers'
    t =  1264.41s Get number of matches for: Elements matching predicate '"l08-home-list" IN identifiers'
    t =  1264.44s Get number of matches for: Elements matching predicate '"parlor-dsc01-overlay" IN identifiers'
    t =  1264.53s Checking existence of `Alert (First Match)`
    t =  1264.67s Checking existence of `Keyboard (First Match)`
    t =  1264.80s Checking existence of `"l08-home-we" Any`
    t =  1265.18s Find the "l08-home-we" Any
    t =  1265.46s Checking existence of `"l08-home-list" Any`
    t =  1265.73s Find the "l08-home-list" Any
    t =  1265.96s Checking existence of `"parlor-dsc01-overlay" Any`
    t =  1266.00s Find the "l08-home-we" Button
    t =  1266.34s Find the "l08-home-list" Other
    t =  1266.60s Find the Target Application 'com.parlor.app.debug'
    t =  1266.64s Find the "parlor-dsc01-overlay" Any
    t =  1266.69s Find the "l08-home-we" Button
    t =  1267.03s Find the "l08-home-list" Other
PARLOR_L08_HOME_SCROLL {"attempt":0,"direction":"ready","frames":[[24,376,354,96],[0,0,402,769.66668701171875],[0,0,402,874],[68.666666666666657,134,265,139]],"identifier":"l08-home-we","list_count":1,"overlay_count":1,"proves_recovery":false,"sample":5,"schema_version":1,"stable_samples":6,"target_count":1,"target_seen":true}
    t =  1267.32s Get number of matches for: Elements matching predicate '"l08-home-we" IN identifiers'
    t =  1267.36s Checking existence of `"l08-home-we" Any`
    t =  1267.61s Find the "l08-home-we" Any
    t =  1267.91s Find the "l08-home-we" Button
    t =  1268.34s Find the Target Application 'com.parlor.app.debug'
    t =  1268.38s Find the "l08-home-we" Button
    t =  1268.76s Get number of matches for: Elements matching predicate '"l08-home-list" IN identifiers'
    t =  1268.82s Checking existence of `"l08-home-list" Any`
    t =  1268.99s Find the "l08-home-list" Any
    t =  1269.25s Find the "l08-home-list" Other
    t =  1269.46s Find the Target Application 'com.parlor.app.debug'
    t =  1269.48s Find the "l08-home-list" Other
    t =  1269.68s Get number of matches for: Elements matching predicate '"parlor-dsc01-overlay" IN identifiers'
    t =  1269.72s Checking existence of `"parlor-dsc01-overlay" Any`
    t =  1269.74s Find the "parlor-dsc01-overlay" Any
    t =  1269.77s Find the "parlor-dsc01-overlay" Other
    t =  1269.81s Find the Target Application 'com.parlor.app.debug'
    t =  1269.83s Find the "parlor-dsc01-overlay" Other
PARLOR_L08_PUBLIC_CONTROL {"attempt":0,"identifier":"l08-home-we","list":{"count":1,"enabled":true,"exists":true,"frame":{"height":769.66668701171875,"width":402,"x":0,"y":0},"hittability_queried":true,"hittable":true},"overlay":{"count":1,"enabled":true,"exists":true,"frame":{"height":139,"width":265,"x":68.666666666666657,"y":134},"hittability_queried":true,"hittable":true},"proves_recovery":false,"schema_version":1,"target":{"count":1,"enabled":true,"exists":true,"frame":{"height":96,"width":354,"x":24,"y":376},"hittability_queried":true,"hittable":true}}
    t =  1269.88s Waiting 15.0s for "l08-home-we" Any to exist
    t =  1270.91s     Checking `Expect predicate `existsNoRetry == 1` for object "l08-home-we" Any`
    t =  1270.91s         Checking existence of `"l08-home-we" Any`
    t =  1271.16s Get number of matches for: Elements matching predicate '"l08-home-we" IN identifiers'
    t =  1272.24s Get number of matches for: Elements matching predicate '"l08-home-we" IN identifiers'
    t =  1272.29s Get number of matches for: Elements matching predicate '"l08-home-list" IN identifiers'
    t =  1272.34s Get number of matches for: Elements matching predicate '"parlor-dsc01-overlay" IN identifiers'
    t =  1272.39s Checking existence of `Alert (First Match)`
    t =  1272.54s Checking existence of `Keyboard (First Match)`
    t =  1272.66s Checking existence of `"l08-home-we" Any`
    t =  1272.83s Find the "l08-home-we" Any
    t =  1273.06s Checking existence of `"l08-home-list" Any`
    t =  1273.24s Find the "l08-home-list" Any
    t =  1273.45s Checking existence of `"parlor-dsc01-overlay" Any`
    t =  1273.47s Find the "l08-home-we" Button
    t =  1273.65s Find the "l08-home-list" Other
    t =  1273.82s Find the Target Application 'com.parlor.app.debug'
    t =  1273.85s Find the "parlor-dsc01-overlay" Any
    t =  1273.90s Find the "l08-home-we" Button
    t =  1274.15s Find the "l08-home-list" Other
    t =  1274.33s Get number of matches for: Elements matching predicate '"l08-home-we" IN identifiers'
    t =  1274.36s Checking existence of `"l08-home-we" Any`
    t =  1274.60s Find the "l08-home-we" Any
    t =  1274.85s Find the "l08-home-we" Button
    t =  1275.07s Find the Target Application 'com.parlor.app.debug'
    t =  1275.11s Find the "l08-home-we" Button
    t =  1275.32s Get number of matches for: Elements matching predicate '"l08-home-list" IN identifiers'
    t =  1275.37s Checking existence of `"l08-home-list" Any`
    t =  1275.50s Find the "l08-home-list" Any
    t =  1275.72s Find the "l08-home-list" Other
    t =  1275.92s Find the Target Application 'com.parlor.app.debug'
    t =  1275.94s Find the "l08-home-list" Other
    t =  1276.12s Get number of matches for: Elements matching predicate '"parlor-dsc01-overlay" IN identifiers'
    t =  1276.16s Checking existence of `"parlor-dsc01-overlay" Any`
    t =  1276.17s Find the "parlor-dsc01-overlay" Any
    t =  1276.22s Find the "parlor-dsc01-overlay" Other
    t =  1276.26s Find the Target Application 'com.parlor.app.debug'
    t =  1276.29s Find the "parlor-dsc01-overlay" Other
PARLOR_L08_PUBLIC_CONTROL {"attempt":8,"identifier":"l08-home-we","list":{"count":1,"enabled":true,"exists":true,"frame":{"height":769.66668701171875,"width":402,"x":0,"y":0},"hittability_queried":true,"hittable":true},"overlay":{"count":1,"enabled":true,"exists":true,"frame":{"height":139,"width":265,"x":68.666666666666657,"y":134},"hittability_queried":true,"hittable":true},"proves_recovery":false,"schema_version":1,"target":{"count":1,"enabled":true,"exists":true,"frame":{"height":96,"width":354,"x":24,"y":376},"hittability_queried":true,"hittable":true}}
    t =  1276.34s Get number of matches for: Elements matching predicate '"l08-ui-result" IN identifiers'
    t =  1276.37s Find the "l08-ui-result" StaticText
PARLOR_L08_HOME_ACTIVATION {"attempt":0,"counters":{},"counters_valid":false,"frames":[],"geometry_valid":false,"identifier":"l08-home-we","phase":"before-observer","proves_recovery":false,"schema_version":1,"stable_samples":0}
    t =  1276.40s Waiting 15.0s for "l08-ui-observe" Any to exist
    t =  1277.45s     Checking `Expect predicate `existsNoRetry == 1` for object "l08-ui-observe" Any`
    t =  1277.45s         Checking existence of `"l08-ui-observe" Any`
    t =  1277.57s Get number of matches for: Elements matching predicate '"l08-ui-observe" IN identifiers'
    t =  1278.61s Checking existence of `"l08-ui-observe" Any`
    t =  1278.87s Find the "l08-ui-observe" Any
    t =  1279.02s Find the "l08-ui-observe" Button
    t =  1279.23s Tap "l08-ui-observe" Button
    t =  1279.23s     Wait for com.parlor.app.debug to idle
    t =  1279.23s     Find the "l08-ui-observe" Button
    t =  1279.55s     Check for interrupting elements affecting "l08-ui-observe" Button
    t =  1279.67s     Synthesize event
    t =  1280.03s     Wait for com.parlor.app.debug to idle
    t =  1281.04s Get number of matches for: Elements matching predicate '"l08-ui-result" IN identifiers'
    t =  1281.07s Find the "l08-ui-result" StaticText
    t =  1281.16s Get number of matches for: Elements matching predicate '"l08-ui-result" IN identifiers'
    t =  1281.21s Find the "l08-ui-result" StaticText
PARLOR_L08_HOME_ACTIVATION {"attempt":0,"counters":{"discard_taps":0,"recovery_shows":0,"resume_taps":0,"retry_taps":0},"counters_valid":true,"frames":[],"geometry_valid":false,"identifier":"l08-home-we","phase":"before-zero","proves_recovery":false,"schema_version":1,"stable_samples":0}
    t =  1281.31s Get number of matches for: Elements matching predicate '"l08-home-we" IN identifiers'
    t =  1281.36s Get number of matches for: Elements matching predicate '"l08-home-list" IN identifiers'
    t =  1281.41s Get number of matches for: Elements matching predicate '"parlor-dsc01-overlay" IN identifiers'
    t =  1281.46s Checking existence of `Alert (First Match)`
    t =  1281.62s Checking existence of `Keyboard (First Match)`
    t =  1281.80s Checking existence of `"l08-home-we" Any`
    t =  1282.11s Find the "l08-home-we" Any
    t =  1282.45s Checking existence of `"l08-home-list" Any`
    t =  1282.83s Find the "l08-home-list" Any
    t =  1283.34s Checking existence of `"parlor-dsc01-overlay" Any`
    t =  1283.42s Find the "l08-home-we" Button
    t =  1283.73s Find the "l08-home-list" Other
    t =  1284.12s Find the Target Application 'com.parlor.app.debug'
    t =  1284.15s Find the "parlor-dsc01-overlay" Any
    t =  1284.18s Find the "l08-home-we" Button
    t =  1284.49s Find the "l08-home-list" Other
PARLOR_L08_HOME_ACTIVATION {"attempt":0,"counters":{},"counters_valid":false,"frames":[[24,376,354,96],[0,0,402,769.66668701171875],[0,0,402,874],[68.666666666666657,134,265,139]],"geometry_valid":true,"identifier":"l08-home-we","phase":"geometry","proves_recovery":false,"schema_version":1,"stable_samples":1}
    t =  1285.06s Get number of matches for: Elements matching predicate '"l08-home-we" IN identifiers'
    t =  1285.10s Get number of matches for: Elements matching predicate '"l08-home-list" IN identifiers'
    t =  1285.13s Get number of matches for: Elements matching predicate '"parlor-dsc01-overlay" IN identifiers'
    t =  1285.16s Checking existence of `Alert (First Match)`
    t =  1285.29s Checking existence of `Keyboard (First Match)`
    t =  1285.45s Checking existence of `"l08-home-we" Any`
    t =  1285.76s Find the "l08-home-we" Any
    t =  1286.08s Checking existence of `"l08-home-list" Any`
    t =  1286.41s Find the "l08-home-list" Any
    t =  1286.72s Checking existence of `"parlor-dsc01-overlay" Any`
    t =  1286.75s Find the "l08-home-we" Button
    t =  1287.21s Find the "l08-home-list" Other
    t =  1287.50s Find the Target Application 'com.parlor.app.debug'
    t =  1287.53s Find the "parlor-dsc01-overlay" Any
    t =  1287.59s Find the "l08-home-we" Button
    t =  1287.86s Find the "l08-home-list" Other
PARLOR_L08_HOME_ACTIVATION {"attempt":1,"counters":{},"counters_valid":false,"frames":[[24,376,354,96],[0,0,402,769.66668701171875],[0,0,402,874],[68.666666666666657,134,265,139]],"geometry_valid":true,"identifier":"l08-home-we","phase":"geometry","proves_recovery":false,"schema_version":1,"stable_samples":2}
    t =  1288.30s Get number of matches for: Elements matching predicate '"l08-home-we" IN identifiers'
    t =  1288.33s Get number of matches for: Elements matching predicate '"l08-home-list" IN identifiers'
    t =  1288.36s Get number of matches for: Elements matching predicate '"parlor-dsc01-overlay" IN identifiers'
    t =  1288.38s Checking existence of `Alert (First Match)`
    t =  1288.51s Checking existence of `Keyboard (First Match)`
    t =  1288.64s Checking existence of `"l08-home-we" Any`
    t =  1288.86s Find the "l08-home-we" Any
    t =  1289.31s Checking existence of `"l08-home-list" Any`
    t =  1289.51s Find the "l08-home-list" Any
    t =  1289.71s Checking existence of `"parlor-dsc01-overlay" Any`
    t =  1289.74s Find the "l08-home-we" Button
    t =  1289.93s Find the "l08-home-list" Other
    t =  1290.15s Find the Target Application 'com.parlor.app.debug'
    t =  1290.19s Find the "parlor-dsc01-overlay" Any
    t =  1290.22s Find the "l08-home-we" Button
    t =  1290.57s Find the "l08-home-list" Other
PARLOR_L08_HOME_ACTIVATION {"attempt":2,"counters":{},"counters_valid":false,"frames":[[24,376,354,96],[0,0,402,769.66668701171875],[0,0,402,874],[68.666666666666657,134,265,139]],"geometry_valid":true,"identifier":"l08-home-we","phase":"geometry","proves_recovery":false,"schema_version":1,"stable_samples":3}
    t =  1290.99s Get number of matches for: Elements matching predicate '"l08-home-we" IN identifiers'
    t =  1291.02s Get number of matches for: Elements matching predicate '"l08-home-list" IN identifiers'
    t =  1291.06s Get number of matches for: Elements matching predicate '"parlor-dsc01-overlay" IN identifiers'
    t =  1291.08s Checking existence of `Alert (First Match)`
    t =  1291.18s Checking existence of `Keyboard (First Match)`
    t =  1291.28s Checking existence of `"l08-home-we" Any`
    t =  1291.48s Find the "l08-home-we" Any
    t =  1291.75s Checking existence of `"l08-home-list" Any`
    t =  1291.96s Find the "l08-home-list" Any
    t =  1292.17s Checking existence of `"parlor-dsc01-overlay" Any`
    t =  1292.20s Find the "l08-home-we" Button
    t =  1292.35s Find the "l08-home-list" Other
    t =  1292.60s Find the Target Application 'com.parlor.app.debug'
    t =  1292.63s Find the "parlor-dsc01-overlay" Any
    t =  1292.68s Find the "l08-home-we" Button
    t =  1292.99s Find the "l08-home-list" Other
PARLOR_L08_HOME_ACTIVATION {"attempt":3,"counters":{},"counters_valid":false,"frames":[[24,376,354,96],[0,0,402,769.66668701171875],[0,0,402,874],[68.666666666666657,134,265,139]],"geometry_valid":true,"identifier":"l08-home-we","phase":"geometry","proves_recovery":false,"schema_version":1,"stable_samples":4}
    t =  1293.41s Get number of matches for: Elements matching predicate '"l08-home-we" IN identifiers'
    t =  1293.54s Get number of matches for: Elements matching predicate '"l08-home-list" IN identifiers'
    t =  1293.63s Get number of matches for: Elements matching predicate '"parlor-dsc01-overlay" IN identifiers'
    t =  1293.74s Checking existence of `Alert (First Match)`
    t =  1293.95s Checking existence of `Keyboard (First Match)`
    t =  1294.12s Checking existence of `"l08-home-we" Any`
    t =  1294.46s Find the "l08-home-we" Any
    t =  1294.67s Checking existence of `"l08-home-list" Any`
    t =  1294.82s Find the "l08-home-list" Any
    t =  1295.08s Checking existence of `"parlor-dsc01-overlay" Any`
    t =  1295.13s Find the "l08-home-we" Button
    t =  1295.47s Find the "l08-home-list" Other
    t =  1295.64s Find the Target Application 'com.parlor.app.debug'
    t =  1295.68s Find the "parlor-dsc01-overlay" Any
    t =  1295.71s Find the "l08-home-we" Button
    t =  1295.89s Find the "l08-home-list" Other
PARLOR_L08_HOME_ACTIVATION {"attempt":4,"counters":{},"counters_valid":false,"frames":[[24,376,354,96],[0,0,402,769.66668701171875],[0,0,402,874],[68.666666666666657,134,265,139]],"geometry_valid":true,"identifier":"l08-home-we","phase":"geometry","proves_recovery":false,"schema_version":1,"stable_samples":5}
    t =  1296.36s Get number of matches for: Elements matching predicate '"l08-home-we" IN identifiers'
    t =  1296.38s Get number of matches for: Elements matching predicate '"l08-home-list" IN identifiers'
    t =  1296.40s Get number of matches for: Elements matching predicate '"parlor-dsc01-overlay" IN identifiers'
    t =  1296.42s Checking existence of `Alert (First Match)`
    t =  1296.49s Checking existence of `Keyboard (First Match)`
    t =  1296.54s Checking existence of `"l08-home-we" Any`
    t =  1296.64s Find the "l08-home-we" Any
    t =  1296.78s Checking existence of `"l08-home-list" Any`
    t =  1296.97s Find the "l08-home-list" Any
    t =  1297.11s Checking existence of `"parlor-dsc01-overlay" Any`
    t =  1297.13s Find the "l08-home-we" Button
    t =  1297.27s Find the "l08-home-list" Other
    t =  1297.38s Find the Target Application 'com.parlor.app.debug'
    t =  1297.40s Find the "parlor-dsc01-overlay" Any
    t =  1297.44s Find the "l08-home-we" Button
    t =  1297.62s Find the "l08-home-list" Other
PARLOR_L08_HOME_ACTIVATION {"attempt":5,"counters":{},"counters_valid":false,"frames":[[24,376,354,96],[0,0,402,769.66668701171875],[0,0,402,874],[68.666666666666657,134,265,139]],"geometry_valid":true,"identifier":"l08-home-we","phase":"geometry","proves_recovery":false,"schema_version":1,"stable_samples":6}
    t =  1297.86s Get number of matches for: Elements matching predicate '"l08-home-we" IN identifiers'
    t =  1297.89s Get number of matches for: Elements matching predicate '"l08-home-list" IN identifiers'
    t =  1297.92s Get number of matches for: Elements matching predicate '"parlor-dsc01-overlay" IN identifiers'
    t =  1297.94s Checking existence of `Alert (First Match)`
    t =  1298.03s Checking existence of `Keyboard (First Match)`
    t =  1298.13s Checking existence of `"l08-home-we" Any`
    t =  1298.33s Find the "l08-home-we" Any
    t =  1298.57s Checking existence of `"l08-home-list" Any`
    t =  1298.84s Find the "l08-home-list" Any
    t =  1299.05s Checking existence of `"parlor-dsc01-overlay" Any`
    t =  1299.10s Find the "l08-home-we" Button
    t =  1299.29s Find the "l08-home-list" Other
    t =  1299.40s Find the Target Application 'com.parlor.app.debug'
    t =  1299.42s Find the "parlor-dsc01-overlay" Any
    t =  1299.44s Find the "l08-home-we" Button
    t =  1299.56s Find the "l08-home-list" Other
PARLOR_L08_HOME_ACTIVATION {"attempt":0,"counters":{},"counters_valid":false,"frames":[[24,376,354,96],[0,0,402,769.66668701171875],[0,0,402,874],[68.666666666666657,134,265,139]],"geometry_valid":true,"identifier":"l08-home-we","phase":"before-tap","proves_recovery":false,"schema_version":1,"stable_samples":0}
    t =  1299.73s Find the "l08-home-we" Any
    t =  1299.99s Find the "l08-home-we" Button
    t =  1300.09s Find the "l08-home-we" Button
    t =  1300.21s Tap "l08-home-we" Button
    t =  1300.21s     Wait for com.parlor.app.debug to idle
    t =  1300.21s     Find the "l08-home-we" Button
    t =  1300.38s     Check for interrupting elements affecting "l08-home-we" Button
    t =  1300.45s     Synthesize event
    t =  1300.75s     Wait for com.parlor.app.debug to idle
    t =  1301.41s Waiting 15.0s for "l08-ui-observe" Any to exist
    t =  1302.46s     Checking `Expect predicate `existsNoRetry == 1` for object "l08-ui-observe" Any`
    t =  1302.46s         Checking existence of `"l08-ui-observe" Any`
    t =  1302.51s Get number of matches for: Elements matching predicate '"l08-ui-observe" IN identifiers'
    t =  1303.58s Checking existence of `"l08-ui-observe" Any`
    t =  1303.62s Find the "l08-ui-observe" Any
    t =  1303.68s Find the "l08-ui-observe" Button
    t =  1303.74s Tap "l08-ui-observe" Button
    t =  1303.74s     Wait for com.parlor.app.debug to idle
    t =  1303.74s     Find the "l08-ui-observe" Button
    t =  1303.81s     Check for interrupting elements affecting "l08-ui-observe" Button
    t =  1303.84s     Synthesize event
    t =  1304.13s     Wait for com.parlor.app.debug to idle
    t =  1304.13s Get number of matches for: Elements matching predicate '"l08-ui-result" IN identifiers'
    t =  1304.15s Find the "l08-ui-result" StaticText
PARLOR_L08_HOME_ACTIVATION {"attempt":0,"counters":{"discard_taps":0,"recovery_shows":0,"resume_taps":1,"retry_taps":0},"counters_valid":true,"frames":[],"geometry_valid":false,"identifier":"l08-home-we","phase":"after-tap","proves_recovery":false,"schema_version":1,"stable_samples":0}
    t =  1304.17s Checking existence of `Alert (First Match)`
    t =  1304.21s Waiting 15.0s for "l08-functional-action-continue" Any to exist
    t =  1305.24s     Checking `Expect predicate `existsNoRetry == 1` for object "l08-functional-action-continue" Any`
    t =  1305.24s         Checking existence of `"l08-functional-action-continue" Any`
    t =  1305.28s Get number of matches for: Elements matching predicate '"l08-functional-action-continue" IN identifiers'
    t =  1306.31s Checking existence of `"l08-functional-action-continue" Any`
    t =  1306.35s Find the "l08-functional-action-continue" Any
    t =  1306.38s Find the "l08-functional-action-continue" Button
    t =  1306.42s Tap "l08-functional-action-continue" Button
    t =  1306.42s     Wait for com.parlor.app.debug to idle
    t =  1306.44s     Find the "l08-functional-action-continue" Button
    t =  1306.47s     Check for interrupting elements affecting "l08-functional-action-continue" Button
    t =  1306.50s     Synthesize event
    t =  1306.79s     Wait for com.parlor.app.debug to idle
    t =  1306.87s Waiting 10.0s for "l08-storage-functional-result" StaticText to exist
    t =  1307.91s     Checking `Expect predicate `existsNoRetry == 1` for object "l08-storage-functional-result" StaticText`
    t =  1307.91s         Checking existence of `"l08-storage-functional-result" StaticText`
    t =  1308.98s Find the "l08-storage-functional-result" StaticText
    t =  1309.00s Find the "l08-storage-functional-result" StaticText
    t =  1309.02s Checking existence of `Alert (First Match)`
    t =  1309.05s Checking existence of `Alert (First Match)`
PARLOR_L08_STORAGE_FUNCTIONAL_BOOT {"actions":["load","continue"],"alert_present":false,"boot_ordinal":4,"foreground":true,"process_boot":"3BB21BC8-B2C5-4FD6-B144-3ECFAC5CD0B3","run_token":"217002BD-D169-40FC-8138-AB4831656E8D","schema_version":1}
    t =  1309.10s Terminate com.parlor.app.debug:71741
    t =  1310.18s Wait for com.parlor.app.debug to become Not Running
    t =  1310.18s Open com.parlor.app.debug
    t =  1310.18s     Launch com.parlor.app.debug
    t =  1310.43s         Setting up automation session
    t =  1312.10s         Wait for com.parlor.app.debug to idle
    t =  1313.69s Wait for com.parlor.app.debug to become Running Foreground
    t =  1313.69s Waiting 30.0s for "parlor-home-brand" StaticText to exist
    t =  1314.71s     Checking `Expect predicate `existsNoRetry == 1` for object "parlor-home-brand" StaticText`
    t =  1314.71s         Checking existence of `"parlor-home-brand" StaticText`
    t =  1314.79s Waiting 10.0s for "parlor-dsc01-observe" Button to exist
    t =  1315.83s     Checking `Expect predicate `existsNoRetry == 1` for object "parlor-dsc01-observe" Button`
    t =  1315.83s         Checking existence of `"parlor-dsc01-observe" Button`
    t =  1315.85s Checking existence of `Alert (First Match)`
    t =  1315.93s Waiting 10.0s for "parlor-dsc01-state" StaticText to exist
    t =  1316.98s     Checking `Expect predicate `existsNoRetry == 1` for object "parlor-dsc01-state" StaticText`
    t =  1316.98s         Checking existence of `"parlor-dsc01-state" StaticText`
    t =  1317.01s Find the "parlor-dsc01-state" StaticText
    t =  1317.04s Tap "parlor-dsc01-observe" Button
    t =  1317.04s     Wait for com.parlor.app.debug to idle
    t =  1317.04s     Find the "parlor-dsc01-observe" Button
    t =  1317.07s     Check for interrupting elements affecting "parlor-dsc01-observe" Button
    t =  1317.10s     Synthesize event
    t =  1317.41s     Wait for com.parlor.app.debug to idle
    t =  1318.45s Find the "parlor-dsc01-state" StaticText
    t =  1318.47s Waiting 10.0s for "parlor-dsc01-state" StaticText to exist
    t =  1319.51s     Checking `Expect predicate `existsNoRetry == 1` for object "parlor-dsc01-state" StaticText`
    t =  1319.51s         Checking existence of `"parlor-dsc01-state" StaticText`
    t =  1319.55s Find the "parlor-dsc01-state" StaticText
    t =  1319.58s Waiting 10.0s for "parlor-dsc01-state" StaticText to exist
    t =  1320.61s     Checking `Expect predicate `existsNoRetry == 1` for object "parlor-dsc01-state" StaticText`
    t =  1320.61s         Checking existence of `"parlor-dsc01-state" StaticText`
    t =  1320.64s Find the "parlor-dsc01-state" StaticText
    t =  1320.66s Tap "parlor-dsc01-observe" Button
    t =  1320.66s     Wait for com.parlor.app.debug to idle
    t =  1320.67s     Find the "parlor-dsc01-observe" Button
    t =  1320.70s     Check for interrupting elements affecting "parlor-dsc01-observe" Button
    t =  1320.73s     Synthesize event
    t =  1321.03s     Wait for com.parlor.app.debug to idle
    t =  1322.08s Find the "parlor-dsc01-state" StaticText
    t =  1322.11s Waiting 10.0s for "parlor-dsc01-state" StaticText to exist
    t =  1323.14s     Checking `Expect predicate `existsNoRetry == 1` for object "parlor-dsc01-state" StaticText`
    t =  1323.14s         Checking existence of `"parlor-dsc01-state" StaticText`
    t =  1323.18s Find the "parlor-dsc01-state" StaticText
    t =  1323.21s Waiting 15.0s for "l08-functional-action-save" Any to exist
    t =  1324.26s     Checking `Expect predicate `existsNoRetry == 1` for object "l08-functional-action-save" Any`
    t =  1324.26s         Checking existence of `"l08-functional-action-save" Any`
    t =  1324.30s Get number of matches for: Elements matching predicate '"l08-functional-action-save" IN identifiers'
    t =  1325.38s Checking existence of `"l08-functional-action-save" Any`
    t =  1325.41s Find the "l08-functional-action-save" Any
    t =  1325.46s Find the "l08-functional-action-save" Button
    t =  1325.53s Tap "l08-functional-action-save" Button
    t =  1325.53s     Wait for com.parlor.app.debug to idle
    t =  1325.53s     Find the "l08-functional-action-save" Button
    t =  1325.57s     Check for interrupting elements affecting "l08-functional-action-save" Button
    t =  1325.60s     Synthesize event
    t =  1325.90s     Wait for com.parlor.app.debug to idle
    t =  1325.97s Waiting 10.0s for "l08-storage-functional-result" StaticText to exist
    t =  1326.98s     Checking `Expect predicate `existsNoRetry == 1` for object "l08-storage-functional-result" StaticText`
    t =  1326.98s         Checking existence of `"l08-storage-functional-result" StaticText`
    t =  1328.03s Find the "l08-storage-functional-result" StaticText
    t =  1328.06s Find the "l08-storage-functional-result" StaticText
    t =  1328.08s Checking existence of `Alert (First Match)`
    t =  1328.15s Checking existence of `Alert (First Match)`
PARLOR_L08_STORAGE_FUNCTIONAL_BOOT {"actions":["save"],"alert_present":false,"boot_ordinal":5,"foreground":true,"process_boot":"723C12C4-E1DA-422F-996C-B8CD1761DCEE","run_token":"217002BD-D169-40FC-8138-AB4831656E8D","schema_version":1}
    t =  1328.21s Terminate com.parlor.app.debug:76634
    t =  1329.24s Wait for com.parlor.app.debug to become Not Running
    t =  1329.24s Open com.parlor.app.debug
    t =  1329.24s     Launch com.parlor.app.debug
    t =  1329.48s         Setting up automation session
    t =  1331.10s         Wait for com.parlor.app.debug to idle
    t =  1332.69s Wait for com.parlor.app.debug to become Running Foreground
    t =  1332.69s Waiting 30.0s for "parlor-home-brand" StaticText to exist
    t =  1333.71s     Checking `Expect predicate `existsNoRetry == 1` for object "parlor-home-brand" StaticText`
    t =  1333.71s         Checking existence of `"parlor-home-brand" StaticText`
    t =  1333.78s Waiting 10.0s for "parlor-dsc01-observe" Button to exist
    t =  1334.80s     Checking `Expect predicate `existsNoRetry == 1` for object "parlor-dsc01-observe" Button`
    t =  1334.80s         Checking existence of `"parlor-dsc01-observe" Button`
    t =  1334.83s Checking existence of `Alert (First Match)`
    t =  1334.87s Waiting 10.0s for "parlor-dsc01-state" StaticText to exist
    t =  1335.91s     Checking `Expect predicate `existsNoRetry == 1` for object "parlor-dsc01-state" StaticText`
    t =  1335.91s         Checking existence of `"parlor-dsc01-state" StaticText`
    t =  1335.94s Find the "parlor-dsc01-state" StaticText
    t =  1335.98s Tap "parlor-dsc01-observe" Button
    t =  1335.98s     Wait for com.parlor.app.debug to idle
    t =  1335.98s     Find the "parlor-dsc01-observe" Button
    t =  1336.01s     Check for interrupting elements affecting "parlor-dsc01-observe" Button
    t =  1336.04s     Synthesize event
    t =  1336.36s     Wait for com.parlor.app.debug to idle
    t =  1337.41s Find the "parlor-dsc01-state" StaticText
    t =  1337.44s Waiting 10.0s for "parlor-dsc01-state" StaticText to exist
    t =  1338.50s     Checking `Expect predicate `existsNoRetry == 1` for object "parlor-dsc01-state" StaticText`
    t =  1338.50s         Checking existence of `"parlor-dsc01-state" StaticText`
    t =  1338.53s Find the "parlor-dsc01-state" StaticText
    t =  1338.55s Waiting 10.0s for "parlor-dsc01-state" StaticText to exist
    t =  1339.56s     Checking `Expect predicate `existsNoRetry == 1` for object "parlor-dsc01-state" StaticText`
    t =  1339.56s         Checking existence of `"parlor-dsc01-state" StaticText`
    t =  1339.58s Find the "parlor-dsc01-state" StaticText
    t =  1339.61s Tap "parlor-dsc01-observe" Button
    t =  1339.61s     Wait for com.parlor.app.debug to idle
    t =  1339.61s     Find the "parlor-dsc01-observe" Button
    t =  1339.63s     Check for interrupting elements affecting "parlor-dsc01-observe" Button
    t =  1339.65s     Synthesize event
    t =  1339.95s     Wait for com.parlor.app.debug to idle
    t =  1341.00s Find the "parlor-dsc01-state" StaticText
    t =  1341.02s Waiting 10.0s for "parlor-dsc01-state" StaticText to exist
    t =  1342.04s     Checking `Expect predicate `existsNoRetry == 1` for object "parlor-dsc01-state" StaticText`
    t =  1342.04s         Checking existence of `"parlor-dsc01-state" StaticText`
    t =  1342.07s Find the "parlor-dsc01-state" StaticText
    t =  1342.10s Waiting 15.0s for "l08-functional-action-load" Any to exist
    t =  1343.11s     Checking `Expect predicate `existsNoRetry == 1` for object "l08-functional-action-load" Any`
    t =  1343.11s         Checking existence of `"l08-functional-action-load" Any`
    t =  1343.17s Get number of matches for: Elements matching predicate '"l08-functional-action-load" IN identifiers'
    t =  1344.26s Checking existence of `"l08-functional-action-load" Any`
    t =  1344.35s Find the "l08-functional-action-load" Any
    t =  1344.44s Find the "l08-functional-action-load" Button
    t =  1344.56s Tap "l08-functional-action-load" Button
    t =  1344.57s     Wait for com.parlor.app.debug to idle
    t =  1344.57s     Find the "l08-functional-action-load" Button
    t =  1344.65s     Check for interrupting elements affecting "l08-functional-action-load" Button
    t =  1344.76s     Synthesize event
    t =  1345.06s     Wait for com.parlor.app.debug to idle
    t =  1345.17s Waiting 10.0s for "l08-storage-functional-result" StaticText to exist
    t =  1346.21s     Checking `Expect predicate `existsNoRetry == 1` for object "l08-storage-functional-result" StaticText`
    t =  1346.21s         Checking existence of `"l08-storage-functional-result" StaticText`
    t =  1347.31s Find the "l08-storage-functional-result" StaticText
    t =  1347.34s Find the "l08-storage-functional-result" StaticText
    t =  1347.38s Checking existence of `Alert (First Match)`
    t =  1347.49s Waiting 15.0s for "l08-home-list" Any to exist
    t =  1348.51s     Checking `Expect predicate `existsNoRetry == 1` for object "l08-home-list" Any`
    t =  1348.51s         Checking existence of `"l08-home-list" Any`
    t =  1348.69s Get number of matches for: Elements matching predicate '"l08-home-list" IN identifiers'
    t =  1348.74s Get number of matches for: Elements matching predicate '"l08-home-mon" IN identifiers'
    t =  1348.78s Get number of matches for: Elements matching predicate '"l08-home-list" IN identifiers'
    t =  1348.80s Get number of matches for: Elements matching predicate '"parlor-dsc01-overlay" IN identifiers'
    t =  1348.84s Checking existence of `Alert (First Match)`
    t =  1348.94s Checking existence of `Keyboard (First Match)`
    t =  1349.03s Checking existence of `"l08-home-list" Any`
    t =  1349.19s Find the "l08-home-list" Any
    t =  1349.41s Checking existence of `"parlor-dsc01-overlay" Any`
    t =  1349.46s Checking existence of `"l08-home-mon" Any`
    t =  1349.63s Find the "l08-home-mon" Any
    t =  1349.85s Find the "l08-home-mon" Any
    t =  1350.01s Find the "l08-home-list" Any
    t =  1350.13s Find the Target Application 'com.parlor.app.debug'
    t =  1350.16s Find the "parlor-dsc01-overlay" Any
    t =  1350.19s Get number of matches for: Elements matching predicate '"l08-home-mon" IN identifiers'
    t =  1350.23s Get number of matches for: Elements matching predicate '"l08-home-list" IN identifiers'
    t =  1350.29s Get number of matches for: Elements matching predicate '"parlor-dsc01-overlay" IN identifiers'
    t =  1350.31s Checking existence of `Alert (First Match)`
    t =  1350.40s Checking existence of `Keyboard (First Match)`
    t =  1350.46s Checking existence of `"l08-home-mon" Any`
    t =  1350.59s Find the "l08-home-mon" Any
    t =  1350.74s Checking existence of `"l08-home-list" Any`
    t =  1351.01s Find the "l08-home-list" Any
    t =  1351.25s Checking existence of `"parlor-dsc01-overlay" Any`
    t =  1351.29s Find the "l08-home-mon" Button
    t =  1351.50s Find the "l08-home-list" Other
    t =  1351.65s Find the Target Application 'com.parlor.app.debug'
    t =  1351.67s Find the "parlor-dsc01-overlay" Any
    t =  1351.71s Find the "l08-home-mon" Button
    t =  1351.89s Find the "l08-home-list" Other
PARLOR_L08_HOME_SCROLL {"attempt":0,"direction":"ready","frames":[[24,376,354,96],[0,0,402,769.66668701171875],[0,0,402,874],[68.666666666666657,134,265,139]],"identifier":"l08-home-mon","list_count":1,"overlay_count":1,"proves_recovery":false,"sample":0,"schema_version":1,"stable_samples":1,"target_count":1,"target_seen":true}
    t =  1352.29s Get number of matches for: Elements matching predicate '"l08-home-mon" IN identifiers'
    t =  1352.31s Get number of matches for: Elements matching predicate '"l08-home-list" IN identifiers'
    t =  1352.34s Get number of matches for: Elements matching predicate '"parlor-dsc01-overlay" IN identifiers'
    t =  1352.37s Checking existence of `Alert (First Match)`
    t =  1352.42s Checking existence of `Keyboard (First Match)`
    t =  1352.48s Checking existence of `"l08-home-list" Any`
    t =  1352.58s Find the "l08-home-list" Any
    t =  1352.69s Checking existence of `"parlor-dsc01-overlay" Any`
    t =  1352.72s Checking existence of `"l08-home-mon" Any`
    t =  1352.84s Find the "l08-home-mon" Any
    t =  1352.95s Find the "l08-home-mon" Any
    t =  1353.09s Find the "l08-home-list" Any
    t =  1353.19s Find the Target Application 'com.parlor.app.debug'
    t =  1353.21s Find the "parlor-dsc01-overlay" Any
    t =  1353.23s Get number of matches for: Elements matching predicate '"l08-home-mon" IN identifiers'
    t =  1353.25s Get number of matches for: Elements matching predicate '"l08-home-list" IN identifiers'
    t =  1353.28s Get number of matches for: Elements matching predicate '"parlor-dsc01-overlay" IN identifiers'
    t =  1353.31s Checking existence of `Alert (First Match)`
    t =  1353.37s Checking existence of `Keyboard (First Match)`
    t =  1353.43s Checking existence of `"l08-home-mon" Any`
    t =  1353.56s Find the "l08-home-mon" Any
    t =  1353.71s Checking existence of `"l08-home-list" Any`
    t =  1353.81s Find the "l08-home-list" Any
    t =  1353.92s Checking existence of `"parlor-dsc01-overlay" Any`
    t =  1353.93s Find the "l08-home-mon" Button
    t =  1354.05s Find the "l08-home-list" Other
    t =  1354.14s Find the Target Application 'com.parlor.app.debug'
    t =  1354.16s Find the "parlor-dsc01-overlay" Any
    t =  1354.18s Find the "l08-home-mon" Button
    t =  1354.30s Find the "l08-home-list" Other
PARLOR_L08_HOME_SCROLL {"attempt":0,"direction":"ready","frames":[[24,376,354,96],[0,0,402,769.66668701171875],[0,0,402,874],[68.666666666666657,134,265,139]],"identifier":"l08-home-mon","list_count":1,"overlay_count":1,"proves_recovery":false,"sample":1,"schema_version":1,"stable_samples":2,"target_count":1,"target_seen":true}
    t =  1354.66s Get number of matches for: Elements matching predicate '"l08-home-mon" IN identifiers'
    t =  1354.69s Get number of matches for: Elements matching predicate '"l08-home-list" IN identifiers'
    t =  1354.71s Get number of matches for: Elements matching predicate '"parlor-dsc01-overlay" IN identifiers'
    t =  1354.72s Checking existence of `Alert (First Match)`
    t =  1354.77s Checking existence of `Keyboard (First Match)`
    t =  1354.81s Checking existence of `"l08-home-list" Any`
    t =  1354.90s Find the "l08-home-list" Any
    t =  1355.01s Checking existence of `"parlor-dsc01-overlay" Any`
    t =  1355.02s Checking existence of `"l08-home-mon" Any`
    t =  1355.17s Find the "l08-home-mon" Any
    t =  1355.29s Find the "l08-home-mon" Any
    t =  1355.45s Find the "l08-home-list" Any
    t =  1355.60s Find the Target Application 'com.parlor.app.debug'
    t =  1355.61s Find the "parlor-dsc01-overlay" Any
    t =  1355.64s Get number of matches for: Elements matching predicate '"l08-home-mon" IN identifiers'
    t =  1355.66s Get number of matches for: Elements matching predicate '"l08-home-list" IN identifiers'
    t =  1355.69s Get number of matches for: Elements matching predicate '"parlor-dsc01-overlay" IN identifiers'
    t =  1355.72s Checking existence of `Alert (First Match)`
    t =  1355.81s Checking existence of `Keyboard (First Match)`
    t =  1355.91s Checking existence of `"l08-home-mon" Any`
    t =  1356.03s Find the "l08-home-mon" Any
    t =  1356.17s Checking existence of `"l08-home-list" Any`
    t =  1356.30s Find the "l08-home-list" Any
    t =  1356.41s Checking existence of `"parlor-dsc01-overlay" Any`
    t =  1356.43s Find the "l08-home-mon" Button
    t =  1356.54s Find the "l08-home-list" Other
    t =  1356.68s Find the Target Application 'com.parlor.app.debug'
    t =  1356.69s Find the "parlor-dsc01-overlay" Any
    t =  1356.72s Find the "l08-home-mon" Button
    t =  1356.87s Find the "l08-home-list" Other
PARLOR_L08_HOME_SCROLL {"attempt":0,"direction":"ready","frames":[[24,376,354,96],[0,0,402,769.66668701171875],[0,0,402,874],[68.666666666666657,134,265,139]],"identifier":"l08-home-mon","list_count":1,"overlay_count":1,"proves_recovery":false,"sample":2,"schema_version":1,"stable_samples":3,"target_count":1,"target_seen":true}
    t =  1357.23s Get number of matches for: Elements matching predicate '"l08-home-mon" IN identifiers'
    t =  1357.27s Get number of matches for: Elements matching predicate '"l08-home-list" IN identifiers'
    t =  1357.29s Get number of matches for: Elements matching predicate '"parlor-dsc01-overlay" IN identifiers'
    t =  1357.31s Checking existence of `Alert (First Match)`
    t =  1357.38s Checking existence of `Keyboard (First Match)`
    t =  1357.46s Checking existence of `"l08-home-list" Any`
    t =  1357.60s Find the "l08-home-list" Any
    t =  1357.75s Checking existence of `"parlor-dsc01-overlay" Any`
    t =  1357.77s Checking existence of `"l08-home-mon" Any`
    t =  1357.92s Find the "l08-home-mon" Any
    t =  1358.14s Find the "l08-home-mon" Any
    t =  1358.32s Find the "l08-home-list" Any
    t =  1358.55s Find the Target Application 'com.parlor.app.debug'
    t =  1358.57s Find the "parlor-dsc01-overlay" Any
    t =  1358.59s Get number of matches for: Elements matching predicate '"l08-home-mon" IN identifiers'
    t =  1358.62s Get number of matches for: Elements matching predicate '"l08-home-list" IN identifiers'
    t =  1358.66s Get number of matches for: Elements matching predicate '"parlor-dsc01-overlay" IN identifiers'
    t =  1358.69s Checking existence of `Alert (First Match)`
    t =  1358.79s Checking existence of `Keyboard (First Match)`
    t =  1358.93s Checking existence of `"l08-home-mon" Any`
    t =  1359.38s Find the "l08-home-mon" Any
    t =  1359.69s Checking existence of `"l08-home-list" Any`
    t =  1360.01s Find the "l08-home-list" Any
    t =  1360.38s Checking existence of `"parlor-dsc01-overlay" Any`
    t =  1360.43s Find the "l08-home-mon" Button
    t =  1360.76s Find the "l08-home-list" Other
    t =  1361.05s Find the Target Application 'com.parlor.app.debug'
    t =  1361.07s Find the "parlor-dsc01-overlay" Any
    t =  1361.14s Find the "l08-home-mon" Button
    t =  1361.65s Find the "l08-home-list" Other
PARLOR_L08_HOME_SCROLL {"attempt":0,"direction":"ready","frames":[[24,376,354,96],[0,0,402,769.66668701171875],[0,0,402,874],[68.666666666666657,134,265,139]],"identifier":"l08-home-mon","list_count":1,"overlay_count":1,"proves_recovery":false,"sample":3,"schema_version":1,"stable_samples":4,"target_count":1,"target_seen":true}
    t =  1362.33s Get number of matches for: Elements matching predicate '"l08-home-mon" IN identifiers'
    t =  1362.38s Get number of matches for: Elements matching predicate '"l08-home-list" IN identifiers'
    t =  1362.41s Get number of matches for: Elements matching predicate '"parlor-dsc01-overlay" IN identifiers'
    t =  1362.46s Checking existence of `Alert (First Match)`
    t =  1362.73s Checking existence of `Keyboard (First Match)`
    t =  1362.91s Checking existence of `"l08-home-list" Any`
    t =  1363.21s Find the "l08-home-list" Any
    t =  1363.45s Checking existence of `"parlor-dsc01-overlay" Any`
    t =  1363.53s Checking existence of `"l08-home-mon" Any`
    t =  1363.85s Find the "l08-home-mon" Any
    t =  1364.16s Find the "l08-home-mon" Any
    t =  1364.36s Find the "l08-home-list" Any
    t =  1364.59s Find the Target Application 'com.parlor.app.debug'
    t =  1364.61s Find the "parlor-dsc01-overlay" Any
    t =  1364.65s Get number of matches for: Elements matching predicate '"l08-home-mon" IN identifiers'
    t =  1364.69s Get number of matches for: Elements matching predicate '"l08-home-list" IN identifiers'
    t =  1364.71s Get number of matches for: Elements matching predicate '"parlor-dsc01-overlay" IN identifiers'
    t =  1364.76s Checking existence of `Alert (First Match)`
    t =  1364.95s Checking existence of `Keyboard (First Match)`
    t =  1365.13s Checking existence of `"l08-home-mon" Any`
    t =  1365.32s Find the "l08-home-mon" Any
    t =  1365.75s Checking existence of `"l08-home-list" Any`
    t =  1365.99s Find the "l08-home-list" Any
    t =  1366.21s Checking existence of `"parlor-dsc01-overlay" Any`
    t =  1366.24s Find the "l08-home-mon" Button
    t =  1366.56s Find the "l08-home-list" Other
    t =  1366.82s Find the Target Application 'com.parlor.app.debug'
    t =  1366.88s Find the "parlor-dsc01-overlay" Any
    t =  1366.92s Find the "l08-home-mon" Button
    t =  1367.24s Find the "l08-home-list" Other
PARLOR_L08_HOME_SCROLL {"attempt":0,"direction":"ready","frames":[[24,376,354,96],[0,0,402,769.66668701171875],[0,0,402,874],[68.666666666666657,134,265,139]],"identifier":"l08-home-mon","list_count":1,"overlay_count":1,"proves_recovery":false,"sample":4,"schema_version":1,"stable_samples":5,"target_count":1,"target_seen":true}
    t =  1367.74s Get number of matches for: Elements matching predicate '"l08-home-mon" IN identifiers'
    t =  1367.78s Get number of matches for: Elements matching predicate '"l08-home-list" IN identifiers'
    t =  1367.80s Get number of matches for: Elements matching predicate '"parlor-dsc01-overlay" IN identifiers'
    t =  1367.84s Checking existence of `Alert (First Match)`
    t =  1367.93s Checking existence of `Keyboard (First Match)`
    t =  1368.09s Checking existence of `"l08-home-list" Any`
    t =  1368.37s Find the "l08-home-list" Any
    t =  1368.58s Checking existence of `"parlor-dsc01-overlay" Any`
    t =  1368.60s Checking existence of `"l08-home-mon" Any`
    t =  1368.90s Find the "l08-home-mon" Any
    t =  1369.18s Find the "l08-home-mon" Any
    t =  1369.52s Find the "l08-home-list" Any
    t =  1369.73s Find the Target Application 'com.parlor.app.debug'
    t =  1369.75s Find the "parlor-dsc01-overlay" Any
    t =  1369.78s Get number of matches for: Elements matching predicate '"l08-home-mon" IN identifiers'
    t =  1369.86s Get number of matches for: Elements matching predicate '"l08-home-list" IN identifiers'
    t =  1369.91s Get number of matches for: Elements matching predicate '"parlor-dsc01-overlay" IN identifiers'
    t =  1369.97s Checking existence of `Alert (First Match)`
    t =  1370.16s Checking existence of `Keyboard (First Match)`
    t =  1370.33s Checking existence of `"l08-home-mon" Any`
    t =  1370.60s Find the "l08-home-mon" Any
    t =  1370.86s Checking existence of `"l08-home-list" Any`
    t =  1371.09s Find the "l08-home-list" Any
    t =  1371.37s Checking existence of `"parlor-dsc01-overlay" Any`
    t =  1371.53s Find the "l08-home-mon" Button
    t =  1371.86s Find the "l08-home-list" Other
    t =  1372.09s Find the Target Application 'com.parlor.app.debug'
    t =  1372.13s Find the "parlor-dsc01-overlay" Any
    t =  1372.17s Find the "l08-home-mon" Button
    t =  1372.46s Find the "l08-home-list" Other
PARLOR_L08_HOME_SCROLL {"attempt":0,"direction":"ready","frames":[[24,376,354,96],[0,0,402,769.66668701171875],[0,0,402,874],[68.666666666666657,134,265,139]],"identifier":"l08-home-mon","list_count":1,"overlay_count":1,"proves_recovery":false,"sample":5,"schema_version":1,"stable_samples":6,"target_count":1,"target_seen":true}
    t =  1372.69s Get number of matches for: Elements matching predicate '"l08-home-mon" IN identifiers'
    t =  1372.72s Checking existence of `"l08-home-mon" Any`
    t =  1372.97s Find the "l08-home-mon" Any
    t =  1373.22s Find the "l08-home-mon" Button
    t =  1373.62s Find the Target Application 'com.parlor.app.debug'
    t =  1373.67s Find the "l08-home-mon" Button
    t =  1374.37s Get number of matches for: Elements matching predicate '"l08-home-list" IN identifiers'
    t =  1374.48s Checking existence of `"l08-home-list" Any`
    t =  1375.03s Find the "l08-home-list" Any
    t =  1375.77s Find the "l08-home-list" Other
    t =  1376.19s Find the Target Application 'com.parlor.app.debug'
    t =  1376.23s Find the "l08-home-list" Other
    t =  1376.68s Get number of matches for: Elements matching predicate '"parlor-dsc01-overlay" IN identifiers'
    t =  1376.72s Checking existence of `"parlor-dsc01-overlay" Any`
    t =  1376.77s Find the "parlor-dsc01-overlay" Any
    t =  1376.85s Find the "parlor-dsc01-overlay" Other
    t =  1376.90s Find the Target Application 'com.parlor.app.debug'
    t =  1376.93s Find the "parlor-dsc01-overlay" Other
PARLOR_L08_PUBLIC_CONTROL {"attempt":0,"identifier":"l08-home-mon","list":{"count":1,"enabled":true,"exists":true,"frame":{"height":769.66668701171875,"width":402,"x":0,"y":0},"hittability_queried":true,"hittable":true},"overlay":{"count":1,"enabled":true,"exists":true,"frame":{"height":139,"width":265,"x":68.666666666666657,"y":134},"hittability_queried":true,"hittable":true},"proves_recovery":false,"schema_version":1,"target":{"count":1,"enabled":true,"exists":true,"frame":{"height":96,"width":354,"x":24,"y":376},"hittability_queried":true,"hittable":true}}
    t =  1377.04s Waiting 15.0s for "l08-home-mon" Any to exist
    t =  1378.08s     Checking `Expect predicate `existsNoRetry == 1` for object "l08-home-mon" Any`
    t =  1378.08s         Checking existence of `"l08-home-mon" Any`
    t =  1378.42s Get number of matches for: Elements matching predicate '"l08-home-mon" IN identifiers'
    t =  1379.49s Get number of matches for: Elements matching predicate '"l08-home-mon" IN identifiers'
    t =  1379.52s Get number of matches for: Elements matching predicate '"l08-home-list" IN identifiers'
    t =  1379.55s Get number of matches for: Elements matching predicate '"parlor-dsc01-overlay" IN identifiers'
    t =  1379.59s Checking existence of `Alert (First Match)`
    t =  1379.67s Checking existence of `Keyboard (First Match)`
    t =  1379.79s Checking existence of `"l08-home-mon" Any`
    t =  1380.04s Find the "l08-home-mon" Any
    t =  1380.34s Checking existence of `"l08-home-list" Any`
    t =  1380.49s Find the "l08-home-list" Any
    t =  1380.67s Checking existence of `"parlor-dsc01-overlay" Any`
    t =  1380.73s Find the "l08-home-mon" Button
    t =  1381.05s Find the "l08-home-list" Other
    t =  1381.25s Find the Target Application 'com.parlor.app.debug'
    t =  1381.28s Find the "parlor-dsc01-overlay" Any
    t =  1381.31s Find the "l08-home-mon" Button
    t =  1381.51s Find the "l08-home-list" Other
    t =  1381.78s Get number of matches for: Elements matching predicate '"l08-home-mon" IN identifiers'
    t =  1381.81s Checking existence of `"l08-home-mon" Any`
    t =  1382.13s Find the "l08-home-mon" Any
    t =  1382.56s Find the "l08-home-mon" Button
    t =  1382.81s Find the Target Application 'com.parlor.app.debug'
    t =  1382.83s Find the "l08-home-mon" Button
    t =  1383.03s Get number of matches for: Elements matching predicate '"l08-home-list" IN identifiers'
    t =  1383.07s Checking existence of `"l08-home-list" Any`
    t =  1383.26s Find the "l08-home-list" Any
    t =  1383.47s Find the "l08-home-list" Other
    t =  1383.65s Find the Target Application 'com.parlor.app.debug'
    t =  1383.67s Find the "l08-home-list" Other
    t =  1383.86s Get number of matches for: Elements matching predicate '"parlor-dsc01-overlay" IN identifiers'
    t =  1383.91s Checking existence of `"parlor-dsc01-overlay" Any`
    t =  1383.94s Find the "parlor-dsc01-overlay" Any
    t =  1383.97s Find the "parlor-dsc01-overlay" Other
    t =  1384.00s Find the Target Application 'com.parlor.app.debug'
    t =  1384.03s Find the "parlor-dsc01-overlay" Other
PARLOR_L08_PUBLIC_CONTROL {"attempt":8,"identifier":"l08-home-mon","list":{"count":1,"enabled":true,"exists":true,"frame":{"height":769.66668701171875,"width":402,"x":0,"y":0},"hittability_queried":true,"hittable":true},"overlay":{"count":1,"enabled":true,"exists":true,"frame":{"height":139,"width":265,"x":68.666666666666657,"y":134},"hittability_queried":true,"hittable":true},"proves_recovery":false,"schema_version":1,"target":{"count":1,"enabled":true,"exists":true,"frame":{"height":96,"width":354,"x":24,"y":376},"hittability_queried":true,"hittable":true}}
    t =  1384.10s Get number of matches for: Elements matching predicate '"l08-ui-result" IN identifiers'
    t =  1384.13s Find the "l08-ui-result" StaticText
PARLOR_L08_HOME_ACTIVATION {"attempt":0,"counters":{},"counters_valid":false,"frames":[],"geometry_valid":false,"identifier":"l08-home-mon","phase":"before-observer","proves_recovery":false,"schema_version":1,"stable_samples":0}
    t =  1384.17s Waiting 15.0s for "l08-ui-observe" Any to exist
    t =  1385.20s     Checking `Expect predicate `existsNoRetry == 1` for object "l08-ui-observe" Any`
    t =  1385.20s         Checking existence of `"l08-ui-observe" Any`
    t =  1385.29s Get number of matches for: Elements matching predicate '"l08-ui-observe" IN identifiers'
    t =  1386.33s Checking existence of `"l08-ui-observe" Any`
    t =  1386.42s Find the "l08-ui-observe" Any
    t =  1386.54s Find the "l08-ui-observe" Button
    t =  1386.69s Tap "l08-ui-observe" Button
    t =  1386.69s     Wait for com.parlor.app.debug to idle
    t =  1386.69s     Find the "l08-ui-observe" Button
    t =  1386.78s     Check for interrupting elements affecting "l08-ui-observe" Button
    t =  1386.85s     Synthesize event
    t =  1387.17s     Wait for com.parlor.app.debug to idle
    t =  1388.20s Get number of matches for: Elements matching predicate '"l08-ui-result" IN identifiers'
    t =  1388.24s Find the "l08-ui-result" StaticText
    t =  1388.30s Get number of matches for: Elements matching predicate '"l08-ui-result" IN identifiers'
    t =  1388.33s Find the "l08-ui-result" StaticText
PARLOR_L08_HOME_ACTIVATION {"attempt":0,"counters":{"discard_taps":0,"recovery_shows":0,"resume_taps":0,"retry_taps":0},"counters_valid":true,"frames":[],"geometry_valid":false,"identifier":"l08-home-mon","phase":"before-zero","proves_recovery":false,"schema_version":1,"stable_samples":0}
    t =  1388.38s Get number of matches for: Elements matching predicate '"l08-home-mon" IN identifiers'
    t =  1388.41s Get number of matches for: Elements matching predicate '"l08-home-list" IN identifiers'
    t =  1388.44s Get number of matches for: Elements matching predicate '"parlor-dsc01-overlay" IN identifiers'
    t =  1388.48s Checking existence of `Alert (First Match)`
    t =  1388.62s Checking existence of `Keyboard (First Match)`
    t =  1388.96s Checking existence of `"l08-home-mon" Any`
    t =  1389.37s Find the "l08-home-mon" Any
    t =  1389.55s Checking existence of `"l08-home-list" Any`
    t =  1389.69s Find the "l08-home-list" Any
    t =  1389.86s Checking existence of `"parlor-dsc01-overlay" Any`
    t =  1389.88s Find the "l08-home-mon" Button
    t =  1390.12s Find the "l08-home-list" Other
    t =  1390.28s Find the Target Application 'com.parlor.app.debug'
    t =  1390.32s Find the "parlor-dsc01-overlay" Any
    t =  1390.38s Find the "l08-home-mon" Button
    t =  1390.57s Find the "l08-home-list" Other
PARLOR_L08_HOME_ACTIVATION {"attempt":0,"counters":{},"counters_valid":false,"frames":[[24,376,354,96],[0,0,402,769.66668701171875],[0,0,402,874],[68.666666666666657,134,265,139]],"geometry_valid":true,"identifier":"l08-home-mon","phase":"geometry","proves_recovery":false,"schema_version":1,"stable_samples":1}
    t =  1391.03s Get number of matches for: Elements matching predicate '"l08-home-mon" IN identifiers'
    t =  1391.06s Get number of matches for: Elements matching predicate '"l08-home-list" IN identifiers'
    t =  1391.10s Get number of matches for: Elements matching predicate '"parlor-dsc01-overlay" IN identifiers'
    t =  1391.13s Checking existence of `Alert (First Match)`
    t =  1391.23s Checking existence of `Keyboard (First Match)`
    t =  1391.31s Checking existence of `"l08-home-mon" Any`
    t =  1391.48s Find the "l08-home-mon" Any
    t =  1391.66s Checking existence of `"l08-home-list" Any`
    t =  1391.81s Find the "l08-home-list" Any
    t =  1391.95s Checking existence of `"parlor-dsc01-overlay" Any`
    t =  1391.96s Find the "l08-home-mon" Button
    t =  1392.10s Find the "l08-home-list" Other
    t =  1392.25s Find the Target Application 'com.parlor.app.debug'
    t =  1392.27s Find the "parlor-dsc01-overlay" Any
    t =  1392.30s Find the "l08-home-mon" Button
    t =  1392.47s Find the "l08-home-list" Other
PARLOR_L08_HOME_ACTIVATION {"attempt":1,"counters":{},"counters_valid":false,"frames":[[24,376,354,96],[0,0,402,769.66668701171875],[0,0,402,874],[68.666666666666657,134,265,139]],"geometry_valid":true,"identifier":"l08-home-mon","phase":"geometry","proves_recovery":false,"schema_version":1,"stable_samples":2}
    t =  1392.88s Get number of matches for: Elements matching predicate '"l08-home-mon" IN identifiers'
    t =  1392.92s Get number of matches for: Elements matching predicate '"l08-home-list" IN identifiers'
    t =  1392.95s Get number of matches for: Elements matching predicate '"parlor-dsc01-overlay" IN identifiers'
    t =  1392.97s Checking existence of `Alert (First Match)`
    t =  1393.16s Checking existence of `Keyboard (First Match)`
    t =  1393.28s Checking existence of `"l08-home-mon" Any`
    t =  1393.49s Find the "l08-home-mon" Any
    t =  1393.67s Checking existence of `"l08-home-list" Any`
    t =  1393.82s Find the "l08-home-list" Any
    t =  1394.04s Checking existence of `"parlor-dsc01-overlay" Any`
    t =  1394.10s Find the "l08-home-mon" Button
    t =  1394.27s Find the "l08-home-list" Other
    t =  1394.44s Find the Target Application 'com.parlor.app.debug'
    t =  1394.46s Find the "parlor-dsc01-overlay" Any
    t =  1394.50s Find the "l08-home-mon" Button
    t =  1394.69s Find the "l08-home-list" Other
PARLOR_L08_HOME_ACTIVATION {"attempt":2,"counters":{},"counters_valid":false,"frames":[[24,376,354,96],[0,0,402,769.66668701171875],[0,0,402,874],[68.666666666666657,134,265,139]],"geometry_valid":true,"identifier":"l08-home-mon","phase":"geometry","proves_recovery":false,"schema_version":1,"stable_samples":3}
    t =  1395.09s Get number of matches for: Elements matching predicate '"l08-home-mon" IN identifiers'
    t =  1395.12s Get number of matches for: Elements matching predicate '"l08-home-list" IN identifiers'
    t =  1395.16s Get number of matches for: Elements matching predicate '"parlor-dsc01-overlay" IN identifiers'
    t =  1395.19s Checking existence of `Alert (First Match)`
    t =  1395.29s Checking existence of `Keyboard (First Match)`
    t =  1395.38s Checking existence of `"l08-home-mon" Any`
    t =  1395.65s Find the "l08-home-mon" Any
    t =  1396.02s Checking existence of `"l08-home-list" Any`
    t =  1396.26s Find the "l08-home-list" Any
    t =  1396.41s Checking existence of `"parlor-dsc01-overlay" Any`
    t =  1396.44s Find the "l08-home-mon" Button
    t =  1396.66s Find the "l08-home-list" Other
    t =  1396.93s Find the Target Application 'com.parlor.app.debug'
    t =  1396.97s Find the "parlor-dsc01-overlay" Any
    t =  1396.99s Find the "l08-home-mon" Button
    t =  1397.27s Find the "l08-home-list" Other
PARLOR_L08_HOME_ACTIVATION {"attempt":3,"counters":{},"counters_valid":false,"frames":[[24,376,354,96],[0,0,402,769.66668701171875],[0,0,402,874],[68.666666666666657,134,265,139]],"geometry_valid":true,"identifier":"l08-home-mon","phase":"geometry","proves_recovery":false,"schema_version":1,"stable_samples":4}
    t =  1397.84s Get number of matches for: Elements matching predicate '"l08-home-mon" IN identifiers'
    t =  1397.88s Get number of matches for: Elements matching predicate '"l08-home-list" IN identifiers'
    t =  1397.92s Get number of matches for: Elements matching predicate '"parlor-dsc01-overlay" IN identifiers'
    t =  1397.95s Checking existence of `Alert (First Match)`
    t =  1398.08s Checking existence of `Keyboard (First Match)`
    t =  1398.24s Checking existence of `"l08-home-mon" Any`
    t =  1398.59s Find the "l08-home-mon" Any
    t =  1398.89s Checking existence of `"l08-home-list" Any`
    t =  1399.11s Find the "l08-home-list" Any
    t =  1399.26s Checking existence of `"parlor-dsc01-overlay" Any`
    t =  1399.29s Find the "l08-home-mon" Button
    t =  1399.50s Find the "l08-home-list" Other
    t =  1399.75s Find the Target Application 'com.parlor.app.debug'
    t =  1399.77s Find the "parlor-dsc01-overlay" Any
    t =  1399.81s Find the "l08-home-mon" Button
    t =  1400.07s Find the "l08-home-list" Other
PARLOR_L08_HOME_ACTIVATION {"attempt":4,"counters":{},"counters_valid":false,"frames":[[24,376,354,96],[0,0,402,769.66668701171875],[0,0,402,874],[68.666666666666657,134,265,139]],"geometry_valid":true,"identifier":"l08-home-mon","phase":"geometry","proves_recovery":false,"schema_version":1,"stable_samples":5}
    t =  1400.51s Get number of matches for: Elements matching predicate '"l08-home-mon" IN identifiers'
    t =  1400.54s Get number of matches for: Elements matching predicate '"l08-home-list" IN identifiers'
    t =  1400.59s Get number of matches for: Elements matching predicate '"parlor-dsc01-overlay" IN identifiers'
    t =  1400.61s Checking existence of `Alert (First Match)`
    t =  1400.74s Checking existence of `Keyboard (First Match)`
    t =  1400.82s Checking existence of `"l08-home-mon" Any`
    t =  1400.99s Find the "l08-home-mon" Any
    t =  1401.17s Checking existence of `"l08-home-list" Any`
    t =  1401.31s Find the "l08-home-list" Any
    t =  1401.49s Checking existence of `"parlor-dsc01-overlay" Any`
    t =  1401.54s Find the "l08-home-mon" Button
    t =  1401.86s Find the "l08-home-list" Other
    t =  1402.03s Find the Target Application 'com.parlor.app.debug'
    t =  1402.07s Find the "parlor-dsc01-overlay" Any
    t =  1402.15s Find the "l08-home-mon" Button
    t =  1402.37s Find the "l08-home-list" Other
PARLOR_L08_HOME_ACTIVATION {"attempt":5,"counters":{},"counters_valid":false,"frames":[[24,376,354,96],[0,0,402,769.66668701171875],[0,0,402,874],[68.666666666666657,134,265,139]],"geometry_valid":true,"identifier":"l08-home-mon","phase":"geometry","proves_recovery":false,"schema_version":1,"stable_samples":6}
    t =  1402.64s Get number of matches for: Elements matching predicate '"l08-home-mon" IN identifiers'
    t =  1402.69s Get number of matches for: Elements matching predicate '"l08-home-list" IN identifiers'
    t =  1402.75s Get number of matches for: Elements matching predicate '"parlor-dsc01-overlay" IN identifiers'
    t =  1402.83s Checking existence of `Alert (First Match)`
    t =  1402.98s Checking existence of `Keyboard (First Match)`
    t =  1403.13s Checking existence of `"l08-home-mon" Any`
    t =  1403.31s Find the "l08-home-mon" Any
    t =  1403.49s Checking existence of `"l08-home-list" Any`
    t =  1403.62s Find the "l08-home-list" Any
    t =  1403.74s Checking existence of `"parlor-dsc01-overlay" Any`
    t =  1403.76s Find the "l08-home-mon" Button
    t =  1404.01s Find the "l08-home-list" Other
    t =  1404.16s Find the Target Application 'com.parlor.app.debug'
    t =  1404.18s Find the "parlor-dsc01-overlay" Any
    t =  1404.21s Find the "l08-home-mon" Button
    t =  1404.36s Find the "l08-home-list" Other
PARLOR_L08_HOME_ACTIVATION {"attempt":0,"counters":{},"counters_valid":false,"frames":[[24,376,354,96],[0,0,402,769.66668701171875],[0,0,402,874],[68.666666666666657,134,265,139]],"geometry_valid":true,"identifier":"l08-home-mon","phase":"before-tap","proves_recovery":false,"schema_version":1,"stable_samples":0}
    t =  1404.49s Find the "l08-home-mon" Any
    t =  1404.63s Find the "l08-home-mon" Button
    t =  1404.81s Find the "l08-home-mon" Button
    t =  1405.04s Tap "l08-home-mon" Button
    t =  1405.04s     Wait for com.parlor.app.debug to idle
    t =  1405.04s     Find the "l08-home-mon" Button
    t =  1405.20s     Check for interrupting elements affecting "l08-home-mon" Button
    t =  1405.26s     Synthesize event
    t =  1405.59s     Wait for com.parlor.app.debug to idle
    t =  1406.35s Waiting 15.0s for "l08-ui-observe" Any to exist
    t =  1407.38s     Checking `Expect predicate `existsNoRetry == 1` for object "l08-ui-observe" Any`
    t =  1407.38s         Checking existence of `"l08-ui-observe" Any`
    t =  1407.59s Get number of matches for: Elements matching predicate '"l08-ui-observe" IN identifiers'
    t =  1408.71s Checking existence of `"l08-ui-observe" Any`
    t =  1408.78s Find the "l08-ui-observe" Any
    t =  1408.92s Find the "l08-ui-observe" Button
    t =  1409.03s Tap "l08-ui-observe" Button
    t =  1409.03s     Wait for com.parlor.app.debug to idle
    t =  1409.04s     Find the "l08-ui-observe" Button
    t =  1409.18s     Check for interrupting elements affecting "l08-ui-observe" Button
    t =  1409.29s     Synthesize event
    t =  1409.59s     Wait for com.parlor.app.debug to idle
    t =  1409.59s Get number of matches for: Elements matching predicate '"l08-ui-result" IN identifiers'
    t =  1409.62s Find the "l08-ui-result" StaticText
PARLOR_L08_HOME_ACTIVATION {"attempt":0,"counters":{"discard_taps":0,"recovery_shows":0,"resume_taps":1,"retry_taps":0},"counters_valid":true,"frames":[],"geometry_valid":false,"identifier":"l08-home-mon","phase":"after-tap","proves_recovery":false,"schema_version":1,"stable_samples":0}
    t =  1409.65s Checking existence of `Alert (First Match)`
    t =  1409.72s Waiting 15.0s for "l08-functional-action-continue" Any to exist
    t =  1410.73s     Checking `Expect predicate `existsNoRetry == 1` for object "l08-functional-action-continue" Any`
    t =  1410.73s         Checking existence of `"l08-functional-action-continue" Any`
    t =  1410.77s Get number of matches for: Elements matching predicate '"l08-functional-action-continue" IN identifiers'
    t =  1411.84s Checking existence of `"l08-functional-action-continue" Any`
    t =  1411.92s Find the "l08-functional-action-continue" Any
    t =  1411.98s Find the "l08-functional-action-continue" Button
    t =  1412.04s Tap "l08-functional-action-continue" Button
    t =  1412.04s     Wait for com.parlor.app.debug to idle
    t =  1412.04s     Find the "l08-functional-action-continue" Button
    t =  1412.09s     Check for interrupting elements affecting "l08-functional-action-continue" Button
    t =  1412.12s     Synthesize event
    t =  1412.42s     Wait for com.parlor.app.debug to idle
    t =  1412.68s Waiting 10.0s for "l08-storage-functional-result" StaticText to exist
    t =  1413.73s     Checking `Expect predicate `existsNoRetry == 1` for object "l08-storage-functional-result" StaticText`
    t =  1413.73s         Checking existence of `"l08-storage-functional-result" StaticText`
    t =  1414.78s Find the "l08-storage-functional-result" StaticText
    t =  1414.80s Find the "l08-storage-functional-result" StaticText
    t =  1414.82s Checking existence of `Alert (First Match)`
    t =  1414.90s Checking existence of `Alert (First Match)`
PARLOR_L08_STORAGE_FUNCTIONAL_BOOT {"actions":["load","continue"],"alert_present":false,"boot_ordinal":6,"foreground":true,"process_boot":"ABB2131C-6682-41CA-BBD7-E809AC72A004","run_token":"217002BD-D169-40FC-8138-AB4831656E8D","schema_version":1}
    t =  1414.99s Terminate com.parlor.app.debug:78118
    t =  1416.00s Wait for com.parlor.app.debug to become Not Running
    t =  1416.00s Open com.parlor.app.debug
    t =  1416.00s     Launch com.parlor.app.debug
    t =  1416.44s         Setting up automation session
    t =  1417.82s         Wait for com.parlor.app.debug to idle
    t =  1419.44s Wait for com.parlor.app.debug to become Running Foreground
    t =  1419.44s Waiting 30.0s for "parlor-home-brand" StaticText to exist
    t =  1420.52s     Checking `Expect predicate `existsNoRetry == 1` for object "parlor-home-brand" StaticText`
    t =  1420.52s         Checking existence of `"parlor-home-brand" StaticText`
    t =  1420.60s Waiting 10.0s for "parlor-dsc01-observe" Button to exist
    t =  1421.61s     Checking `Expect predicate `existsNoRetry == 1` for object "parlor-dsc01-observe" Button`
    t =  1421.62s         Checking existence of `"parlor-dsc01-observe" Button`
    t =  1421.65s Checking existence of `Alert (First Match)`
    t =  1421.71s Waiting 10.0s for "parlor-dsc01-state" StaticText to exist
    t =  1422.72s     Checking `Expect predicate `existsNoRetry == 1` for object "parlor-dsc01-state" StaticText`
    t =  1422.72s         Checking existence of `"parlor-dsc01-state" StaticText`
    t =  1422.74s Find the "parlor-dsc01-state" StaticText
    t =  1422.76s Tap "parlor-dsc01-observe" Button
    t =  1422.76s     Wait for com.parlor.app.debug to idle
    t =  1422.77s     Find the "parlor-dsc01-observe" Button
    t =  1422.79s     Check for interrupting elements affecting "parlor-dsc01-observe" Button
    t =  1422.81s     Synthesize event
    t =  1423.11s     Wait for com.parlor.app.debug to idle
    t =  1424.15s Find the "parlor-dsc01-state" StaticText
    t =  1424.17s Waiting 10.0s for "parlor-dsc01-state" StaticText to exist
    t =  1425.20s     Checking `Expect predicate `existsNoRetry == 1` for object "parlor-dsc01-state" StaticText`
    t =  1425.20s         Checking existence of `"parlor-dsc01-state" StaticText`
    t =  1425.22s Find the "parlor-dsc01-state" StaticText
    t =  1425.23s Waiting 10.0s for "parlor-dsc01-state" StaticText to exist
    t =  1426.25s     Checking `Expect predicate `existsNoRetry == 1` for object "parlor-dsc01-state" StaticText`
    t =  1426.25s         Checking existence of `"parlor-dsc01-state" StaticText`
    t =  1426.28s Find the "parlor-dsc01-state" StaticText
    t =  1426.30s Tap "parlor-dsc01-observe" Button
    t =  1426.30s     Wait for com.parlor.app.debug to idle
    t =  1426.31s     Find the "parlor-dsc01-observe" Button
    t =  1426.33s     Check for interrupting elements affecting "parlor-dsc01-observe" Button
    t =  1426.35s     Synthesize event
    t =  1426.65s     Wait for com.parlor.app.debug to idle
    t =  1427.68s Find the "parlor-dsc01-state" StaticText
    t =  1427.70s Waiting 10.0s for "parlor-dsc01-state" StaticText to exist
    t =  1428.73s     Checking `Expect predicate `existsNoRetry == 1` for object "parlor-dsc01-state" StaticText`
    t =  1428.73s         Checking existence of `"parlor-dsc01-state" StaticText`
    t =  1428.76s Find the "parlor-dsc01-state" StaticText
    t =  1428.79s Waiting 15.0s for "l08-functional-action-save" Any to exist
    t =  1429.81s     Checking `Expect predicate `existsNoRetry == 1` for object "l08-functional-action-save" Any`
    t =  1429.81s         Checking existence of `"l08-functional-action-save" Any`
    t =  1429.87s Get number of matches for: Elements matching predicate '"l08-functional-action-save" IN identifiers'
    t =  1430.91s Checking existence of `"l08-functional-action-save" Any`
    t =  1431.04s Find the "l08-functional-action-save" Any
    t =  1431.14s Find the "l08-functional-action-save" Button
    t =  1431.25s Tap "l08-functional-action-save" Button
    t =  1431.25s     Wait for com.parlor.app.debug to idle
    t =  1431.25s     Find the "l08-functional-action-save" Button
    t =  1431.38s     Check for interrupting elements affecting "l08-functional-action-save" Button
    t =  1431.50s     Synthesize event
    t =  1431.79s     Wait for com.parlor.app.debug to idle
    t =  1431.93s Waiting 10.0s for "l08-storage-functional-result" StaticText to exist
    t =  1432.94s     Checking `Expect predicate `existsNoRetry == 1` for object "l08-storage-functional-result" StaticText`
    t =  1432.94s         Checking existence of `"l08-storage-functional-result" StaticText`
    t =  1434.01s Find the "l08-storage-functional-result" StaticText
    t =  1434.04s Find the "l08-storage-functional-result" StaticText
    t =  1434.07s Checking existence of `Alert (First Match)`
    t =  1434.18s Checking existence of `Alert (First Match)`
PARLOR_L08_STORAGE_FUNCTIONAL_BOOT {"actions":["save"],"alert_present":false,"boot_ordinal":7,"foreground":true,"process_boot":"1BCBFF82-BE8F-4E22-ABC1-A1AF06464F2E","run_token":"217002BD-D169-40FC-8138-AB4831656E8D","schema_version":1}
    t =  1434.24s Terminate com.parlor.app.debug:83036
    t =  1435.25s Wait for com.parlor.app.debug to become Not Running
    t =  1435.25s Open com.parlor.app.debug
    t =  1435.25s     Launch com.parlor.app.debug
    t =  1435.48s         Setting up automation session
    t =  1436.87s         Wait for com.parlor.app.debug to idle
    t =  1438.52s Wait for com.parlor.app.debug to become Running Foreground
    t =  1438.52s Waiting 30.0s for "parlor-home-brand" StaticText to exist
    t =  1439.54s     Checking `Expect predicate `existsNoRetry == 1` for object "parlor-home-brand" StaticText`
    t =  1439.54s         Checking existence of `"parlor-home-brand" StaticText`
    t =  1439.68s Waiting 10.0s for "parlor-dsc01-observe" Button to exist
    t =  1440.69s     Checking `Expect predicate `existsNoRetry == 1` for object "parlor-dsc01-observe" Button`
    t =  1440.69s         Checking existence of `"parlor-dsc01-observe" Button`
    t =  1440.73s Checking existence of `Alert (First Match)`
    t =  1440.83s Waiting 10.0s for "parlor-dsc01-state" StaticText to exist
    t =  1441.88s     Checking `Expect predicate `existsNoRetry == 1` for object "parlor-dsc01-state" StaticText`
    t =  1441.88s         Checking existence of `"parlor-dsc01-state" StaticText`
    t =  1441.91s Find the "parlor-dsc01-state" StaticText
    t =  1441.97s Tap "parlor-dsc01-observe" Button
    t =  1441.97s     Wait for com.parlor.app.debug to idle
    t =  1441.97s     Find the "parlor-dsc01-observe" Button
    t =  1442.01s     Check for interrupting elements affecting "parlor-dsc01-observe" Button
    t =  1442.05s     Synthesize event
    t =  1442.36s     Wait for com.parlor.app.debug to idle
    t =  1443.38s Find the "parlor-dsc01-state" StaticText
    t =  1443.45s Waiting 10.0s for "parlor-dsc01-state" StaticText to exist
    t =  1444.49s     Checking `Expect predicate `existsNoRetry == 1` for object "parlor-dsc01-state" StaticText`
    t =  1444.49s         Checking existence of `"parlor-dsc01-state" StaticText`
    t =  1444.53s Find the "parlor-dsc01-state" StaticText
    t =  1444.57s Waiting 10.0s for "parlor-dsc01-state" StaticText to exist
    t =  1445.59s     Checking `Expect predicate `existsNoRetry == 1` for object "parlor-dsc01-state" StaticText`
    t =  1445.59s         Checking existence of `"parlor-dsc01-state" StaticText`
    t =  1445.63s Find the "parlor-dsc01-state" StaticText
    t =  1445.68s Tap "parlor-dsc01-observe" Button
    t =  1445.68s     Wait for com.parlor.app.debug to idle
    t =  1445.69s     Find the "parlor-dsc01-observe" Button
    t =  1445.76s     Check for interrupting elements affecting "parlor-dsc01-observe" Button
    t =  1445.82s     Synthesize event
    t =  1446.13s     Wait for com.parlor.app.debug to idle
    t =  1447.16s Find the "parlor-dsc01-state" StaticText
    t =  1447.20s Waiting 10.0s for "parlor-dsc01-state" StaticText to exist
    t =  1448.24s     Checking `Expect predicate `existsNoRetry == 1` for object "parlor-dsc01-state" StaticText`
    t =  1448.24s         Checking existence of `"parlor-dsc01-state" StaticText`
    t =  1448.31s Find the "parlor-dsc01-state" StaticText
    t =  1448.37s Waiting 15.0s for "l08-functional-action-load" Any to exist
    t =  1449.38s     Checking `Expect predicate `existsNoRetry == 1` for object "l08-functional-action-load" Any`
    t =  1449.38s         Checking existence of `"l08-functional-action-load" Any`
    t =  1449.44s Get number of matches for: Elements matching predicate '"l08-functional-action-load" IN identifiers'
    t =  1450.54s Checking existence of `"l08-functional-action-load" Any`
    t =  1450.62s Find the "l08-functional-action-load" Any
    t =  1450.70s Find the "l08-functional-action-load" Button
    t =  1450.77s Tap "l08-functional-action-load" Button
    t =  1450.77s     Wait for com.parlor.app.debug to idle
    t =  1450.77s     Find the "l08-functional-action-load" Button
    t =  1450.84s     Check for interrupting elements affecting "l08-functional-action-load" Button
    t =  1450.89s     Synthesize event
    t =  1451.20s     Wait for com.parlor.app.debug to idle
    t =  1451.46s Waiting 10.0s for "l08-storage-functional-result" StaticText to exist
    t =  1452.48s     Checking `Expect predicate `existsNoRetry == 1` for object "l08-storage-functional-result" StaticText`
    t =  1452.48s         Checking existence of `"l08-storage-functional-result" StaticText`
    t =  1453.58s Find the "l08-storage-functional-result" StaticText
    t =  1453.62s Find the "l08-storage-functional-result" StaticText
    t =  1453.66s Checking existence of `Alert (First Match)`
    t =  1453.75s Waiting 15.0s for "l08-home-list" Any to exist
    t =  1454.78s     Checking `Expect predicate `existsNoRetry == 1` for object "l08-home-list" Any`
    t =  1454.78s         Checking existence of `"l08-home-list" Any`
    t =  1454.96s Get number of matches for: Elements matching predicate '"l08-home-list" IN identifiers'
    t =  1455.01s Get number of matches for: Elements matching predicate '"l08-home-moff" IN identifiers'
    t =  1455.05s Get number of matches for: Elements matching predicate '"l08-home-list" IN identifiers'
    t =  1455.08s Get number of matches for: Elements matching predicate '"parlor-dsc01-overlay" IN identifiers'
    t =  1455.13s Checking existence of `Alert (First Match)`
    t =  1455.29s Checking existence of `Keyboard (First Match)`
    t =  1455.40s Checking existence of `"l08-home-list" Any`
    t =  1455.57s Find the "l08-home-list" Any
    t =  1455.82s Checking existence of `"parlor-dsc01-overlay" Any`
    t =  1455.85s Checking existence of `"l08-home-moff" Any`
    t =  1456.15s Find the "l08-home-moff" Any
    t =  1456.37s Find the "l08-home-moff" Any
    t =  1456.68s Find the "l08-home-list" Any
    t =  1456.81s Find the Target Application 'com.parlor.app.debug'
    t =  1456.83s Find the "parlor-dsc01-overlay" Any
    t =  1456.86s Get number of matches for: Elements matching predicate '"l08-home-moff" IN identifiers'
    t =  1456.91s Get number of matches for: Elements matching predicate '"l08-home-list" IN identifiers'
    t =  1456.93s Get number of matches for: Elements matching predicate '"parlor-dsc01-overlay" IN identifiers'
    t =  1456.97s Checking existence of `Alert (First Match)`
    t =  1457.05s Checking existence of `Keyboard (First Match)`
    t =  1457.13s Checking existence of `"l08-home-moff" Any`
    t =  1457.27s Find the "l08-home-moff" Any
    t =  1457.45s Checking existence of `"l08-home-list" Any`
    t =  1457.60s Find the "l08-home-list" Any
    t =  1457.77s Checking existence of `"parlor-dsc01-overlay" Any`
    t =  1457.80s Find the "l08-home-moff" Button
    t =  1457.97s Find the "l08-home-list" Other
    t =  1458.17s Find the Target Application 'com.parlor.app.debug'
    t =  1458.21s Find the "parlor-dsc01-overlay" Any
    t =  1458.24s Find the "l08-home-moff" Button
    t =  1458.44s Find the "l08-home-list" Other
PARLOR_L08_HOME_SCROLL {"attempt":0,"direction":"ready","frames":[[24,376,354,96],[0,0,402,769.66668701171875],[0,0,402,874],[68.666666666666657,134,265,139]],"identifier":"l08-home-moff","list_count":1,"overlay_count":1,"proves_recovery":false,"sample":0,"schema_version":1,"stable_samples":1,"target_count":1,"target_seen":true}
    t =  1459.01s Get number of matches for: Elements matching predicate '"l08-home-moff" IN identifiers'
    t =  1459.06s Get number of matches for: Elements matching predicate '"l08-home-list" IN identifiers'
    t =  1459.10s Get number of matches for: Elements matching predicate '"parlor-dsc01-overlay" IN identifiers'
    t =  1459.13s Checking existence of `Alert (First Match)`
    t =  1459.27s Checking existence of `Keyboard (First Match)`
    t =  1459.38s Checking existence of `"l08-home-list" Any`
    t =  1459.56s Find the "l08-home-list" Any
    t =  1459.74s Checking existence of `"parlor-dsc01-overlay" Any`
    t =  1459.76s Checking existence of `"l08-home-moff" Any`
    t =  1459.99s Find the "l08-home-moff" Any
    t =  1460.24s Find the "l08-home-moff" Any
    t =  1460.47s Find the "l08-home-list" Any
    t =  1460.68s Find the Target Application 'com.parlor.app.debug'
    t =  1460.71s Find the "parlor-dsc01-overlay" Any
    t =  1460.74s Get number of matches for: Elements matching predicate '"l08-home-moff" IN identifiers'
    t =  1460.77s Get number of matches for: Elements matching predicate '"l08-home-list" IN identifiers'
    t =  1460.80s Get number of matches for: Elements matching predicate '"parlor-dsc01-overlay" IN identifiers'
    t =  1460.83s Checking existence of `Alert (First Match)`
    t =  1460.91s Checking existence of `Keyboard (First Match)`
    t =  1461.01s Checking existence of `"l08-home-moff" Any`
    t =  1461.20s Find the "l08-home-moff" Any
    t =  1461.42s Checking existence of `"l08-home-list" Any`
    t =  1461.61s Find the "l08-home-list" Any
    t =  1461.74s Checking existence of `"parlor-dsc01-overlay" Any`
    t =  1461.77s Find the "l08-home-moff" Button
    t =  1461.96s Find the "l08-home-list" Other
    t =  1462.08s Find the Target Application 'com.parlor.app.debug'
    t =  1462.10s Find the "parlor-dsc01-overlay" Any
    t =  1462.12s Find the "l08-home-moff" Button
    t =  1462.25s Find the "l08-home-list" Other
PARLOR_L08_HOME_SCROLL {"attempt":0,"direction":"ready","frames":[[24,376,354,96],[0,0,402,769.66668701171875],[0,0,402,874],[68.666666666666657,134,265,139]],"identifier":"l08-home-moff","list_count":1,"overlay_count":1,"proves_recovery":false,"sample":1,"schema_version":1,"stable_samples":2,"target_count":1,"target_seen":true}
    t =  1462.63s Get number of matches for: Elements matching predicate '"l08-home-moff" IN identifiers'
    t =  1462.65s Get number of matches for: Elements matching predicate '"l08-home-list" IN identifiers'
    t =  1462.67s Get number of matches for: Elements matching predicate '"parlor-dsc01-overlay" IN identifiers'
    t =  1462.69s Checking existence of `Alert (First Match)`
    t =  1462.74s Checking existence of `Keyboard (First Match)`
    t =  1462.81s Checking existence of `"l08-home-list" Any`
    t =  1462.91s Find the "l08-home-list" Any
    t =  1463.09s Checking existence of `"parlor-dsc01-overlay" Any`
    t =  1463.13s Checking existence of `"l08-home-moff" Any`
    t =  1463.30s Find the "l08-home-moff" Any
    t =  1463.46s Find the "l08-home-moff" Any
    t =  1463.62s Find the "l08-home-list" Any
    t =  1463.72s Find the Target Application 'com.parlor.app.debug'
    t =  1463.74s Find the "parlor-dsc01-overlay" Any
    t =  1463.76s Get number of matches for: Elements matching predicate '"l08-home-moff" IN identifiers'
    t =  1463.78s Get number of matches for: Elements matching predicate '"l08-home-list" IN identifiers'
    t =  1463.80s Get number of matches for: Elements matching predicate '"parlor-dsc01-overlay" IN identifiers'
    t =  1463.82s Checking existence of `Alert (First Match)`
    t =  1463.89s Checking existence of `Keyboard (First Match)`
    t =  1463.96s Checking existence of `"l08-home-moff" Any`
    t =  1464.08s Find the "l08-home-moff" Any
    t =  1464.22s Checking existence of `"l08-home-list" Any`
    t =  1464.39s Find the "l08-home-list" Any
    t =  1464.67s Checking existence of `"parlor-dsc01-overlay" Any`
    t =  1464.69s Find the "l08-home-moff" Button
    t =  1464.79s Find the "l08-home-list" Other
    t =  1464.94s Find the Target Application 'com.parlor.app.debug'
    t =  1464.96s Find the "parlor-dsc01-overlay" Any
    t =  1465.00s Find the "l08-home-moff" Button
    t =  1465.17s Find the "l08-home-list" Other
PARLOR_L08_HOME_SCROLL {"attempt":0,"direction":"ready","frames":[[24,376,354,96],[0,0,402,769.66668701171875],[0,0,402,874],[68.666666666666657,134,265,139]],"identifier":"l08-home-moff","list_count":1,"overlay_count":1,"proves_recovery":false,"sample":2,"schema_version":1,"stable_samples":3,"target_count":1,"target_seen":true}
    t =  1465.59s Get number of matches for: Elements matching predicate '"l08-home-moff" IN identifiers'
    t =  1465.63s Get number of matches for: Elements matching predicate '"l08-home-list" IN identifiers'
    t =  1465.66s Get number of matches for: Elements matching predicate '"parlor-dsc01-overlay" IN identifiers'
    t =  1465.68s Checking existence of `Alert (First Match)`
    t =  1465.73s Checking existence of `Keyboard (First Match)`
    t =  1465.82s Checking existence of `"l08-home-list" Any`
    t =  1466.01s Find the "l08-home-list" Any
    t =  1466.11s Checking existence of `"parlor-dsc01-overlay" Any`
    t =  1466.12s Checking existence of `"l08-home-moff" Any`
    t =  1466.24s Find the "l08-home-moff" Any
    t =  1466.32s Find the "l08-home-moff" Any
    t =  1466.44s Find the "l08-home-list" Any
    t =  1466.52s Find the Target Application 'com.parlor.app.debug'
    t =  1466.54s Find the "parlor-dsc01-overlay" Any
    t =  1466.56s Get number of matches for: Elements matching predicate '"l08-home-moff" IN identifiers'
    t =  1466.58s Get number of matches for: Elements matching predicate '"l08-home-list" IN identifiers'
    t =  1466.60s Get number of matches for: Elements matching predicate '"parlor-dsc01-overlay" IN identifiers'
    t =  1466.62s Checking existence of `Alert (First Match)`
    t =  1466.66s Checking existence of `Keyboard (First Match)`
    t =  1466.72s Checking existence of `"l08-home-moff" Any`
    t =  1466.81s Find the "l08-home-moff" Any
    t =  1466.92s Checking existence of `"l08-home-list" Any`
    t =  1467.07s Find the "l08-home-list" Any
    t =  1467.23s Checking existence of `"parlor-dsc01-overlay" Any`
    t =  1467.25s Find the "l08-home-moff" Button
    t =  1467.38s Find the "l08-home-list" Other
    t =  1467.49s Find the Target Application 'com.parlor.app.debug'
    t =  1467.51s Find the "parlor-dsc01-overlay" Any
    t =  1467.53s Find the "l08-home-moff" Button
    t =  1467.67s Find the "l08-home-list" Other
PARLOR_L08_HOME_SCROLL {"attempt":0,"direction":"ready","frames":[[24,376,354,96],[0,0,402,769.66668701171875],[0,0,402,874],[68.666666666666657,134,265,139]],"identifier":"l08-home-moff","list_count":1,"overlay_count":1,"proves_recovery":false,"sample":3,"schema_version":1,"stable_samples":4,"target_count":1,"target_seen":true}
    t =  1468.05s Get number of matches for: Elements matching predicate '"l08-home-moff" IN identifiers'
    t =  1468.07s Get number of matches for: Elements matching predicate '"l08-home-list" IN identifiers'
    t =  1468.09s Get number of matches for: Elements matching predicate '"parlor-dsc01-overlay" IN identifiers'
    t =  1468.11s Checking existence of `Alert (First Match)`
    t =  1468.18s Checking existence of `Keyboard (First Match)`
    t =  1468.26s Checking existence of `"l08-home-list" Any`
    t =  1468.34s Find the "l08-home-list" Any
    t =  1468.43s Checking existence of `"parlor-dsc01-overlay" Any`
    t =  1468.45s Checking existence of `"l08-home-moff" Any`
    t =  1468.54s Find the "l08-home-moff" Any
    t =  1468.64s Find the "l08-home-moff" Any
    t =  1468.75s Find the "l08-home-list" Any
    t =  1468.83s Find the Target Application 'com.parlor.app.debug'
    t =  1468.85s Find the "parlor-dsc01-overlay" Any
    t =  1468.88s Get number of matches for: Elements matching predicate '"l08-home-moff" IN identifiers'
    t =  1468.92s Get number of matches for: Elements matching predicate '"l08-home-list" IN identifiers'
    t =  1468.95s Get number of matches for: Elements matching predicate '"parlor-dsc01-overlay" IN identifiers'
    t =  1468.97s Checking existence of `Alert (First Match)`
    t =  1469.03s Checking existence of `Keyboard (First Match)`
    t =  1469.12s Checking existence of `"l08-home-moff" Any`
    t =  1469.29s Find the "l08-home-moff" Any
    t =  1469.44s Checking existence of `"l08-home-list" Any`
    t =  1469.53s Find the "l08-home-list" Any
    t =  1469.63s Checking existence of `"parlor-dsc01-overlay" Any`
    t =  1469.65s Find the "l08-home-moff" Button
    t =  1469.76s Find the "l08-home-list" Other
    t =  1469.84s Find the Target Application 'com.parlor.app.debug'
    t =  1469.86s Find the "parlor-dsc01-overlay" Any
    t =  1469.88s Find the "l08-home-moff" Button
    t =  1470.03s Find the "l08-home-list" Other
PARLOR_L08_HOME_SCROLL {"attempt":0,"direction":"ready","frames":[[24,376,354,96],[0,0,402,769.66668701171875],[0,0,402,874],[68.666666666666657,134,265,139]],"identifier":"l08-home-moff","list_count":1,"overlay_count":1,"proves_recovery":false,"sample":4,"schema_version":1,"stable_samples":5,"target_count":1,"target_seen":true}
    t =  1470.40s Get number of matches for: Elements matching predicate '"l08-home-moff" IN identifiers'
    t =  1470.42s Get number of matches for: Elements matching predicate '"l08-home-list" IN identifiers'
    t =  1470.44s Get number of matches for: Elements matching predicate '"parlor-dsc01-overlay" IN identifiers'
    t =  1470.47s Checking existence of `Alert (First Match)`
    t =  1470.54s Checking existence of `Keyboard (First Match)`
    t =  1470.63s Checking existence of `"l08-home-list" Any`
    t =  1470.74s Find the "l08-home-list" Any
    t =  1470.88s Checking existence of `"parlor-dsc01-overlay" Any`
    t =  1470.90s Checking existence of `"l08-home-moff" Any`
    t =  1471.05s Find the "l08-home-moff" Any
    t =  1471.17s Find the "l08-home-moff" Any
    t =  1471.29s Find the "l08-home-list" Any
    t =  1471.36s Find the Target Application 'com.parlor.app.debug'
    t =  1471.38s Find the "parlor-dsc01-overlay" Any
    t =  1471.41s Get number of matches for: Elements matching predicate '"l08-home-moff" IN identifiers'
    t =  1471.43s Get number of matches for: Elements matching predicate '"l08-home-list" IN identifiers'
    t =  1471.46s Get number of matches for: Elements matching predicate '"parlor-dsc01-overlay" IN identifiers'
    t =  1471.48s Checking existence of `Alert (First Match)`
    t =  1471.54s Checking existence of `Keyboard (First Match)`
    t =  1471.62s Checking existence of `"l08-home-moff" Any`
    t =  1471.73s Find the "l08-home-moff" Any
    t =  1471.82s Checking existence of `"l08-home-list" Any`
    t =  1471.92s Find the "l08-home-list" Any
    t =  1472.00s Checking existence of `"parlor-dsc01-overlay" Any`
    t =  1472.03s Find the "l08-home-moff" Button
    t =  1472.12s Find the "l08-home-list" Other
    t =  1472.23s Find the Target Application 'com.parlor.app.debug'
    t =  1472.24s Find the "parlor-dsc01-overlay" Any
    t =  1472.28s Find the "l08-home-moff" Button
    t =  1472.45s Find the "l08-home-list" Other
PARLOR_L08_HOME_SCROLL {"attempt":0,"direction":"ready","frames":[[24,376,354,96],[0,0,402,769.66668701171875],[0,0,402,874],[68.666666666666657,134,265,139]],"identifier":"l08-home-moff","list_count":1,"overlay_count":1,"proves_recovery":false,"sample":5,"schema_version":1,"stable_samples":6,"target_count":1,"target_seen":true}
    t =  1472.58s Get number of matches for: Elements matching predicate '"l08-home-moff" IN identifiers'
    t =  1472.60s Checking existence of `"l08-home-moff" Any`
    t =  1472.74s Find the "l08-home-moff" Any
    t =  1472.85s Find the "l08-home-moff" Button
    t =  1472.94s Find the Target Application 'com.parlor.app.debug'
    t =  1472.98s Find the "l08-home-moff" Button
    t =  1473.09s Get number of matches for: Elements matching predicate '"l08-home-list" IN identifiers'
    t =  1473.11s Checking existence of `"l08-home-list" Any`
    t =  1473.20s Find the "l08-home-list" Any
    t =  1473.30s Find the "l08-home-list" Other
    t =  1473.39s Find the Target Application 'com.parlor.app.debug'
    t =  1473.41s Find the "l08-home-list" Other
    t =  1473.53s Get number of matches for: Elements matching predicate '"parlor-dsc01-overlay" IN identifiers'
    t =  1473.55s Checking existence of `"parlor-dsc01-overlay" Any`
    t =  1473.57s Find the "parlor-dsc01-overlay" Any
    t =  1473.60s Find the "parlor-dsc01-overlay" Other
    t =  1473.62s Find the Target Application 'com.parlor.app.debug'
    t =  1473.64s Find the "parlor-dsc01-overlay" Other
PARLOR_L08_PUBLIC_CONTROL {"attempt":0,"identifier":"l08-home-moff","list":{"count":1,"enabled":true,"exists":true,"frame":{"height":769.66668701171875,"width":402,"x":0,"y":0},"hittability_queried":true,"hittable":true},"overlay":{"count":1,"enabled":true,"exists":true,"frame":{"height":139,"width":265,"x":68.666666666666657,"y":134},"hittability_queried":true,"hittable":true},"proves_recovery":false,"schema_version":1,"target":{"count":1,"enabled":true,"exists":true,"frame":{"height":96,"width":354,"x":24,"y":376},"hittability_queried":true,"hittable":true}}
    t =  1473.67s Waiting 15.0s for "l08-home-moff" Any to exist
    t =  1474.71s     Checking `Expect predicate `existsNoRetry == 1` for object "l08-home-moff" Any`
    t =  1474.71s         Checking existence of `"l08-home-moff" Any`
    t =  1474.84s Get number of matches for: Elements matching predicate '"l08-home-moff" IN identifiers'
    t =  1475.93s Get number of matches for: Elements matching predicate '"l08-home-moff" IN identifiers'
    t =  1475.95s Get number of matches for: Elements matching predicate '"l08-home-list" IN identifiers'
    t =  1475.98s Get number of matches for: Elements matching predicate '"parlor-dsc01-overlay" IN identifiers'
    t =  1476.00s Checking existence of `Alert (First Match)`
    t =  1476.11s Checking existence of `Keyboard (First Match)`
    t =  1476.18s Checking existence of `"l08-home-moff" Any`
    t =  1476.29s Find the "l08-home-moff" Any
    t =  1476.44s Checking existence of `"l08-home-list" Any`
    t =  1476.57s Find the "l08-home-list" Any
    t =  1476.69s Checking existence of `"parlor-dsc01-overlay" Any`
    t =  1476.70s Find the "l08-home-moff" Button
    t =  1476.82s Find the "l08-home-list" Other
    t =  1476.90s Find the Target Application 'com.parlor.app.debug'
    t =  1476.92s Find the "parlor-dsc01-overlay" Any
    t =  1476.94s Find the "l08-home-moff" Button
    t =  1477.06s Find the "l08-home-list" Other
    t =  1477.18s Get number of matches for: Elements matching predicate '"l08-home-moff" IN identifiers'
    t =  1477.21s Checking existence of `"l08-home-moff" Any`
    t =  1477.33s Find the "l08-home-moff" Any
    t =  1477.46s Find the "l08-home-moff" Button
    t =  1477.58s Find the Target Application 'com.parlor.app.debug'
    t =  1477.60s Find the "l08-home-moff" Button
    t =  1477.75s Get number of matches for: Elements matching predicate '"l08-home-list" IN identifiers'
    t =  1477.77s Checking existence of `"l08-home-list" Any`
    t =  1477.86s Find the "l08-home-list" Any
    t =  1477.97s Find the "l08-home-list" Other
    t =  1478.10s Find the Target Application 'com.parlor.app.debug'
    t =  1478.12s Find the "l08-home-list" Other
    t =  1478.22s Get number of matches for: Elements matching predicate '"parlor-dsc01-overlay" IN identifiers'
    t =  1478.24s Checking existence of `"parlor-dsc01-overlay" Any`
    t =  1478.26s Find the "parlor-dsc01-overlay" Any
    t =  1478.27s Find the "parlor-dsc01-overlay" Other
    t =  1478.31s Find the Target Application 'com.parlor.app.debug'
    t =  1478.33s Find the "parlor-dsc01-overlay" Other
PARLOR_L08_PUBLIC_CONTROL {"attempt":8,"identifier":"l08-home-moff","list":{"count":1,"enabled":true,"exists":true,"frame":{"height":769.66668701171875,"width":402,"x":0,"y":0},"hittability_queried":true,"hittable":true},"overlay":{"count":1,"enabled":true,"exists":true,"frame":{"height":139,"width":265,"x":68.666666666666657,"y":134},"hittability_queried":true,"hittable":true},"proves_recovery":false,"schema_version":1,"target":{"count":1,"enabled":true,"exists":true,"frame":{"height":96,"width":354,"x":24,"y":376},"hittability_queried":true,"hittable":true}}
    t =  1478.35s Get number of matches for: Elements matching predicate '"l08-ui-result" IN identifiers'
    t =  1478.37s Find the "l08-ui-result" StaticText
PARLOR_L08_HOME_ACTIVATION {"attempt":0,"counters":{},"counters_valid":false,"frames":[],"geometry_valid":false,"identifier":"l08-home-moff","phase":"before-observer","proves_recovery":false,"schema_version":1,"stable_samples":0}
    t =  1478.39s Waiting 15.0s for "l08-ui-observe" Any to exist
    t =  1479.45s     Checking `Expect predicate `existsNoRetry == 1` for object "l08-ui-observe" Any`
    t =  1479.45s         Checking existence of `"l08-ui-observe" Any`
    t =  1479.49s Get number of matches for: Elements matching predicate '"l08-ui-observe" IN identifiers'
    t =  1480.53s Checking existence of `"l08-ui-observe" Any`
    t =  1480.61s Find the "l08-ui-observe" Any
    t =  1480.68s Find the "l08-ui-observe" Button
    t =  1480.76s Tap "l08-ui-observe" Button
    t =  1480.76s     Wait for com.parlor.app.debug to idle
    t =  1480.76s     Find the "l08-ui-observe" Button
    t =  1480.81s     Check for interrupting elements affecting "l08-ui-observe" Button
    t =  1480.86s     Synthesize event
    t =  1481.15s     Wait for com.parlor.app.debug to idle
    t =  1482.20s Get number of matches for: Elements matching predicate '"l08-ui-result" IN identifiers'
    t =  1482.22s Find the "l08-ui-result" StaticText
    t =  1482.24s Get number of matches for: Elements matching predicate '"l08-ui-result" IN identifiers'
    t =  1482.27s Find the "l08-ui-result" StaticText
PARLOR_L08_HOME_ACTIVATION {"attempt":0,"counters":{"discard_taps":0,"recovery_shows":0,"resume_taps":0,"retry_taps":0},"counters_valid":true,"frames":[],"geometry_valid":false,"identifier":"l08-home-moff","phase":"before-zero","proves_recovery":false,"schema_version":1,"stable_samples":0}
    t =  1482.29s Get number of matches for: Elements matching predicate '"l08-home-moff" IN identifiers'
    t =  1482.31s Get number of matches for: Elements matching predicate '"l08-home-list" IN identifiers'
    t =  1482.33s Get number of matches for: Elements matching predicate '"parlor-dsc01-overlay" IN identifiers'
    t =  1482.35s Checking existence of `Alert (First Match)`
    t =  1482.42s Checking existence of `Keyboard (First Match)`
    t =  1482.46s Checking existence of `"l08-home-moff" Any`
    t =  1482.54s Find the "l08-home-moff" Any
    t =  1482.63s Checking existence of `"l08-home-list" Any`
    t =  1482.70s Find the "l08-home-list" Any
    t =  1482.78s Checking existence of `"parlor-dsc01-overlay" Any`
    t =  1482.79s Find the "l08-home-moff" Button
    t =  1482.88s Find the "l08-home-list" Other
    t =  1482.95s Find the Target Application 'com.parlor.app.debug'
    t =  1482.96s Find the "parlor-dsc01-overlay" Any
    t =  1482.98s Find the "l08-home-moff" Button
    t =  1483.11s Find the "l08-home-list" Other
PARLOR_L08_HOME_ACTIVATION {"attempt":0,"counters":{},"counters_valid":false,"frames":[[24,376,354,96],[0,0,402,769.66668701171875],[0,0,402,874],[68.666666666666657,134,265,139]],"geometry_valid":true,"identifier":"l08-home-moff","phase":"geometry","proves_recovery":false,"schema_version":1,"stable_samples":1}
    t =  1483.50s Get number of matches for: Elements matching predicate '"l08-home-moff" IN identifiers'
    t =  1483.52s Get number of matches for: Elements matching predicate '"l08-home-list" IN identifiers'
    t =  1483.54s Get number of matches for: Elements matching predicate '"parlor-dsc01-overlay" IN identifiers'
    t =  1483.57s Checking existence of `Alert (First Match)`
    t =  1483.66s Checking existence of `Keyboard (First Match)`
    t =  1483.72s Checking existence of `"l08-home-moff" Any`
    t =  1483.82s Find the "l08-home-moff" Any
    t =  1483.90s Checking existence of `"l08-home-list" Any`
    t =  1483.99s Find the "l08-home-list" Any
    t =  1484.06s Checking existence of `"parlor-dsc01-overlay" Any`
    t =  1484.07s Find the "l08-home-moff" Button
    t =  1484.16s Find the "l08-home-list" Other
    t =  1484.24s Find the Target Application 'com.parlor.app.debug'
    t =  1484.25s Find the "parlor-dsc01-overlay" Any
    t =  1484.27s Find the "l08-home-moff" Button
    t =  1484.35s Find the "l08-home-list" Other
PARLOR_L08_HOME_ACTIVATION {"attempt":1,"counters":{},"counters_valid":false,"frames":[[24,376,354,96],[0,0,402,769.66668701171875],[0,0,402,874],[68.666666666666657,134,265,139]],"geometry_valid":true,"identifier":"l08-home-moff","phase":"geometry","proves_recovery":false,"schema_version":1,"stable_samples":2}
    t =  1484.71s Get number of matches for: Elements matching predicate '"l08-home-moff" IN identifiers'
    t =  1484.73s Get number of matches for: Elements matching predicate '"l08-home-list" IN identifiers'
    t =  1484.76s Get number of matches for: Elements matching predicate '"parlor-dsc01-overlay" IN identifiers'
    t =  1484.78s Checking existence of `Alert (First Match)`
    t =  1484.85s Checking existence of `Keyboard (First Match)`
    t =  1484.89s Checking existence of `"l08-home-moff" Any`
    t =  1484.99s Find the "l08-home-moff" Any
    t =  1485.08s Checking existence of `"l08-home-list" Any`
    t =  1485.17s Find the "l08-home-list" Any
    t =  1485.25s Checking existence of `"parlor-dsc01-overlay" Any`
    t =  1485.26s Find the "l08-home-moff" Button
    t =  1485.35s Find the "l08-home-list" Other
    t =  1485.44s Find the Target Application 'com.parlor.app.debug'
    t =  1485.46s Find the "parlor-dsc01-overlay" Any
    t =  1485.47s Find the "l08-home-moff" Button
    t =  1485.59s Find the "l08-home-list" Other
PARLOR_L08_HOME_ACTIVATION {"attempt":2,"counters":{},"counters_valid":false,"frames":[[24,376,354,96],[0,0,402,769.66668701171875],[0,0,402,874],[68.666666666666657,134,265,139]],"geometry_valid":true,"identifier":"l08-home-moff","phase":"geometry","proves_recovery":false,"schema_version":1,"stable_samples":3}
    t =  1485.94s Get number of matches for: Elements matching predicate '"l08-home-moff" IN identifiers'
    t =  1485.97s Get number of matches for: Elements matching predicate '"l08-home-list" IN identifiers'
    t =  1485.99s Get number of matches for: Elements matching predicate '"parlor-dsc01-overlay" IN identifiers'
    t =  1486.01s Checking existence of `Alert (First Match)`
    t =  1486.08s Checking existence of `Keyboard (First Match)`
    t =  1486.13s Checking existence of `"l08-home-moff" Any`
    t =  1486.22s Find the "l08-home-moff" Any
    t =  1486.31s Checking existence of `"l08-home-list" Any`
    t =  1486.39s Find the "l08-home-list" Any
    t =  1486.50s Checking existence of `"parlor-dsc01-overlay" Any`
    t =  1486.52s Find the "l08-home-moff" Button
    t =  1486.62s Find the "l08-home-list" Other
    t =  1486.71s Find the Target Application 'com.parlor.app.debug'
    t =  1486.73s Find the "parlor-dsc01-overlay" Any
    t =  1486.74s Find the "l08-home-moff" Button
    t =  1486.84s Find the "l08-home-list" Other
PARLOR_L08_HOME_ACTIVATION {"attempt":3,"counters":{},"counters_valid":false,"frames":[[24,376,354,96],[0,0,402,769.66668701171875],[0,0,402,874],[68.666666666666657,134,265,139]],"geometry_valid":true,"identifier":"l08-home-moff","phase":"geometry","proves_recovery":false,"schema_version":1,"stable_samples":4}
    t =  1487.18s Get number of matches for: Elements matching predicate '"l08-home-moff" IN identifiers'
    t =  1487.21s Get number of matches for: Elements matching predicate '"l08-home-list" IN identifiers'
    t =  1487.24s Get number of matches for: Elements matching predicate '"parlor-dsc01-overlay" IN identifiers'
    t =  1487.27s Checking existence of `Alert (First Match)`
    t =  1487.32s Checking existence of `Keyboard (First Match)`
    t =  1487.37s Checking existence of `"l08-home-moff" Any`
    t =  1487.47s Find the "l08-home-moff" Any
    t =  1487.57s Checking existence of `"l08-home-list" Any`
    t =  1487.64s Find the "l08-home-list" Any
    t =  1487.72s Checking existence of `"parlor-dsc01-overlay" Any`
    t =  1487.73s Find the "l08-home-moff" Button
    t =  1487.81s Find the "l08-home-list" Other
    t =  1487.89s Find the Target Application 'com.parlor.app.debug'
    t =  1487.91s Find the "parlor-dsc01-overlay" Any
    t =  1487.92s Find the "l08-home-moff" Button
    t =  1488.02s Find the "l08-home-list" Other
PARLOR_L08_HOME_ACTIVATION {"attempt":4,"counters":{},"counters_valid":false,"frames":[[24,376,354,96],[0,0,402,769.66668701171875],[0,0,402,874],[68.666666666666657,134,265,139]],"geometry_valid":true,"identifier":"l08-home-moff","phase":"geometry","proves_recovery":false,"schema_version":1,"stable_samples":5}
    t =  1488.36s Get number of matches for: Elements matching predicate '"l08-home-moff" IN identifiers'
    t =  1488.39s Get number of matches for: Elements matching predicate '"l08-home-list" IN identifiers'
    t =  1488.41s Get number of matches for: Elements matching predicate '"parlor-dsc01-overlay" IN identifiers'
    t =  1488.43s Checking existence of `Alert (First Match)`
    t =  1488.49s Checking existence of `Keyboard (First Match)`
    t =  1488.53s Checking existence of `"l08-home-moff" Any`
    t =  1488.62s Find the "l08-home-moff" Any
    t =  1488.71s Checking existence of `"l08-home-list" Any`
    t =  1488.82s Find the "l08-home-list" Any
    t =  1488.91s Checking existence of `"parlor-dsc01-overlay" Any`
    t =  1488.92s Find the "l08-home-moff" Button
    t =  1489.01s Find the "l08-home-list" Other
    t =  1489.09s Find the Target Application 'com.parlor.app.debug'
    t =  1489.11s Find the "parlor-dsc01-overlay" Any
    t =  1489.12s Find the "l08-home-moff" Button
    t =  1489.22s Find the "l08-home-list" Other
PARLOR_L08_HOME_ACTIVATION {"attempt":5,"counters":{},"counters_valid":false,"frames":[[24,376,354,96],[0,0,402,769.66668701171875],[0,0,402,874],[68.666666666666657,134,265,139]],"geometry_valid":true,"identifier":"l08-home-moff","phase":"geometry","proves_recovery":false,"schema_version":1,"stable_samples":6}
    t =  1489.30s Get number of matches for: Elements matching predicate '"l08-home-moff" IN identifiers'
    t =  1489.32s Get number of matches for: Elements matching predicate '"l08-home-list" IN identifiers'
    t =  1489.36s Get number of matches for: Elements matching predicate '"parlor-dsc01-overlay" IN identifiers'
    t =  1489.38s Checking existence of `Alert (First Match)`
    t =  1489.42s Checking existence of `Keyboard (First Match)`
    t =  1489.47s Checking existence of `"l08-home-moff" Any`
    t =  1489.57s Find the "l08-home-moff" Any
    t =  1489.69s Checking existence of `"l08-home-list" Any`
    t =  1489.76s Find the "l08-home-list" Any
    t =  1489.84s Checking existence of `"parlor-dsc01-overlay" Any`
    t =  1489.85s Find the "l08-home-moff" Button
    t =  1489.93s Find the "l08-home-list" Other
    t =  1490.02s Find the Target Application 'com.parlor.app.debug'
    t =  1490.03s Find the "parlor-dsc01-overlay" Any
    t =  1490.04s Find the "l08-home-moff" Button
    t =  1490.16s Find the "l08-home-list" Other
PARLOR_L08_HOME_ACTIVATION {"attempt":0,"counters":{},"counters_valid":false,"frames":[[24,376,354,96],[0,0,402,769.66668701171875],[0,0,402,874],[68.666666666666657,134,265,139]],"geometry_valid":true,"identifier":"l08-home-moff","phase":"before-tap","proves_recovery":false,"schema_version":1,"stable_samples":0}
    t =  1490.29s Find the "l08-home-moff" Any
    t =  1490.39s Find the "l08-home-moff" Button
    t =  1490.51s Find the "l08-home-moff" Button
    t =  1490.62s Tap "l08-home-moff" Button
    t =  1490.62s     Wait for com.parlor.app.debug to idle
    t =  1490.63s     Find the "l08-home-moff" Button
    t =  1490.72s     Check for interrupting elements affecting "l08-home-moff" Button
    t =  1490.76s     Synthesize event
    t =  1491.05s     Wait for com.parlor.app.debug to idle
    t =  1491.05s Waiting 15.0s for "l08-ui-observe" Any to exist
    t =  1492.06s     Checking `Expect predicate `existsNoRetry == 1` for object "l08-ui-observe" Any`
    t =  1492.06s         Checking existence of `"l08-ui-observe" Any`
    t =  1492.11s Get number of matches for: Elements matching predicate '"l08-ui-observe" IN identifiers'
    t =  1493.14s Checking existence of `"l08-ui-observe" Any`
    t =  1493.19s Find the "l08-ui-observe" Any
    t =  1493.26s Find the "l08-ui-observe" Button
    t =  1493.32s Tap "l08-ui-observe" Button
    t =  1493.32s     Wait for com.parlor.app.debug to idle
    t =  1493.32s     Find the "l08-ui-observe" Button
    t =  1493.37s     Check for interrupting elements affecting "l08-ui-observe" Button
    t =  1493.39s     Synthesize event
    t =  1493.68s     Wait for com.parlor.app.debug to idle
    t =  1493.69s Get number of matches for: Elements matching predicate '"l08-ui-result" IN identifiers'
    t =  1493.70s Find the "l08-ui-result" StaticText
PARLOR_L08_HOME_ACTIVATION {"attempt":0,"counters":{"discard_taps":0,"recovery_shows":0,"resume_taps":1,"retry_taps":0},"counters_valid":true,"frames":[],"geometry_valid":false,"identifier":"l08-home-moff","phase":"after-tap","proves_recovery":false,"schema_version":1,"stable_samples":0}
    t =  1493.74s Checking existence of `Alert (First Match)`
    t =  1493.78s Waiting 15.0s for "l08-functional-action-continue" Any to exist
    t =  1494.81s     Checking `Expect predicate `existsNoRetry == 1` for object "l08-functional-action-continue" Any`
    t =  1494.81s         Checking existence of `"l08-functional-action-continue" Any`
    t =  1494.89s Get number of matches for: Elements matching predicate '"l08-functional-action-continue" IN identifiers'
    t =  1495.95s Checking existence of `"l08-functional-action-continue" Any`
    t =  1495.99s Find the "l08-functional-action-continue" Any
    t =  1496.05s Find the "l08-functional-action-continue" Button
    t =  1496.09s Tap "l08-functional-action-continue" Button
    t =  1496.09s     Wait for com.parlor.app.debug to idle
    t =  1496.10s     Find the "l08-functional-action-continue" Button
    t =  1496.13s     Check for interrupting elements affecting "l08-functional-action-continue" Button
    t =  1496.16s     Synthesize event
    t =  1496.47s     Wait for com.parlor.app.debug to idle
    t =  1496.66s Waiting 10.0s for "l08-storage-functional-result" StaticText to exist
    t =  1497.68s     Checking `Expect predicate `existsNoRetry == 1` for object "l08-storage-functional-result" StaticText`
    t =  1497.68s         Checking existence of `"l08-storage-functional-result" StaticText`
    t =  1498.71s Find the "l08-storage-functional-result" StaticText
    t =  1498.73s Find the "l08-storage-functional-result" StaticText
    t =  1498.76s Checking existence of `Alert (First Match)`
    t =  1498.83s Checking existence of `Alert (First Match)`
PARLOR_L08_STORAGE_FUNCTIONAL_BOOT {"actions":["load","continue"],"alert_present":false,"boot_ordinal":8,"foreground":true,"process_boot":"14A5309C-EF4F-4C66-A465-DD361D27F1B1","run_token":"217002BD-D169-40FC-8138-AB4831656E8D","schema_version":1}
    t =  1498.88s Terminate com.parlor.app.debug:84067
    t =  1499.91s Wait for com.parlor.app.debug to become Not Running
    t =  1499.91s Open com.parlor.app.debug
    t =  1499.91s     Launch com.parlor.app.debug
    t =  1500.62s         Setting up automation session
    t =  1502.07s         Wait for com.parlor.app.debug to idle
    t =  1503.71s Wait for com.parlor.app.debug to become Running Foreground
    t =  1503.71s Waiting 30.0s for "parlor-home-brand" StaticText to exist
    t =  1504.73s     Checking `Expect predicate `existsNoRetry == 1` for object "parlor-home-brand" StaticText`
    t =  1504.73s         Checking existence of `"parlor-home-brand" StaticText`
    t =  1504.79s Waiting 10.0s for "parlor-dsc01-observe" Button to exist
    t =  1505.81s     Checking `Expect predicate `existsNoRetry == 1` for object "parlor-dsc01-observe" Button`
    t =  1505.81s         Checking existence of `"parlor-dsc01-observe" Button`
    t =  1505.85s Checking existence of `Alert (First Match)`
    t =  1505.95s Waiting 10.0s for "parlor-dsc01-state" StaticText to exist
    t =  1506.99s     Checking `Expect predicate `existsNoRetry == 1` for object "parlor-dsc01-state" StaticText`
    t =  1506.99s         Checking existence of `"parlor-dsc01-state" StaticText`
    t =  1507.01s Find the "parlor-dsc01-state" StaticText
    t =  1507.04s Tap "parlor-dsc01-observe" Button
    t =  1507.04s     Wait for com.parlor.app.debug to idle
    t =  1507.04s     Find the "parlor-dsc01-observe" Button
    t =  1507.10s     Check for interrupting elements affecting "parlor-dsc01-observe" Button
    t =  1507.13s     Synthesize event
    t =  1507.45s     Wait for com.parlor.app.debug to idle
    t =  1508.48s Find the "parlor-dsc01-state" StaticText
    t =  1508.51s Waiting 10.0s for "parlor-dsc01-state" StaticText to exist
    t =  1509.54s     Checking `Expect predicate `existsNoRetry == 1` for object "parlor-dsc01-state" StaticText`
    t =  1509.54s         Checking existence of `"parlor-dsc01-state" StaticText`
    t =  1509.58s Find the "parlor-dsc01-state" StaticText
    t =  1509.60s Waiting 10.0s for "parlor-dsc01-state" StaticText to exist
    t =  1510.66s     Checking `Expect predicate `existsNoRetry == 1` for object "parlor-dsc01-state" StaticText`
    t =  1510.66s         Checking existence of `"parlor-dsc01-state" StaticText`
    t =  1510.70s Find the "parlor-dsc01-state" StaticText
    t =  1510.75s Tap "parlor-dsc01-observe" Button
    t =  1510.75s     Wait for com.parlor.app.debug to idle
    t =  1510.75s     Find the "parlor-dsc01-observe" Button
    t =  1510.78s     Check for interrupting elements affecting "parlor-dsc01-observe" Button
    t =  1510.81s     Synthesize event
    t =  1511.11s     Wait for com.parlor.app.debug to idle
    t =  1512.16s Find the "parlor-dsc01-state" StaticText
    t =  1512.18s Waiting 10.0s for "parlor-dsc01-state" StaticText to exist
    t =  1513.21s     Checking `Expect predicate `existsNoRetry == 1` for object "parlor-dsc01-state" StaticText`
    t =  1513.21s         Checking existence of `"parlor-dsc01-state" StaticText`
    t =  1513.25s Find the "parlor-dsc01-state" StaticText
    t =  1513.28s Waiting 15.0s for "l08-functional-action-legacy-seed" Any to exist
    t =  1514.33s     Checking `Expect predicate `existsNoRetry == 1` for object "l08-functional-action-legacy-seed" Any`
    t =  1514.33s         Checking existence of `"l08-functional-action-legacy-seed" Any`
    t =  1514.39s Get number of matches for: Elements matching predicate '"l08-functional-action-legacy-seed" IN identifiers'
    t =  1515.43s Checking existence of `"l08-functional-action-legacy-seed" Any`
    t =  1515.51s Find the "l08-functional-action-legacy-seed" Any
    t =  1515.58s Find the "l08-functional-action-legacy-seed" Button
    t =  1515.71s Tap "l08-functional-action-legacy-seed" Button
    t =  1515.71s     Wait for com.parlor.app.debug to idle
    t =  1515.72s     Find the "l08-functional-action-legacy-seed" Button
    t =  1515.78s     Check for interrupting elements affecting "l08-functional-action-legacy-seed" Button
    t =  1515.85s     Synthesize event
    t =  1516.14s     Wait for com.parlor.app.debug to idle
    t =  1516.30s Waiting 10.0s for "l08-storage-functional-result" StaticText to exist
    t =  1517.31s     Checking `Expect predicate `existsNoRetry == 1` for object "l08-storage-functional-result" StaticText`
    t =  1517.31s         Checking existence of `"l08-storage-functional-result" StaticText`
    t =  1518.34s Find the "l08-storage-functional-result" StaticText
    t =  1518.40s Find the "l08-storage-functional-result" StaticText
    t =  1518.43s Checking existence of `Alert (First Match)`
    t =  1518.58s Checking existence of `Alert (First Match)`
PARLOR_L08_STORAGE_FUNCTIONAL_BOOT {"actions":["legacy-seed"],"alert_present":false,"boot_ordinal":9,"foreground":true,"process_boot":"A6287284-E69D-48AD-BC11-65BF78444EC2","run_token":"217002BD-D169-40FC-8138-AB4831656E8D","schema_version":1}
    t =  1518.89s Terminate com.parlor.app.debug:88154
    t =  1519.93s Wait for com.parlor.app.debug to become Not Running
    t =  1519.93s Open com.parlor.app.debug
    t =  1519.93s     Launch com.parlor.app.debug
    t =  1520.79s         Setting up automation session
    t =  1522.22s         Wait for com.parlor.app.debug to idle
    t =  1523.96s Wait for com.parlor.app.debug to become Running Foreground
    t =  1523.96s Waiting 30.0s for "parlor-home-brand" StaticText to exist
    t =  1525.00s     Checking `Expect predicate `existsNoRetry == 1` for object "parlor-home-brand" StaticText`
    t =  1525.00s         Checking existence of `"parlor-home-brand" StaticText`
    t =  1525.11s Waiting 10.0s for "parlor-dsc01-observe" Button to exist
    t =  1526.11s     Checking `Expect predicate `existsNoRetry == 1` for object "parlor-dsc01-observe" Button`
    t =  1526.11s         Checking existence of `"parlor-dsc01-observe" Button`
    t =  1526.15s Checking existence of `Alert (First Match)`
    t =  1526.27s Waiting 10.0s for "parlor-dsc01-state" StaticText to exist
    t =  1527.30s     Checking `Expect predicate `existsNoRetry == 1` for object "parlor-dsc01-state" StaticText`
    t =  1527.30s         Checking existence of `"parlor-dsc01-state" StaticText`
    t =  1527.33s Find the "parlor-dsc01-state" StaticText
    t =  1527.38s Tap "parlor-dsc01-observe" Button
    t =  1527.38s     Wait for com.parlor.app.debug to idle
    t =  1527.39s     Find the "parlor-dsc01-observe" Button
    t =  1527.44s     Check for interrupting elements affecting "parlor-dsc01-observe" Button
    t =  1527.49s     Synthesize event
    t =  1527.81s     Wait for com.parlor.app.debug to idle
    t =  1528.84s Find the "parlor-dsc01-state" StaticText
    t =  1528.86s Waiting 10.0s for "parlor-dsc01-state" StaticText to exist
    t =  1529.91s     Checking `Expect predicate `existsNoRetry == 1` for object "parlor-dsc01-state" StaticText`
    t =  1529.91s         Checking existence of `"parlor-dsc01-state" StaticText`
    t =  1529.93s Find the "parlor-dsc01-state" StaticText
    t =  1529.96s Waiting 10.0s for "parlor-dsc01-state" StaticText to exist
    t =  1530.99s     Checking `Expect predicate `existsNoRetry == 1` for object "parlor-dsc01-state" StaticText`
    t =  1530.99s         Checking existence of `"parlor-dsc01-state" StaticText`
    t =  1531.02s Find the "parlor-dsc01-state" StaticText
    t =  1531.05s Tap "parlor-dsc01-observe" Button
    t =  1531.05s     Wait for com.parlor.app.debug to idle
    t =  1531.06s     Find the "parlor-dsc01-observe" Button
    t =  1531.09s     Check for interrupting elements affecting "parlor-dsc01-observe" Button
    t =  1531.11s     Synthesize event
    t =  1531.41s     Wait for com.parlor.app.debug to idle
    t =  1532.47s Find the "parlor-dsc01-state" StaticText
    t =  1532.52s Waiting 10.0s for "parlor-dsc01-state" StaticText to exist
    t =  1533.56s     Checking `Expect predicate `existsNoRetry == 1` for object "parlor-dsc01-state" StaticText`
    t =  1533.56s         Checking existence of `"parlor-dsc01-state" StaticText`
    t =  1533.58s Find the "parlor-dsc01-state" StaticText
    t =  1533.62s Waiting 15.0s for "l08-functional-action-legacy-load" Any to exist
    t =  1534.68s     Checking `Expect predicate `existsNoRetry == 1` for object "l08-functional-action-legacy-load" Any`
    t =  1534.68s         Checking existence of `"l08-functional-action-legacy-load" Any`
    t =  1534.77s Get number of matches for: Elements matching predicate '"l08-functional-action-legacy-load" IN identifiers'
    t =  1535.84s Checking existence of `"l08-functional-action-legacy-load" Any`
    t =  1535.92s Find the "l08-functional-action-legacy-load" Any
    t =  1535.97s Find the "l08-functional-action-legacy-load" Button
    t =  1536.11s Tap "l08-functional-action-legacy-load" Button
    t =  1536.11s     Wait for com.parlor.app.debug to idle
    t =  1536.12s     Find the "l08-functional-action-legacy-load" Button
    t =  1536.18s     Check for interrupting elements affecting "l08-functional-action-legacy-load" Button
    t =  1536.22s     Synthesize event
    t =  1536.52s     Wait for com.parlor.app.debug to idle
    t =  1536.67s Waiting 10.0s for "l08-storage-functional-result" StaticText to exist
    t =  1537.70s     Checking `Expect predicate `existsNoRetry == 1` for object "l08-storage-functional-result" StaticText`
    t =  1537.70s         Checking existence of `"l08-storage-functional-result" StaticText`
    t =  1538.75s Find the "l08-storage-functional-result" StaticText
    t =  1538.80s Find the "l08-storage-functional-result" StaticText
    t =  1538.82s Checking existence of `Alert (First Match)`
    t =  1538.91s Waiting 15.0s for "l08-home-list" Any to exist
    t =  1539.96s     Checking `Expect predicate `existsNoRetry == 1` for object "l08-home-list" Any`
    t =  1539.96s         Checking existence of `"l08-home-list" Any`
    t =  1540.10s Get number of matches for: Elements matching predicate '"l08-home-list" IN identifiers'
    t =  1540.14s Get number of matches for: Elements matching predicate '"l08-home-legacy" IN identifiers'
    t =  1540.16s Get number of matches for: Elements matching predicate '"l08-home-list" IN identifiers'
    t =  1540.19s Get number of matches for: Elements matching predicate '"parlor-dsc01-overlay" IN identifiers'
    t =  1540.22s Checking existence of `Alert (First Match)`
    t =  1540.35s Checking existence of `Keyboard (First Match)`
    t =  1540.44s Checking existence of `"l08-home-list" Any`
    t =  1540.66s Find the "l08-home-list" Any
    t =  1540.91s Checking existence of `"parlor-dsc01-overlay" Any`
    t =  1540.95s Checking existence of `"l08-home-legacy" Any`
    t =  1541.11s Find the "l08-home-legacy" Any
    t =  1541.29s Find the "l08-home-legacy" Any
    t =  1541.45s Find the "l08-home-list" Any
    t =  1541.75s Find the Target Application 'com.parlor.app.debug'
    t =  1541.77s Find the "parlor-dsc01-overlay" Any
PARLOR_L08_HOME_SCROLL {"attempt":0,"direction":"up","frames":[[24,911.66668701171875,354,96],[0,0,402,769.66668701171875],[0,0,402,874],[68.666666666666657,134,265,139]],"identifier":"l08-home-legacy","list_count":1,"overlay_count":1,"proves_recovery":false,"sample":0,"schema_version":1,"stable_samples":1,"target_count":1,"target_seen":true}
    t =  1542.08s Get number of matches for: Elements matching predicate '"l08-home-legacy" IN identifiers'
    t =  1542.10s Get number of matches for: Elements matching predicate '"l08-home-list" IN identifiers'
    t =  1542.12s Get number of matches for: Elements matching predicate '"parlor-dsc01-overlay" IN identifiers'
    t =  1542.16s Checking existence of `Alert (First Match)`
    t =  1542.22s Checking existence of `Keyboard (First Match)`
    t =  1542.31s Checking existence of `"l08-home-list" Any`
    t =  1542.59s Find the "l08-home-list" Any
    t =  1542.77s Checking existence of `"parlor-dsc01-overlay" Any`
    t =  1542.80s Checking existence of `"l08-home-legacy" Any`
    t =  1542.98s Find the "l08-home-legacy" Any
    t =  1543.13s Find the "l08-home-legacy" Any
    t =  1543.26s Find the "l08-home-list" Any
    t =  1543.43s Find the Target Application 'com.parlor.app.debug'
    t =  1543.44s Find the "parlor-dsc01-overlay" Any
PARLOR_L08_HOME_SCROLL {"attempt":0,"direction":"up","frames":[[24,911.66668701171875,354,96],[0,0,402,769.66668701171875],[0,0,402,874],[68.666666666666657,134,265,139]],"identifier":"l08-home-legacy","list_count":1,"overlay_count":1,"proves_recovery":false,"sample":1,"schema_version":1,"stable_samples":2,"target_count":1,"target_seen":true}
    t =  1543.75s Get number of matches for: Elements matching predicate '"l08-home-legacy" IN identifiers'
    t =  1543.80s Get number of matches for: Elements matching predicate '"l08-home-list" IN identifiers'
    t =  1543.86s Get number of matches for: Elements matching predicate '"parlor-dsc01-overlay" IN identifiers'
    t =  1543.90s Checking existence of `Alert (First Match)`
    t =  1544.05s Checking existence of `Keyboard (First Match)`
    t =  1544.17s Checking existence of `"l08-home-list" Any`
    t =  1544.34s Find the "l08-home-list" Any
    t =  1544.58s Checking existence of `"parlor-dsc01-overlay" Any`
    t =  1544.59s Checking existence of `"l08-home-legacy" Any`
    t =  1544.97s Find the "l08-home-legacy" Any
    t =  1545.31s Find the "l08-home-legacy" Any
    t =  1545.86s Find the "l08-home-list" Any
    t =  1546.18s Find the Target Application 'com.parlor.app.debug'
    t =  1546.23s Find the "parlor-dsc01-overlay" Any
PARLOR_L08_HOME_SCROLL {"attempt":0,"direction":"up","frames":[[24,911.66668701171875,354,96],[0,0,402,769.66668701171875],[0,0,402,874],[68.666666666666657,134,265,139]],"identifier":"l08-home-legacy","list_count":1,"overlay_count":1,"proves_recovery":false,"sample":2,"schema_version":1,"stable_samples":3,"target_count":1,"target_seen":true}
    t =  1546.51s Get number of matches for: Elements matching predicate '"l08-home-legacy" IN identifiers'
    t =  1546.55s Get number of matches for: Elements matching predicate '"l08-home-list" IN identifiers'
    t =  1546.57s Get number of matches for: Elements matching predicate '"parlor-dsc01-overlay" IN identifiers'
    t =  1546.67s Checking existence of `Alert (First Match)`
    t =  1547.01s Checking existence of `Keyboard (First Match)`
    t =  1547.10s Checking existence of `"l08-home-list" Any`
    t =  1547.41s Find the "l08-home-list" Any
    t =  1547.61s Checking existence of `"parlor-dsc01-overlay" Any`
    t =  1547.66s Checking existence of `"l08-home-legacy" Any`
    t =  1548.05s Find the "l08-home-legacy" Any
    t =  1548.37s Find the "l08-home-legacy" Any
    t =  1548.59s Find the "l08-home-list" Any
    t =  1548.93s Find the Target Application 'com.parlor.app.debug'
    t =  1548.95s Find the "parlor-dsc01-overlay" Any
PARLOR_L08_HOME_SCROLL {"attempt":0,"direction":"up","frames":[[24,911.66668701171875,354,96],[0,0,402,769.66668701171875],[0,0,402,874],[68.666666666666657,134,265,139]],"identifier":"l08-home-legacy","list_count":1,"overlay_count":1,"proves_recovery":false,"sample":3,"schema_version":1,"stable_samples":4,"target_count":1,"target_seen":true}
    t =  1549.28s Get number of matches for: Elements matching predicate '"l08-home-legacy" IN identifiers'
    t =  1549.32s Get number of matches for: Elements matching predicate '"l08-home-list" IN identifiers'
    t =  1549.35s Get number of matches for: Elements matching predicate '"parlor-dsc01-overlay" IN identifiers'
    t =  1549.38s Checking existence of `Alert (First Match)`
    t =  1549.51s Checking existence of `Keyboard (First Match)`
    t =  1549.72s Checking existence of `"l08-home-list" Any`
    t =  1549.97s Find the "l08-home-list" Any
    t =  1550.14s Checking existence of `"parlor-dsc01-overlay" Any`
    t =  1550.21s Checking existence of `"l08-home-legacy" Any`
    t =  1550.39s Find the "l08-home-legacy" Any
    t =  1550.59s Find the "l08-home-legacy" Any
    t =  1550.92s Find the "l08-home-list" Any
    t =  1551.11s Find the Target Application 'com.parlor.app.debug'
    t =  1551.15s Find the "parlor-dsc01-overlay" Any
PARLOR_L08_HOME_SCROLL {"attempt":0,"direction":"up","frames":[[24,911.66668701171875,354,96],[0,0,402,769.66668701171875],[0,0,402,874],[68.666666666666657,134,265,139]],"identifier":"l08-home-legacy","list_count":1,"overlay_count":1,"proves_recovery":false,"sample":4,"schema_version":1,"stable_samples":5,"target_count":1,"target_seen":true}
    t =  1551.45s Get number of matches for: Elements matching predicate '"l08-home-legacy" IN identifiers'
    t =  1551.50s Get number of matches for: Elements matching predicate '"l08-home-list" IN identifiers'
    t =  1551.53s Get number of matches for: Elements matching predicate '"parlor-dsc01-overlay" IN identifiers'
    t =  1551.59s Checking existence of `Alert (First Match)`
    t =  1551.83s Checking existence of `Keyboard (First Match)`
    t =  1552.14s Checking existence of `"l08-home-list" Any`
    t =  1552.33s Find the "l08-home-list" Any
    t =  1552.49s Checking existence of `"parlor-dsc01-overlay" Any`
    t =  1552.51s Checking existence of `"l08-home-legacy" Any`
    t =  1552.80s Find the "l08-home-legacy" Any
    t =  1553.15s Find the "l08-home-legacy" Any
    t =  1553.49s Find the "l08-home-list" Any
    t =  1553.69s Find the Target Application 'com.parlor.app.debug'
    t =  1553.72s Find the "parlor-dsc01-overlay" Any
PARLOR_L08_HOME_SCROLL {"attempt":0,"direction":"up","frames":[[24,911.66668701171875,354,96],[0,0,402,769.66668701171875],[0,0,402,874],[68.666666666666657,134,265,139]],"identifier":"l08-home-legacy","list_count":1,"overlay_count":1,"proves_recovery":false,"sample":5,"schema_version":1,"stable_samples":6,"target_count":1,"target_seen":true}
    t =  1553.77s Get number of matches for: Elements matching predicate '"l08-home-legacy" IN identifiers'
    t =  1553.81s Checking existence of `"l08-home-legacy" Any`
    t =  1554.10s Find the "l08-home-legacy" Any
    t =  1554.31s Find the "l08-home-legacy" Button
    t =  1554.67s Find the Target Application 'com.parlor.app.debug'
    t =  1554.71s Get number of matches for: Elements matching predicate '"l08-home-list" IN identifiers'
    t =  1554.75s Checking existence of `"l08-home-list" Any`
    t =  1554.99s Find the "l08-home-list" Any
    t =  1555.20s Find the "l08-home-list" Other
    t =  1555.38s Find the Target Application 'com.parlor.app.debug'
    t =  1555.41s Find the "l08-home-list" Other
    t =  1555.70s Get number of matches for: Elements matching predicate '"parlor-dsc01-overlay" IN identifiers'
    t =  1555.74s Checking existence of `"parlor-dsc01-overlay" Any`
    t =  1555.83s Find the "parlor-dsc01-overlay" Any
    t =  1555.87s Find the "parlor-dsc01-overlay" Other
    t =  1555.90s Find the Target Application 'com.parlor.app.debug'
    t =  1555.93s Find the "parlor-dsc01-overlay" Other
PARLOR_L08_PUBLIC_CONTROL {"attempt":0,"identifier":"l08-home-legacy","list":{"count":1,"enabled":true,"exists":true,"frame":{"height":769.66668701171875,"width":402,"x":0,"y":0},"hittability_queried":true,"hittable":true},"overlay":{"count":1,"enabled":true,"exists":true,"frame":{"height":139,"width":265,"x":68.666666666666657,"y":134},"hittability_queried":true,"hittable":true},"proves_recovery":false,"schema_version":1,"target":{"count":1,"enabled":true,"exists":true,"frame":{"height":96,"width":354,"x":24,"y":911.66668701171875},"hittability_queried":false}}
    t =  1555.99s Checking existence of `"l08-home-list" Any`
    t =  1556.12s Find the "l08-home-list" Any
    t =  1556.40s Find the "l08-home-list" Other
    t =  1556.69s Swipe up "l08-home-list" Other
    t =  1556.69s     Wait for com.parlor.app.debug to idle
    t =  1556.69s     Find the "l08-home-list" Other
    t =  1556.89s     Check for interrupting elements affecting "l08-home-list" Other
    t =  1556.94s     Synthesize event
    t =  1557.51s     Wait for com.parlor.app.debug to idle
    t =  1557.52s Get number of matches for: Elements matching predicate '"l08-home-legacy" IN identifiers'
    t =  1557.59s Get number of matches for: Elements matching predicate '"l08-home-list" IN identifiers'
    t =  1557.65s Get number of matches for: Elements matching predicate '"parlor-dsc01-overlay" IN identifiers'
    t =  1557.72s Checking existence of `Alert (First Match)`
    t =  1557.90s Checking existence of `Keyboard (First Match)`
    t =  1558.11s Checking existence of `"l08-home-list" Any`
    t =  1558.36s Find the "l08-home-list" Any
    t =  1558.61s Checking existence of `"parlor-dsc01-overlay" Any`
    t =  1558.65s Checking existence of `"l08-home-legacy" Any`
    t =  1558.99s Find the "l08-home-legacy" Any
    t =  1559.23s Find the "l08-home-legacy" Any
    t =  1559.44s Find the "l08-home-list" Any
    t =  1559.76s Find the Target Application 'com.parlor.app.debug'
    t =  1559.79s Find the "parlor-dsc01-overlay" Any
PARLOR_L08_HOME_SCROLL {"attempt":1,"direction":"up","frames":[[24,729,354,41.66668701171875],[0,0,402,769.66668701171875],[0,0,402,874],[68.666666666666657,134,265,139]],"identifier":"l08-home-legacy","list_count":1,"overlay_count":1,"proves_recovery":false,"sample":0,"schema_version":1,"stable_samples":1,"target_count":1,"target_seen":true}
    t =  1560.11s Get number of matches for: Elements matching predicate '"l08-home-legacy" IN identifiers'
    t =  1560.18s Get number of matches for: Elements matching predicate '"l08-home-list" IN identifiers'
    t =  1560.26s Get number of matches for: Elements matching predicate '"parlor-dsc01-overlay" IN identifiers'
    t =  1560.36s Checking existence of `Alert (First Match)`
    t =  1560.57s Checking existence of `Keyboard (First Match)`
    t =  1560.74s Checking existence of `"l08-home-list" Any`
    t =  1560.97s Find the "l08-home-list" Any
    t =  1561.20s Checking existence of `"parlor-dsc01-overlay" Any`
    t =  1561.22s Checking existence of `"l08-home-legacy" Any`
    t =  1561.57s Find the "l08-home-legacy" Any
    t =  1561.90s Find the "l08-home-legacy" Any
    t =  1562.25s Find the "l08-home-list" Any
    t =  1562.55s Find the Target Application 'com.parlor.app.debug'
    t =  1562.58s Find the "parlor-dsc01-overlay" Any
PARLOR_L08_HOME_SCROLL {"attempt":1,"direction":"up","frames":[[24,729,354,41.66668701171875],[0,0,402,769.66668701171875],[0,0,402,874],[68.666666666666657,134,265,139]],"identifier":"l08-home-legacy","list_count":1,"overlay_count":1,"proves_recovery":false,"sample":1,"schema_version":1,"stable_samples":2,"target_count":1,"target_seen":true}
    t =  1562.88s Get number of matches for: Elements matching predicate '"l08-home-legacy" IN identifiers'
    t =  1562.95s Get number of matches for: Elements matching predicate '"l08-home-list" IN identifiers'
    t =  1563.02s Get number of matches for: Elements matching predicate '"parlor-dsc01-overlay" IN identifiers'
    t =  1563.06s Checking existence of `Alert (First Match)`
    t =  1563.22s Checking existence of `Keyboard (First Match)`
    t =  1563.41s Checking existence of `"l08-home-list" Any`
    t =  1563.58s Find the "l08-home-list" Any
    t =  1563.75s Checking existence of `"parlor-dsc01-overlay" Any`
    t =  1563.78s Checking existence of `"l08-home-legacy" Any`
    t =  1563.95s Find the "l08-home-legacy" Any
    t =  1564.20s Find the "l08-home-legacy" Any
    t =  1564.46s Find the "l08-home-list" Any
    t =  1564.67s Find the Target Application 'com.parlor.app.debug'
    t =  1564.69s Find the "parlor-dsc01-overlay" Any
PARLOR_L08_HOME_SCROLL {"attempt":1,"direction":"up","frames":[[24,729,354,41.66668701171875],[0,0,402,769.66668701171875],[0,0,402,874],[68.666666666666657,134,265,139]],"identifier":"l08-home-legacy","list_count":1,"overlay_count":1,"proves_recovery":false,"sample":2,"schema_version":1,"stable_samples":3,"target_count":1,"target_seen":true}
    t =  1564.98s Get number of matches for: Elements matching predicate '"l08-home-legacy" IN identifiers'
    t =  1565.03s Get number of matches for: Elements matching predicate '"l08-home-list" IN identifiers'
    t =  1565.05s Get number of matches for: Elements matching predicate '"parlor-dsc01-overlay" IN identifiers'
    t =  1565.09s Checking existence of `Alert (First Match)`
    t =  1565.20s Checking existence of `Keyboard (First Match)`
    t =  1565.34s Checking existence of `"l08-home-list" Any`
    t =  1565.52s Find the "l08-home-list" Any
    t =  1565.68s Checking existence of `"parlor-dsc01-overlay" Any`
    t =  1565.70s Checking existence of `"l08-home-legacy" Any`
    t =  1565.90s Find the "l08-home-legacy" Any
    t =  1566.09s Find the "l08-home-legacy" Any
    t =  1566.28s Find the "l08-home-list" Any
    t =  1566.57s Find the Target Application 'com.parlor.app.debug'
    t =  1566.61s Find the "parlor-dsc01-overlay" Any
PARLOR_L08_HOME_SCROLL {"attempt":1,"direction":"up","frames":[[24,729,354,41.66668701171875],[0,0,402,769.66668701171875],[0,0,402,874],[68.666666666666657,134,265,139]],"identifier":"l08-home-legacy","list_count":1,"overlay_count":1,"proves_recovery":false,"sample":3,"schema_version":1,"stable_samples":4,"target_count":1,"target_seen":true}
    t =  1566.93s Get number of matches for: Elements matching predicate '"l08-home-legacy" IN identifiers'
    t =  1566.96s Get number of matches for: Elements matching predicate '"l08-home-list" IN identifiers'
    t =  1567.01s Get number of matches for: Elements matching predicate '"parlor-dsc01-overlay" IN identifiers'
    t =  1567.07s Checking existence of `Alert (First Match)`
    t =  1567.26s Checking existence of `Keyboard (First Match)`
    t =  1567.48s Checking existence of `"l08-home-list" Any`
    t =  1567.92s Find the "l08-home-list" Any
    t =  1568.10s Checking existence of `"parlor-dsc01-overlay" Any`
    t =  1568.13s Checking existence of `"l08-home-legacy" Any`
    t =  1568.39s Find the "l08-home-legacy" Any
    t =  1568.69s Find the "l08-home-legacy" Any
    t =  1568.93s Find the "l08-home-list" Any
    t =  1569.15s Find the Target Application 'com.parlor.app.debug'
    t =  1569.17s Find the "parlor-dsc01-overlay" Any
PARLOR_L08_HOME_SCROLL {"attempt":1,"direction":"up","frames":[[24,729,354,41.66668701171875],[0,0,402,769.66668701171875],[0,0,402,874],[68.666666666666657,134,265,139]],"identifier":"l08-home-legacy","list_count":1,"overlay_count":1,"proves_recovery":false,"sample":4,"schema_version":1,"stable_samples":5,"target_count":1,"target_seen":true}
    t =  1569.46s Get number of matches for: Elements matching predicate '"l08-home-legacy" IN identifiers'
    t =  1569.51s Get number of matches for: Elements matching predicate '"l08-home-list" IN identifiers'
    t =  1569.55s Get number of matches for: Elements matching predicate '"parlor-dsc01-overlay" IN identifiers'
    t =  1569.60s Checking existence of `Alert (First Match)`
    t =  1569.75s Checking existence of `Keyboard (First Match)`
    t =  1569.92s Checking existence of `"l08-home-list" Any`
    t =  1570.09s Find the "l08-home-list" Any
    t =  1570.29s Checking existence of `"parlor-dsc01-overlay" Any`
    t =  1570.34s Checking existence of `"l08-home-legacy" Any`
    t =  1570.57s Find the "l08-home-legacy" Any
    t =  1570.86s Find the "l08-home-legacy" Any
    t =  1571.09s Find the "l08-home-list" Any
    t =  1571.22s Find the Target Application 'com.parlor.app.debug'
    t =  1571.23s Find the "parlor-dsc01-overlay" Any
PARLOR_L08_HOME_SCROLL {"attempt":1,"direction":"up","frames":[[24,729,354,41.66668701171875],[0,0,402,769.66668701171875],[0,0,402,874],[68.666666666666657,134,265,139]],"identifier":"l08-home-legacy","list_count":1,"overlay_count":1,"proves_recovery":false,"sample":5,"schema_version":1,"stable_samples":6,"target_count":1,"target_seen":true}
    t =  1571.27s Get number of matches for: Elements matching predicate '"l08-home-legacy" IN identifiers'
    t =  1571.29s Checking existence of `"l08-home-legacy" Any`
    t =  1571.44s Find the "l08-home-legacy" Any
    t =  1571.60s Find the "l08-home-legacy" Button
    t =  1571.78s Find the Target Application 'com.parlor.app.debug'
    t =  1571.80s Find the "l08-home-legacy" Button
    t =  1572.02s Get number of matches for: Elements matching predicate '"l08-home-list" IN identifiers'
    t =  1572.04s Checking existence of `"l08-home-list" Any`
    t =  1572.17s Find the "l08-home-list" Any
    t =  1572.29s Find the "l08-home-list" Other
    t =  1572.47s Find the Target Application 'com.parlor.app.debug'
    t =  1572.50s Find the "l08-home-list" Other
    t =  1572.76s Get number of matches for: Elements matching predicate '"parlor-dsc01-overlay" IN identifiers'
    t =  1572.79s Checking existence of `"parlor-dsc01-overlay" Any`
    t =  1572.82s Find the "parlor-dsc01-overlay" Any
    t =  1572.83s Find the "parlor-dsc01-overlay" Other
    t =  1572.93s Find the Target Application 'com.parlor.app.debug'
    t =  1572.96s Find the "parlor-dsc01-overlay" Other
PARLOR_L08_PUBLIC_CONTROL {"attempt":1,"identifier":"l08-home-legacy","list":{"count":1,"enabled":true,"exists":true,"frame":{"height":769.66668701171875,"width":402,"x":0,"y":0},"hittability_queried":true,"hittable":true},"overlay":{"count":1,"enabled":true,"exists":true,"frame":{"height":139,"width":265,"x":68.666666666666657,"y":134},"hittability_queried":true,"hittable":true},"proves_recovery":false,"schema_version":1,"target":{"count":1,"enabled":true,"exists":true,"frame":{"height":41.66668701171875,"width":354,"x":24,"y":729},"hittability_queried":true,"hittable":true}}
    t =  1573.01s Checking existence of `"l08-home-list" Other`
    t =  1573.29s Find the "l08-home-list" Other
    t =  1573.55s Find the "l08-home-list" Other
    t =  1573.79s Swipe up "l08-home-list" Other
    t =  1573.79s     Wait for com.parlor.app.debug to idle
    t =  1573.79s     Find the "l08-home-list" Other
    t =  1574.01s     Check for interrupting elements affecting "l08-home-list" Other
    t =  1574.09s     Synthesize event
    t =  1574.64s     Wait for com.parlor.app.debug to idle
    t =  1574.64s Get number of matches for: Elements matching predicate '"l08-home-legacy" IN identifiers'
    t =  1574.67s Get number of matches for: Elements matching predicate '"l08-home-list" IN identifiers'
    t =  1574.72s Get number of matches for: Elements matching predicate '"parlor-dsc01-overlay" IN identifiers'
    t =  1574.77s Checking existence of `Alert (First Match)`
    t =  1574.93s Checking existence of `Keyboard (First Match)`
    t =  1575.07s Checking existence of `"l08-home-list" Any`
    t =  1575.32s Find the "l08-home-list" Any
    t =  1575.51s Checking existence of `"parlor-dsc01-overlay" Any`
    t =  1575.54s Checking existence of `"l08-home-legacy" Any`
    t =  1575.78s Find the "l08-home-legacy" Any
    t =  1575.98s Find the "l08-home-legacy" Any
    t =  1576.14s Find the "l08-home-list" Any
    t =  1576.36s Find the Target Application 'com.parlor.app.debug'
    t =  1576.41s Find the "parlor-dsc01-overlay" Any
    t =  1576.45s Get number of matches for: Elements matching predicate '"l08-home-legacy" IN identifiers'
    t =  1576.49s Get number of matches for: Elements matching predicate '"l08-home-list" IN identifiers'
    t =  1576.52s Get number of matches for: Elements matching predicate '"parlor-dsc01-overlay" IN identifiers'
    t =  1576.54s Checking existence of `Alert (First Match)`
    t =  1576.75s Checking existence of `Keyboard (First Match)`
    t =  1576.97s Checking existence of `"l08-home-legacy" Any`
    t =  1577.23s Find the "l08-home-legacy" Any
    t =  1577.50s Checking existence of `"l08-home-list" Any`
    t =  1577.75s Find the "l08-home-list" Any
    t =  1578.25s Checking existence of `"parlor-dsc01-overlay" Any`
    t =  1578.30s Find the "l08-home-legacy" Button
    t =  1578.71s Find the "l08-home-list" Other
    t =  1579.01s Find the Target Application 'com.parlor.app.debug'
    t =  1579.05s Find the "parlor-dsc01-overlay" Any
    t =  1579.22s Find the "l08-home-legacy" Button
    t =  1579.45s Find the "l08-home-list" Other
PARLOR_L08_HOME_SCROLL {"attempt":2,"direction":"ready","frames":[[24,546.33331298828125,354,96],[0,0,402,769.66668701171875],[0,0,402,874],[68.666666666666657,134,265,139]],"identifier":"l08-home-legacy","list_count":1,"overlay_count":1,"proves_recovery":false,"sample":0,"schema_version":1,"stable_samples":1,"target_count":1,"target_seen":true}
    t =  1579.95s Get number of matches for: Elements matching predicate '"l08-home-legacy" IN identifiers'
    t =  1579.99s Get number of matches for: Elements matching predicate '"l08-home-list" IN identifiers'
    t =  1580.01s Get number of matches for: Elements matching predicate '"parlor-dsc01-overlay" IN identifiers'
    t =  1580.06s Checking existence of `Alert (First Match)`
    t =  1580.22s Checking existence of `Keyboard (First Match)`
    t =  1580.39s Checking existence of `"l08-home-list" Any`
    t =  1580.57s Find the "l08-home-list" Any
    t =  1580.78s Checking existence of `"parlor-dsc01-overlay" Any`
    t =  1580.80s Checking existence of `"l08-home-legacy" Any`
    t =  1581.08s Find the "l08-home-legacy" Any
    t =  1581.32s Find the "l08-home-legacy" Any
    t =  1581.56s Find the "l08-home-list" Any
    t =  1581.89s Find the Target Application 'com.parlor.app.debug'
    t =  1581.94s Find the "parlor-dsc01-overlay" Any
    t =  1581.99s Get number of matches for: Elements matching predicate '"l08-home-legacy" IN identifiers'
    t =  1582.02s Get number of matches for: Elements matching predicate '"l08-home-list" IN identifiers'
    t =  1582.07s Get number of matches for: Elements matching predicate '"parlor-dsc01-overlay" IN identifiers'
    t =  1582.10s Checking existence of `Alert (First Match)`
    t =  1582.31s Checking existence of `Keyboard (First Match)`
    t =  1582.43s Checking existence of `"l08-home-legacy" Any`
    t =  1582.66s Find the "l08-home-legacy" Any
    t =  1583.11s Checking existence of `"l08-home-list" Any`
    t =  1583.37s Find the "l08-home-list" Any
    t =  1583.61s Checking existence of `"parlor-dsc01-overlay" Any`
    t =  1583.62s Find the "l08-home-legacy" Button
    t =  1583.82s Find the "l08-home-list" Other
    t =  1584.02s Find the Target Application 'com.parlor.app.debug'
    t =  1584.05s Find the "parlor-dsc01-overlay" Any
    t =  1584.09s Find the "l08-home-legacy" Button
    t =  1584.31s Find the "l08-home-list" Other
PARLOR_L08_HOME_SCROLL {"attempt":2,"direction":"ready","frames":[[24,546.33331298828125,354,96],[0,0,402,769.66668701171875],[0,0,402,874],[68.666666666666657,134,265,139]],"identifier":"l08-home-legacy","list_count":1,"overlay_count":1,"proves_recovery":false,"sample":1,"schema_version":1,"stable_samples":2,"target_count":1,"target_seen":true}
    t =  1584.73s Get number of matches for: Elements matching predicate '"l08-home-legacy" IN identifiers'
    t =  1584.75s Get number of matches for: Elements matching predicate '"l08-home-list" IN identifiers'
    t =  1584.78s Get number of matches for: Elements matching predicate '"parlor-dsc01-overlay" IN identifiers'
    t =  1584.80s Checking existence of `Alert (First Match)`
    t =  1584.88s Checking existence of `Keyboard (First Match)`
    t =  1584.98s Checking existence of `"l08-home-list" Any`
    t =  1585.12s Find the "l08-home-list" Any
    t =  1585.26s Checking existence of `"parlor-dsc01-overlay" Any`
    t =  1585.27s Checking existence of `"l08-home-legacy" Any`
    t =  1585.43s Find the "l08-home-legacy" Any
    t =  1585.56s Find the "l08-home-legacy" Any
    t =  1585.69s Find the "l08-home-list" Any
    t =  1585.82s Find the Target Application 'com.parlor.app.debug'
    t =  1585.84s Find the "parlor-dsc01-overlay" Any
    t =  1585.86s Get number of matches for: Elements matching predicate '"l08-home-legacy" IN identifiers'
    t =  1585.90s Get number of matches for: Elements matching predicate '"l08-home-list" IN identifiers'
    t =  1585.92s Get number of matches for: Elements matching predicate '"parlor-dsc01-overlay" IN identifiers'
    t =  1585.95s Checking existence of `Alert (First Match)`
    t =  1586.04s Checking existence of `Keyboard (First Match)`
    t =  1586.12s Checking existence of `"l08-home-legacy" Any`
    t =  1586.28s Find the "l08-home-legacy" Any
    t =  1586.42s Checking existence of `"l08-home-list" Any`
    t =  1586.53s Find the "l08-home-list" Any
    t =  1586.63s Checking existence of `"parlor-dsc01-overlay" Any`
    t =  1586.64s Find the "l08-home-legacy" Button
    t =  1586.77s Find the "l08-home-list" Other
    t =  1586.86s Find the Target Application 'com.parlor.app.debug'
    t =  1586.88s Find the "parlor-dsc01-overlay" Any
    t =  1586.89s Find the "l08-home-legacy" Button
    t =  1587.02s Find the "l08-home-list" Other
PARLOR_L08_HOME_SCROLL {"attempt":2,"direction":"ready","frames":[[24,546.33331298828125,354,96],[0,0,402,769.66668701171875],[0,0,402,874],[68.666666666666657,134,265,139]],"identifier":"l08-home-legacy","list_count":1,"overlay_count":1,"proves_recovery":false,"sample":2,"schema_version":1,"stable_samples":3,"target_count":1,"target_seen":true}
    t =  1587.38s Get number of matches for: Elements matching predicate '"l08-home-legacy" IN identifiers'
    t =  1587.40s Get number of matches for: Elements matching predicate '"l08-home-list" IN identifiers'
    t =  1587.42s Get number of matches for: Elements matching predicate '"parlor-dsc01-overlay" IN identifiers'
    t =  1587.44s Checking existence of `Alert (First Match)`
    t =  1587.50s Checking existence of `Keyboard (First Match)`
    t =  1587.58s Checking existence of `"l08-home-list" Any`
    t =  1587.68s Find the "l08-home-list" Any
    t =  1587.79s Checking existence of `"parlor-dsc01-overlay" Any`
    t =  1587.80s Checking existence of `"l08-home-legacy" Any`
    t =  1587.91s Find the "l08-home-legacy" Any
    t =  1588.03s Find the "l08-home-legacy" Any
    t =  1588.14s Find the "l08-home-list" Any
    t =  1588.25s Find the Target Application 'com.parlor.app.debug'
    t =  1588.29s Find the "parlor-dsc01-overlay" Any
    t =  1588.32s Get number of matches for: Elements matching predicate '"l08-home-legacy" IN identifiers'
    t =  1588.35s Get number of matches for: Elements matching predicate '"l08-home-list" IN identifiers'
    t =  1588.37s Get number of matches for: Elements matching predicate '"parlor-dsc01-overlay" IN identifiers'
    t =  1588.40s Checking existence of `Alert (First Match)`
    t =  1588.49s Checking existence of `Keyboard (First Match)`
    t =  1588.55s Checking existence of `"l08-home-legacy" Any`
    t =  1588.68s Find the "l08-home-legacy" Any
    t =  1588.82s Checking existence of `"l08-home-list" Any`
    t =  1588.92s Find the "l08-home-list" Any
    t =  1589.01s Checking existence of `"parlor-dsc01-overlay" Any`
    t =  1589.02s Find the "l08-home-legacy" Button
    t =  1589.15s Find the "l08-home-list" Other
    t =  1589.26s Find the Target Application 'com.parlor.app.debug'
    t =  1589.28s Find the "parlor-dsc01-overlay" Any
    t =  1589.30s Find the "l08-home-legacy" Button
    t =  1589.42s Find the "l08-home-list" Other
PARLOR_L08_HOME_SCROLL {"attempt":2,"direction":"ready","frames":[[24,546.33331298828125,354,96],[0,0,402,769.66668701171875],[0,0,402,874],[68.666666666666657,134,265,139]],"identifier":"l08-home-legacy","list_count":1,"overlay_count":1,"proves_recovery":false,"sample":3,"schema_version":1,"stable_samples":4,"target_count":1,"target_seen":true}
    t =  1589.79s Get number of matches for: Elements matching predicate '"l08-home-legacy" IN identifiers'
    t =  1589.82s Get number of matches for: Elements matching predicate '"l08-home-list" IN identifiers'
    t =  1589.85s Get number of matches for: Elements matching predicate '"parlor-dsc01-overlay" IN identifiers'
    t =  1589.87s Checking existence of `Alert (First Match)`
    t =  1589.92s Checking existence of `Keyboard (First Match)`
    t =  1590.00s Checking existence of `"l08-home-list" Any`
    t =  1590.08s Find the "l08-home-list" Any
    t =  1590.18s Checking existence of `"parlor-dsc01-overlay" Any`
    t =  1590.20s Checking existence of `"l08-home-legacy" Any`
    t =  1590.35s Find the "l08-home-legacy" Any
    t =  1590.46s Find the "l08-home-legacy" Any
    t =  1590.59s Find the "l08-home-list" Any
    t =  1590.69s Find the Target Application 'com.parlor.app.debug'
    t =  1590.70s Find the "parlor-dsc01-overlay" Any
    t =  1590.74s Get number of matches for: Elements matching predicate '"l08-home-legacy" IN identifiers'
    t =  1590.76s Get number of matches for: Elements matching predicate '"l08-home-list" IN identifiers'
    t =  1590.78s Get number of matches for: Elements matching predicate '"parlor-dsc01-overlay" IN identifiers'
    t =  1590.80s Checking existence of `Alert (First Match)`
    t =  1590.86s Checking existence of `Keyboard (First Match)`
    t =  1590.92s Checking existence of `"l08-home-legacy" Any`
    t =  1591.03s Find the "l08-home-legacy" Any
    t =  1591.14s Checking existence of `"l08-home-list" Any`
    t =  1591.25s Find the "l08-home-list" Any
    t =  1591.40s Checking existence of `"parlor-dsc01-overlay" Any`
    t =  1591.41s Find the "l08-home-legacy" Button
    t =  1591.58s Find the "l08-home-list" Other
    t =  1591.69s Find the Target Application 'com.parlor.app.debug'
    t =  1591.70s Find the "parlor-dsc01-overlay" Any
    t =  1591.72s Find the "l08-home-legacy" Button
    t =  1591.85s Find the "l08-home-list" Other
PARLOR_L08_HOME_SCROLL {"attempt":2,"direction":"ready","frames":[[24,546.33331298828125,354,96],[0,0,402,769.66668701171875],[0,0,402,874],[68.666666666666657,134,265,139]],"identifier":"l08-home-legacy","list_count":1,"overlay_count":1,"proves_recovery":false,"sample":4,"schema_version":1,"stable_samples":5,"target_count":1,"target_seen":true}
    t =  1592.21s Get number of matches for: Elements matching predicate '"l08-home-legacy" IN identifiers'
    t =  1592.24s Get number of matches for: Elements matching predicate '"l08-home-list" IN identifiers'
    t =  1592.26s Get number of matches for: Elements matching predicate '"parlor-dsc01-overlay" IN identifiers'
    t =  1592.30s Checking existence of `Alert (First Match)`
    t =  1592.36s Checking existence of `Keyboard (First Match)`
    t =  1592.45s Checking existence of `"l08-home-list" Any`
    t =  1592.54s Find the "l08-home-list" Any
    t =  1592.66s Checking existence of `"parlor-dsc01-overlay" Any`
    t =  1592.67s Checking existence of `"l08-home-legacy" Any`
    t =  1592.79s Find the "l08-home-legacy" Any
    t =  1592.89s Find the "l08-home-legacy" Any
    t =  1593.00s Find the "l08-home-list" Any
    t =  1593.11s Find the Target Application 'com.parlor.app.debug'
    t =  1593.13s Find the "parlor-dsc01-overlay" Any
    t =  1593.15s Get number of matches for: Elements matching predicate '"l08-home-legacy" IN identifiers'
    t =  1593.18s Get number of matches for: Elements matching predicate '"l08-home-list" IN identifiers'
    t =  1593.22s Get number of matches for: Elements matching predicate '"parlor-dsc01-overlay" IN identifiers'
    t =  1593.24s Checking existence of `Alert (First Match)`
    t =  1593.30s Checking existence of `Keyboard (First Match)`
    t =  1593.41s Checking existence of `"l08-home-legacy" Any`
    t =  1593.57s Find the "l08-home-legacy" Any
    t =  1593.70s Checking existence of `"l08-home-list" Any`
    t =  1593.86s Find the "l08-home-list" Any
    t =  1594.04s Checking existence of `"parlor-dsc01-overlay" Any`
    t =  1594.06s Find the "l08-home-legacy" Button
    t =  1594.30s Find the "l08-home-list" Other
    t =  1594.48s Find the Target Application 'com.parlor.app.debug'
    t =  1594.51s Find the "parlor-dsc01-overlay" Any
    t =  1594.56s Find the "l08-home-legacy" Button
    t =  1594.84s Find the "l08-home-list" Other
PARLOR_L08_HOME_SCROLL {"attempt":2,"direction":"ready","frames":[[24,546.33331298828125,354,96],[0,0,402,769.66668701171875],[0,0,402,874],[68.666666666666657,134,265,139]],"identifier":"l08-home-legacy","list_count":1,"overlay_count":1,"proves_recovery":false,"sample":5,"schema_version":1,"stable_samples":6,"target_count":1,"target_seen":true}
    t =  1595.12s Get number of matches for: Elements matching predicate '"l08-home-legacy" IN identifiers'
    t =  1595.16s Checking existence of `"l08-home-legacy" Any`
    t =  1595.41s Find the "l08-home-legacy" Any
    t =  1595.63s Find the "l08-home-legacy" Button
    t =  1595.81s Find the Target Application 'com.parlor.app.debug'
    t =  1595.86s Find the "l08-home-legacy" Button
    t =  1596.18s Get number of matches for: Elements matching predicate '"l08-home-list" IN identifiers'
    t =  1596.23s Checking existence of `"l08-home-list" Any`
    t =  1596.49s Find the "l08-home-list" Any
    t =  1596.73s Find the "l08-home-list" Other
    t =  1596.95s Find the Target Application 'com.parlor.app.debug'
    t =  1596.97s Find the "l08-home-list" Other
    t =  1597.33s Get number of matches for: Elements matching predicate '"parlor-dsc01-overlay" IN identifiers'
    t =  1597.36s Checking existence of `"parlor-dsc01-overlay" Any`
    t =  1597.39s Find the "parlor-dsc01-overlay" Any
    t =  1597.42s Find the "parlor-dsc01-overlay" Other
    t =  1597.44s Find the Target Application 'com.parlor.app.debug'
    t =  1597.46s Find the "parlor-dsc01-overlay" Other
PARLOR_L08_PUBLIC_CONTROL {"attempt":2,"identifier":"l08-home-legacy","list":{"count":1,"enabled":true,"exists":true,"frame":{"height":769.66668701171875,"width":402,"x":0,"y":0},"hittability_queried":true,"hittable":true},"overlay":{"count":1,"enabled":true,"exists":true,"frame":{"height":139,"width":265,"x":68.666666666666657,"y":134},"hittability_queried":true,"hittable":true},"proves_recovery":false,"schema_version":1,"target":{"count":1,"enabled":true,"exists":true,"frame":{"height":96,"width":354,"x":24,"y":546.33331298828125},"hittability_queried":true,"hittable":true}}
    t =  1597.52s Waiting 15.0s for "l08-home-legacy" Any to exist
    t =  1598.54s     Checking `Expect predicate `existsNoRetry == 1` for object "l08-home-legacy" Any`
    t =  1598.54s         Checking existence of `"l08-home-legacy" Any`
    t =  1598.86s Get number of matches for: Elements matching predicate '"l08-home-legacy" IN identifiers'
    t =  1599.91s Get number of matches for: Elements matching predicate '"l08-home-legacy" IN identifiers'
    t =  1599.95s Get number of matches for: Elements matching predicate '"l08-home-list" IN identifiers'
    t =  1599.98s Get number of matches for: Elements matching predicate '"parlor-dsc01-overlay" IN identifiers'
    t =  1600.02s Checking existence of `Alert (First Match)`
    t =  1600.17s Checking existence of `Keyboard (First Match)`
    t =  1600.29s Checking existence of `"l08-home-legacy" Any`
    t =  1600.52s Find the "l08-home-legacy" Any
    t =  1600.86s Checking existence of `"l08-home-list" Any`
    t =  1601.14s Find the "l08-home-list" Any
    t =  1601.40s Checking existence of `"parlor-dsc01-overlay" Any`
    t =  1601.43s Find the "l08-home-legacy" Button
    t =  1601.63s Find the "l08-home-list" Other
    t =  1601.76s Find the Target Application 'com.parlor.app.debug'
    t =  1601.78s Find the "parlor-dsc01-overlay" Any
    t =  1601.81s Find the "l08-home-legacy" Button
    t =  1602.04s Find the "l08-home-list" Other
    t =  1602.19s Get number of matches for: Elements matching predicate '"l08-home-legacy" IN identifiers'
    t =  1602.21s Checking existence of `"l08-home-legacy" Any`
    t =  1602.37s Find the "l08-home-legacy" Any
    t =  1602.52s Find the "l08-home-legacy" Button
    t =  1602.69s Find the Target Application 'com.parlor.app.debug'
    t =  1602.71s Find the "l08-home-legacy" Button
    t =  1602.92s Get number of matches for: Elements matching predicate '"l08-home-list" IN identifiers'
    t =  1602.95s Checking existence of `"l08-home-list" Any`
    t =  1603.09s Find the "l08-home-list" Any
    t =  1603.24s Find the "l08-home-list" Other
    t =  1603.41s Find the Target Application 'com.parlor.app.debug'
    t =  1603.43s Find the "l08-home-list" Other
    t =  1603.63s Get number of matches for: Elements matching predicate '"parlor-dsc01-overlay" IN identifiers'
    t =  1603.66s Checking existence of `"parlor-dsc01-overlay" Any`
    t =  1603.69s Find the "parlor-dsc01-overlay" Any
    t =  1603.71s Find the "parlor-dsc01-overlay" Other
    t =  1603.74s Find the Target Application 'com.parlor.app.debug'
    t =  1603.76s Find the "parlor-dsc01-overlay" Other
PARLOR_L08_PUBLIC_CONTROL {"attempt":8,"identifier":"l08-home-legacy","list":{"count":1,"enabled":true,"exists":true,"frame":{"height":769.66668701171875,"width":402,"x":0,"y":0},"hittability_queried":true,"hittable":true},"overlay":{"count":1,"enabled":true,"exists":true,"frame":{"height":139,"width":265,"x":68.666666666666657,"y":134},"hittability_queried":true,"hittable":true},"proves_recovery":false,"schema_version":1,"target":{"count":1,"enabled":true,"exists":true,"frame":{"height":96,"width":354,"x":24,"y":546.33331298828125},"hittability_queried":true,"hittable":true}}
    t =  1603.79s Get number of matches for: Elements matching predicate '"l08-ui-result" IN identifiers'
    t =  1603.85s Find the "l08-ui-result" StaticText
PARLOR_L08_HOME_ACTIVATION {"attempt":0,"counters":{},"counters_valid":false,"frames":[],"geometry_valid":false,"identifier":"l08-home-legacy","phase":"before-observer","proves_recovery":false,"schema_version":1,"stable_samples":0}
    t =  1603.89s Waiting 15.0s for "l08-ui-observe" Any to exist
    t =  1604.93s     Checking `Expect predicate `existsNoRetry == 1` for object "l08-ui-observe" Any`
    t =  1604.93s         Checking existence of `"l08-ui-observe" Any`
    t =  1604.97s Get number of matches for: Elements matching predicate '"l08-ui-observe" IN identifiers'
    t =  1606.01s Checking existence of `"l08-ui-observe" Any`
    t =  1606.07s Find the "l08-ui-observe" Any
    t =  1606.13s Find the "l08-ui-observe" Button
    t =  1606.22s Tap "l08-ui-observe" Button
    t =  1606.22s     Wait for com.parlor.app.debug to idle
    t =  1606.22s     Find the "l08-ui-observe" Button
    t =  1606.27s     Check for interrupting elements affecting "l08-ui-observe" Button
    t =  1606.33s     Synthesize event
    t =  1606.63s     Wait for com.parlor.app.debug to idle
    t =  1607.66s Get number of matches for: Elements matching predicate '"l08-ui-result" IN identifiers'
    t =  1607.69s Find the "l08-ui-result" StaticText
    t =  1607.73s Get number of matches for: Elements matching predicate '"l08-ui-result" IN identifiers'
    t =  1607.76s Find the "l08-ui-result" StaticText
PARLOR_L08_HOME_ACTIVATION {"attempt":0,"counters":{"discard_taps":0,"recovery_shows":0,"resume_taps":0,"retry_taps":0},"counters_valid":true,"frames":[],"geometry_valid":false,"identifier":"l08-home-legacy","phase":"before-zero","proves_recovery":false,"schema_version":1,"stable_samples":0}
    t =  1607.79s Get number of matches for: Elements matching predicate '"l08-home-legacy" IN identifiers'
    t =  1607.81s Get number of matches for: Elements matching predicate '"l08-home-list" IN identifiers'
    t =  1607.83s Get number of matches for: Elements matching predicate '"parlor-dsc01-overlay" IN identifiers'
    t =  1607.86s Checking existence of `Alert (First Match)`
    t =  1607.92s Checking existence of `Keyboard (First Match)`
    t =  1608.00s Checking existence of `"l08-home-legacy" Any`
    t =  1608.19s Find the "l08-home-legacy" Any
    t =  1608.42s Checking existence of `"l08-home-list" Any`
    t =  1608.56s Find the "l08-home-list" Any
    t =  1608.65s Checking existence of `"parlor-dsc01-overlay" Any`
    t =  1608.67s Find the "l08-home-legacy" Button
    t =  1608.84s Find the "l08-home-list" Other
    t =  1609.02s Find the Target Application 'com.parlor.app.debug'
    t =  1609.04s Find the "parlor-dsc01-overlay" Any
    t =  1609.06s Find the "l08-home-legacy" Button
    t =  1609.21s Find the "l08-home-list" Other
PARLOR_L08_HOME_ACTIVATION {"attempt":0,"counters":{},"counters_valid":false,"frames":[[24,546.33331298828125,354,96],[0,0,402,769.66668701171875],[0,0,402,874],[68.666666666666657,134,265,139]],"geometry_valid":true,"identifier":"l08-home-legacy","phase":"geometry","proves_recovery":false,"schema_version":1,"stable_samples":1}
    t =  1609.59s Get number of matches for: Elements matching predicate '"l08-home-legacy" IN identifiers'
    t =  1609.62s Get number of matches for: Elements matching predicate '"l08-home-list" IN identifiers'
    t =  1609.65s Get number of matches for: Elements matching predicate '"parlor-dsc01-overlay" IN identifiers'
    t =  1609.68s Checking existence of `Alert (First Match)`
    t =  1609.78s Checking existence of `Keyboard (First Match)`
    t =  1609.83s Checking existence of `"l08-home-legacy" Any`
    t =  1609.94s Find the "l08-home-legacy" Any
    t =  1610.11s Checking existence of `"l08-home-list" Any`
    t =  1610.24s Find the "l08-home-list" Any
    t =  1610.34s Checking existence of `"parlor-dsc01-overlay" Any`
    t =  1610.38s Find the "l08-home-legacy" Button
    t =  1610.49s Find the "l08-home-list" Other
    t =  1610.60s Find the Target Application 'com.parlor.app.debug'
    t =  1610.61s Find the "parlor-dsc01-overlay" Any
    t =  1610.63s Find the "l08-home-legacy" Button
    t =  1610.76s Find the "l08-home-list" Other
PARLOR_L08_HOME_ACTIVATION {"attempt":1,"counters":{},"counters_valid":false,"frames":[[24,546.33331298828125,354,96],[0,0,402,769.66668701171875],[0,0,402,874],[68.666666666666657,134,265,139]],"geometry_valid":true,"identifier":"l08-home-legacy","phase":"geometry","proves_recovery":false,"schema_version":1,"stable_samples":2}
    t =  1611.14s Get number of matches for: Elements matching predicate '"l08-home-legacy" IN identifiers'
    t =  1611.17s Get number of matches for: Elements matching predicate '"l08-home-list" IN identifiers'
    t =  1611.19s Get number of matches for: Elements matching predicate '"parlor-dsc01-overlay" IN identifiers'
    t =  1611.22s Checking existence of `Alert (First Match)`
    t =  1611.30s Checking existence of `Keyboard (First Match)`
    t =  1611.35s Checking existence of `"l08-home-legacy" Any`
    t =  1611.54s Find the "l08-home-legacy" Any
    t =  1611.70s Checking existence of `"l08-home-list" Any`
    t =  1611.83s Find the "l08-home-list" Any
    t =  1611.95s Checking existence of `"parlor-dsc01-overlay" Any`
    t =  1611.97s Find the "l08-home-legacy" Button
    t =  1612.10s Find the "l08-home-list" Other
    t =  1612.21s Find the Target Application 'com.parlor.app.debug'
    t =  1612.22s Find the "parlor-dsc01-overlay" Any
    t =  1612.24s Find the "l08-home-legacy" Button
    t =  1612.40s Find the "l08-home-list" Other
PARLOR_L08_HOME_ACTIVATION {"attempt":2,"counters":{},"counters_valid":false,"frames":[[24,546.33331298828125,354,96],[0,0,402,769.66668701171875],[0,0,402,874],[68.666666666666657,134,265,139]],"geometry_valid":true,"identifier":"l08-home-legacy","phase":"geometry","proves_recovery":false,"schema_version":1,"stable_samples":3}
    t =  1612.81s Get number of matches for: Elements matching predicate '"l08-home-legacy" IN identifiers'
    t =  1612.84s Get number of matches for: Elements matching predicate '"l08-home-list" IN identifiers'
    t =  1612.86s Get number of matches for: Elements matching predicate '"parlor-dsc01-overlay" IN identifiers'
    t =  1612.89s Checking existence of `Alert (First Match)`
    t =  1613.02s Checking existence of `Keyboard (First Match)`
    t =  1613.09s Checking existence of `"l08-home-legacy" Any`
    t =  1613.30s Find the "l08-home-legacy" Any
    t =  1613.48s Checking existence of `"l08-home-list" Any`
    t =  1613.60s Find the "l08-home-list" Any
    t =  1613.71s Checking existence of `"parlor-dsc01-overlay" Any`
    t =  1613.74s Find the "l08-home-legacy" Button
    t =  1613.91s Find the "l08-home-list" Other
    t =  1614.10s Find the Target Application 'com.parlor.app.debug'
    t =  1614.12s Find the "parlor-dsc01-overlay" Any
    t =  1614.15s Find the "l08-home-legacy" Button
    t =  1614.38s Find the "l08-home-list" Other
PARLOR_L08_HOME_ACTIVATION {"attempt":3,"counters":{},"counters_valid":false,"frames":[[24,546.33331298828125,354,96],[0,0,402,769.66668701171875],[0,0,402,874],[68.666666666666657,134,265,139]],"geometry_valid":true,"identifier":"l08-home-legacy","phase":"geometry","proves_recovery":false,"schema_version":1,"stable_samples":4}
    t =  1614.83s Get number of matches for: Elements matching predicate '"l08-home-legacy" IN identifiers'
    t =  1614.87s Get number of matches for: Elements matching predicate '"l08-home-list" IN identifiers'
    t =  1614.90s Get number of matches for: Elements matching predicate '"parlor-dsc01-overlay" IN identifiers'
    t =  1614.93s Checking existence of `Alert (First Match)`
    t =  1615.07s Checking existence of `Keyboard (First Match)`
    t =  1615.18s Checking existence of `"l08-home-legacy" Any`
    t =  1615.37s Find the "l08-home-legacy" Any
    t =  1615.55s Checking existence of `"l08-home-list" Any`
    t =  1615.72s Find the "l08-home-list" Any
    t =  1615.89s Checking existence of `"parlor-dsc01-overlay" Any`
    t =  1615.92s Find the "l08-home-legacy" Button
    t =  1616.04s Find the "l08-home-list" Other
    t =  1616.18s Find the Target Application 'com.parlor.app.debug'
    t =  1616.21s Find the "parlor-dsc01-overlay" Any
    t =  1616.23s Find the "l08-home-legacy" Button
    t =  1616.37s Find the "l08-home-list" Other
PARLOR_L08_HOME_ACTIVATION {"attempt":4,"counters":{},"counters_valid":false,"frames":[[24,546.33331298828125,354,96],[0,0,402,769.66668701171875],[0,0,402,874],[68.666666666666657,134,265,139]],"geometry_valid":true,"identifier":"l08-home-legacy","phase":"geometry","proves_recovery":false,"schema_version":1,"stable_samples":5}
    t =  1616.78s Get number of matches for: Elements matching predicate '"l08-home-legacy" IN identifiers'
    t =  1616.82s Get number of matches for: Elements matching predicate '"l08-home-list" IN identifiers'
    t =  1616.85s Get number of matches for: Elements matching predicate '"parlor-dsc01-overlay" IN identifiers'
    t =  1616.87s Checking existence of `Alert (First Match)`
    t =  1616.95s Checking existence of `Keyboard (First Match)`
    t =  1617.02s Checking existence of `"l08-home-legacy" Any`
    t =  1617.19s Find the "l08-home-legacy" Any
    t =  1617.34s Checking existence of `"l08-home-list" Any`
    t =  1617.44s Find the "l08-home-list" Any
    t =  1617.53s Checking existence of `"parlor-dsc01-overlay" Any`
    t =  1617.54s Find the "l08-home-legacy" Button
    t =  1617.66s Find the "l08-home-list" Other
    t =  1617.80s Find the Target Application 'com.parlor.app.debug'
    t =  1617.83s Find the "parlor-dsc01-overlay" Any
    t =  1617.86s Find the "l08-home-legacy" Button
    t =  1618.01s Find the "l08-home-list" Other
PARLOR_L08_HOME_ACTIVATION {"attempt":5,"counters":{},"counters_valid":false,"frames":[[24,546.33331298828125,354,96],[0,0,402,769.66668701171875],[0,0,402,874],[68.666666666666657,134,265,139]],"geometry_valid":true,"identifier":"l08-home-legacy","phase":"geometry","proves_recovery":false,"schema_version":1,"stable_samples":6}
    t =  1618.16s Get number of matches for: Elements matching predicate '"l08-home-legacy" IN identifiers'
    t =  1618.19s Get number of matches for: Elements matching predicate '"l08-home-list" IN identifiers'
    t =  1618.21s Get number of matches for: Elements matching predicate '"parlor-dsc01-overlay" IN identifiers'
    t =  1618.25s Checking existence of `Alert (First Match)`
    t =  1618.37s Checking existence of `Keyboard (First Match)`
    t =  1618.48s Checking existence of `"l08-home-legacy" Any`
    t =  1618.66s Find the "l08-home-legacy" Any
    t =  1618.81s Checking existence of `"l08-home-list" Any`
    t =  1618.93s Find the "l08-home-list" Any
    t =  1619.08s Checking existence of `"parlor-dsc01-overlay" Any`
    t =  1619.13s Find the "l08-home-legacy" Button
    t =  1619.33s Find the "l08-home-list" Other
    t =  1619.46s Find the Target Application 'com.parlor.app.debug'
    t =  1619.49s Find the "parlor-dsc01-overlay" Any
    t =  1619.52s Find the "l08-home-legacy" Button
    t =  1619.69s Find the "l08-home-list" Other
PARLOR_L08_HOME_ACTIVATION {"attempt":0,"counters":{},"counters_valid":false,"frames":[[24,546.33331298828125,354,96],[0,0,402,769.66668701171875],[0,0,402,874],[68.666666666666657,134,265,139]],"geometry_valid":true,"identifier":"l08-home-legacy","phase":"before-tap","proves_recovery":false,"schema_version":1,"stable_samples":0}
    t =  1619.84s Find the "l08-home-legacy" Any
    t =  1620.02s Find the "l08-home-legacy" Button
    t =  1620.16s Find the "l08-home-legacy" Button
    t =  1620.32s Tap "l08-home-legacy" Button
    t =  1620.32s     Wait for com.parlor.app.debug to idle
    t =  1620.33s     Find the "l08-home-legacy" Button
    t =  1620.49s     Check for interrupting elements affecting "l08-home-legacy" Button
    t =  1620.55s     Synthesize event
    t =  1620.86s     Wait for com.parlor.app.debug to idle
    t =  1620.97s Waiting 15.0s for "l08-ui-observe" Any to exist
    t =  1621.99s     Checking `Expect predicate `existsNoRetry == 1` for object "l08-ui-observe" Any`
    t =  1621.99s         Checking existence of `"l08-ui-observe" Any`
    t =  1622.07s Get number of matches for: Elements matching predicate '"l08-ui-observe" IN identifiers'
    t =  1623.13s Checking existence of `"l08-ui-observe" Any`
    t =  1623.20s Find the "l08-ui-observe" Any
    t =  1623.29s Find the "l08-ui-observe" Button
    t =  1623.38s Tap "l08-ui-observe" Button
    t =  1623.38s     Wait for com.parlor.app.debug to idle
    t =  1623.38s     Find the "l08-ui-observe" Button
    t =  1623.47s     Check for interrupting elements affecting "l08-ui-observe" Button
    t =  1623.51s     Synthesize event
    t =  1623.81s     Wait for com.parlor.app.debug to idle
    t =  1623.81s Get number of matches for: Elements matching predicate '"l08-ui-result" IN identifiers'
    t =  1623.84s Find the "l08-ui-result" StaticText
PARLOR_L08_HOME_ACTIVATION {"attempt":0,"counters":{"discard_taps":0,"recovery_shows":0,"resume_taps":1,"retry_taps":0},"counters_valid":true,"frames":[],"geometry_valid":false,"identifier":"l08-home-legacy","phase":"after-tap","proves_recovery":false,"schema_version":1,"stable_samples":0}
    t =  1623.90s Checking existence of `Alert (First Match)`
    t =  1624.02s Waiting 15.0s for "l08-functional-action-continue" Any to exist
    t =  1625.04s     Checking `Expect predicate `existsNoRetry == 1` for object "l08-functional-action-continue" Any`
    t =  1625.04s         Checking existence of `"l08-functional-action-continue" Any`
    t =  1625.10s Get number of matches for: Elements matching predicate '"l08-functional-action-continue" IN identifiers'
    t =  1626.18s Checking existence of `"l08-functional-action-continue" Any`
    t =  1626.29s Find the "l08-functional-action-continue" Any
    t =  1626.39s Find the "l08-functional-action-continue" Button
    t =  1626.48s Tap "l08-functional-action-continue" Button
    t =  1626.48s     Wait for com.parlor.app.debug to idle
    t =  1626.49s     Find the "l08-functional-action-continue" Button
    t =  1626.56s     Check for interrupting elements affecting "l08-functional-action-continue" Button
    t =  1626.61s     Synthesize event
    t =  1626.94s     Wait for com.parlor.app.debug to idle
    t =  1627.12s Waiting 10.0s for "l08-storage-functional-result" StaticText to exist
    t =  1628.15s     Checking `Expect predicate `existsNoRetry == 1` for object "l08-storage-functional-result" StaticText`
    t =  1628.15s         Checking existence of `"l08-storage-functional-result" StaticText`
    t =  1629.24s Find the "l08-storage-functional-result" StaticText
    t =  1629.28s Find the "l08-storage-functional-result" StaticText
    t =  1629.34s Checking existence of `Alert (First Match)`
    t =  1629.53s Checking existence of `Alert (First Match)`
PARLOR_L08_STORAGE_FUNCTIONAL_BOOT {"actions":["legacy-load","continue"],"alert_present":false,"boot_ordinal":10,"foreground":true,"process_boot":"95BD43CC-C754-45FA-B13F-208068606968","run_token":"217002BD-D169-40FC-8138-AB4831656E8D","schema_version":1}
    t =  1629.73s Terminate com.parlor.app.debug:89529
    t =  1630.73s Wait for com.parlor.app.debug to become Not Running
    t =  1630.74s Open com.parlor.app.debug
    t =  1630.74s     Launch com.parlor.app.debug
    t =  1631.24s         Setting up automation session
    t =  1633.25s         Wait for com.parlor.app.debug to idle
    t =  1635.13s Wait for com.parlor.app.debug to become Running Foreground
    t =  1635.13s Waiting 30.0s for "parlor-home-brand" StaticText to exist
    t =  1636.18s     Checking `Expect predicate `existsNoRetry == 1` for object "parlor-home-brand" StaticText`
    t =  1636.18s         Checking existence of `"parlor-home-brand" StaticText`
    t =  1636.32s Waiting 10.0s for "parlor-dsc01-observe" Button to exist
    t =  1637.33s     Checking `Expect predicate `existsNoRetry == 1` for object "parlor-dsc01-observe" Button`
    t =  1637.33s         Checking existence of `"parlor-dsc01-observe" Button`
    t =  1637.38s Checking existence of `Alert (First Match)`
    t =  1637.46s Waiting 10.0s for "parlor-dsc01-state" StaticText to exist
    t =  1638.50s     Checking `Expect predicate `existsNoRetry == 1` for object "parlor-dsc01-state" StaticText`
    t =  1638.50s         Checking existence of `"parlor-dsc01-state" StaticText`
    t =  1638.55s Find the "parlor-dsc01-state" StaticText
    t =  1638.59s Tap "parlor-dsc01-observe" Button
    t =  1638.59s     Wait for com.parlor.app.debug to idle
    t =  1638.59s     Find the "parlor-dsc01-observe" Button
    t =  1638.62s     Check for interrupting elements affecting "parlor-dsc01-observe" Button
    t =  1638.69s     Synthesize event
    t =  1639.00s     Wait for com.parlor.app.debug to idle
    t =  1640.01s Find the "parlor-dsc01-state" StaticText
    t =  1640.04s Waiting 10.0s for "parlor-dsc01-state" StaticText to exist
    t =  1641.04s     Checking `Expect predicate `existsNoRetry == 1` for object "parlor-dsc01-state" StaticText`
    t =  1641.04s         Checking existence of `"parlor-dsc01-state" StaticText`
    t =  1641.07s Find the "parlor-dsc01-state" StaticText
    t =  1641.12s Waiting 10.0s for "parlor-dsc01-state" StaticText to exist
    t =  1642.14s     Checking `Expect predicate `existsNoRetry == 1` for object "parlor-dsc01-state" StaticText`
    t =  1642.14s         Checking existence of `"parlor-dsc01-state" StaticText`
    t =  1642.17s Find the "parlor-dsc01-state" StaticText
    t =  1642.21s Tap "parlor-dsc01-observe" Button
    t =  1642.21s     Wait for com.parlor.app.debug to idle
    t =  1642.22s     Find the "parlor-dsc01-observe" Button
    t =  1642.26s     Check for interrupting elements affecting "parlor-dsc01-observe" Button
    t =  1642.30s     Synthesize event
    t =  1642.62s     Wait for com.parlor.app.debug to idle
    t =  1643.67s Find the "parlor-dsc01-state" StaticText
    t =  1643.69s Waiting 10.0s for "parlor-dsc01-state" StaticText to exist
    t =  1644.72s     Checking `Expect predicate `existsNoRetry == 1` for object "parlor-dsc01-state" StaticText`
    t =  1644.72s         Checking existence of `"parlor-dsc01-state" StaticText`
    t =  1644.74s Find the "parlor-dsc01-state" StaticText
    t =  1644.77s Waiting 15.0s for "l08-functional-action-legacy-neighbor" Any to exist
    t =  1645.78s     Checking `Expect predicate `existsNoRetry == 1` for object "l08-functional-action-legacy-neighbor" Any`
    t =  1645.78s         Checking existence of `"l08-functional-action-legacy-neighbor" Any`
    t =  1645.83s Get number of matches for: Elements matching predicate '"l08-functional-action-legacy-neighbor" IN identifiers'
    t =  1646.88s Checking existence of `"l08-functional-action-legacy-neighbor" Any`
    t =  1646.98s Find the "l08-functional-action-legacy-neighbor" Any
    t =  1647.08s Find the "l08-functional-action-legacy-neighbor" Button
    t =  1647.21s Tap "l08-functional-action-legacy-neighbor" Button
    t =  1647.21s     Wait for com.parlor.app.debug to idle
    t =  1647.21s     Find the "l08-functional-action-legacy-neighbor" Button
    t =  1647.28s     Check for interrupting elements affecting "l08-functional-action-legacy-neighbor" Button
    t =  1647.36s     Synthesize event
    t =  1647.66s     Wait for com.parlor.app.debug to idle
    t =  1647.70s Waiting 10.0s for "l08-storage-functional-result" StaticText to exist
    t =  1648.73s     Checking `Expect predicate `existsNoRetry == 1` for object "l08-storage-functional-result" StaticText`
    t =  1648.73s         Checking existence of `"l08-storage-functional-result" StaticText`
    t =  1649.79s Find the "l08-storage-functional-result" StaticText
    t =  1649.83s Find the "l08-storage-functional-result" StaticText
    t =  1649.89s Checking existence of `Alert (First Match)`
    t =  1650.13s Waiting 15.0s for "l08-home-list" Any to exist
    t =  1651.16s     Checking `Expect predicate `existsNoRetry == 1` for object "l08-home-list" Any`
    t =  1651.16s         Checking existence of `"l08-home-list" Any`
    t =  1651.35s Get number of matches for: Elements matching predicate '"l08-home-list" IN identifiers'
    t =  1651.39s Get number of matches for: Elements matching predicate '"l08-home-damaged" IN identifiers'
    t =  1651.41s Get number of matches for: Elements matching predicate '"l08-home-list" IN identifiers'
    t =  1651.44s Get number of matches for: Elements matching predicate '"parlor-dsc01-overlay" IN identifiers'
    t =  1651.46s Checking existence of `Alert (First Match)`
    t =  1651.56s Checking existence of `Keyboard (First Match)`
    t =  1651.70s Checking existence of `"l08-home-list" Any`
    t =  1651.88s Find the "l08-home-list" Any
    t =  1652.10s Checking existence of `"parlor-dsc01-overlay" Any`
    t =  1652.15s Checking existence of `"l08-home-damaged" Any`
    t =  1652.37s Find the "l08-home-damaged" Any
    t =  1652.64s Find the "l08-home-damaged" Any
    t =  1652.94s Find the "l08-home-list" Any
    t =  1653.17s Find the Target Application 'com.parlor.app.debug'
    t =  1653.19s Find the "parlor-dsc01-overlay" Any
    t =  1653.23s Get number of matches for: Elements matching predicate '"l08-home-damaged" IN identifiers'
    t =  1653.26s Get number of matches for: Elements matching predicate '"l08-home-list" IN identifiers'
    t =  1653.28s Get number of matches for: Elements matching predicate '"parlor-dsc01-overlay" IN identifiers'
    t =  1653.32s Checking existence of `Alert (First Match)`
    t =  1653.45s Checking existence of `Keyboard (First Match)`
    t =  1653.61s Checking existence of `"l08-home-damaged" Any`
    t =  1653.85s Find the "l08-home-damaged" Any
    t =  1654.11s Checking existence of `"l08-home-list" Any`
    t =  1654.32s Find the "l08-home-list" Any
    t =  1654.56s Checking existence of `"parlor-dsc01-overlay" Any`
    t =  1654.61s Find the "l08-home-damaged" Button
    t =  1654.83s Find the "l08-home-list" Other
    t =  1655.16s Find the Target Application 'com.parlor.app.debug'
    t =  1655.19s Find the "parlor-dsc01-overlay" Any
    t =  1655.26s Find the "l08-home-damaged" Button
    t =  1655.59s Find the "l08-home-list" Other
PARLOR_L08_HOME_SCROLL {"attempt":0,"direction":"ready","frames":[[24,671.66668701171875,354,96],[0,0,402,769.66668701171875],[0,0,402,874],[68.666666666666657,134,265,139]],"identifier":"l08-home-damaged","list_count":1,"overlay_count":1,"proves_recovery":false,"sample":0,"schema_version":1,"stable_samples":1,"target_count":1,"target_seen":true}
    t =  1655.99s Get number of matches for: Elements matching predicate '"l08-home-damaged" IN identifiers'
    t =  1656.02s Get number of matches for: Elements matching predicate '"l08-home-list" IN identifiers'
    t =  1656.06s Get number of matches for: Elements matching predicate '"parlor-dsc01-overlay" IN identifiers'
    t =  1656.08s Checking existence of `Alert (First Match)`
    t =  1656.20s Checking existence of `Keyboard (First Match)`
    t =  1656.31s Checking existence of `"l08-home-list" Any`
    t =  1656.53s Find the "l08-home-list" Any
    t =  1656.70s Checking existence of `"parlor-dsc01-overlay" Any`
    t =  1656.72s Checking existence of `"l08-home-damaged" Any`
    t =  1656.90s Find the "l08-home-damaged" Any
    t =  1657.08s Find the "l08-home-damaged" Any
    t =  1657.29s Find the "l08-home-list" Any
    t =  1657.46s Find the Target Application 'com.parlor.app.debug'
    t =  1657.48s Find the "parlor-dsc01-overlay" Any
    t =  1657.51s Get number of matches for: Elements matching predicate '"l08-home-damaged" IN identifiers'
    t =  1657.54s Get number of matches for: Elements matching predicate '"l08-home-list" IN identifiers'
    t =  1657.56s Get number of matches for: Elements matching predicate '"parlor-dsc01-overlay" IN identifiers'
    t =  1657.59s Checking existence of `Alert (First Match)`
    t =  1657.67s Checking existence of `Keyboard (First Match)`
    t =  1657.75s Checking existence of `"l08-home-damaged" Any`
    t =  1657.98s Find the "l08-home-damaged" Any
    t =  1658.19s Checking existence of `"l08-home-list" Any`
    t =  1658.38s Find the "l08-home-list" Any
    t =  1658.54s Checking existence of `"parlor-dsc01-overlay" Any`
    t =  1658.55s Find the "l08-home-damaged" Button
    t =  1658.81s Find the "l08-home-list" Other
    t =  1658.99s Find the Target Application 'com.parlor.app.debug'
    t =  1659.03s Find the "parlor-dsc01-overlay" Any
    t =  1659.05s Find the "l08-home-damaged" Button
    t =  1659.30s Find the "l08-home-list" Other
PARLOR_L08_HOME_SCROLL {"attempt":0,"direction":"ready","frames":[[24,671.66668701171875,354,96],[0,0,402,769.66668701171875],[0,0,402,874],[68.666666666666657,134,265,139]],"identifier":"l08-home-damaged","list_count":1,"overlay_count":1,"proves_recovery":false,"sample":1,"schema_version":1,"stable_samples":2,"target_count":1,"target_seen":true}
    t =  1659.69s Get number of matches for: Elements matching predicate '"l08-home-damaged" IN identifiers'
    t =  1659.73s Get number of matches for: Elements matching predicate '"l08-home-list" IN identifiers'
    t =  1659.76s Get number of matches for: Elements matching predicate '"parlor-dsc01-overlay" IN identifiers'
    t =  1659.79s Checking existence of `Alert (First Match)`
    t =  1659.91s Checking existence of `Keyboard (First Match)`
    t =  1660.00s Checking existence of `"l08-home-list" Any`
    t =  1660.15s Find the "l08-home-list" Any
    t =  1660.44s Checking existence of `"parlor-dsc01-overlay" Any`
    t =  1660.46s Checking existence of `"l08-home-damaged" Any`
    t =  1660.74s Find the "l08-home-damaged" Any
    t =  1660.95s Find the "l08-home-damaged" Any
    t =  1661.14s Find the "l08-home-list" Any
    t =  1661.30s Find the Target Application 'com.parlor.app.debug'
    t =  1661.32s Find the "parlor-dsc01-overlay" Any
    t =  1661.36s Get number of matches for: Elements matching predicate '"l08-home-damaged" IN identifiers'
    t =  1661.40s Get number of matches for: Elements matching predicate '"l08-home-list" IN identifiers'
    t =  1661.45s Get number of matches for: Elements matching predicate '"parlor-dsc01-overlay" IN identifiers'
    t =  1661.47s Checking existence of `Alert (First Match)`
    t =  1661.58s Checking existence of `Keyboard (First Match)`
    t =  1661.72s Checking existence of `"l08-home-damaged" Any`
    t =  1661.93s Find the "l08-home-damaged" Any
    t =  1662.14s Checking existence of `"l08-home-list" Any`
    t =  1662.30s Find the "l08-home-list" Any
    t =  1662.47s Checking existence of `"parlor-dsc01-overlay" Any`
    t =  1662.51s Find the "l08-home-damaged" Button
    t =  1662.73s Find the "l08-home-list" Other
    t =  1662.90s Find the Target Application 'com.parlor.app.debug'
    t =  1662.93s Find the "parlor-dsc01-overlay" Any
    t =  1662.96s Find the "l08-home-damaged" Button
    t =  1663.14s Find the "l08-home-list" Other
PARLOR_L08_HOME_SCROLL {"attempt":0,"direction":"ready","frames":[[24,671.66668701171875,354,96],[0,0,402,769.66668701171875],[0,0,402,874],[68.666666666666657,134,265,139]],"identifier":"l08-home-damaged","list_count":1,"overlay_count":1,"proves_recovery":false,"sample":2,"schema_version":1,"stable_samples":3,"target_count":1,"target_seen":true}
    t =  1663.63s Get number of matches for: Elements matching predicate '"l08-home-damaged" IN identifiers'
    t =  1663.65s Get number of matches for: Elements matching predicate '"l08-home-list" IN identifiers'
    t =  1663.69s Get number of matches for: Elements matching predicate '"parlor-dsc01-overlay" IN identifiers'
    t =  1663.71s Checking existence of `Alert (First Match)`
    t =  1663.81s Checking existence of `Keyboard (First Match)`
    t =  1663.93s Checking existence of `"l08-home-list" Any`
    t =  1664.12s Find the "l08-home-list" Any
    t =  1664.32s Checking existence of `"parlor-dsc01-overlay" Any`
    t =  1664.35s Checking existence of `"l08-home-damaged" Any`
    t =  1664.55s Find the "l08-home-damaged" Any
    t =  1664.77s Find the "l08-home-damaged" Any
    t =  1664.99s Find the "l08-home-list" Any
    t =  1665.22s Find the Target Application 'com.parlor.app.debug'
    t =  1665.25s Find the "parlor-dsc01-overlay" Any
    t =  1665.30s Get number of matches for: Elements matching predicate '"l08-home-damaged" IN identifiers'
    t =  1665.33s Get number of matches for: Elements matching predicate '"l08-home-list" IN identifiers'
    t =  1665.37s Get number of matches for: Elements matching predicate '"parlor-dsc01-overlay" IN identifiers'
    t =  1665.41s Checking existence of `Alert (First Match)`
    t =  1665.54s Checking existence of `Keyboard (First Match)`
    t =  1665.76s Checking existence of `"l08-home-damaged" Any`
    t =  1665.98s Find the "l08-home-damaged" Any
    t =  1666.26s Checking existence of `"l08-home-list" Any`
    t =  1666.51s Find the "l08-home-list" Any
    t =  1666.72s Checking existence of `"parlor-dsc01-overlay" Any`
    t =  1666.76s Find the "l08-home-damaged" Button
    t =  1667.06s Find the "l08-home-list" Other
    t =  1667.30s Find the Target Application 'com.parlor.app.debug'
    t =  1667.31s Find the "parlor-dsc01-overlay" Any
    t =  1667.36s Find the "l08-home-damaged" Button
    t =  1667.63s Find the "l08-home-list" Other
PARLOR_L08_HOME_SCROLL {"attempt":0,"direction":"ready","frames":[[24,671.66668701171875,354,96],[0,0,402,769.66668701171875],[0,0,402,874],[68.666666666666657,134,265,139]],"identifier":"l08-home-damaged","list_count":1,"overlay_count":1,"proves_recovery":false,"sample":3,"schema_version":1,"stable_samples":4,"target_count":1,"target_seen":true}
    t =  1668.11s Get number of matches for: Elements matching predicate '"l08-home-damaged" IN identifiers'
    t =  1668.14s Get number of matches for: Elements matching predicate '"l08-home-list" IN identifiers'
    t =  1668.17s Get number of matches for: Elements matching predicate '"parlor-dsc01-overlay" IN identifiers'
    t =  1668.19s Checking existence of `Alert (First Match)`
    t =  1668.28s Checking existence of `Keyboard (First Match)`
    t =  1668.36s Checking existence of `"l08-home-list" Any`
    t =  1668.53s Find the "l08-home-list" Any
    t =  1668.82s Checking existence of `"parlor-dsc01-overlay" Any`
    t =  1668.86s Checking existence of `"l08-home-damaged" Any`
    t =  1669.15s Find the "l08-home-damaged" Any
    t =  1669.44s Find the "l08-home-damaged" Any
    t =  1669.69s Find the "l08-home-list" Any
    t =  1669.96s Find the Target Application 'com.parlor.app.debug'
    t =  1669.99s Find the "parlor-dsc01-overlay" Any
    t =  1670.05s Get number of matches for: Elements matching predicate '"l08-home-damaged" IN identifiers'
    t =  1670.09s Get number of matches for: Elements matching predicate '"l08-home-list" IN identifiers'
    t =  1670.12s Get number of matches for: Elements matching predicate '"parlor-dsc01-overlay" IN identifiers'
    t =  1670.15s Checking existence of `Alert (First Match)`
    t =  1670.39s Checking existence of `Keyboard (First Match)`
    t =  1670.74s Checking existence of `"l08-home-damaged" Any`
    t =  1671.04s Find the "l08-home-damaged" Any
    t =  1671.35s Checking existence of `"l08-home-list" Any`
    t =  1671.73s Find the "l08-home-list" Any
    t =  1671.98s Checking existence of `"parlor-dsc01-overlay" Any`
    t =  1672.01s Find the "l08-home-damaged" Button
    t =  1672.32s Find the "l08-home-list" Other
    t =  1672.60s Find the Target Application 'com.parlor.app.debug'
    t =  1672.62s Find the "parlor-dsc01-overlay" Any
    t =  1672.67s Find the "l08-home-damaged" Button
    t =  1673.08s Find the "l08-home-list" Other
PARLOR_L08_HOME_SCROLL {"attempt":0,"direction":"ready","frames":[[24,671.66668701171875,354,96],[0,0,402,769.66668701171875],[0,0,402,874],[68.666666666666657,134,265,139]],"identifier":"l08-home-damaged","list_count":1,"overlay_count":1,"proves_recovery":false,"sample":4,"schema_version":1,"stable_samples":5,"target_count":1,"target_seen":true}
    t =  1673.68s Get number of matches for: Elements matching predicate '"l08-home-damaged" IN identifiers'
    t =  1673.72s Get number of matches for: Elements matching predicate '"l08-home-list" IN identifiers'
    t =  1673.74s Get number of matches for: Elements matching predicate '"parlor-dsc01-overlay" IN identifiers'
    t =  1673.77s Checking existence of `Alert (First Match)`
    t =  1673.93s Checking existence of `Keyboard (First Match)`
    t =  1674.10s Checking existence of `"l08-home-list" Any`
    t =  1674.48s Find the "l08-home-list" Any
    t =  1674.74s Checking existence of `"parlor-dsc01-overlay" Any`
    t =  1674.80s Checking existence of `"l08-home-damaged" Any`
    t =  1675.14s Find the "l08-home-damaged" Any
    t =  1675.36s Find the "l08-home-damaged" Any
    t =  1675.62s Find the "l08-home-list" Any
    t =  1675.95s Find the Target Application 'com.parlor.app.debug'
    t =  1675.98s Find the "parlor-dsc01-overlay" Any
    t =  1676.01s Get number of matches for: Elements matching predicate '"l08-home-damaged" IN identifiers'
    t =  1676.05s Get number of matches for: Elements matching predicate '"l08-home-list" IN identifiers'
    t =  1676.08s Get number of matches for: Elements matching predicate '"parlor-dsc01-overlay" IN identifiers'
    t =  1676.11s Checking existence of `Alert (First Match)`
    t =  1676.27s Checking existence of `Keyboard (First Match)`
    t =  1676.42s Checking existence of `"l08-home-damaged" Any`
    t =  1676.63s Find the "l08-home-damaged" Any
    t =  1676.87s Checking existence of `"l08-home-list" Any`
    t =  1676.99s Find the "l08-home-list" Any
    t =  1677.16s Checking existence of `"parlor-dsc01-overlay" Any`
    t =  1677.19s Find the "l08-home-damaged" Button
    t =  1677.39s Find the "l08-home-list" Other
    t =  1677.65s Find the Target Application 'com.parlor.app.debug'
    t =  1677.68s Find the "parlor-dsc01-overlay" Any
    t =  1677.74s Find the "l08-home-damaged" Button
    t =  1677.97s Find the "l08-home-list" Other
PARLOR_L08_HOME_SCROLL {"attempt":0,"direction":"ready","frames":[[24,671.66668701171875,354,96],[0,0,402,769.66668701171875],[0,0,402,874],[68.666666666666657,134,265,139]],"identifier":"l08-home-damaged","list_count":1,"overlay_count":1,"proves_recovery":false,"sample":5,"schema_version":1,"stable_samples":6,"target_count":1,"target_seen":true}
    t =  1678.22s Get number of matches for: Elements matching predicate '"l08-home-damaged" IN identifiers'
    t =  1678.24s Checking existence of `"l08-home-damaged" Any`
    t =  1678.45s Find the "l08-home-damaged" Any
    t =  1678.66s Find the "l08-home-damaged" Button
    t =  1678.82s Find the Target Application 'com.parlor.app.debug'
    t =  1678.84s Find the "l08-home-damaged" Button
    t =  1679.11s Get number of matches for: Elements matching predicate '"l08-home-list" IN identifiers'
    t =  1679.16s Checking existence of `"l08-home-list" Any`
    t =  1679.34s Find the "l08-home-list" Any
    t =  1679.53s Find the "l08-home-list" Other
    t =  1679.67s Find the Target Application 'com.parlor.app.debug'
    t =  1679.73s Find the "l08-home-list" Other
    t =  1679.91s Get number of matches for: Elements matching predicate '"parlor-dsc01-overlay" IN identifiers'
    t =  1679.97s Checking existence of `"parlor-dsc01-overlay" Any`
    t =  1680.01s Find the "parlor-dsc01-overlay" Any
    t =  1680.04s Find the "parlor-dsc01-overlay" Other
    t =  1680.10s Find the Target Application 'com.parlor.app.debug'
    t =  1680.12s Find the "parlor-dsc01-overlay" Other
PARLOR_L08_PUBLIC_CONTROL {"attempt":0,"identifier":"l08-home-damaged","list":{"count":1,"enabled":true,"exists":true,"frame":{"height":769.66668701171875,"width":402,"x":0,"y":0},"hittability_queried":true,"hittable":true},"overlay":{"count":1,"enabled":true,"exists":true,"frame":{"height":139,"width":265,"x":68.666666666666657,"y":134},"hittability_queried":true,"hittable":true},"proves_recovery":false,"schema_version":1,"target":{"count":1,"enabled":true,"exists":true,"frame":{"height":96,"width":354,"x":24,"y":671.66668701171875},"hittability_queried":true,"hittable":true}}
    t =  1680.16s Waiting 15.0s for "l08-home-damaged" Any to exist
    t =  1681.20s     Checking `Expect predicate `existsNoRetry == 1` for object "l08-home-damaged" Any`
    t =  1681.20s         Checking existence of `"l08-home-damaged" Any`
    t =  1681.35s Get number of matches for: Elements matching predicate '"l08-home-damaged" IN identifiers'
    t =  1682.43s Get number of matches for: Elements matching predicate '"l08-home-damaged" IN identifiers'
    t =  1682.47s Get number of matches for: Elements matching predicate '"l08-home-list" IN identifiers'
    t =  1682.50s Get number of matches for: Elements matching predicate '"parlor-dsc01-overlay" IN identifiers'
    t =  1682.54s Checking existence of `Alert (First Match)`
    t =  1682.63s Checking existence of `Keyboard (First Match)`
    t =  1682.74s Checking existence of `"l08-home-damaged" Any`
    t =  1682.93s Find the "l08-home-damaged" Any
    t =  1683.20s Checking existence of `"l08-home-list" Any`
    t =  1683.39s Find the "l08-home-list" Any
    t =  1683.58s Checking existence of `"parlor-dsc01-overlay" Any`
    t =  1683.60s Find the "l08-home-damaged" Button
    t =  1683.85s Find the "l08-home-list" Other
    t =  1684.03s Find the Target Application 'com.parlor.app.debug'
    t =  1684.07s Find the "parlor-dsc01-overlay" Any
    t =  1684.12s Find the "l08-home-damaged" Button
    t =  1684.36s Find the "l08-home-list" Other
    t =  1684.55s Get number of matches for: Elements matching predicate '"l08-home-damaged" IN identifiers'
    t =  1684.58s Checking existence of `"l08-home-damaged" Any`
    t =  1684.85s Find the "l08-home-damaged" Any
    t =  1685.15s Find the "l08-home-damaged" Button
    t =  1685.38s Find the Target Application 'com.parlor.app.debug'
    t =  1685.42s Find the "l08-home-damaged" Button
    t =  1685.81s Get number of matches for: Elements matching predicate '"l08-home-list" IN identifiers'
    t =  1685.85s Checking existence of `"l08-home-list" Any`
    t =  1686.30s Find the "l08-home-list" Any
    t =  1686.54s Find the "l08-home-list" Other
    t =  1686.67s Find the Target Application 'com.parlor.app.debug'
    t =  1686.70s Find the "l08-home-list" Other
    t =  1686.85s Get number of matches for: Elements matching predicate '"parlor-dsc01-overlay" IN identifiers'
    t =  1686.89s Checking existence of `"parlor-dsc01-overlay" Any`
    t =  1686.92s Find the "parlor-dsc01-overlay" Any
    t =  1686.95s Find the "parlor-dsc01-overlay" Other
    t =  1687.03s Find the Target Application 'com.parlor.app.debug'
    t =  1687.06s Find the "parlor-dsc01-overlay" Other
PARLOR_L08_PUBLIC_CONTROL {"attempt":8,"identifier":"l08-home-damaged","list":{"count":1,"enabled":true,"exists":true,"frame":{"height":769.66668701171875,"width":402,"x":0,"y":0},"hittability_queried":true,"hittable":true},"overlay":{"count":1,"enabled":true,"exists":true,"frame":{"height":139,"width":265,"x":68.666666666666657,"y":134},"hittability_queried":true,"hittable":true},"proves_recovery":false,"schema_version":1,"target":{"count":1,"enabled":true,"exists":true,"frame":{"height":96,"width":354,"x":24,"y":671.66668701171875},"hittability_queried":true,"hittable":true}}
    t =  1687.10s Get number of matches for: Elements matching predicate '"l08-ui-result" IN identifiers'
    t =  1687.13s Find the "l08-ui-result" StaticText
PARLOR_L08_HOME_ACTIVATION {"attempt":0,"counters":{},"counters_valid":false,"frames":[],"geometry_valid":false,"identifier":"l08-home-damaged","phase":"before-observer","proves_recovery":false,"schema_version":1,"stable_samples":0}
    t =  1687.20s Waiting 15.0s for "l08-ui-observe" Any to exist
    t =  1688.23s     Checking `Expect predicate `existsNoRetry == 1` for object "l08-ui-observe" Any`
    t =  1688.23s         Checking existence of `"l08-ui-observe" Any`
    t =  1688.36s Get number of matches for: Elements matching predicate '"l08-ui-observe" IN identifiers'
    t =  1689.39s Checking existence of `"l08-ui-observe" Any`
    t =  1689.51s Find the "l08-ui-observe" Any
    t =  1689.60s Find the "l08-ui-observe" Button
    t =  1689.69s Tap "l08-ui-observe" Button
    t =  1689.69s     Wait for com.parlor.app.debug to idle
    t =  1689.70s     Find the "l08-ui-observe" Button
    t =  1689.78s     Check for interrupting elements affecting "l08-ui-observe" Button
    t =  1689.84s     Synthesize event
    t =  1690.14s     Wait for com.parlor.app.debug to idle
    t =  1691.18s Get number of matches for: Elements matching predicate '"l08-ui-result" IN identifiers'
    t =  1691.22s Find the "l08-ui-result" StaticText
    t =  1691.31s Get number of matches for: Elements matching predicate '"l08-ui-result" IN identifiers'
    t =  1691.36s Find the "l08-ui-result" StaticText
PARLOR_L08_HOME_ACTIVATION {"attempt":0,"counters":{"discard_taps":0,"recovery_shows":0,"resume_taps":0,"retry_taps":0},"counters_valid":true,"frames":[],"geometry_valid":false,"identifier":"l08-home-damaged","phase":"before-zero","proves_recovery":false,"schema_version":1,"stable_samples":0}
    t =  1691.42s Get number of matches for: Elements matching predicate '"l08-home-damaged" IN identifiers'
    t =  1691.47s Get number of matches for: Elements matching predicate '"l08-home-list" IN identifiers'
    t =  1691.49s Get number of matches for: Elements matching predicate '"parlor-dsc01-overlay" IN identifiers'
    t =  1691.52s Checking existence of `Alert (First Match)`
    t =  1691.64s Checking existence of `Keyboard (First Match)`
    t =  1691.75s Checking existence of `"l08-home-damaged" Any`
    t =  1691.94s Find the "l08-home-damaged" Any
    t =  1692.15s Checking existence of `"l08-home-list" Any`
    t =  1692.32s Find the "l08-home-list" Any
    t =  1692.48s Checking existence of `"parlor-dsc01-overlay" Any`
    t =  1692.50s Find the "l08-home-damaged" Button
    t =  1692.66s Find the "l08-home-list" Other
    t =  1692.81s Find the Target Application 'com.parlor.app.debug'
    t =  1692.83s Find the "parlor-dsc01-overlay" Any
    t =  1692.85s Find the "l08-home-damaged" Button
    t =  1693.06s Find the "l08-home-list" Other
PARLOR_L08_HOME_ACTIVATION {"attempt":0,"counters":{},"counters_valid":false,"frames":[[24,671.66668701171875,354,96],[0,0,402,769.66668701171875],[0,0,402,874],[68.666666666666657,134,265,139]],"geometry_valid":true,"identifier":"l08-home-damaged","phase":"geometry","proves_recovery":false,"schema_version":1,"stable_samples":1}
    t =  1693.49s Get number of matches for: Elements matching predicate '"l08-home-damaged" IN identifiers'
    t =  1693.52s Get number of matches for: Elements matching predicate '"l08-home-list" IN identifiers'
    t =  1693.57s Get number of matches for: Elements matching predicate '"parlor-dsc01-overlay" IN identifiers'
    t =  1693.59s Checking existence of `Alert (First Match)`
    t =  1693.66s Checking existence of `Keyboard (First Match)`
    t =  1693.76s Checking existence of `"l08-home-damaged" Any`
    t =  1693.93s Find the "l08-home-damaged" Any
    t =  1694.09s Checking existence of `"l08-home-list" Any`
    t =  1694.26s Find the "l08-home-list" Any
    t =  1694.37s Checking existence of `"parlor-dsc01-overlay" Any`
    t =  1694.40s Find the "l08-home-damaged" Button
    t =  1694.58s Find the "l08-home-list" Other
    t =  1694.74s Find the Target Application 'com.parlor.app.debug'
    t =  1694.76s Find the "parlor-dsc01-overlay" Any
    t =  1694.79s Find the "l08-home-damaged" Button
    t =  1694.95s Find the "l08-home-list" Other
PARLOR_L08_HOME_ACTIVATION {"attempt":1,"counters":{},"counters_valid":false,"frames":[[24,671.66668701171875,354,96],[0,0,402,769.66668701171875],[0,0,402,874],[68.666666666666657,134,265,139]],"geometry_valid":true,"identifier":"l08-home-damaged","phase":"geometry","proves_recovery":false,"schema_version":1,"stable_samples":2}
    t =  1695.38s Get number of matches for: Elements matching predicate '"l08-home-damaged" IN identifiers'
    t =  1695.41s Get number of matches for: Elements matching predicate '"l08-home-list" IN identifiers'
    t =  1695.44s Get number of matches for: Elements matching predicate '"parlor-dsc01-overlay" IN identifiers'
    t =  1695.48s Checking existence of `Alert (First Match)`
    t =  1695.56s Checking existence of `Keyboard (First Match)`
    t =  1695.66s Checking existence of `"l08-home-damaged" Any`
    t =  1695.84s Find the "l08-home-damaged" Any
    t =  1696.01s Checking existence of `"l08-home-list" Any`
    t =  1696.14s Find the "l08-home-list" Any
    t =  1696.25s Checking existence of `"parlor-dsc01-overlay" Any`
    t =  1696.30s Find the "l08-home-damaged" Button
    t =  1696.60s Find the "l08-home-list" Other
    t =  1696.75s Find the Target Application 'com.parlor.app.debug'
    t =  1696.77s Find the "parlor-dsc01-overlay" Any
    t =  1696.82s Find the "l08-home-damaged" Button
    t =  1697.01s Find the "l08-home-list" Other
PARLOR_L08_HOME_ACTIVATION {"attempt":2,"counters":{},"counters_valid":false,"frames":[[24,671.66668701171875,354,96],[0,0,402,769.66668701171875],[0,0,402,874],[68.666666666666657,134,265,139]],"geometry_valid":true,"identifier":"l08-home-damaged","phase":"geometry","proves_recovery":false,"schema_version":1,"stable_samples":3}
    t =  1697.44s Get number of matches for: Elements matching predicate '"l08-home-damaged" IN identifiers'
    t =  1697.48s Get number of matches for: Elements matching predicate '"l08-home-list" IN identifiers'
    t =  1697.51s Get number of matches for: Elements matching predicate '"parlor-dsc01-overlay" IN identifiers'
    t =  1697.55s Checking existence of `Alert (First Match)`
    t =  1697.64s Checking existence of `Keyboard (First Match)`
    t =  1697.75s Checking existence of `"l08-home-damaged" Any`
    t =  1697.95s Find the "l08-home-damaged" Any
    t =  1698.15s Checking existence of `"l08-home-list" Any`
    t =  1698.35s Find the "l08-home-list" Any
    t =  1698.61s Checking existence of `"parlor-dsc01-overlay" Any`
    t =  1698.63s Find the "l08-home-damaged" Button
    t =  1698.81s Find the "l08-home-list" Other
    t =  1698.93s Find the Target Application 'com.parlor.app.debug'
    t =  1698.95s Find the "parlor-dsc01-overlay" Any
    t =  1698.97s Find the "l08-home-damaged" Button
    t =  1699.13s Find the "l08-home-list" Other
PARLOR_L08_HOME_ACTIVATION {"attempt":3,"counters":{},"counters_valid":false,"frames":[[24,671.66668701171875,354,96],[0,0,402,769.66668701171875],[0,0,402,874],[68.666666666666657,134,265,139]],"geometry_valid":true,"identifier":"l08-home-damaged","phase":"geometry","proves_recovery":false,"schema_version":1,"stable_samples":4}
    t =  1699.54s Get number of matches for: Elements matching predicate '"l08-home-damaged" IN identifiers'
    t =  1699.57s Get number of matches for: Elements matching predicate '"l08-home-list" IN identifiers'
    t =  1699.60s Get number of matches for: Elements matching predicate '"parlor-dsc01-overlay" IN identifiers'
    t =  1699.63s Checking existence of `Alert (First Match)`
    t =  1699.74s Checking existence of `Keyboard (First Match)`
    t =  1699.84s Checking existence of `"l08-home-damaged" Any`
    t =  1700.01s Find the "l08-home-damaged" Any
    t =  1700.20s Checking existence of `"l08-home-list" Any`
    t =  1700.33s Find the "l08-home-list" Any
    t =  1700.47s Checking existence of `"parlor-dsc01-overlay" Any`
    t =  1700.48s Find the "l08-home-damaged" Button
    t =  1700.65s Find the "l08-home-list" Other
    t =  1700.82s Find the Target Application 'com.parlor.app.debug'
    t =  1700.84s Find the "parlor-dsc01-overlay" Any
    t =  1700.86s Find the "l08-home-damaged" Button
    t =  1701.03s Find the "l08-home-list" Other
PARLOR_L08_HOME_ACTIVATION {"attempt":4,"counters":{},"counters_valid":false,"frames":[[24,671.66668701171875,354,96],[0,0,402,769.66668701171875],[0,0,402,874],[68.666666666666657,134,265,139]],"geometry_valid":true,"identifier":"l08-home-damaged","phase":"geometry","proves_recovery":false,"schema_version":1,"stable_samples":5}
    t =  1701.49s Get number of matches for: Elements matching predicate '"l08-home-damaged" IN identifiers'
    t =  1701.52s Get number of matches for: Elements matching predicate '"l08-home-list" IN identifiers'
    t =  1701.55s Get number of matches for: Elements matching predicate '"parlor-dsc01-overlay" IN identifiers'
    t =  1701.58s Checking existence of `Alert (First Match)`
    t =  1701.69s Checking existence of `Keyboard (First Match)`
    t =  1701.81s Checking existence of `"l08-home-damaged" Any`
    t =  1701.98s Find the "l08-home-damaged" Any
    t =  1702.18s Checking existence of `"l08-home-list" Any`
    t =  1702.36s Find the "l08-home-list" Any
    t =  1702.59s Checking existence of `"parlor-dsc01-overlay" Any`
    t =  1702.61s Find the "l08-home-damaged" Button
    t =  1702.85s Find the "l08-home-list" Other
    t =  1703.01s Find the Target Application 'com.parlor.app.debug'
    t =  1703.05s Find the "parlor-dsc01-overlay" Any
    t =  1703.08s Find the "l08-home-damaged" Button
    t =  1703.32s Find the "l08-home-list" Other
PARLOR_L08_HOME_ACTIVATION {"attempt":5,"counters":{},"counters_valid":false,"frames":[[24,671.66668701171875,354,96],[0,0,402,769.66668701171875],[0,0,402,874],[68.666666666666657,134,265,139]],"geometry_valid":true,"identifier":"l08-home-damaged","phase":"geometry","proves_recovery":false,"schema_version":1,"stable_samples":6}
    t =  1703.55s Get number of matches for: Elements matching predicate '"l08-home-damaged" IN identifiers'
    t =  1703.58s Get number of matches for: Elements matching predicate '"l08-home-list" IN identifiers'
    t =  1703.61s Get number of matches for: Elements matching predicate '"parlor-dsc01-overlay" IN identifiers'
    t =  1703.65s Checking existence of `Alert (First Match)`
    t =  1703.73s Checking existence of `Keyboard (First Match)`
    t =  1703.84s Checking existence of `"l08-home-damaged" Any`
    t =  1704.04s Find the "l08-home-damaged" Any
    t =  1704.27s Checking existence of `"l08-home-list" Any`
    t =  1704.55s Find the "l08-home-list" Any
    t =  1704.70s Checking existence of `"parlor-dsc01-overlay" Any`
    t =  1704.72s Find the "l08-home-damaged" Button
    t =  1704.98s Find the "l08-home-list" Other
    t =  1705.20s Find the Target Application 'com.parlor.app.debug'
    t =  1705.24s Find the "parlor-dsc01-overlay" Any
    t =  1705.30s Find the "l08-home-damaged" Button
    t =  1705.57s Find the "l08-home-list" Other
PARLOR_L08_HOME_ACTIVATION {"attempt":0,"counters":{},"counters_valid":false,"frames":[[24,671.66668701171875,354,96],[0,0,402,769.66668701171875],[0,0,402,874],[68.666666666666657,134,265,139]],"geometry_valid":true,"identifier":"l08-home-damaged","phase":"before-tap","proves_recovery":false,"schema_version":1,"stable_samples":0}
    t =  1705.79s Find the "l08-home-damaged" Any
    t =  1705.99s Find the "l08-home-damaged" Button
    t =  1706.21s Find the "l08-home-damaged" Button
    t =  1706.47s Tap "l08-home-damaged" Button
    t =  1706.47s     Wait for com.parlor.app.debug to idle
    t =  1706.47s     Find the "l08-home-damaged" Button
    t =  1706.74s     Check for interrupting elements affecting "l08-home-damaged" Button
    t =  1706.81s     Synthesize event
    t =  1707.11s     Wait for com.parlor.app.debug to idle
    t =  1707.12s Waiting 15.0s for "l08-ui-observe" Any to exist
    t =  1708.13s     Checking `Expect predicate `existsNoRetry == 1` for object "l08-ui-observe" Any`
    t =  1708.13s         Checking existence of `"l08-ui-observe" Any`
    t =  1708.27s Get number of matches for: Elements matching predicate '"l08-ui-observe" IN identifiers'
    t =  1709.31s Checking existence of `"l08-ui-observe" Any`
    t =  1709.40s Find the "l08-ui-observe" Any
    t =  1709.46s Find the "l08-ui-observe" Button
    t =  1709.55s Tap "l08-ui-observe" Button
    t =  1709.55s     Wait for com.parlor.app.debug to idle
    t =  1709.55s     Find the "l08-ui-observe" Button
    t =  1709.62s     Check for interrupting elements affecting "l08-ui-observe" Button
    t =  1709.67s     Synthesize event
    t =  1709.97s     Wait for com.parlor.app.debug to idle
    t =  1709.97s Get number of matches for: Elements matching predicate '"l08-ui-result" IN identifiers'
    t =  1710.02s Find the "l08-ui-result" StaticText
PARLOR_L08_HOME_ACTIVATION {"attempt":0,"counters":{"discard_taps":0,"recovery_shows":1,"resume_taps":1,"retry_taps":0},"counters_valid":true,"frames":[],"geometry_valid":false,"identifier":"l08-home-damaged","phase":"after-tap","proves_recovery":false,"schema_version":1,"stable_samples":0}
    t =  1710.05s Checking existence of `Alert (First Match)`
    t =  1710.15s Waiting 15.0s for "l08-ui-observe" Any to exist
    t =  1711.18s     Checking `Expect predicate `existsNoRetry == 1` for object "l08-ui-observe" Any`
    t =  1711.18s         Checking existence of `"l08-ui-observe" Any`
    t =  1711.26s Get number of matches for: Elements matching predicate '"l08-ui-observe" IN identifiers'
    t =  1712.33s Checking existence of `"l08-ui-observe" Any`
    t =  1712.42s Find the "l08-ui-observe" Any
    t =  1712.52s Find the "l08-ui-observe" Button
    t =  1712.60s Tap "l08-ui-observe" Button
    t =  1712.60s     Wait for com.parlor.app.debug to idle
    t =  1712.60s     Find the "l08-ui-observe" Button
    t =  1712.68s     Check for interrupting elements affecting "l08-ui-observe" Button
    t =  1712.73s     Synthesize event
    t =  1713.03s     Wait for com.parlor.app.debug to idle
    t =  1713.03s Find the "l08-ui-result" StaticText
    t =  1713.05s Waiting 15.0s for "l08-recovery-retry" Any to exist
    t =  1714.08s     Checking `Expect predicate `existsNoRetry == 1` for object "l08-recovery-retry" Any`
    t =  1714.08s         Checking existence of `"l08-recovery-retry" Any`
    t =  1714.20s Get number of matches for: Elements matching predicate '"l08-recovery-retry" IN identifiers'
    t =  1715.25s Checking existence of `"l08-recovery-retry" Any`
    t =  1715.40s Find the "l08-recovery-retry" Any
    t =  1715.54s Find the "l08-recovery-retry" Button
    t =  1715.67s Tap "l08-recovery-retry" Button
    t =  1715.67s     Wait for com.parlor.app.debug to idle
    t =  1715.68s     Find the "l08-recovery-retry" Button
    t =  1715.79s     Check for interrupting elements affecting "l08-recovery-retry" Button
    t =  1715.84s     Synthesize event
    t =  1716.14s     Wait for com.parlor.app.debug to idle
    t =  1716.15s Waiting 15.0s for "l08-ui-observe" Any to exist
    t =  1717.19s     Checking `Expect predicate `existsNoRetry == 1` for object "l08-ui-observe" Any`
    t =  1717.19s         Checking existence of `"l08-ui-observe" Any`
    t =  1717.32s Get number of matches for: Elements matching predicate '"l08-ui-observe" IN identifiers'
    t =  1718.41s Checking existence of `"l08-ui-observe" Any`
    t =  1718.52s Find the "l08-ui-observe" Any
    t =  1718.63s Find the "l08-ui-observe" Button
    t =  1718.72s Tap "l08-ui-observe" Button
    t =  1718.72s     Wait for com.parlor.app.debug to idle
    t =  1718.72s     Find the "l08-ui-observe" Button
    t =  1718.82s     Check for interrupting elements affecting "l08-ui-observe" Button
    t =  1718.87s     Synthesize event
    t =  1719.18s     Wait for com.parlor.app.debug to idle
    t =  1719.19s Find the "l08-ui-result" StaticText
    t =  1719.23s Waiting 15.0s for "l08-recovery-discard" Any to exist
    t =  1720.26s     Checking `Expect predicate `existsNoRetry == 1` for object "l08-recovery-discard" Any`
    t =  1720.26s         Checking existence of `"l08-recovery-discard" Any`
    t =  1720.51s Get number of matches for: Elements matching predicate '"l08-recovery-discard" IN identifiers'
    t =  1721.56s Checking existence of `"l08-recovery-discard" Any`
    t =  1721.84s Find the "l08-recovery-discard" Any
    t =  1722.23s Find the "l08-recovery-discard" Button
    t =  1722.45s Tap "l08-recovery-discard" Button
    t =  1722.45s     Wait for com.parlor.app.debug to idle
    t =  1722.46s     Find the "l08-recovery-discard" Button
    t =  1722.71s     Check for interrupting elements affecting "l08-recovery-discard" Button
    t =  1722.80s     Synthesize event
    t =  1723.11s     Wait for com.parlor.app.debug to idle
    t =  1723.12s Waiting 15.0s for "l08-functional-action-discard-observed" Any to exist
    t =  1724.14s     Checking `Expect predicate `existsNoRetry == 1` for object "l08-functional-action-discard-observed" Any`
    t =  1724.15s         Checking existence of `"l08-functional-action-discard-observed" Any`
    t =  1724.29s Get number of matches for: Elements matching predicate '"l08-functional-action-discard-observed" IN identifiers'
    t =  1725.36s Checking existence of `"l08-functional-action-discard-observed" Any`
    t =  1725.67s Find the "l08-functional-action-discard-observed" Any
    t =  1725.87s Find the "l08-functional-action-discard-observed" Button
    t =  1726.04s Tap "l08-functional-action-discard-observed" Button
    t =  1726.04s     Wait for com.parlor.app.debug to idle
    t =  1726.05s     Find the "l08-functional-action-discard-observed" Button
    t =  1726.22s     Check for interrupting elements affecting "l08-functional-action-discard-observed" Button
    t =  1726.31s     Synthesize event
    t =  1726.61s     Wait for com.parlor.app.debug to idle
    t =  1726.71s Waiting 10.0s for "l08-storage-functional-result" StaticText to exist
    t =  1727.73s     Checking `Expect predicate `existsNoRetry == 1` for object "l08-storage-functional-result" StaticText`
    t =  1727.73s         Checking existence of `"l08-storage-functional-result" StaticText`
    t =  1728.79s Find the "l08-storage-functional-result" StaticText
    t =  1728.85s Find the "l08-storage-functional-result" StaticText
    t =  1728.87s Checking existence of `Alert (First Match)`
    t =  1729.04s Checking existence of `Alert (First Match)`
PARLOR_L08_STORAGE_FUNCTIONAL_BOOT {"actions":["legacy-neighbor","discard-observed"],"alert_present":false,"boot_ordinal":11,"foreground":true,"process_boot":"0CFAAE41-584C-4342-ABAB-FAFD17390D93","run_token":"217002BD-D169-40FC-8138-AB4831656E8D","schema_version":1}
    t =  1729.15s Terminate com.parlor.app.debug:95777
    t =  1730.23s Wait for com.parlor.app.debug to become Not Running
    t =  1730.23s Open com.parlor.app.debug
    t =  1730.23s     Launch com.parlor.app.debug
    t =  1731.00s         Setting up automation session
    t =  1733.16s         Wait for com.parlor.app.debug to idle
    t =  1735.10s Wait for com.parlor.app.debug to become Running Foreground
    t =  1735.10s Waiting 30.0s for "parlor-home-brand" StaticText to exist
    t =  1736.13s     Checking `Expect predicate `existsNoRetry == 1` for object "parlor-home-brand" StaticText`
    t =  1736.13s         Checking existence of `"parlor-home-brand" StaticText`
    t =  1736.24s Waiting 10.0s for "parlor-dsc01-observe" Button to exist
    t =  1737.24s     Checking `Expect predicate `existsNoRetry == 1` for object "parlor-dsc01-observe" Button`
    t =  1737.25s         Checking existence of `"parlor-dsc01-observe" Button`
    t =  1737.27s Checking existence of `Alert (First Match)`
    t =  1737.36s Waiting 10.0s for "parlor-dsc01-state" StaticText to exist
    t =  1738.38s     Checking `Expect predicate `existsNoRetry == 1` for object "parlor-dsc01-state" StaticText`
    t =  1738.38s         Checking existence of `"parlor-dsc01-state" StaticText`
    t =  1738.42s Find the "parlor-dsc01-state" StaticText
    t =  1738.45s Tap "parlor-dsc01-observe" Button
    t =  1738.45s     Wait for com.parlor.app.debug to idle
    t =  1738.46s     Find the "parlor-dsc01-observe" Button
    t =  1738.52s     Check for interrupting elements affecting "parlor-dsc01-observe" Button
    t =  1738.56s     Synthesize event
    t =  1738.88s     Wait for com.parlor.app.debug to idle
    t =  1739.91s Find the "parlor-dsc01-state" StaticText
    t =  1739.96s Waiting 10.0s for "parlor-dsc01-state" StaticText to exist
    t =  1741.00s     Checking `Expect predicate `existsNoRetry == 1` for object "parlor-dsc01-state" StaticText`
    t =  1741.00s         Checking existence of `"parlor-dsc01-state" StaticText`
    t =  1741.02s Find the "parlor-dsc01-state" StaticText
    t =  1741.07s Waiting 10.0s for "parlor-dsc01-state" StaticText to exist
    t =  1742.11s     Checking `Expect predicate `existsNoRetry == 1` for object "parlor-dsc01-state" StaticText`
    t =  1742.11s         Checking existence of `"parlor-dsc01-state" StaticText`
    t =  1742.14s Find the "parlor-dsc01-state" StaticText
    t =  1742.19s Tap "parlor-dsc01-observe" Button
    t =  1742.19s     Wait for com.parlor.app.debug to idle
    t =  1742.21s     Find the "parlor-dsc01-observe" Button
    t =  1742.25s     Check for interrupting elements affecting "parlor-dsc01-observe" Button
    t =  1742.29s     Synthesize event
    t =  1742.61s     Wait for com.parlor.app.debug to idle
    t =  1743.65s Find the "parlor-dsc01-state" StaticText
    t =  1743.68s Waiting 10.0s for "parlor-dsc01-state" StaticText to exist
    t =  1744.71s     Checking `Expect predicate `existsNoRetry == 1` for object "parlor-dsc01-state" StaticText`
    t =  1744.71s         Checking existence of `"parlor-dsc01-state" StaticText`
    t =  1744.74s Find the "parlor-dsc01-state" StaticText
    t =  1744.78s Waiting 15.0s for "l08-functional-action-dual-preserved" Any to exist
    t =  1745.81s     Checking `Expect predicate `existsNoRetry == 1` for object "l08-functional-action-dual-preserved" Any`
    t =  1745.81s         Checking existence of `"l08-functional-action-dual-preserved" Any`
    t =  1745.92s Get number of matches for: Elements matching predicate '"l08-functional-action-dual-preserved" IN identifiers'
    t =  1747.01s Checking existence of `"l08-functional-action-dual-preserved" Any`
    t =  1747.09s Find the "l08-functional-action-dual-preserved" Any
    t =  1747.17s Find the "l08-functional-action-dual-preserved" Button
    t =  1747.29s Tap "l08-functional-action-dual-preserved" Button
    t =  1747.29s     Wait for com.parlor.app.debug to idle
    t =  1747.30s     Find the "l08-functional-action-dual-preserved" Button
    t =  1747.41s     Check for interrupting elements affecting "l08-functional-action-dual-preserved" Button
    t =  1747.47s     Synthesize event
    t =  1747.78s     Wait for com.parlor.app.debug to idle
    t =  1747.92s Waiting 10.0s for "l08-storage-functional-result" StaticText to exist
    t =  1748.96s     Checking `Expect predicate `existsNoRetry == 1` for object "l08-storage-functional-result" StaticText`
    t =  1748.96s         Checking existence of `"l08-storage-functional-result" StaticText`
    t =  1750.03s Find the "l08-storage-functional-result" StaticText
    t =  1750.06s Find the "l08-storage-functional-result" StaticText
    t =  1750.09s Checking existence of `Alert (First Match)`
    t =  1750.21s Waiting 15.0s for "l08-home-list" Any to exist
    t =  1751.24s     Checking `Expect predicate `existsNoRetry == 1` for object "l08-home-list" Any`
    t =  1751.24s         Checking existence of `"l08-home-list" Any`
    t =  1751.42s Get number of matches for: Elements matching predicate '"l08-home-list" IN identifiers'
    t =  1751.46s Get number of matches for: Elements matching predicate '"l08-home-dual" IN identifiers'
    t =  1751.51s Get number of matches for: Elements matching predicate '"l08-home-list" IN identifiers'
    t =  1751.53s Get number of matches for: Elements matching predicate '"parlor-dsc01-overlay" IN identifiers'
    t =  1751.56s Checking existence of `Alert (First Match)`
    t =  1751.67s Checking existence of `Keyboard (First Match)`
    t =  1751.82s Checking existence of `"l08-home-list" Any`
    t =  1752.05s Find the "l08-home-list" Any
    t =  1752.31s Checking existence of `"parlor-dsc01-overlay" Any`
    t =  1752.35s Checking existence of `"l08-home-dual" Any`
    t =  1752.74s Find the "l08-home-dual" Any
    t =  1753.16s Find the "l08-home-dual" Any
    t =  1753.88s Find the "l08-home-list" Any
    t =  1754.33s Find the Target Application 'com.parlor.app.debug'
    t =  1754.39s Find the "parlor-dsc01-overlay" Any
    t =  1754.51s Get number of matches for: Elements matching predicate '"l08-home-dual" IN identifiers'
    t =  1754.61s Get number of matches for: Elements matching predicate '"l08-home-list" IN identifiers'
    t =  1754.72s Get number of matches for: Elements matching predicate '"parlor-dsc01-overlay" IN identifiers'
    t =  1754.79s Checking existence of `Alert (First Match)`
    t =  1755.12s Checking existence of `Keyboard (First Match)`
    t =  1755.42s Checking existence of `"l08-home-dual" Any`
    t =  1755.97s Find the "l08-home-dual" Any
    t =  1756.47s Checking existence of `"l08-home-list" Any`
    t =  1756.92s Find the "l08-home-list" Any
    t =  1757.28s Checking existence of `"parlor-dsc01-overlay" Any`
    t =  1757.31s Find the "l08-home-dual" Button
    t =  1757.56s Find the "l08-home-list" Other
    t =  1758.12s Find the Target Application 'com.parlor.app.debug'
    t =  1758.14s Find the "parlor-dsc01-overlay" Any
    t =  1758.33s Find the "l08-home-dual" Button
    t =  1759.29s Find the "l08-home-list" Other
PARLOR_L08_HOME_SCROLL {"attempt":0,"direction":"ready","frames":[[24,671.66668701171875,354,96],[0,0,402,769.66668701171875],[0,0,402,874],[68.666666666666657,134,265,139]],"identifier":"l08-home-dual","list_count":1,"overlay_count":1,"proves_recovery":false,"sample":0,"schema_version":1,"stable_samples":1,"target_count":1,"target_seen":true}
    t =  1759.95s Get number of matches for: Elements matching predicate '"l08-home-dual" IN identifiers'
    t =  1760.00s Get number of matches for: Elements matching predicate '"l08-home-list" IN identifiers'
    t =  1760.02s Get number of matches for: Elements matching predicate '"parlor-dsc01-overlay" IN identifiers'
    t =  1760.05s Checking existence of `Alert (First Match)`
    t =  1760.28s Checking existence of `Keyboard (First Match)`
    t =  1760.57s Checking existence of `"l08-home-list" Any`
    t =  1760.97s Find the "l08-home-list" Any
    t =  1761.34s Checking existence of `"parlor-dsc01-overlay" Any`
    t =  1761.44s Checking existence of `"l08-home-dual" Any`
    t =  1761.96s Find the "l08-home-dual" Any
    t =  1762.58s Find the "l08-home-dual" Any
    t =  1762.99s Find the "l08-home-list" Any
    t =  1763.46s Find the Target Application 'com.parlor.app.debug'
    t =  1763.48s Find the "parlor-dsc01-overlay" Any
    t =  1763.80s Get number of matches for: Elements matching predicate '"l08-home-dual" IN identifiers'
    t =  1763.88s Get number of matches for: Elements matching predicate '"l08-home-list" IN identifiers'
    t =  1763.98s Get number of matches for: Elements matching predicate '"parlor-dsc01-overlay" IN identifiers'
    t =  1764.03s Checking existence of `Alert (First Match)`
    t =  1764.27s Checking existence of `Keyboard (First Match)`
    t =  1764.48s Checking existence of `"l08-home-dual" Any`
    t =  1765.09s Find the "l08-home-dual" Any
    t =  1765.59s Checking existence of `"l08-home-list" Any`
    t =  1765.92s Find the "l08-home-list" Any
    t =  1766.37s Checking existence of `"parlor-dsc01-overlay" Any`
    t =  1766.46s Find the "l08-home-dual" Button
    t =  1767.12s Find the "l08-home-list" Other
    t =  1767.64s Find the Target Application 'com.parlor.app.debug'
    t =  1767.68s Find the "parlor-dsc01-overlay" Any
    t =  1767.78s Find the "l08-home-dual" Button
    t =  1768.34s Find the "l08-home-list" Other
PARLOR_L08_HOME_SCROLL {"attempt":0,"direction":"ready","frames":[[24,671.66668701171875,354,96],[0,0,402,769.66668701171875],[0,0,402,874],[68.666666666666657,134,265,139]],"identifier":"l08-home-dual","list_count":1,"overlay_count":1,"proves_recovery":false,"sample":1,"schema_version":1,"stable_samples":2,"target_count":1,"target_seen":true}
    t =  1768.92s Get number of matches for: Elements matching predicate '"l08-home-dual" IN identifiers'
    t =  1768.96s Get number of matches for: Elements matching predicate '"l08-home-list" IN identifiers'
    t =  1769.00s Get number of matches for: Elements matching predicate '"parlor-dsc01-overlay" IN identifiers'
    t =  1769.05s Checking existence of `Alert (First Match)`
    t =  1769.25s Checking existence of `Keyboard (First Match)`
    t =  1769.45s Checking existence of `"l08-home-list" Any`
    t =  1769.66s Find the "l08-home-list" Any
    t =  1769.84s Checking existence of `"parlor-dsc01-overlay" Any`
    t =  1769.88s Checking existence of `"l08-home-dual" Any`
    t =  1770.07s Find the "l08-home-dual" Any
    t =  1770.30s Find the "l08-home-dual" Any
    t =  1770.51s Find the "l08-home-list" Any
    t =  1770.71s Find the Target Application 'com.parlor.app.debug'
    t =  1770.73s Find the "parlor-dsc01-overlay" Any
    t =  1770.77s Get number of matches for: Elements matching predicate '"l08-home-dual" IN identifiers'
    t =  1770.81s Get number of matches for: Elements matching predicate '"l08-home-list" IN identifiers'
    t =  1770.85s Get number of matches for: Elements matching predicate '"parlor-dsc01-overlay" IN identifiers'
    t =  1770.88s Checking existence of `Alert (First Match)`
    t =  1770.98s Checking existence of `Keyboard (First Match)`
    t =  1771.10s Checking existence of `"l08-home-dual" Any`
    t =  1771.28s Find the "l08-home-dual" Any
    t =  1771.49s Checking existence of `"l08-home-list" Any`
    t =  1771.66s Find the "l08-home-list" Any
    t =  1771.83s Checking existence of `"parlor-dsc01-overlay" Any`
    t =  1771.87s Find the "l08-home-dual" Button
    t =  1772.04s Find the "l08-home-list" Other
    t =  1772.27s Find the Target Application 'com.parlor.app.debug'
    t =  1772.29s Find the "parlor-dsc01-overlay" Any
    t =  1772.33s Find the "l08-home-dual" Button
    t =  1772.57s Find the "l08-home-list" Other
PARLOR_L08_HOME_SCROLL {"attempt":0,"direction":"ready","frames":[[24,671.66668701171875,354,96],[0,0,402,769.66668701171875],[0,0,402,874],[68.666666666666657,134,265,139]],"identifier":"l08-home-dual","list_count":1,"overlay_count":1,"proves_recovery":false,"sample":2,"schema_version":1,"stable_samples":3,"target_count":1,"target_seen":true}
    t =  1773.03s Get number of matches for: Elements matching predicate '"l08-home-dual" IN identifiers'
    t =  1773.08s Get number of matches for: Elements matching predicate '"l08-home-list" IN identifiers'
    t =  1773.10s Get number of matches for: Elements matching predicate '"parlor-dsc01-overlay" IN identifiers'
    t =  1773.15s Checking existence of `Alert (First Match)`
    t =  1773.30s Checking existence of `Keyboard (First Match)`
    t =  1773.41s Checking existence of `"l08-home-list" Any`
    t =  1773.57s Find the "l08-home-list" Any
    t =  1773.78s Checking existence of `"parlor-dsc01-overlay" Any`
    t =  1773.81s Checking existence of `"l08-home-dual" Any`
    t =  1774.05s Find the "l08-home-dual" Any
    t =  1774.33s Find the "l08-home-dual" Any
    t =  1774.68s Find the "l08-home-list" Any
    t =  1774.96s Find the Target Application 'com.parlor.app.debug'
    t =  1774.99s Find the "parlor-dsc01-overlay" Any
    t =  1775.03s Get number of matches for: Elements matching predicate '"l08-home-dual" IN identifiers'
    t =  1775.07s Get number of matches for: Elements matching predicate '"l08-home-list" IN identifiers'
    t =  1775.11s Get number of matches for: Elements matching predicate '"parlor-dsc01-overlay" IN identifiers'
    t =  1775.19s Checking existence of `Alert (First Match)`
    t =  1775.37s Checking existence of `Keyboard (First Match)`
    t =  1775.50s Checking existence of `"l08-home-dual" Any`
    t =  1775.80s Find the "l08-home-dual" Any
    t =  1776.07s Checking existence of `"l08-home-list" Any`
    t =  1776.31s Find the "l08-home-list" Any
    t =  1776.65s Checking existence of `"parlor-dsc01-overlay" Any`
    t =  1776.70s Find the "l08-home-dual" Button
    t =  1776.95s Find the "l08-home-list" Other
    t =  1777.18s Find the Target Application 'com.parlor.app.debug'
    t =  1777.22s Find the "parlor-dsc01-overlay" Any
    t =  1777.26s Find the "l08-home-dual" Button
    t =  1777.64s Find the "l08-home-list" Other
PARLOR_L08_HOME_SCROLL {"attempt":0,"direction":"ready","frames":[[24,671.66668701171875,354,96],[0,0,402,769.66668701171875],[0,0,402,874],[68.666666666666657,134,265,139]],"identifier":"l08-home-dual","list_count":1,"overlay_count":1,"proves_recovery":false,"sample":3,"schema_version":1,"stable_samples":4,"target_count":1,"target_seen":true}
    t =  1778.16s Get number of matches for: Elements matching predicate '"l08-home-dual" IN identifiers'
    t =  1778.20s Get number of matches for: Elements matching predicate '"l08-home-list" IN identifiers'
    t =  1778.23s Get number of matches for: Elements matching predicate '"parlor-dsc01-overlay" IN identifiers'
    t =  1778.28s Checking existence of `Alert (First Match)`
    t =  1778.52s Checking existence of `Keyboard (First Match)`
    t =  1778.74s Checking existence of `"l08-home-list" Any`
    t =  1779.01s Find the "l08-home-list" Any
    t =  1779.39s Checking existence of `"parlor-dsc01-overlay" Any`
    t =  1779.44s Checking existence of `"l08-home-dual" Any`
    t =  1779.96s Find the "l08-home-dual" Any
    t =  1780.27s Find the "l08-home-dual" Any
    t =  1780.60s Find the "l08-home-list" Any
    t =  1780.93s Find the Target Application 'com.parlor.app.debug'
    t =  1780.97s Find the "parlor-dsc01-overlay" Any
    t =  1781.04s Get number of matches for: Elements matching predicate '"l08-home-dual" IN identifiers'
    t =  1781.10s Get number of matches for: Elements matching predicate '"l08-home-list" IN identifiers'
    t =  1781.13s Get number of matches for: Elements matching predicate '"parlor-dsc01-overlay" IN identifiers'
    t =  1781.17s Checking existence of `Alert (First Match)`
    t =  1781.32s Checking existence of `Keyboard (First Match)`
    t =  1781.55s Checking existence of `"l08-home-dual" Any`
    t =  1781.94s Find the "l08-home-dual" Any
    t =  1782.37s Checking existence of `"l08-home-list" Any`
    t =  1782.70s Find the "l08-home-list" Any
    t =  1783.13s Checking existence of `"parlor-dsc01-overlay" Any`
    t =  1783.16s Find the "l08-home-dual" Button
    t =  1783.57s Find the "l08-home-list" Other
    t =  1783.87s Find the Target Application 'com.parlor.app.debug'
    t =  1783.89s Find the "parlor-dsc01-overlay" Any
    t =  1783.93s Find the "l08-home-dual" Button
    t =  1784.33s Find the "l08-home-list" Other
PARLOR_L08_HOME_SCROLL {"attempt":0,"direction":"ready","frames":[[24,671.66668701171875,354,96],[0,0,402,769.66668701171875],[0,0,402,874],[68.666666666666657,134,265,139]],"identifier":"l08-home-dual","list_count":1,"overlay_count":1,"proves_recovery":false,"sample":4,"schema_version":1,"stable_samples":5,"target_count":1,"target_seen":true}
    t =  1785.64s Get number of matches for: Elements matching predicate '"l08-home-dual" IN identifiers'
    t =  1785.68s Get number of matches for: Elements matching predicate '"l08-home-list" IN identifiers'
    t =  1785.76s Get number of matches for: Elements matching predicate '"parlor-dsc01-overlay" IN identifiers'
    t =  1785.80s Checking existence of `Alert (First Match)`
    t =  1786.10s Checking existence of `Keyboard (First Match)`
    t =  1786.36s Checking existence of `"l08-home-list" Any`
    t =  1786.78s Find the "l08-home-list" Any
    t =  1787.15s Checking existence of `"parlor-dsc01-overlay" Any`
    t =  1787.20s Checking existence of `"l08-home-dual" Any`
    t =  1787.60s Find the "l08-home-dual" Any
    t =  1788.05s Find the "l08-home-dual" Any
    t =  1788.45s Find the "l08-home-list" Any
    t =  1788.73s Find the Target Application 'com.parlor.app.debug'
    t =  1788.78s Find the "parlor-dsc01-overlay" Any
    t =  1788.87s Get number of matches for: Elements matching predicate '"l08-home-dual" IN identifiers'
    t =  1788.93s Get number of matches for: Elements matching predicate '"l08-home-list" IN identifiers'
    t =  1788.95s Get number of matches for: Elements matching predicate '"parlor-dsc01-overlay" IN identifiers'
    t =  1789.03s Checking existence of `Alert (First Match)`
    t =  1789.18s Checking existence of `Keyboard (First Match)`
    t =  1789.34s Checking existence of `"l08-home-dual" Any`
    t =  1789.96s Find the "l08-home-dual" Any
    t =  1790.44s Checking existence of `"l08-home-list" Any`
    t =  1790.86s Find the "l08-home-list" Any
    t =  1791.06s Checking existence of `"parlor-dsc01-overlay" Any`
    t =  1791.11s Find the "l08-home-dual" Button
    t =  1791.53s Find the "l08-home-list" Other
    t =  1791.73s Find the Target Application 'com.parlor.app.debug'
    t =  1791.76s Find the "parlor-dsc01-overlay" Any
    t =  1792.48s Find the "l08-home-dual" Button
    t =  1793.28s Find the "l08-home-list" Other
PARLOR_L08_HOME_SCROLL {"attempt":0,"direction":"ready","frames":[[24,671.66668701171875,354,96],[0,0,402,769.66668701171875],[0,0,402,874],[68.666666666666657,134,265,139]],"identifier":"l08-home-dual","list_count":1,"overlay_count":1,"proves_recovery":false,"sample":5,"schema_version":1,"stable_samples":6,"target_count":1,"target_seen":true}
    t =  1793.64s Get number of matches for: Elements matching predicate '"l08-home-dual" IN identifiers'
    t =  1793.69s Checking existence of `"l08-home-dual" Any`
    t =  1794.08s Find the "l08-home-dual" Any
    t =  1794.34s Find the "l08-home-dual" Button
    t =  1794.66s Find the Target Application 'com.parlor.app.debug'
    t =  1795.03s Find the "l08-home-dual" Button
    t =  1795.59s Get number of matches for: Elements matching predicate '"l08-home-list" IN identifiers'
    t =  1795.70s Checking existence of `"l08-home-list" Any`
    t =  1795.94s Find the "l08-home-list" Any
    t =  1796.16s Find the "l08-home-list" Other
    t =  1796.32s Find the Target Application 'com.parlor.app.debug'
    t =  1796.37s Find the "l08-home-list" Other
    t =  1796.59s Get number of matches for: Elements matching predicate '"parlor-dsc01-overlay" IN identifiers'
    t =  1796.63s Checking existence of `"parlor-dsc01-overlay" Any`
    t =  1796.65s Find the "parlor-dsc01-overlay" Any
    t =  1796.69s Find the "parlor-dsc01-overlay" Other
    t =  1796.73s Find the Target Application 'com.parlor.app.debug'
    t =  1796.77s Find the "parlor-dsc01-overlay" Other
PARLOR_L08_PUBLIC_CONTROL {"attempt":0,"identifier":"l08-home-dual","list":{"count":1,"enabled":true,"exists":true,"frame":{"height":769.66668701171875,"width":402,"x":0,"y":0},"hittability_queried":true,"hittable":true},"overlay":{"count":1,"enabled":true,"exists":true,"frame":{"height":139,"width":265,"x":68.666666666666657,"y":134},"hittability_queried":true,"hittable":true},"proves_recovery":false,"schema_version":1,"target":{"count":1,"enabled":true,"exists":true,"frame":{"height":96,"width":354,"x":24,"y":671.66668701171875},"hittability_queried":true,"hittable":true}}
    t =  1796.81s Waiting 15.0s for "l08-home-dual" Any to exist
    t =  1797.84s     Checking `Expect predicate `existsNoRetry == 1` for object "l08-home-dual" Any`
    t =  1797.84s         Checking existence of `"l08-home-dual" Any`
    t =  1798.15s Get number of matches for: Elements matching predicate '"l08-home-dual" IN identifiers'
    t =  1799.19s Get number of matches for: Elements matching predicate '"l08-home-dual" IN identifiers'
    t =  1799.25s Get number of matches for: Elements matching predicate '"l08-home-list" IN identifiers'
    t =  1799.29s Get number of matches for: Elements matching predicate '"parlor-dsc01-overlay" IN identifiers'
    t =  1799.34s Checking existence of `Alert (First Match)`
    t =  1799.47s Checking existence of `Keyboard (First Match)`
    t =  1799.63s Checking existence of `"l08-home-dual" Any`
    t =  1799.96s Find the "l08-home-dual" Any
    t =  1800.34s Checking existence of `"l08-home-list" Any`
    t =  1800.60s Find the "l08-home-list" Any
    t =  1801.06s Checking existence of `"parlor-dsc01-overlay" Any`
    t =  1801.10s Find the "l08-home-dual" Button
    t =  1801.40s Find the "l08-home-list" Other
    t =  1801.73s Find the Target Application 'com.parlor.app.debug'
    t =  1801.78s Find the "parlor-dsc01-overlay" Any
    t =  1801.82s Find the "l08-home-dual" Button
    t =  1802.12s Find the "l08-home-list" Other
    t =  1802.35s Get number of matches for: Elements matching predicate '"l08-home-dual" IN identifiers'
    t =  1802.40s Checking existence of `"l08-home-dual" Any`
    t =  1802.64s Find the "l08-home-dual" Any
    t =  1802.85s Find the "l08-home-dual" Button
    t =  1803.09s Find the Target Application 'com.parlor.app.debug'
    t =  1803.12s Find the "l08-home-dual" Button
    t =  1803.29s Get number of matches for: Elements matching predicate '"l08-home-list" IN identifiers'
    t =  1803.33s Checking existence of `"l08-home-list" Any`
    t =  1803.47s Find the "l08-home-list" Any
    t =  1803.61s Find the "l08-home-list" Other
    t =  1803.75s Find the Target Application 'com.parlor.app.debug'
    t =  1803.79s Find the "l08-home-list" Other
    t =  1803.93s Get number of matches for: Elements matching predicate '"parlor-dsc01-overlay" IN identifiers'
    t =  1803.96s Checking existence of `"parlor-dsc01-overlay" Any`
    t =  1803.98s Find the "parlor-dsc01-overlay" Any
    t =  1804.00s Find the "parlor-dsc01-overlay" Other
    t =  1804.03s Find the Target Application 'com.parlor.app.debug'
    t =  1804.06s Find the "parlor-dsc01-overlay" Other
PARLOR_L08_PUBLIC_CONTROL {"attempt":8,"identifier":"l08-home-dual","list":{"count":1,"enabled":true,"exists":true,"frame":{"height":769.66668701171875,"width":402,"x":0,"y":0},"hittability_queried":true,"hittable":true},"overlay":{"count":1,"enabled":true,"exists":true,"frame":{"height":139,"width":265,"x":68.666666666666657,"y":134},"hittability_queried":true,"hittable":true},"proves_recovery":false,"schema_version":1,"target":{"count":1,"enabled":true,"exists":true,"frame":{"height":96,"width":354,"x":24,"y":671.66668701171875},"hittability_queried":true,"hittable":true}}
    t =  1804.09s Get number of matches for: Elements matching predicate '"l08-ui-result" IN identifiers'
    t =  1804.11s Find the "l08-ui-result" StaticText
PARLOR_L08_HOME_ACTIVATION {"attempt":0,"counters":{},"counters_valid":false,"frames":[],"geometry_valid":false,"identifier":"l08-home-dual","phase":"before-observer","proves_recovery":false,"schema_version":1,"stable_samples":0}
    t =  1804.14s Waiting 15.0s for "l08-ui-observe" Any to exist
    t =  1805.18s     Checking `Expect predicate `existsNoRetry == 1` for object "l08-ui-observe" Any`
    t =  1805.18s         Checking existence of `"l08-ui-observe" Any`
    t =  1805.31s Get number of matches for: Elements matching predicate '"l08-ui-observe" IN identifiers'
    t =  1806.38s Checking existence of `"l08-ui-observe" Any`
    t =  1806.52s Find the "l08-ui-observe" Any
    t =  1806.71s Find the "l08-ui-observe" Button
    t =  1806.86s Tap "l08-ui-observe" Button
    t =  1806.86s     Wait for com.parlor.app.debug to idle
    t =  1806.87s     Find the "l08-ui-observe" Button
    t =  1806.96s     Check for interrupting elements affecting "l08-ui-observe" Button
    t =  1807.03s     Synthesize event
    t =  1807.35s     Wait for com.parlor.app.debug to idle
    t =  1808.38s Get number of matches for: Elements matching predicate '"l08-ui-result" IN identifiers'
    t =  1808.44s Find the "l08-ui-result" StaticText
    t =  1808.67s Get number of matches for: Elements matching predicate '"l08-ui-result" IN identifiers'
    t =  1808.72s Find the "l08-ui-result" StaticText
PARLOR_L08_HOME_ACTIVATION {"attempt":0,"counters":{"discard_taps":0,"recovery_shows":0,"resume_taps":0,"retry_taps":0},"counters_valid":true,"frames":[],"geometry_valid":false,"identifier":"l08-home-dual","phase":"before-zero","proves_recovery":false,"schema_version":1,"stable_samples":0}
    t =  1808.82s Get number of matches for: Elements matching predicate '"l08-home-dual" IN identifiers'
    t =  1808.85s Get number of matches for: Elements matching predicate '"l08-home-list" IN identifiers'
    t =  1808.89s Get number of matches for: Elements matching predicate '"parlor-dsc01-overlay" IN identifiers'
    t =  1808.93s Checking existence of `Alert (First Match)`
    t =  1809.16s Checking existence of `Keyboard (First Match)`
    t =  1809.44s Checking existence of `"l08-home-dual" Any`
    t =  1809.92s Find the "l08-home-dual" Any
    t =  1810.26s Checking existence of `"l08-home-list" Any`
    t =  1810.51s Find the "l08-home-list" Any
    t =  1810.76s Checking existence of `"parlor-dsc01-overlay" Any`
    t =  1810.79s Find the "l08-home-dual" Button
    t =  1811.30s Find the "l08-home-list" Other
    t =  1811.61s Find the Target Application 'com.parlor.app.debug'
    t =  1811.65s Find the "parlor-dsc01-overlay" Any
    t =  1811.70s Find the "l08-home-dual" Button
    t =  1812.01s Find the "l08-home-list" Other
PARLOR_L08_HOME_ACTIVATION {"attempt":0,"counters":{},"counters_valid":false,"frames":[[24,671.66668701171875,354,96],[0,0,402,769.66668701171875],[0,0,402,874],[68.666666666666657,134,265,139]],"geometry_valid":true,"identifier":"l08-home-dual","phase":"geometry","proves_recovery":false,"schema_version":1,"stable_samples":1}
    t =  1812.48s Get number of matches for: Elements matching predicate '"l08-home-dual" IN identifiers'
    t =  1812.52s Get number of matches for: Elements matching predicate '"l08-home-list" IN identifiers'
    t =  1812.56s Get number of matches for: Elements matching predicate '"parlor-dsc01-overlay" IN identifiers'
    t =  1812.58s Checking existence of `Alert (First Match)`
    t =  1812.76s Checking existence of `Keyboard (First Match)`
    t =  1812.88s Checking existence of `"l08-home-dual" Any`
    t =  1813.16s Find the "l08-home-dual" Any
    t =  1813.59s Checking existence of `"l08-home-list" Any`
    t =  1813.82s Find the "l08-home-list" Any
    t =  1814.00s Checking existence of `"parlor-dsc01-overlay" Any`
    t =  1814.03s Find the "l08-home-dual" Button
    t =  1814.22s Find the "l08-home-list" Other
    t =  1814.43s Find the Target Application 'com.parlor.app.debug'
    t =  1814.46s Find the "parlor-dsc01-overlay" Any
    t =  1814.51s Find the "l08-home-dual" Button
    t =  1814.77s Find the "l08-home-list" Other
PARLOR_L08_HOME_ACTIVATION {"attempt":1,"counters":{},"counters_valid":false,"frames":[[24,671.66668701171875,354,96],[0,0,402,769.66668701171875],[0,0,402,874],[68.666666666666657,134,265,139]],"geometry_valid":true,"identifier":"l08-home-dual","phase":"geometry","proves_recovery":false,"schema_version":1,"stable_samples":2}
    t =  1815.24s Get number of matches for: Elements matching predicate '"l08-home-dual" IN identifiers'
    t =  1815.28s Get number of matches for: Elements matching predicate '"l08-home-list" IN identifiers'
    t =  1815.30s Get number of matches for: Elements matching predicate '"parlor-dsc01-overlay" IN identifiers'
    t =  1815.35s Checking existence of `Alert (First Match)`
    t =  1815.45s Checking existence of `Keyboard (First Match)`
    t =  1815.59s Checking existence of `"l08-home-dual" Any`
    t =  1815.91s Find the "l08-home-dual" Any
    t =  1816.10s Checking existence of `"l08-home-list" Any`
    t =  1816.34s Find the "l08-home-list" Any
    t =  1816.58s Checking existence of `"parlor-dsc01-overlay" Any`
    t =  1816.62s Find the "l08-home-dual" Button
    t =  1816.95s Find the "l08-home-list" Other
    t =  1817.50s Find the Target Application 'com.parlor.app.debug'
    t =  1817.52s Find the "parlor-dsc01-overlay" Any
    t =  1817.56s Find the "l08-home-dual" Button
    t =  1817.84s Find the "l08-home-list" Other
PARLOR_L08_HOME_ACTIVATION {"attempt":2,"counters":{},"counters_valid":false,"frames":[[24,671.66668701171875,354,96],[0,0,402,769.66668701171875],[0,0,402,874],[68.666666666666657,134,265,139]],"geometry_valid":true,"identifier":"l08-home-dual","phase":"geometry","proves_recovery":false,"schema_version":1,"stable_samples":3}
    t =  1818.36s Get number of matches for: Elements matching predicate '"l08-home-dual" IN identifiers'
    t =  1818.40s Get number of matches for: Elements matching predicate '"l08-home-list" IN identifiers'
    t =  1818.42s Get number of matches for: Elements matching predicate '"parlor-dsc01-overlay" IN identifiers'
    t =  1818.60s Checking existence of `Alert (First Match)`
    t =  1818.79s Checking existence of `Keyboard (First Match)`
    t =  1818.95s Checking existence of `"l08-home-dual" Any`
    t =  1819.24s Find the "l08-home-dual" Any
    t =  1819.55s Checking existence of `"l08-home-list" Any`
    t =  1819.74s Find the "l08-home-list" Any
    t =  1819.94s Checking existence of `"parlor-dsc01-overlay" Any`
    t =  1819.96s Find the "l08-home-dual" Button
    t =  1820.25s Find the "l08-home-list" Other
    t =  1820.47s Find the Target Application 'com.parlor.app.debug'
    t =  1820.49s Find the "parlor-dsc01-overlay" Any
    t =  1820.53s Find the "l08-home-dual" Button
    t =  1820.79s Find the "l08-home-list" Other
PARLOR_L08_HOME_ACTIVATION {"attempt":3,"counters":{},"counters_valid":false,"frames":[[24,671.66668701171875,354,96],[0,0,402,769.66668701171875],[0,0,402,874],[68.666666666666657,134,265,139]],"geometry_valid":true,"identifier":"l08-home-dual","phase":"geometry","proves_recovery":false,"schema_version":1,"stable_samples":4}
    t =  1821.23s Get number of matches for: Elements matching predicate '"l08-home-dual" IN identifiers'
    t =  1821.25s Get number of matches for: Elements matching predicate '"l08-home-list" IN identifiers'
    t =  1821.29s Get number of matches for: Elements matching predicate '"parlor-dsc01-overlay" IN identifiers'
    t =  1821.35s Checking existence of `Alert (First Match)`
    t =  1821.54s Checking existence of `Keyboard (First Match)`
    t =  1821.66s Checking existence of `"l08-home-dual" Any`
    t =  1821.83s Find the "l08-home-dual" Any
    t =  1822.09s Checking existence of `"l08-home-list" Any`
    t =  1822.27s Find the "l08-home-list" Any
    t =  1822.58s Checking existence of `"parlor-dsc01-overlay" Any`
    t =  1822.61s Find the "l08-home-dual" Button
    t =  1822.81s Find the "l08-home-list" Other
    t =  1823.01s Find the Target Application 'com.parlor.app.debug'
    t =  1823.05s Find the "parlor-dsc01-overlay" Any
    t =  1823.08s Find the "l08-home-dual" Button
    t =  1823.42s Find the "l08-home-list" Other
PARLOR_L08_HOME_ACTIVATION {"attempt":4,"counters":{},"counters_valid":false,"frames":[[24,671.66668701171875,354,96],[0,0,402,769.66668701171875],[0,0,402,874],[68.666666666666657,134,265,139]],"geometry_valid":true,"identifier":"l08-home-dual","phase":"geometry","proves_recovery":false,"schema_version":1,"stable_samples":5}
    t =  1823.93s Get number of matches for: Elements matching predicate '"l08-home-dual" IN identifiers'
    t =  1823.96s Get number of matches for: Elements matching predicate '"l08-home-list" IN identifiers'
    t =  1824.01s Get number of matches for: Elements matching predicate '"parlor-dsc01-overlay" IN identifiers'
    t =  1824.04s Checking existence of `Alert (First Match)`
    t =  1824.20s Checking existence of `Keyboard (First Match)`
    t =  1824.43s Checking existence of `"l08-home-dual" Any`
    t =  1824.79s Find the "l08-home-dual" Any
    t =  1825.11s Checking existence of `"l08-home-list" Any`
    t =  1825.38s Find the "l08-home-list" Any
    t =  1825.62s Checking existence of `"parlor-dsc01-overlay" Any`
    t =  1825.72s Find the "l08-home-dual" Button
    t =  1826.09s Find the "l08-home-list" Other
    t =  1826.41s Find the Target Application 'com.parlor.app.debug'
    t =  1826.44s Find the "parlor-dsc01-overlay" Any
    t =  1826.47s Find the "l08-home-dual" Button
    t =  1826.70s Find the "l08-home-list" Other
PARLOR_L08_HOME_ACTIVATION {"attempt":5,"counters":{},"counters_valid":false,"frames":[[24,671.66668701171875,354,96],[0,0,402,769.66668701171875],[0,0,402,874],[68.666666666666657,134,265,139]],"geometry_valid":true,"identifier":"l08-home-dual","phase":"geometry","proves_recovery":false,"schema_version":1,"stable_samples":6}
    t =  1826.94s Get number of matches for: Elements matching predicate '"l08-home-dual" IN identifiers'
    t =  1826.99s Get number of matches for: Elements matching predicate '"l08-home-list" IN identifiers'
    t =  1827.05s Get number of matches for: Elements matching predicate '"parlor-dsc01-overlay" IN identifiers'
    t =  1827.09s Checking existence of `Alert (First Match)`
    t =  1827.17s Checking existence of `Keyboard (First Match)`
    t =  1827.28s Checking existence of `"l08-home-dual" Any`
    t =  1827.47s Find the "l08-home-dual" Any
    t =  1828.08s Checking existence of `"l08-home-list" Any`
    t =  1828.34s Find the "l08-home-list" Any
    t =  1828.61s Checking existence of `"parlor-dsc01-overlay" Any`
    t =  1828.63s Find the "l08-home-dual" Button
    t =  1828.85s Find the "l08-home-list" Other
    t =  1829.03s Find the Target Application 'com.parlor.app.debug'
    t =  1829.05s Find the "parlor-dsc01-overlay" Any
    t =  1829.10s Find the "l08-home-dual" Button
    t =  1829.32s Find the "l08-home-list" Other
PARLOR_L08_HOME_ACTIVATION {"attempt":0,"counters":{},"counters_valid":false,"frames":[[24,671.66668701171875,354,96],[0,0,402,769.66668701171875],[0,0,402,874],[68.666666666666657,134,265,139]],"geometry_valid":true,"identifier":"l08-home-dual","phase":"before-tap","proves_recovery":false,"schema_version":1,"stable_samples":0}
    t =  1829.48s Find the "l08-home-dual" Any
    t =  1829.77s Find the "l08-home-dual" Button
    t =  1830.93s Find the "l08-home-dual" Button
    t =  1831.60s Tap "l08-home-dual" Button
    t =  1831.60s     Wait for com.parlor.app.debug to idle
    t =  1831.60s     Find the "l08-home-dual" Button
    t =  1832.01s     Check for interrupting elements affecting "l08-home-dual" Button
    t =  1832.27s     Synthesize event
    t =  1832.67s     Wait for com.parlor.app.debug to idle
    t =  1832.68s Waiting 15.0s for "l08-ui-observe" Any to exist
    t =  1833.71s     Checking `Expect predicate `existsNoRetry == 1` for object "l08-ui-observe" Any`
    t =  1833.71s         Checking existence of `"l08-ui-observe" Any`
    t =  1833.94s Get number of matches for: Elements matching predicate '"l08-ui-observe" IN identifiers'
    t =  1834.99s Checking existence of `"l08-ui-observe" Any`
    t =  1835.10s Find the "l08-ui-observe" Any
    t =  1835.22s Find the "l08-ui-observe" Button
    t =  1835.45s Tap "l08-ui-observe" Button
    t =  1835.45s     Wait for com.parlor.app.debug to idle
    t =  1835.45s     Find the "l08-ui-observe" Button
    t =  1835.59s     Check for interrupting elements affecting "l08-ui-observe" Button
    t =  1835.66s     Synthesize event
    t =  1835.96s     Wait for com.parlor.app.debug to idle
    t =  1835.96s Get number of matches for: Elements matching predicate '"l08-ui-result" IN identifiers'
    t =  1835.99s Find the "l08-ui-result" StaticText
PARLOR_L08_HOME_ACTIVATION {"attempt":0,"counters":{"discard_taps":0,"recovery_shows":1,"resume_taps":1,"retry_taps":0},"counters_valid":true,"frames":[],"geometry_valid":false,"identifier":"l08-home-dual","phase":"after-tap","proves_recovery":false,"schema_version":1,"stable_samples":0}
    t =  1836.11s Checking existence of `Alert (First Match)`
    t =  1836.19s Waiting 15.0s for "l08-ui-observe" Any to exist
    t =  1837.21s     Checking `Expect predicate `existsNoRetry == 1` for object "l08-ui-observe" Any`
    t =  1837.21s         Checking existence of `"l08-ui-observe" Any`
    t =  1837.29s Get number of matches for: Elements matching predicate '"l08-ui-observe" IN identifiers'
    t =  1838.36s Checking existence of `"l08-ui-observe" Any`
    t =  1838.43s Find the "l08-ui-observe" Any
    t =  1838.50s Find the "l08-ui-observe" Button
    t =  1838.61s Tap "l08-ui-observe" Button
    t =  1838.61s     Wait for com.parlor.app.debug to idle
    t =  1838.62s     Find the "l08-ui-observe" Button
    t =  1838.73s     Check for interrupting elements affecting "l08-ui-observe" Button
    t =  1838.81s     Synthesize event
    t =  1839.13s     Wait for com.parlor.app.debug to idle
    t =  1839.14s Find the "l08-ui-result" StaticText
    t =  1839.18s Waiting 15.0s for "l08-recovery-retry" Any to exist
    t =  1840.21s     Checking `Expect predicate `existsNoRetry == 1` for object "l08-recovery-retry" Any`
    t =  1840.21s         Checking existence of `"l08-recovery-retry" Any`
    t =  1840.33s Get number of matches for: Elements matching predicate '"l08-recovery-retry" IN identifiers'
    t =  1841.41s Checking existence of `"l08-recovery-retry" Any`
    t =  1841.60s Find the "l08-recovery-retry" Any
    t =  1841.81s Find the "l08-recovery-retry" Button
    t =  1842.06s Tap "l08-recovery-retry" Button
    t =  1842.06s     Wait for com.parlor.app.debug to idle
    t =  1842.07s     Find the "l08-recovery-retry" Button
    t =  1842.38s     Check for interrupting elements affecting "l08-recovery-retry" Button
    t =  1842.48s     Synthesize event
    t =  1842.80s     Wait for com.parlor.app.debug to idle
    t =  1842.81s Waiting 15.0s for "l08-ui-observe" Any to exist
    t =  1843.84s     Checking `Expect predicate `existsNoRetry == 1` for object "l08-ui-observe" Any`
    t =  1843.85s         Checking existence of `"l08-ui-observe" Any`
    t =  1843.96s Get number of matches for: Elements matching predicate '"l08-ui-observe" IN identifiers'
    t =  1845.01s Checking existence of `"l08-ui-observe" Any`
    t =  1845.11s Find the "l08-ui-observe" Any
    t =  1845.26s Find the "l08-ui-observe" Button
    t =  1845.49s Tap "l08-ui-observe" Button
    t =  1845.49s     Wait for com.parlor.app.debug to idle
    t =  1845.49s     Find the "l08-ui-observe" Button
    t =  1845.75s     Check for interrupting elements affecting "l08-ui-observe" Button
    t =  1845.82s     Synthesize event
    t =  1846.16s     Wait for com.parlor.app.debug to idle
    t =  1846.17s Find the "l08-ui-result" StaticText
    t =  1846.22s Waiting 15.0s for "l08-recovery-discard" Any to exist
    t =  1847.26s     Checking `Expect predicate `existsNoRetry == 1` for object "l08-recovery-discard" Any`
    t =  1847.26s         Checking existence of `"l08-recovery-discard" Any`
    t =  1847.52s Get number of matches for: Elements matching predicate '"l08-recovery-discard" IN identifiers'
    t =  1848.58s Checking existence of `"l08-recovery-discard" Any`
    t =  1848.90s Find the "l08-recovery-discard" Any
    t =  1849.17s Find the "l08-recovery-discard" Button
    t =  1849.35s Tap "l08-recovery-discard" Button
    t =  1849.35s     Wait for com.parlor.app.debug to idle
    t =  1849.36s     Find the "l08-recovery-discard" Button
    t =  1849.51s     Check for interrupting elements affecting "l08-recovery-discard" Button
    t =  1849.62s     Synthesize event
    t =  1849.94s     Wait for com.parlor.app.debug to idle
    t =  1849.95s Waiting 15.0s for "l08-functional-action-discard-observed" Any to exist
    t =  1850.98s     Checking `Expect predicate `existsNoRetry == 1` for object "l08-functional-action-discard-observed" Any`
    t =  1850.98s         Checking existence of `"l08-functional-action-discard-observed" Any`
    t =  1851.15s Get number of matches for: Elements matching predicate '"l08-functional-action-discard-observed" IN identifiers'
    t =  1852.20s Checking existence of `"l08-functional-action-discard-observed" Any`
    t =  1852.30s Find the "l08-functional-action-discard-observed" Any
    t =  1852.42s Find the "l08-functional-action-discard-observed" Button
    t =  1852.49s Tap "l08-functional-action-discard-observed" Button
    t =  1852.49s     Wait for com.parlor.app.debug to idle
    t =  1852.49s     Find the "l08-functional-action-discard-observed" Button
    t =  1852.55s     Check for interrupting elements affecting "l08-functional-action-discard-observed" Button
    t =  1852.65s     Synthesize event
    t =  1852.97s     Wait for com.parlor.app.debug to idle
    t =  1853.19s Waiting 10.0s for "l08-storage-functional-result" StaticText to exist
    t =  1854.23s     Checking `Expect predicate `existsNoRetry == 1` for object "l08-storage-functional-result" StaticText`
    t =  1854.23s         Checking existence of `"l08-storage-functional-result" StaticText`
    t =  1855.31s Find the "l08-storage-functional-result" StaticText
    t =  1855.34s Find the "l08-storage-functional-result" StaticText
    t =  1855.37s Checking existence of `Alert (First Match)`
    t =  1855.43s Checking existence of `Alert (First Match)`
PARLOR_L08_STORAGE_FUNCTIONAL_BOOT {"actions":["dual-preserved","discard-observed"],"alert_present":false,"boot_ordinal":12,"foreground":true,"process_boot":"765C5671-1CF5-45F3-A98C-CEC543D7FAB2","run_token":"217002BD-D169-40FC-8138-AB4831656E8D","schema_version":1}
    t =  1855.51s Terminate com.parlor.app.debug:1727
    t =  1856.55s Wait for com.parlor.app.debug to become Not Running
    t =  1856.55s Open com.parlor.app.debug
    t =  1856.55s     Launch com.parlor.app.debug
    t =  1857.16s         Setting up automation session
    t =  1859.72s         Wait for com.parlor.app.debug to idle
    t =  1861.97s Wait for com.parlor.app.debug to become Running Foreground
    t =  1861.97s Waiting 30.0s for "parlor-home-brand" StaticText to exist
    t =  1862.98s     Checking `Expect predicate `existsNoRetry == 1` for object "parlor-home-brand" StaticText`
    t =  1862.98s         Checking existence of `"parlor-home-brand" StaticText`
    t =  1863.11s Waiting 10.0s for "parlor-dsc01-observe" Button to exist
    t =  1864.11s     Checking `Expect predicate `existsNoRetry == 1` for object "parlor-dsc01-observe" Button`
    t =  1864.11s         Checking existence of `"parlor-dsc01-observe" Button`
    t =  1864.14s Checking existence of `Alert (First Match)`
    t =  1864.23s Waiting 10.0s for "parlor-dsc01-state" StaticText to exist
    t =  1865.24s     Checking `Expect predicate `existsNoRetry == 1` for object "parlor-dsc01-state" StaticText`
    t =  1865.24s         Checking existence of `"parlor-dsc01-state" StaticText`
    t =  1865.27s Find the "parlor-dsc01-state" StaticText
    t =  1865.29s Tap "parlor-dsc01-observe" Button
    t =  1865.30s     Wait for com.parlor.app.debug to idle
    t =  1865.30s     Find the "parlor-dsc01-observe" Button
    t =  1865.33s     Check for interrupting elements affecting "parlor-dsc01-observe" Button
    t =  1865.39s     Synthesize event
    t =  1865.70s     Wait for com.parlor.app.debug to idle
    t =  1866.73s Find the "parlor-dsc01-state" StaticText
    t =  1866.76s Waiting 10.0s for "parlor-dsc01-state" StaticText to exist
    t =  1867.78s     Checking `Expect predicate `existsNoRetry == 1` for object "parlor-dsc01-state" StaticText`
    t =  1867.78s         Checking existence of `"parlor-dsc01-state" StaticText`
    t =  1867.82s Find the "parlor-dsc01-state" StaticText
    t =  1867.85s Waiting 10.0s for "parlor-dsc01-state" StaticText to exist
    t =  1868.88s     Checking `Expect predicate `existsNoRetry == 1` for object "parlor-dsc01-state" StaticText`
    t =  1868.88s         Checking existence of `"parlor-dsc01-state" StaticText`
    t =  1868.91s Find the "parlor-dsc01-state" StaticText
    t =  1868.96s Tap "parlor-dsc01-observe" Button
    t =  1868.96s     Wait for com.parlor.app.debug to idle
    t =  1868.97s     Find the "parlor-dsc01-observe" Button
    t =  1869.01s     Check for interrupting elements affecting "parlor-dsc01-observe" Button
    t =  1869.04s     Synthesize event
    t =  1869.36s     Wait for com.parlor.app.debug to idle
    t =  1870.39s Find the "parlor-dsc01-state" StaticText
    t =  1870.43s Waiting 10.0s for "parlor-dsc01-state" StaticText to exist
    t =  1871.45s     Checking `Expect predicate `existsNoRetry == 1` for object "parlor-dsc01-state" StaticText`
    t =  1871.45s         Checking existence of `"parlor-dsc01-state" StaticText`
    t =  1871.48s Find the "parlor-dsc01-state" StaticText
    t =  1871.51s Waiting 15.0s for "l08-functional-action-final-absence" Any to exist
    t =  1872.51s     Checking `Expect predicate `existsNoRetry == 1` for object "l08-functional-action-final-absence" Any`
    t =  1872.51s         Checking existence of `"l08-functional-action-final-absence" Any`
    t =  1872.57s Get number of matches for: Elements matching predicate '"l08-functional-action-final-absence" IN identifiers'
    t =  1873.65s Checking existence of `"l08-functional-action-final-absence" Any`
    t =  1873.74s Find the "l08-functional-action-final-absence" Any
    t =  1873.89s Find the "l08-functional-action-final-absence" Button
    t =  1874.09s Tap "l08-functional-action-final-absence" Button
    t =  1874.09s     Wait for com.parlor.app.debug to idle
    t =  1874.10s     Find the "l08-functional-action-final-absence" Button
    t =  1874.23s     Check for interrupting elements affecting "l08-functional-action-final-absence" Button
    t =  1874.30s     Synthesize event
    t =  1874.60s     Wait for com.parlor.app.debug to idle
    t =  1874.77s Waiting 10.0s for "l08-storage-functional-result" StaticText to exist
    t =  1875.81s     Checking `Expect predicate `existsNoRetry == 1` for object "l08-storage-functional-result" StaticText`
    t =  1875.81s         Checking existence of `"l08-storage-functional-result" StaticText`
    t =  1876.84s Find the "l08-storage-functional-result" StaticText
    t =  1876.89s Find the "l08-storage-functional-result" StaticText
    t =  1876.91s Checking existence of `Alert (First Match)`
    t =  1877.01s Checking existence of `Alert (First Match)`
PARLOR_L08_STORAGE_FUNCTIONAL_BOOT {"actions":["final-absence"],"alert_present":false,"boot_ordinal":13,"foreground":true,"process_boot":"D80125F0-C189-4152-B8B6-32EDC5BD8A49","run_token":"217002BD-D169-40FC-8138-AB4831656E8D","schema_version":1}
    t =  1877.12s Tap "parlor-dsc01-complete" Button
    t =  1877.12s     Wait for com.parlor.app.debug to idle
    t =  1877.12s     Find the "parlor-dsc01-complete" Button
    t =  1877.16s     Check for interrupting elements affecting "parlor-dsc01-complete" Button
    t =  1877.19s     Synthesize event
    t =  1877.50s     Wait for com.parlor.app.debug to idle
    t =  1877.50s Waiting 10.0s for "parlor-dsc01-state" StaticText to exist
    t =  1878.55s     Checking `Expect predicate `existsNoRetry == 1` for object "parlor-dsc01-state" StaticText`
    t =  1878.55s         Checking existence of `"parlor-dsc01-state" StaticText`
    t =  1878.60s Find the "parlor-dsc01-state" StaticText
    t =  1878.63s Tap "parlor-dsc01-observe" Button
    t =  1878.63s     Wait for com.parlor.app.debug to idle
    t =  1878.64s     Find the "parlor-dsc01-observe" Button
    t =  1878.68s     Check for interrupting elements affecting "parlor-dsc01-observe" Button
    t =  1878.73s     Synthesize event
    t =  1879.03s     Wait for com.parlor.app.debug to idle
    t =  1880.04s Find the "parlor-dsc01-state" StaticText
    t =  1880.07s Waiting 10.0s for "parlor-dsc01-state" StaticText to exist
    t =  1881.11s     Checking `Expect predicate `existsNoRetry == 1` for object "parlor-dsc01-state" StaticText`
    t =  1881.11s         Checking existence of `"parlor-dsc01-state" StaticText`
    t =  1881.15s Find the "parlor-dsc01-state" StaticText
    t =  1881.21s Terminate com.parlor.app.debug:8739
    t =  1882.21s Wait for com.parlor.app.debug to become Not Running
    t =  1882.21s Open com.parlor.app.debug
    t =  1882.21s     Launch com.parlor.app.debug
    t =  1883.07s         Setting up automation session
    t =  1884.95s         Wait for com.parlor.app.debug to idle
    t =  1886.93s Wait for com.parlor.app.debug to become Running Foreground
    t =  1886.93s Waiting 30.0s for "parlor-home-brand" StaticText to exist
    t =  1887.95s     Checking `Expect predicate `existsNoRetry == 1` for object "parlor-home-brand" StaticText`
    t =  1887.95s         Checking existence of `"parlor-home-brand" StaticText`
    t =  1888.02s Waiting 10.0s for "parlor-dsc01-observe" Button to exist
    t =  1889.04s     Checking `Expect predicate `existsNoRetry == 1` for object "parlor-dsc01-observe" Button`
    t =  1889.04s         Checking existence of `"parlor-dsc01-observe" Button`
    t =  1889.08s Checking existence of `Alert (First Match)`
    t =  1889.15s Waiting 10.0s for "parlor-dsc01-state" StaticText to exist
    t =  1890.21s     Checking `Expect predicate `existsNoRetry == 1` for object "parlor-dsc01-state" StaticText`
    t =  1890.21s         Checking existence of `"parlor-dsc01-state" StaticText`
    t =  1890.27s Find the "parlor-dsc01-state" StaticText
    t =  1890.30s Tap "parlor-dsc01-observe" Button
    t =  1890.30s     Wait for com.parlor.app.debug to idle
    t =  1890.31s     Find the "parlor-dsc01-observe" Button
    t =  1890.33s     Check for interrupting elements affecting "parlor-dsc01-observe" Button
    t =  1890.37s     Synthesize event
    t =  1890.70s     Wait for com.parlor.app.debug to idle
    t =  1891.71s Find the "parlor-dsc01-state" StaticText
    t =  1891.76s Waiting 10.0s for "parlor-dsc01-state" StaticText to exist
    t =  1892.78s     Checking `Expect predicate `existsNoRetry == 1` for object "parlor-dsc01-state" StaticText`
    t =  1892.78s         Checking existence of `"parlor-dsc01-state" StaticText`
    t =  1892.80s Find the "parlor-dsc01-state" StaticText
    t =  1892.84s Waiting 10.0s for "parlor-dsc01-state" StaticText to exist
    t =  1893.84s     Checking `Expect predicate `existsNoRetry == 1` for object "parlor-dsc01-state" StaticText`
    t =  1893.85s         Checking existence of `"parlor-dsc01-state" StaticText`
    t =  1893.96s Find the "parlor-dsc01-state" StaticText
    t =  1893.99s Tap "parlor-dsc01-observe" Button
    t =  1893.99s     Wait for com.parlor.app.debug to idle
    t =  1893.99s     Find the "parlor-dsc01-observe" Button
    t =  1894.04s     Check for interrupting elements affecting "parlor-dsc01-observe" Button
    t =  1894.13s     Synthesize event
    t =  1894.45s     Wait for com.parlor.app.debug to idle
    t =  1895.50s Find the "parlor-dsc01-state" StaticText
    t =  1895.52s Waiting 10.0s for "parlor-dsc01-state" StaticText to exist
    t =  1896.54s     Checking `Expect predicate `existsNoRetry == 1` for object "parlor-dsc01-state" StaticText`
    t =  1896.54s         Checking existence of `"parlor-dsc01-state" StaticText`
    t =  1896.58s Find the "parlor-dsc01-state" StaticText
    t =  1896.63s Waiting 15.0s for Any (First Match) to exist
    t =  1897.64s     Checking `Expect predicate `existsNoRetry == 1` for object Any (First Match)`
    t =  1897.64s         Checking existence of `Any (First Match)`
    t =  1897.68s Get all elements bound by index for: Elements matching predicate 'label == "Open settings., SETTINGS"'
    t =  1897.70s Find the Any (Element at index 0)
    t =  1897.74s Tap "Open settings., SETTINGS" Button
    t =  1897.74s     Wait for com.parlor.app.debug to idle
    t =  1897.75s     Find the "Open settings., SETTINGS" Button
    t =  1897.77s     Check for interrupting elements affecting "Open settings., SETTINGS" Button
    t =  1897.82s     Synthesize event
    t =  1898.13s     Wait for com.parlor.app.debug to idle
    t =  1898.13s Waiting 15.0s for Any (First Match) to exist
    t =  1899.20s     Checking `Expect predicate `existsNoRetry == 1` for object Any (First Match)`
    t =  1899.20s         Checking existence of `Any (First Match)`
    t =  1899.25s Checking existence of `Any (First Match)`
    t =  1899.29s Waiting 10.0s for "parlor-dsc01-state" StaticText to exist
    t =  1900.31s     Checking `Expect predicate `existsNoRetry == 1` for object "parlor-dsc01-state" StaticText`
    t =  1900.31s         Checking existence of `"parlor-dsc01-state" StaticText`
    t =  1900.33s Find the "parlor-dsc01-state" StaticText
    t =  1900.36s Tap "parlor-dsc01-observe" Button
    t =  1900.36s     Wait for com.parlor.app.debug to idle
    t =  1900.36s     Find the "parlor-dsc01-observe" Button
    t =  1900.39s     Check for interrupting elements affecting "parlor-dsc01-observe" Button
    t =  1900.42s     Synthesize event
    t =  1900.72s     Wait for com.parlor.app.debug to idle
    t =  1901.75s Find the "parlor-dsc01-state" StaticText
    t =  1901.78s Waiting 10.0s for "parlor-dsc01-state" StaticText to exist
    t =  1902.84s     Checking `Expect predicate `existsNoRetry == 1` for object "parlor-dsc01-state" StaticText`
    t =  1902.84s         Checking existence of `"parlor-dsc01-state" StaticText`
    t =  1902.88s Find the "parlor-dsc01-state" StaticText
    t =  1902.89s Waiting 15.0s for Any (First Match) to exist
    t =  1903.91s     Checking `Expect predicate `existsNoRetry == 1` for object Any (First Match)`
    t =  1903.91s         Checking existence of `Any (First Match)`
    t =  1903.95s Get all elements bound by index for: Elements matching predicate 'label == "English"'
    t =  1903.97s Find the Any (Element at index 0)
    t =  1904.00s Tap "English" Button
    t =  1904.00s     Wait for com.parlor.app.debug to idle
    t =  1904.01s     Find the "English" Button
    t =  1904.02s     Check for interrupting elements affecting "English" Button
    t =  1904.04s     Synthesize event
    t =  1904.33s     Wait for com.parlor.app.debug to idle
    t =  1904.33s Waiting 15.0s for Any (First Match) to exist
    t =  1905.38s     Checking `Expect predicate `existsNoRetry == 1` for object Any (First Match)`
    t =  1905.38s         Checking existence of `Any (First Match)`
    t =  1905.41s Checking existence of `Any (First Match)`
    t =  1905.44s Waiting 10.0s for "parlor-dsc01-state" StaticText to exist
    t =  1906.48s     Checking `Expect predicate `existsNoRetry == 1` for object "parlor-dsc01-state" StaticText`
    t =  1906.48s         Checking existence of `"parlor-dsc01-state" StaticText`
    t =  1906.50s Find the "parlor-dsc01-state" StaticText
    t =  1906.51s Tap "parlor-dsc01-observe" Button
    t =  1906.51s     Wait for com.parlor.app.debug to idle
    t =  1906.52s     Find the "parlor-dsc01-observe" Button
    t =  1906.53s     Check for interrupting elements affecting "parlor-dsc01-observe" Button
    t =  1906.56s     Synthesize event
    t =  1906.86s     Wait for com.parlor.app.debug to idle
    t =  1907.88s Find the "parlor-dsc01-state" StaticText
    t =  1907.92s Waiting 10.0s for "parlor-dsc01-state" StaticText to exist
    t =  1908.94s     Checking `Expect predicate `existsNoRetry == 1` for object "parlor-dsc01-state" StaticText`
    t =  1908.94s         Checking existence of `"parlor-dsc01-state" StaticText`
    t =  1908.97s Find the "parlor-dsc01-state" StaticText
    t =  1908.99s Waiting 10.0s for "parlor-dsc01-state" StaticText to exist
    t =  1910.01s     Checking `Expect predicate `existsNoRetry == 1` for object "parlor-dsc01-state" StaticText`
    t =  1910.01s         Checking existence of `"parlor-dsc01-state" StaticText`
    t =  1910.06s Find the "parlor-dsc01-state" StaticText
    t =  1910.09s Tap "parlor-dsc01-observe" Button
    t =  1910.09s     Wait for com.parlor.app.debug to idle
    t =  1910.09s     Find the "parlor-dsc01-observe" Button
    t =  1910.13s     Check for interrupting elements affecting "parlor-dsc01-observe" Button
    t =  1910.17s     Synthesize event
    t =  1910.47s     Wait for com.parlor.app.debug to idle
    t =  1911.51s Find the "parlor-dsc01-state" StaticText
    t =  1911.55s Waiting 10.0s for "parlor-dsc01-state" StaticText to exist
    t =  1912.58s     Checking `Expect predicate `existsNoRetry == 1` for object "parlor-dsc01-state" StaticText`
    t =  1912.58s         Checking existence of `"parlor-dsc01-state" StaticText`
    t =  1912.60s Find the "parlor-dsc01-state" StaticText
    t =  1912.64s Waiting 15.0s for Any (First Match) to exist
    t =  1913.66s     Checking `Expect predicate `existsNoRetry == 1` for object Any (First Match)`
    t =  1913.66s         Checking existence of `Any (First Match)`
    t =  1913.72s Get all elements bound by index for: Elements matching predicate 'label == "Open the game library., GAMES"'
    t =  1913.75s Find the Any (Element at index 0)
    t =  1913.80s Tap "Open the game library., GAMES" Button
    t =  1913.80s     Wait for com.parlor.app.debug to idle
    t =  1913.81s     Find the "Open the game library., GAMES" Button
    t =  1913.84s     Check for interrupting elements affecting "Open the game library., GAMES" Button
    t =  1913.87s     Synthesize event
    t =  1914.17s     Wait for com.parlor.app.debug to idle
    t =  1914.17s Waiting 15.0s for "parlor-home-brand" StaticText to exist
    t =  1915.21s     Checking `Expect predicate `existsNoRetry == 1` for object "parlor-home-brand" StaticText`
    t =  1915.21s         Checking existence of `"parlor-home-brand" StaticText`
    t =  1915.24s Waiting 10.0s for "parlor-dsc01-state" StaticText to exist
    t =  1916.28s     Checking `Expect predicate `existsNoRetry == 1` for object "parlor-dsc01-state" StaticText`
    t =  1916.28s         Checking existence of `"parlor-dsc01-state" StaticText`
    t =  1916.30s Find the "parlor-dsc01-state" StaticText
    t =  1916.32s Tap "parlor-dsc01-observe" Button
    t =  1916.32s     Wait for com.parlor.app.debug to idle
    t =  1916.33s     Find the "parlor-dsc01-observe" Button
    t =  1916.36s     Check for interrupting elements affecting "parlor-dsc01-observe" Button
    t =  1916.39s     Synthesize event
    t =  1916.70s     Wait for com.parlor.app.debug to idle
    t =  1917.71s Find the "parlor-dsc01-state" StaticText
    t =  1917.75s Waiting 10.0s for "parlor-dsc01-state" StaticText to exist
    t =  1918.78s     Checking `Expect predicate `existsNoRetry == 1` for object "parlor-dsc01-state" StaticText`
    t =  1918.78s         Checking existence of `"parlor-dsc01-state" StaticText`
    t =  1918.80s Find the "parlor-dsc01-state" StaticText
    t =  1918.83s Get number of matches for: Elements matching predicate 'label BEGINSWITH "Open Whodunit and pick how you want to play."'
    t =  1918.86s Get number of matches for: Elements matching predicate '"parlor-dsc01-overlay" IN identifiers'
    t =  1918.89s Get number of matches for: Elements matching predicate 'label == "Open the game library., GAMES"'
    t =  1918.94s Get number of matches for: Elements matching predicate 'label == "Open settings., SETTINGS"'
    t =  1918.96s Find the Button (First Match)
    t =  1919.10s Find the "Open Whodunit and pick how you want to play., CASE FILE · 1, Whodunit, Seven mysteries. One guilty guest., Trade secrets, reveal evidence, and accuse carefully." Button
    t =  1919.30s Find the "Open Whodunit and pick how you want to play., CASE FILE · 1, Whodunit, Seven mysteries. One guilty guest., Trade secrets, reveal evidence, and accuse carefully." Button
    t =  1919.35s Find the Target Application 'com.parlor.app.debug'
    t =  1919.40s Find the "parlor-dsc01-overlay" Any
    t =  1919.43s Find the Any (First Match)
    t =  1919.49s Find the Any (First Match)
    t =  1919.54s Get number of matches for: Elements matching predicate 'label BEGINSWITH "Start a pass-and-play session on this device."'
    t =  1919.58s Checking existence of `Alert (First Match)`
    t =  1919.67s Checking existence of `Keyboard (First Match)`
DSC01_CATALOG_METADATA {"elapsedMilliseconds":962,"fields":{"alertPresent":false,"enabled":true,"foreground":true,"hittable":true,"index":1,"keyboardPresent":false,"overlay":{"present":true,"rectangle":[68.666666666666657,134,265,49],"validFiniteRectangle":true},"overlayCountCapped16":1,"successorCountCapped16":0,"tabCountsCapped16":[1,1],"tabs":[{"present":true,"rectangle":[24,778.66668701171875,173,53.33331298828125],"validFiniteRectangle":true},{"present":true,"rectangle":[205,778.66668701171875,173,53.33331298828125],"validFiniteRectangle":true}],"target":{"present":true,"rectangle":[24,376,354,369.3333740234375],"validFiniteRectangle":true},"targetCountCapped16":1,"viewport":{"present":true,"rectangle":[0,0,402,874],"validFiniteRectangle":true},"window":1},"game":"whodunit","kind":"search","ordinal":1,"schemaVersion":1}
    t =  1920.04s Get number of matches for: Elements matching predicate 'label BEGINSWITH "Open Whodunit and pick how you want to play."'
    t =  1920.08s Get number of matches for: Elements matching predicate '"parlor-dsc01-overlay" IN identifiers'
    t =  1920.12s Get number of matches for: Elements matching predicate 'label == "Open the game library., GAMES"'
    t =  1920.15s Get number of matches for: Elements matching predicate 'label == "Open settings., SETTINGS"'
    t =  1920.18s Find the Button (First Match)
    t =  1920.40s Find the "Open Whodunit and pick how you want to play., CASE FILE · 1, Whodunit, Seven mysteries. One guilty guest., Trade secrets, reveal evidence, and accuse carefully." Button
    t =  1920.59s Find the "Open Whodunit and pick how you want to play., CASE FILE · 1, Whodunit, Seven mysteries. One guilty guest., Trade secrets, reveal evidence, and accuse carefully." Button
    t =  1921.00s Find the Target Application 'com.parlor.app.debug'
    t =  1921.03s Find the "parlor-dsc01-overlay" Any
    t =  1921.14s Find the Any (First Match)
    t =  1921.25s Find the Any (First Match)
    t =  1921.35s Get number of matches for: Elements matching predicate 'label BEGINSWITH "Start a pass-and-play session on this device."'
    t =  1921.40s Checking existence of `Alert (First Match)`
    t =  1921.50s Checking existence of `Keyboard (First Match)`
DSC01_CATALOG_METADATA {"elapsedMilliseconds":2823,"fields":{"alertPresent":false,"enabled":true,"foreground":true,"hittable":true,"index":2,"keyboardPresent":false,"overlay":{"present":true,"rectangle":[68.666666666666657,134,265,49],"validFiniteRectangle":true},"overlayCountCapped16":1,"successorCountCapped16":0,"tabCountsCapped16":[1,1],"tabs":[{"present":true,"rectangle":[24,778.66668701171875,173,53.33331298828125],"validFiniteRectangle":true},{"present":true,"rectangle":[205,778.66668701171875,173,53.33331298828125],"validFiniteRectangle":true}],"target":{"present":true,"rectangle":[24,376,354,369.3333740234375],"validFiniteRectangle":true},"targetCountCapped16":1,"viewport":{"present":true,"rectangle":[0,0,402,874],"validFiniteRectangle":true},"window":1},"game":"whodunit","kind":"search","ordinal":2,"schemaVersion":1}
    t =  1921.91s Get number of matches for: Elements matching predicate 'label BEGINSWITH "Open Whodunit and pick how you want to play."'
    t =  1921.93s Get number of matches for: Elements matching predicate '"parlor-dsc01-overlay" IN identifiers'
    t =  1921.95s Get number of matches for: Elements matching predicate 'label == "Open the game library., GAMES"'
    t =  1921.98s Get number of matches for: Elements matching predicate 'label == "Open settings., SETTINGS"'
    t =  1922.02s Find the Button (First Match)
    t =  1922.18s Find the "Open Whodunit and pick how you want to play., CASE FILE · 1, Whodunit, Seven mysteries. One guilty guest., Trade secrets, reveal evidence, and accuse carefully." Button
    t =  1922.36s Find the "Open Whodunit and pick how you want to play., CASE FILE · 1, Whodunit, Seven mysteries. One guilty guest., Trade secrets, reveal evidence, and accuse carefully." Button
    t =  1922.52s Find the Target Application 'com.parlor.app.debug'
    t =  1922.55s Find the "parlor-dsc01-overlay" Any
    t =  1922.63s Find the Any (First Match)
    t =  1922.78s Find the Any (First Match)
    t =  1922.89s Get number of matches for: Elements matching predicate 'label BEGINSWITH "Start a pass-and-play session on this device."'
    t =  1922.93s Checking existence of `Alert (First Match)`
    t =  1923.08s Checking existence of `Keyboard (First Match)`
DSC01_CATALOG_METADATA {"elapsedMilliseconds":4434,"fields":{"alertPresent":false,"enabled":true,"foreground":true,"hittable":true,"index":3,"keyboardPresent":false,"overlay":{"present":true,"rectangle":[68.666666666666657,134,265,49],"validFiniteRectangle":true},"overlayCountCapped16":1,"successorCountCapped16":0,"tabCountsCapped16":[1,1],"tabs":[{"present":true,"rectangle":[24,778.66668701171875,173,53.33331298828125],"validFiniteRectangle":true},{"present":true,"rectangle":[205,778.66668701171875,173,53.33331298828125],"validFiniteRectangle":true}],"target":{"present":true,"rectangle":[24,376,354,369.3333740234375],"validFiniteRectangle":true},"targetCountCapped16":1,"viewport":{"present":true,"rectangle":[0,0,402,874],"validFiniteRectangle":true},"window":1},"game":"whodunit","kind":"search","ordinal":3,"schemaVersion":1}
    t =  1923.53s Get number of matches for: Elements matching predicate 'label BEGINSWITH "Open Whodunit and pick how you want to play."'
    t =  1923.56s Get number of matches for: Elements matching predicate '"parlor-dsc01-overlay" IN identifiers'
    t =  1923.59s Get number of matches for: Elements matching predicate 'label == "Open the game library., GAMES"'
    t =  1923.61s Get number of matches for: Elements matching predicate 'label == "Open settings., SETTINGS"'
    t =  1923.66s Find the Button (First Match)
    t =  1923.77s Find the "Open Whodunit and pick how you want to play., CASE FILE · 1, Whodunit, Seven mysteries. One guilty guest., Trade secrets, reveal evidence, and accuse carefully." Button
    t =  1924.00s Find the "Open Whodunit and pick how you want to play., CASE FILE · 1, Whodunit, Seven mysteries. One guilty guest., Trade secrets, reveal evidence, and accuse carefully." Button
    t =  1924.19s Find the Target Application 'com.parlor.app.debug'
    t =  1924.21s Find the "parlor-dsc01-overlay" Any
    t =  1924.26s Find the Any (First Match)
    t =  1924.36s Find the Any (First Match)
    t =  1924.47s Get number of matches for: Elements matching predicate 'label BEGINSWITH "Start a pass-and-play session on this device."'
    t =  1924.51s Checking existence of `Alert (First Match)`
    t =  1924.64s Checking existence of `Keyboard (First Match)`
DSC01_CATALOG_METADATA {"elapsedMilliseconds":5968,"fields":{"alertPresent":false,"enabled":true,"foreground":true,"hittable":true,"index":4,"keyboardPresent":false,"overlay":{"present":true,"rectangle":[68.666666666666657,134,265,49],"validFiniteRectangle":true},"overlayCountCapped16":1,"successorCountCapped16":0,"tabCountsCapped16":[1,1],"tabs":[{"present":true,"rectangle":[24,778.66668701171875,173,53.33331298828125],"validFiniteRectangle":true},{"present":true,"rectangle":[205,778.66668701171875,173,53.33331298828125],"validFiniteRectangle":true}],"target":{"present":true,"rectangle":[24,376,354,369.3333740234375],"validFiniteRectangle":true},"targetCountCapped16":1,"viewport":{"present":true,"rectangle":[0,0,402,874],"validFiniteRectangle":true},"window":1},"game":"whodunit","kind":"search","ordinal":4,"schemaVersion":1}
    t =  1925.06s Get number of matches for: Elements matching predicate 'label BEGINSWITH "Open Whodunit and pick how you want to play."'
    t =  1925.11s Get number of matches for: Elements matching predicate '"parlor-dsc01-overlay" IN identifiers'
    t =  1925.14s Get number of matches for: Elements matching predicate 'label == "Open the game library., GAMES"'
    t =  1925.19s Get number of matches for: Elements matching predicate 'label == "Open settings., SETTINGS"'
    t =  1925.26s Find the Button (First Match)
    t =  1925.59s Find the "Open Whodunit and pick how you want to play., CASE FILE · 1, Whodunit, Seven mysteries. One guilty guest., Trade secrets, reveal evidence, and accuse carefully." Button
    t =  1925.69s Find the "Open Whodunit and pick how you want to play., CASE FILE · 1, Whodunit, Seven mysteries. One guilty guest., Trade secrets, reveal evidence, and accuse carefully." Button
    t =  1925.79s Find the Target Application 'com.parlor.app.debug'
    t =  1925.81s Find the "parlor-dsc01-overlay" Any
    t =  1925.85s Find the Any (First Match)
    t =  1925.93s Find the Any (First Match)
    t =  1925.99s Get number of matches for: Elements matching predicate 'label BEGINSWITH "Start a pass-and-play session on this device."'
    t =  1926.01s Checking existence of `Alert (First Match)`
    t =  1926.09s Checking existence of `Keyboard (First Match)`
DSC01_CATALOG_METADATA {"elapsedMilliseconds":7318,"fields":{"alertPresent":false,"enabled":true,"foreground":true,"hittable":true,"index":5,"keyboardPresent":false,"overlay":{"present":true,"rectangle":[68.666666666666657,134,265,49],"validFiniteRectangle":true},"overlayCountCapped16":1,"successorCountCapped16":0,"tabCountsCapped16":[1,1],"tabs":[{"present":true,"rectangle":[24,778.66668701171875,173,53.33331298828125],"validFiniteRectangle":true},{"present":true,"rectangle":[205,778.66668701171875,173,53.33331298828125],"validFiniteRectangle":true}],"target":{"present":true,"rectangle":[24,376,354,369.3333740234375],"validFiniteRectangle":true},"targetCountCapped16":1,"viewport":{"present":true,"rectangle":[0,0,402,874],"validFiniteRectangle":true},"window":1},"game":"whodunit","kind":"search","ordinal":5,"schemaVersion":1}
    t =  1926.41s Get number of matches for: Elements matching predicate 'label BEGINSWITH "Open Whodunit and pick how you want to play."'
    t =  1926.43s Get number of matches for: Elements matching predicate '"parlor-dsc01-overlay" IN identifiers'
    t =  1926.46s Get number of matches for: Elements matching predicate 'label == "Open the game library., GAMES"'
    t =  1926.48s Get number of matches for: Elements matching predicate 'label == "Open settings., SETTINGS"'
    t =  1926.53s Find the Button (First Match)
    t =  1926.60s Find the "Open Whodunit and pick how you want to play., CASE FILE · 1, Whodunit, Seven mysteries. One guilty guest., Trade secrets, reveal evidence, and accuse carefully." Button
    t =  1926.69s Find the "Open Whodunit and pick how you want to play., CASE FILE · 1, Whodunit, Seven mysteries. One guilty guest., Trade secrets, reveal evidence, and accuse carefully." Button
    t =  1926.76s Find the Target Application 'com.parlor.app.debug'
    t =  1926.77s Find the "parlor-dsc01-overlay" Any
    t =  1926.80s Find the Any (First Match)
    t =  1926.87s Find the Any (First Match)
    t =  1926.92s Get number of matches for: Elements matching predicate 'label BEGINSWITH "Start a pass-and-play session on this device."'
    t =  1926.94s Checking existence of `Alert (First Match)`
    t =  1927.01s Checking existence of `Keyboard (First Match)`
DSC01_CATALOG_METADATA {"elapsedMilliseconds":8285,"fields":{"alertPresent":false,"enabled":true,"foreground":true,"hittable":true,"index":6,"keyboardPresent":false,"overlay":{"present":true,"rectangle":[68.666666666666657,134,265,49],"validFiniteRectangle":true},"overlayCountCapped16":1,"successorCountCapped16":0,"tabCountsCapped16":[1,1],"tabs":[{"present":true,"rectangle":[24,778.66668701171875,173,53.33331298828125],"validFiniteRectangle":true},{"present":true,"rectangle":[205,778.66668701171875,173,53.33331298828125],"validFiniteRectangle":true}],"target":{"present":true,"rectangle":[24,376,354,369.3333740234375],"validFiniteRectangle":true},"targetCountCapped16":1,"viewport":{"present":true,"rectangle":[0,0,402,874],"validFiniteRectangle":true},"window":1},"game":"whodunit","kind":"search","ordinal":6,"schemaVersion":1}
    t =  1927.11s Get number of matches for: Elements matching predicate 'label BEGINSWITH "Open Whodunit and pick how you want to play."'
    t =  1927.16s Get number of matches for: Elements matching predicate '"parlor-dsc01-overlay" IN identifiers'
    t =  1927.18s Get number of matches for: Elements matching predicate 'label == "Open the game library., GAMES"'
    t =  1927.20s Get number of matches for: Elements matching predicate 'label == "Open settings., SETTINGS"'
    t =  1927.22s Find the Button (First Match)
    t =  1927.29s Find the "Open Whodunit and pick how you want to play., CASE FILE · 1, Whodunit, Seven mysteries. One guilty guest., Trade secrets, reveal evidence, and accuse carefully." Button
    t =  1927.41s Find the "Open Whodunit and pick how you want to play., CASE FILE · 1, Whodunit, Seven mysteries. One guilty guest., Trade secrets, reveal evidence, and accuse carefully." Button
    t =  1927.48s Find the Target Application 'com.parlor.app.debug'
    t =  1927.51s Find the "parlor-dsc01-overlay" Any
    t =  1927.54s Find the Any (First Match)
    t =  1927.60s Find the Any (First Match)
    t =  1927.67s Get number of matches for: Elements matching predicate 'label BEGINSWITH "Start a pass-and-play session on this device."'
    t =  1927.69s Checking existence of `Alert (First Match)`
    t =  1927.78s Checking existence of `Keyboard (First Match)`
    t =  1927.91s Get number of matches for: Elements matching predicate 'label BEGINSWITH "Open Whodunit and pick how you want to play."'
    t =  1927.94s Find the Button (First Match)
    t =  1928.04s Find the "Open Whodunit and pick how you want to play., CASE FILE · 1, Whodunit, Seven mysteries. One guilty guest., Trade secrets, reveal evidence, and accuse carefully." Button
    t =  1928.13s Find the "Open Whodunit and pick how you want to play., CASE FILE · 1, Whodunit, Seven mysteries. One guilty guest., Trade secrets, reveal evidence, and accuse carefully." Button
    t =  1928.26s Find the "Open Whodunit and pick how you want to play., CASE FILE · 1, Whodunit, Seven mysteries. One guilty guest., Trade secrets, reveal evidence, and accuse carefully." Button
    t =  1928.38s Find the "Open Whodunit and pick how you want to play., CASE FILE · 1, Whodunit, Seven mysteries. One guilty guest., Trade secrets, reveal evidence, and accuse carefully." Button
DSC01_CATALOG_METADATA {"elapsedMilliseconds":9642,"fields":{"activationTargetFrame":{"present":true,"rectangle":[24,376,354,369.3333740234375],"validFiniteRectangle":true},"actualCoordinatePoint":[201,560.66668701171875],"alertPresent":false,"enabled":true,"foreground":true,"hittable":true,"keyboardPresent":false,"normalizedPoint":[0.5,0.5],"overlay":{"present":true,"rectangle":[68.666666666666657,134,265,49],"validFiniteRectangle":true},"overlayCountCapped16":1,"plannedPoint":[201,560.66668701171875],"successorCountCapped16":0,"tabCountsCapped16":[1,1],"tabs":[{"present":true,"rectangle":[24,778.66668701171875,173,53.33331298828125],"validFiniteRectangle":true},{"present":true,"rectangle":[205,778.66668701171875,173,53.33331298828125],"validFiniteRectangle":true}],"target":{"present":true,"rectangle":[24,376,354,369.3333740234375],"validFiniteRectangle":true},"targetCountCapped16":1,"viewport":{"present":true,"rectangle":[0,0,402,874],"validFiniteRectangle":true},"visibleInterior":{"present":true,"rectangle":[36,388,330,345.3333740234375],"validFiniteRectangle":true}},"game":"whodunit","kind":"before-activation","ordinal":7,"schemaVersion":1}
    t =  1928.49s Tap "Open Whodunit and pick how you want to play., CASE FILE · 1, Whodunit, Seven mysteries. One guilty guest., Trade secrets, reveal evidence, and accuse carefully." Button[0.50, 0.50]
    t =  1928.49s     Wait for com.parlor.app.debug to idle
    t =  1928.49s     Find the "Open Whodunit and pick how you want to play., CASE FILE · 1, Whodunit, Seven mysteries. One guilty guest., Trade secrets, reveal evidence, and accuse carefully." Button
    t =  1928.61s     Check for interrupting elements affecting "Open Whodunit and pick how you want to play., CASE FILE · 1, Whodunit, Seven mysteries. One guilty guest., Trade secrets, reveal evidence, and accuse carefully." Button
    t =  1928.68s     Synthesize event
    t =  1928.68s         Find the "Open Whodunit and pick how you want to play., CASE FILE · 1, Whodunit, Seven mysteries. One guilty guest., Trade secrets, reveal evidence, and accuse carefully." Button
    t =  1928.77s         Find the "Open Whodunit and pick how you want to play., CASE FILE · 1, Whodunit, Seven mysteries. One guilty guest., Trade secrets, reveal evidence, and accuse carefully." Button
    t =  1928.93s         Find the "Open Whodunit and pick how you want to play., CASE FILE · 1, Whodunit, Seven mysteries. One guilty guest., Trade secrets, reveal evidence, and accuse carefully." Button
    t =  1929.32s     Wait for com.parlor.app.debug to idle
    t =  1929.36s Get number of matches for: Elements matching predicate 'label BEGINSWITH "Open Whodunit and pick how you want to play."'
    t =  1929.42s Get number of matches for: Elements matching predicate '"parlor-dsc01-overlay" IN identifiers'
    t =  1929.46s Get number of matches for: Elements matching predicate 'label == "Open the game library., GAMES"'
    t =  1929.54s Get number of matches for: Elements matching predicate 'label == "Open settings., SETTINGS"'
    t =  1929.59s Find the Button (First Match)
    t =  1929.70s Find the "Open Whodunit and pick how you want to play., CASE FILE · 1, Whodunit, Seven mysteries. One guilty guest., Trade secrets, reveal evidence, and accuse carefully." Button
    t =  1929.85s Find the "Open Whodunit and pick how you want to play., CASE FILE · 1, Whodunit, Seven mysteries. One guilty guest., Trade secrets, reveal evidence, and accuse carefully." Button
    t =  1930.97s     Find the "Open Whodunit and pick how you want to play., CASE FILE · 1, Whodunit, Seven mysteries. One guilty guest., Trade secrets, reveal evidence, and accuse carefully." Button (retry 1)
    t =  1932.10s     Find the "Open Whodunit and pick how you want to play., CASE FILE · 1, Whodunit, Seven mysteries. One guilty guest., Trade secrets, reveal evidence, and accuse carefully." Button (retry 2)
    t =  1932.19s     Collecting debug information to assist test failure triage
    t =  1932.19s         Requesting snapshot of accessibility hierarchy for app with pid 10455
    t =  1932.26s     Requesting snapshot of accessibility hierarchy for app with pid 10455
    t =  1932.29s     Requesting snapshot of accessibility hierarchy for app with pid 10455
/var/folders/bl/vzjcvbz95c3dk19cb0fw46180000gn/T/parlor-audit-ios-readiness-29-nn754kh4/copy/iosApp/iosAppUITests/IOSAppLaunchUITests.swift:840: error: -[iosAppUITests.IOSAppLaunchUITests testDSC01ActualSettingsLocalSessionsAndOSWithL08FunctionalObservation] : Failed to get matching snapshot: No matches found for first query match sequence: `Descendants matching type Button` -> `Elements matching predicate 'label BEGINSWITH "Open Whodunit and pick how you want to play."'`, given input App element pid: 10455
    t =  1932.97s Tear Down
Test Case '-[iosAppUITests.IOSAppLaunchUITests testDSC01ActualSettingsLocalSessionsAndOSWithL08FunctionalObservation]' failed (1934.407 seconds).
Test Suite 'IOSAppLaunchUITests' failed at 2026-09-09 15:19:55.933.
	 Executed 1 test, with 1 failure (0 unexpected) in 1934.407 (1934.409) seconds
Test Suite 'iosAppUITests.xctest' failed at 2026-09-09 15:19:55.934.
	 Executed 5 tests, with 1 failure (0 unexpected) in 1935.666 (1935.673) seconds
Test Suite 'All tests' failed at 2026-09-09 15:19:55.934.
	 Executed 5 tests, with 1 failure (0 unexpected) in 1935.666 (1935.677) seconds
2026-09-09 15:20:32.506 xcodebuild[8855:34640] [MT] IDETestOperationsObserverDebug: 2002.758 elapsed -- Testing started completed.
2026-09-09 15:20:32.507 xcodebuild[8855:34640] [MT] IDETestOperationsObserverDebug: 0.000 sec, +0.000 sec -- start
2026-09-09 15:20:32.507 xcodebuild[8855:34640] [MT] IDETestOperationsObserverDebug: 2002.759 sec, +2002.759 sec -- end

Test session results, code coverage, and logs:
	/var/folders/bl/vzjcvbz95c3dk19cb0fw46180000gn/T/parlor-audit-ios-readiness-29-nn754kh4/Results.xcresult

** TEST FAILED **

Testing started
