Command line invocation:
    /Applications/Xcode.app/Contents/Developer/usr/bin/xcodebuild -project /private/var/folders/6m/vxwlbjsn7vs6h80_98w6x7p40000gn/T/parlor-audit-dsc01-apphost-01-zbq7j_1u/copy/iosApp/iosApp.xcodeproj -scheme iosApp -configuration Debug -sdk iphonesimulator -destination id=6EDE37DE-E0B6-44B6-87B5-3CE2DE096C10 -derivedDataPath /private/var/folders/6m/vxwlbjsn7vs6h80_98w6x7p40000gn/T/parlor-audit-dsc01-apphost-01-zbq7j_1u/DerivedData -resultBundlePath /private/var/folders/6m/vxwlbjsn7vs6h80_98w6x7p40000gn/T/parlor-audit-dsc01-apphost-01-zbq7j_1u/Results.xcresult -parallel-testing-enabled NO -maximum-concurrent-test-simulator-destinations 1 -disable-concurrent-destination-testing -jobs 1 -test-timeouts-enabled YES -default-test-execution-time-allowance 720 -maximum-test-execution-time-allowance 900 CODE_SIGNING_ALLOWED=NO CODE_SIGNING_REQUIRED=NO CODE_SIGN_IDENTITY= DEVELOPMENT_TEAM= ONLY_ACTIVE_ARCH=YES COMPILER_INDEX_STORE_ENABLE=NO test

Build settings from command line:
    CODE_SIGN_IDENTITY = 
    CODE_SIGNING_ALLOWED = NO
    CODE_SIGNING_REQUIRED = NO
    COMPILER_INDEX_STORE_ENABLE = NO
    DEVELOPMENT_TEAM = 
    ONLY_ACTIVE_ARCH = YES
    SDKROOT = iphonesimulator26.5

Writing result bundle at path:
	/private/var/folders/6m/vxwlbjsn7vs6h80_98w6x7p40000gn/T/parlor-audit-dsc01-apphost-01-zbq7j_1u/Results.xcresult

Build Preparation
Build task concurrency set to 1 via user default IDEBuildOperationMaxNumberOfConcurrentCompileTasks

note: Using codesigning identity override: 
ComputePackagePrebuildTargetDependencyGraph

Prepare packages

CreateBuildRequest

SendProjectDescription

CreateBuildOperation

ComputeTargetDependencyGraph
note: Building targets in dependency order
note: Target dependency graph (2 targets)
    Target 'iosAppUITests' in project 'iosApp'
        ➜ Explicit dependency on target 'iosApp' in project 'iosApp'
    Target 'iosApp' in project 'iosApp' (no dependencies)

GatherProvisioningInputs

CreateBuildDescription

ExecuteExternalTool /Applications/Xcode.app/Contents/Developer/Toolchains/XcodeDefault.xctoolchain/usr/bin/clang -v -E -dM -isysroot /Applications/Xcode.app/Contents/Developer/Platforms/iPhoneSimulator.platform/Developer/SDKs/iPhoneSimulator26.5.sdk -x c -c /dev/null

ExecuteExternalTool /Applications/Xcode.app/Contents/Developer/Toolchains/XcodeDefault.xctoolchain/usr/bin/swiftc --version

ExecuteExternalTool /Applications/Xcode.app/Contents/Developer/usr/bin/actool --print-asset-tag-combinations --output-format xml1 /var/folders/6m/vxwlbjsn7vs6h80_98w6x7p40000gn/T/parlor-audit-dsc01-apphost-01-zbq7j_1u/copy/iosApp/iosApp/Assets.xcassets

ExecuteExternalTool /Applications/Xcode.app/Contents/Developer/Toolchains/XcodeDefault.xctoolchain/usr/bin/ld -version_details

ExecuteExternalTool /Applications/Xcode.app/Contents/Developer/usr/bin/actool --version --output-format xml1

Build description signature: f929b8089f5cc4f7959f02fdc51d3ee0
Build description path: /var/folders/6m/vxwlbjsn7vs6h80_98w6x7p40000gn/T/parlor-audit-dsc01-apphost-01-zbq7j_1u/DerivedData/Build/Intermediates.noindex/XCBuildData/f929b8089f5cc4f7959f02fdc51d3ee0.xcbuilddata
ClangStatCache /Applications/Xcode.app/Contents/Developer/Toolchains/XcodeDefault.xctoolchain/usr/bin/clang-stat-cache /Applications/Xcode.app/Contents/Developer/Platforms/iPhoneSimulator.platform/Developer/SDKs/iPhoneSimulator26.5.sdk /var/folders/6m/vxwlbjsn7vs6h80_98w6x7p40000gn/T/parlor-audit-dsc01-apphost-01-zbq7j_1u/DerivedData/SDKStatCaches.noindex/iphonesimulator26.5-23F73-6cfe768891a92b912361537c460fe42b.sdkstatcache
    cd /var/folders/6m/vxwlbjsn7vs6h80_98w6x7p40000gn/T/parlor-audit-dsc01-apphost-01-zbq7j_1u/copy/iosApp/iosApp.xcodeproj
    /Applications/Xcode.app/Contents/Developer/Toolchains/XcodeDefault.xctoolchain/usr/bin/clang-stat-cache /Applications/Xcode.app/Contents/Developer/Platforms/iPhoneSimulator.platform/Developer/SDKs/iPhoneSimulator26.5.sdk -o /var/folders/6m/vxwlbjsn7vs6h80_98w6x7p40000gn/T/parlor-audit-dsc01-apphost-01-zbq7j_1u/DerivedData/SDKStatCaches.noindex/iphonesimulator26.5-23F73-6cfe768891a92b912361537c460fe42b.sdkstatcache

CreateBuildDirectory /var/folders/6m/vxwlbjsn7vs6h80_98w6x7p40000gn/T/parlor-audit-dsc01-apphost-01-zbq7j_1u/DerivedData/Build/Products
    cd /var/folders/6m/vxwlbjsn7vs6h80_98w6x7p40000gn/T/parlor-audit-dsc01-apphost-01-zbq7j_1u/copy/iosApp/iosApp.xcodeproj
    builtin-create-build-directory /var/folders/6m/vxwlbjsn7vs6h80_98w6x7p40000gn/T/parlor-audit-dsc01-apphost-01-zbq7j_1u/DerivedData/Build/Products

CreateBuildDirectory /var/folders/6m/vxwlbjsn7vs6h80_98w6x7p40000gn/T/parlor-audit-dsc01-apphost-01-zbq7j_1u/DerivedData/Build/Intermediates.noindex
    cd /var/folders/6m/vxwlbjsn7vs6h80_98w6x7p40000gn/T/parlor-audit-dsc01-apphost-01-zbq7j_1u/copy/iosApp/iosApp.xcodeproj
    builtin-create-build-directory /var/folders/6m/vxwlbjsn7vs6h80_98w6x7p40000gn/T/parlor-audit-dsc01-apphost-01-zbq7j_1u/DerivedData/Build/Intermediates.noindex

CreateBuildDirectory /var/folders/6m/vxwlbjsn7vs6h80_98w6x7p40000gn/T/parlor-audit-dsc01-apphost-01-zbq7j_1u/DerivedData/Build/Products/Debug-iphonesimulator
    cd /var/folders/6m/vxwlbjsn7vs6h80_98w6x7p40000gn/T/parlor-audit-dsc01-apphost-01-zbq7j_1u/copy/iosApp/iosApp.xcodeproj
    builtin-create-build-directory /var/folders/6m/vxwlbjsn7vs6h80_98w6x7p40000gn/T/parlor-audit-dsc01-apphost-01-zbq7j_1u/DerivedData/Build/Products/Debug-iphonesimulator

WriteAuxiliaryFile /var/folders/6m/vxwlbjsn7vs6h80_98w6x7p40000gn/T/parlor-audit-dsc01-apphost-01-zbq7j_1u/DerivedData/Build/Intermediates.noindex/iosApp.build/Debug-iphonesimulator/iosApp-7b79493a8b7fc1f2fff3c51cd12ba024-VFS-iphonesimulator/all-product-headers.yaml
    cd /var/folders/6m/vxwlbjsn7vs6h80_98w6x7p40000gn/T/parlor-audit-dsc01-apphost-01-zbq7j_1u/copy/iosApp/iosApp.xcodeproj
    write-file /var/folders/6m/vxwlbjsn7vs6h80_98w6x7p40000gn/T/parlor-audit-dsc01-apphost-01-zbq7j_1u/DerivedData/Build/Intermediates.noindex/iosApp.build/Debug-iphonesimulator/iosApp-7b79493a8b7fc1f2fff3c51cd12ba024-VFS-iphonesimulator/all-product-headers.yaml

CreateBuildDirectory /var/folders/6m/vxwlbjsn7vs6h80_98w6x7p40000gn/T/parlor-audit-dsc01-apphost-01-zbq7j_1u/DerivedData/Build/Intermediates.noindex/SwiftExplicitPrecompiledModules
    cd /var/folders/6m/vxwlbjsn7vs6h80_98w6x7p40000gn/T/parlor-audit-dsc01-apphost-01-zbq7j_1u/copy/iosApp/iosApp.xcodeproj
    builtin-create-build-directory /var/folders/6m/vxwlbjsn7vs6h80_98w6x7p40000gn/T/parlor-audit-dsc01-apphost-01-zbq7j_1u/DerivedData/Build/Intermediates.noindex/SwiftExplicitPrecompiledModules

CreateBuildDirectory /var/folders/6m/vxwlbjsn7vs6h80_98w6x7p40000gn/T/parlor-audit-dsc01-apphost-01-zbq7j_1u/DerivedData/Build/Intermediates.noindex/ExplicitPrecompiledModules
    cd /var/folders/6m/vxwlbjsn7vs6h80_98w6x7p40000gn/T/parlor-audit-dsc01-apphost-01-zbq7j_1u/copy/iosApp/iosApp.xcodeproj
    builtin-create-build-directory /var/folders/6m/vxwlbjsn7vs6h80_98w6x7p40000gn/T/parlor-audit-dsc01-apphost-01-zbq7j_1u/DerivedData/Build/Intermediates.noindex/ExplicitPrecompiledModules

CreateBuildDirectory /var/folders/6m/vxwlbjsn7vs6h80_98w6x7p40000gn/T/parlor-audit-dsc01-apphost-01-zbq7j_1u/DerivedData/Build/Intermediates.noindex/EagerLinkingTBDs/Debug-iphonesimulator
    cd /var/folders/6m/vxwlbjsn7vs6h80_98w6x7p40000gn/T/parlor-audit-dsc01-apphost-01-zbq7j_1u/copy/iosApp/iosApp.xcodeproj
    builtin-create-build-directory /var/folders/6m/vxwlbjsn7vs6h80_98w6x7p40000gn/T/parlor-audit-dsc01-apphost-01-zbq7j_1u/DerivedData/Build/Intermediates.noindex/EagerLinkingTBDs/Debug-iphonesimulator

WriteAuxiliaryFile /var/folders/6m/vxwlbjsn7vs6h80_98w6x7p40000gn/T/parlor-audit-dsc01-apphost-01-zbq7j_1u/DerivedData/Build/Intermediates.noindex/iosApp.build/Debug-iphonesimulator/iosAppUITests.build/iosAppUITests.hmap (in target 'iosAppUITests' from project 'iosApp')
    cd /var/folders/6m/vxwlbjsn7vs6h80_98w6x7p40000gn/T/parlor-audit-dsc01-apphost-01-zbq7j_1u/copy/iosApp
    write-file /var/folders/6m/vxwlbjsn7vs6h80_98w6x7p40000gn/T/parlor-audit-dsc01-apphost-01-zbq7j_1u/DerivedData/Build/Intermediates.noindex/iosApp.build/Debug-iphonesimulator/iosAppUITests.build/iosAppUITests.hmap

WriteAuxiliaryFile /var/folders/6m/vxwlbjsn7vs6h80_98w6x7p40000gn/T/parlor-audit-dsc01-apphost-01-zbq7j_1u/DerivedData/Build/Intermediates.noindex/iosApp.build/Debug-iphonesimulator/iosAppUITests.build/iosAppUITests.DependencyStaticMetadataFileList (in target 'iosAppUITests' from project 'iosApp')
    cd /var/folders/6m/vxwlbjsn7vs6h80_98w6x7p40000gn/T/parlor-audit-dsc01-apphost-01-zbq7j_1u/copy/iosApp
    write-file /var/folders/6m/vxwlbjsn7vs6h80_98w6x7p40000gn/T/parlor-audit-dsc01-apphost-01-zbq7j_1u/DerivedData/Build/Intermediates.noindex/iosApp.build/Debug-iphonesimulator/iosAppUITests.build/iosAppUITests.DependencyStaticMetadataFileList

WriteAuxiliaryFile /var/folders/6m/vxwlbjsn7vs6h80_98w6x7p40000gn/T/parlor-audit-dsc01-apphost-01-zbq7j_1u/DerivedData/Build/Intermediates.noindex/iosApp.build/Debug-iphonesimulator/iosAppUITests.build/iosAppUITests.DependencyMetadataFileList (in target 'iosAppUITests' from project 'iosApp')
    cd /var/folders/6m/vxwlbjsn7vs6h80_98w6x7p40000gn/T/parlor-audit-dsc01-apphost-01-zbq7j_1u/copy/iosApp
    write-file /var/folders/6m/vxwlbjsn7vs6h80_98w6x7p40000gn/T/parlor-audit-dsc01-apphost-01-zbq7j_1u/DerivedData/Build/Intermediates.noindex/iosApp.build/Debug-iphonesimulator/iosAppUITests.build/iosAppUITests.DependencyMetadataFileList

WriteAuxiliaryFile /var/folders/6m/vxwlbjsn7vs6h80_98w6x7p40000gn/T/parlor-audit-dsc01-apphost-01-zbq7j_1u/DerivedData/Build/Intermediates.noindex/iosApp.build/Debug-iphonesimulator/iosAppUITests.build/iosAppUITests-project-headers.hmap (in target 'iosAppUITests' from project 'iosApp')
    cd /var/folders/6m/vxwlbjsn7vs6h80_98w6x7p40000gn/T/parlor-audit-dsc01-apphost-01-zbq7j_1u/copy/iosApp
    write-file /var/folders/6m/vxwlbjsn7vs6h80_98w6x7p40000gn/T/parlor-audit-dsc01-apphost-01-zbq7j_1u/DerivedData/Build/Intermediates.noindex/iosApp.build/Debug-iphonesimulator/iosAppUITests.build/iosAppUITests-project-headers.hmap

WriteAuxiliaryFile /var/folders/6m/vxwlbjsn7vs6h80_98w6x7p40000gn/T/parlor-audit-dsc01-apphost-01-zbq7j_1u/DerivedData/Build/Intermediates.noindex/iosApp.build/Debug-iphonesimulator/iosAppUITests.build/iosAppUITests-own-target-headers.hmap (in target 'iosAppUITests' from project 'iosApp')
    cd /var/folders/6m/vxwlbjsn7vs6h80_98w6x7p40000gn/T/parlor-audit-dsc01-apphost-01-zbq7j_1u/copy/iosApp
    write-file /var/folders/6m/vxwlbjsn7vs6h80_98w6x7p40000gn/T/parlor-audit-dsc01-apphost-01-zbq7j_1u/DerivedData/Build/Intermediates.noindex/iosApp.build/Debug-iphonesimulator/iosAppUITests.build/iosAppUITests-own-target-headers.hmap

WriteAuxiliaryFile /var/folders/6m/vxwlbjsn7vs6h80_98w6x7p40000gn/T/parlor-audit-dsc01-apphost-01-zbq7j_1u/DerivedData/Build/Intermediates.noindex/iosApp.build/Debug-iphonesimulator/iosAppUITests.build/iosAppUITests-generated-files.hmap (in target 'iosAppUITests' from project 'iosApp')
    cd /var/folders/6m/vxwlbjsn7vs6h80_98w6x7p40000gn/T/parlor-audit-dsc01-apphost-01-zbq7j_1u/copy/iosApp
    write-file /var/folders/6m/vxwlbjsn7vs6h80_98w6x7p40000gn/T/parlor-audit-dsc01-apphost-01-zbq7j_1u/DerivedData/Build/Intermediates.noindex/iosApp.build/Debug-iphonesimulator/iosAppUITests.build/iosAppUITests-generated-files.hmap

WriteAuxiliaryFile /var/folders/6m/vxwlbjsn7vs6h80_98w6x7p40000gn/T/parlor-audit-dsc01-apphost-01-zbq7j_1u/DerivedData/Build/Intermediates.noindex/iosApp.build/Debug-iphonesimulator/iosAppUITests.build/iosAppUITests-all-target-headers.hmap (in target 'iosAppUITests' from project 'iosApp')
    cd /var/folders/6m/vxwlbjsn7vs6h80_98w6x7p40000gn/T/parlor-audit-dsc01-apphost-01-zbq7j_1u/copy/iosApp
    write-file /var/folders/6m/vxwlbjsn7vs6h80_98w6x7p40000gn/T/parlor-audit-dsc01-apphost-01-zbq7j_1u/DerivedData/Build/Intermediates.noindex/iosApp.build/Debug-iphonesimulator/iosAppUITests.build/iosAppUITests-all-target-headers.hmap

WriteAuxiliaryFile /var/folders/6m/vxwlbjsn7vs6h80_98w6x7p40000gn/T/parlor-audit-dsc01-apphost-01-zbq7j_1u/DerivedData/Build/Intermediates.noindex/iosApp.build/Debug-iphonesimulator/iosAppUITests.build/iosAppUITests-all-non-framework-target-headers.hmap (in target 'iosAppUITests' from project 'iosApp')
    cd /var/folders/6m/vxwlbjsn7vs6h80_98w6x7p40000gn/T/parlor-audit-dsc01-apphost-01-zbq7j_1u/copy/iosApp
    write-file /var/folders/6m/vxwlbjsn7vs6h80_98w6x7p40000gn/T/parlor-audit-dsc01-apphost-01-zbq7j_1u/DerivedData/Build/Intermediates.noindex/iosApp.build/Debug-iphonesimulator/iosAppUITests.build/iosAppUITests-all-non-framework-target-headers.hmap

WriteAuxiliaryFile /var/folders/6m/vxwlbjsn7vs6h80_98w6x7p40000gn/T/parlor-audit-dsc01-apphost-01-zbq7j_1u/DerivedData/Build/Intermediates.noindex/iosApp.build/Debug-iphonesimulator/iosAppUITests.build/empty-iosAppUITests.plist (in target 'iosAppUITests' from project 'iosApp')
    cd /var/folders/6m/vxwlbjsn7vs6h80_98w6x7p40000gn/T/parlor-audit-dsc01-apphost-01-zbq7j_1u/copy/iosApp
    write-file /var/folders/6m/vxwlbjsn7vs6h80_98w6x7p40000gn/T/parlor-audit-dsc01-apphost-01-zbq7j_1u/DerivedData/Build/Intermediates.noindex/iosApp.build/Debug-iphonesimulator/iosAppUITests.build/empty-iosAppUITests.plist

WriteAuxiliaryFile /var/folders/6m/vxwlbjsn7vs6h80_98w6x7p40000gn/T/parlor-audit-dsc01-apphost-01-zbq7j_1u/DerivedData/Build/Intermediates.noindex/iosApp.build/Debug-iphonesimulator/iosAppUITests.build/ProductTypeInfoPlistAdditions.plist (in target 'iosAppUITests' from project 'iosApp')
    cd /var/folders/6m/vxwlbjsn7vs6h80_98w6x7p40000gn/T/parlor-audit-dsc01-apphost-01-zbq7j_1u/copy/iosApp
    write-file /var/folders/6m/vxwlbjsn7vs6h80_98w6x7p40000gn/T/parlor-audit-dsc01-apphost-01-zbq7j_1u/DerivedData/Build/Intermediates.noindex/iosApp.build/Debug-iphonesimulator/iosAppUITests.build/ProductTypeInfoPlistAdditions.plist

WriteAuxiliaryFile /var/folders/6m/vxwlbjsn7vs6h80_98w6x7p40000gn/T/parlor-audit-dsc01-apphost-01-zbq7j_1u/DerivedData/Build/Intermediates.noindex/iosApp.build/Debug-iphonesimulator/iosAppUITests.build/Objects-normal/arm64/iosAppUITests_const_extract_protocols.json (in target 'iosAppUITests' from project 'iosApp')
    cd /var/folders/6m/vxwlbjsn7vs6h80_98w6x7p40000gn/T/parlor-audit-dsc01-apphost-01-zbq7j_1u/copy/iosApp
    write-file /var/folders/6m/vxwlbjsn7vs6h80_98w6x7p40000gn/T/parlor-audit-dsc01-apphost-01-zbq7j_1u/DerivedData/Build/Intermediates.noindex/iosApp.build/Debug-iphonesimulator/iosAppUITests.build/Objects-normal/arm64/iosAppUITests_const_extract_protocols.json

WriteAuxiliaryFile /var/folders/6m/vxwlbjsn7vs6h80_98w6x7p40000gn/T/parlor-audit-dsc01-apphost-01-zbq7j_1u/DerivedData/Build/Intermediates.noindex/iosApp.build/Debug-iphonesimulator/iosAppUITests.build/Objects-normal/arm64/iosAppUITests.SwiftFileList (in target 'iosAppUITests' from project 'iosApp')
    cd /var/folders/6m/vxwlbjsn7vs6h80_98w6x7p40000gn/T/parlor-audit-dsc01-apphost-01-zbq7j_1u/copy/iosApp
    write-file /var/folders/6m/vxwlbjsn7vs6h80_98w6x7p40000gn/T/parlor-audit-dsc01-apphost-01-zbq7j_1u/DerivedData/Build/Intermediates.noindex/iosApp.build/Debug-iphonesimulator/iosAppUITests.build/Objects-normal/arm64/iosAppUITests.SwiftFileList

WriteAuxiliaryFile /var/folders/6m/vxwlbjsn7vs6h80_98w6x7p40000gn/T/parlor-audit-dsc01-apphost-01-zbq7j_1u/DerivedData/Build/Intermediates.noindex/iosApp.build/Debug-iphonesimulator/iosAppUITests.build/Objects-normal/arm64/iosAppUITests.SwiftConstValuesFileList (in target 'iosAppUITests' from project 'iosApp')
    cd /var/folders/6m/vxwlbjsn7vs6h80_98w6x7p40000gn/T/parlor-audit-dsc01-apphost-01-zbq7j_1u/copy/iosApp
    write-file /var/folders/6m/vxwlbjsn7vs6h80_98w6x7p40000gn/T/parlor-audit-dsc01-apphost-01-zbq7j_1u/DerivedData/Build/Intermediates.noindex/iosApp.build/Debug-iphonesimulator/iosAppUITests.build/Objects-normal/arm64/iosAppUITests.SwiftConstValuesFileList

WriteAuxiliaryFile /var/folders/6m/vxwlbjsn7vs6h80_98w6x7p40000gn/T/parlor-audit-dsc01-apphost-01-zbq7j_1u/DerivedData/Build/Intermediates.noindex/iosApp.build/Debug-iphonesimulator/iosAppUITests.build/Objects-normal/arm64/iosAppUITests.LinkFileList (in target 'iosAppUITests' from project 'iosApp')
    cd /var/folders/6m/vxwlbjsn7vs6h80_98w6x7p40000gn/T/parlor-audit-dsc01-apphost-01-zbq7j_1u/copy/iosApp
    write-file /var/folders/6m/vxwlbjsn7vs6h80_98w6x7p40000gn/T/parlor-audit-dsc01-apphost-01-zbq7j_1u/DerivedData/Build/Intermediates.noindex/iosApp.build/Debug-iphonesimulator/iosAppUITests.build/Objects-normal/arm64/iosAppUITests.LinkFileList

WriteAuxiliaryFile /var/folders/6m/vxwlbjsn7vs6h80_98w6x7p40000gn/T/parlor-audit-dsc01-apphost-01-zbq7j_1u/DerivedData/Build/Intermediates.noindex/iosApp.build/Debug-iphonesimulator/iosAppUITests.build/Objects-normal/arm64/iosAppUITests-OutputFileMap.json (in target 'iosAppUITests' from project 'iosApp')
    cd /var/folders/6m/vxwlbjsn7vs6h80_98w6x7p40000gn/T/parlor-audit-dsc01-apphost-01-zbq7j_1u/copy/iosApp
    write-file /var/folders/6m/vxwlbjsn7vs6h80_98w6x7p40000gn/T/parlor-audit-dsc01-apphost-01-zbq7j_1u/DerivedData/Build/Intermediates.noindex/iosApp.build/Debug-iphonesimulator/iosAppUITests.build/Objects-normal/arm64/iosAppUITests-OutputFileMap.json

note: Run script build phase 'Compile Kotlin Framework' will be run during every build because the option to run the script phase "Based on dependency analysis" is unchecked. (in target 'iosApp' from project 'iosApp')
WriteAuxiliaryFile /var/folders/6m/vxwlbjsn7vs6h80_98w6x7p40000gn/T/parlor-audit-dsc01-apphost-01-zbq7j_1u/DerivedData/Build/Intermediates.noindex/iosApp.build/Debug-iphonesimulator/iosApp.build/Script-F7AC9D762B0E10F7008B8A48.sh (in target 'iosApp' from project 'iosApp')
    cd /var/folders/6m/vxwlbjsn7vs6h80_98w6x7p40000gn/T/parlor-audit-dsc01-apphost-01-zbq7j_1u/copy/iosApp
    write-file /var/folders/6m/vxwlbjsn7vs6h80_98w6x7p40000gn/T/parlor-audit-dsc01-apphost-01-zbq7j_1u/DerivedData/Build/Intermediates.noindex/iosApp.build/Debug-iphonesimulator/iosApp.build/Script-F7AC9D762B0E10F7008B8A48.sh

WriteAuxiliaryFile /var/folders/6m/vxwlbjsn7vs6h80_98w6x7p40000gn/T/parlor-audit-dsc01-apphost-01-zbq7j_1u/DerivedData/Build/Intermediates.noindex/iosApp.build/Debug-iphonesimulator/iosApp.build/Parlor.hmap (in target 'iosApp' from project 'iosApp')
    cd /var/folders/6m/vxwlbjsn7vs6h80_98w6x7p40000gn/T/parlor-audit-dsc01-apphost-01-zbq7j_1u/copy/iosApp
    write-file /var/folders/6m/vxwlbjsn7vs6h80_98w6x7p40000gn/T/parlor-audit-dsc01-apphost-01-zbq7j_1u/DerivedData/Build/Intermediates.noindex/iosApp.build/Debug-iphonesimulator/iosApp.build/Parlor.hmap

WriteAuxiliaryFile /var/folders/6m/vxwlbjsn7vs6h80_98w6x7p40000gn/T/parlor-audit-dsc01-apphost-01-zbq7j_1u/DerivedData/Build/Intermediates.noindex/iosApp.build/Debug-iphonesimulator/iosApp.build/Parlor.DependencyStaticMetadataFileList (in target 'iosApp' from project 'iosApp')
    cd /var/folders/6m/vxwlbjsn7vs6h80_98w6x7p40000gn/T/parlor-audit-dsc01-apphost-01-zbq7j_1u/copy/iosApp
    write-file /var/folders/6m/vxwlbjsn7vs6h80_98w6x7p40000gn/T/parlor-audit-dsc01-apphost-01-zbq7j_1u/DerivedData/Build/Intermediates.noindex/iosApp.build/Debug-iphonesimulator/iosApp.build/Parlor.DependencyStaticMetadataFileList

WriteAuxiliaryFile /var/folders/6m/vxwlbjsn7vs6h80_98w6x7p40000gn/T/parlor-audit-dsc01-apphost-01-zbq7j_1u/DerivedData/Build/Intermediates.noindex/iosApp.build/Debug-iphonesimulator/iosApp.build/Parlor.DependencyMetadataFileList (in target 'iosApp' from project 'iosApp')
    cd /var/folders/6m/vxwlbjsn7vs6h80_98w6x7p40000gn/T/parlor-audit-dsc01-apphost-01-zbq7j_1u/copy/iosApp
    write-file /var/folders/6m/vxwlbjsn7vs6h80_98w6x7p40000gn/T/parlor-audit-dsc01-apphost-01-zbq7j_1u/DerivedData/Build/Intermediates.noindex/iosApp.build/Debug-iphonesimulator/iosApp.build/Parlor.DependencyMetadataFileList

WriteAuxiliaryFile /var/folders/6m/vxwlbjsn7vs6h80_98w6x7p40000gn/T/parlor-audit-dsc01-apphost-01-zbq7j_1u/DerivedData/Build/Intermediates.noindex/iosApp.build/Debug-iphonesimulator/iosApp.build/Parlor-project-headers.hmap (in target 'iosApp' from project 'iosApp')
    cd /var/folders/6m/vxwlbjsn7vs6h80_98w6x7p40000gn/T/parlor-audit-dsc01-apphost-01-zbq7j_1u/copy/iosApp
    write-file /var/folders/6m/vxwlbjsn7vs6h80_98w6x7p40000gn/T/parlor-audit-dsc01-apphost-01-zbq7j_1u/DerivedData/Build/Intermediates.noindex/iosApp.build/Debug-iphonesimulator/iosApp.build/Parlor-project-headers.hmap

WriteAuxiliaryFile /var/folders/6m/vxwlbjsn7vs6h80_98w6x7p40000gn/T/parlor-audit-dsc01-apphost-01-zbq7j_1u/DerivedData/Build/Intermediates.noindex/iosApp.build/Debug-iphonesimulator/iosApp.build/Parlor-own-target-headers.hmap (in target 'iosApp' from project 'iosApp')
    cd /var/folders/6m/vxwlbjsn7vs6h80_98w6x7p40000gn/T/parlor-audit-dsc01-apphost-01-zbq7j_1u/copy/iosApp
    write-file /var/folders/6m/vxwlbjsn7vs6h80_98w6x7p40000gn/T/parlor-audit-dsc01-apphost-01-zbq7j_1u/DerivedData/Build/Intermediates.noindex/iosApp.build/Debug-iphonesimulator/iosApp.build/Parlor-own-target-headers.hmap

WriteAuxiliaryFile /var/folders/6m/vxwlbjsn7vs6h80_98w6x7p40000gn/T/parlor-audit-dsc01-apphost-01-zbq7j_1u/DerivedData/Build/Intermediates.noindex/iosApp.build/Debug-iphonesimulator/iosApp.build/Parlor-generated-files.hmap (in target 'iosApp' from project 'iosApp')
    cd /var/folders/6m/vxwlbjsn7vs6h80_98w6x7p40000gn/T/parlor-audit-dsc01-apphost-01-zbq7j_1u/copy/iosApp
    write-file /var/folders/6m/vxwlbjsn7vs6h80_98w6x7p40000gn/T/parlor-audit-dsc01-apphost-01-zbq7j_1u/DerivedData/Build/Intermediates.noindex/iosApp.build/Debug-iphonesimulator/iosApp.build/Parlor-generated-files.hmap

WriteAuxiliaryFile /var/folders/6m/vxwlbjsn7vs6h80_98w6x7p40000gn/T/parlor-audit-dsc01-apphost-01-zbq7j_1u/DerivedData/Build/Intermediates.noindex/iosApp.build/Debug-iphonesimulator/iosApp.build/Parlor-all-target-headers.hmap (in target 'iosApp' from project 'iosApp')
    cd /var/folders/6m/vxwlbjsn7vs6h80_98w6x7p40000gn/T/parlor-audit-dsc01-apphost-01-zbq7j_1u/copy/iosApp
    write-file /var/folders/6m/vxwlbjsn7vs6h80_98w6x7p40000gn/T/parlor-audit-dsc01-apphost-01-zbq7j_1u/DerivedData/Build/Intermediates.noindex/iosApp.build/Debug-iphonesimulator/iosApp.build/Parlor-all-target-headers.hmap

WriteAuxiliaryFile /var/folders/6m/vxwlbjsn7vs6h80_98w6x7p40000gn/T/parlor-audit-dsc01-apphost-01-zbq7j_1u/DerivedData/Build/Intermediates.noindex/iosApp.build/Debug-iphonesimulator/iosApp.build/Parlor-all-non-framework-target-headers.hmap (in target 'iosApp' from project 'iosApp')
    cd /var/folders/6m/vxwlbjsn7vs6h80_98w6x7p40000gn/T/parlor-audit-dsc01-apphost-01-zbq7j_1u/copy/iosApp
    write-file /var/folders/6m/vxwlbjsn7vs6h80_98w6x7p40000gn/T/parlor-audit-dsc01-apphost-01-zbq7j_1u/DerivedData/Build/Intermediates.noindex/iosApp.build/Debug-iphonesimulator/iosApp.build/Parlor-all-non-framework-target-headers.hmap

WriteAuxiliaryFile /var/folders/6m/vxwlbjsn7vs6h80_98w6x7p40000gn/T/parlor-audit-dsc01-apphost-01-zbq7j_1u/DerivedData/Build/Intermediates.noindex/iosApp.build/Debug-iphonesimulator/iosApp.build/Parlor-DebugDylibPath-normal-arm64.txt (in target 'iosApp' from project 'iosApp')
    cd /var/folders/6m/vxwlbjsn7vs6h80_98w6x7p40000gn/T/parlor-audit-dsc01-apphost-01-zbq7j_1u/copy/iosApp
    write-file /var/folders/6m/vxwlbjsn7vs6h80_98w6x7p40000gn/T/parlor-audit-dsc01-apphost-01-zbq7j_1u/DerivedData/Build/Intermediates.noindex/iosApp.build/Debug-iphonesimulator/iosApp.build/Parlor-DebugDylibPath-normal-arm64.txt

WriteAuxiliaryFile /var/folders/6m/vxwlbjsn7vs6h80_98w6x7p40000gn/T/parlor-audit-dsc01-apphost-01-zbq7j_1u/DerivedData/Build/Intermediates.noindex/iosApp.build/Debug-iphonesimulator/iosApp.build/Parlor-DebugDylibInstallName-normal-arm64.txt (in target 'iosApp' from project 'iosApp')
    cd /var/folders/6m/vxwlbjsn7vs6h80_98w6x7p40000gn/T/parlor-audit-dsc01-apphost-01-zbq7j_1u/copy/iosApp
    write-file /var/folders/6m/vxwlbjsn7vs6h80_98w6x7p40000gn/T/parlor-audit-dsc01-apphost-01-zbq7j_1u/DerivedData/Build/Intermediates.noindex/iosApp.build/Debug-iphonesimulator/iosApp.build/Parlor-DebugDylibInstallName-normal-arm64.txt

WriteAuxiliaryFile /var/folders/6m/vxwlbjsn7vs6h80_98w6x7p40000gn/T/parlor-audit-dsc01-apphost-01-zbq7j_1u/DerivedData/Build/Intermediates.noindex/iosApp.build/Debug-iphonesimulator/iosApp.build/Objects-normal/arm64/iosApp_const_extract_protocols.json (in target 'iosApp' from project 'iosApp')
    cd /var/folders/6m/vxwlbjsn7vs6h80_98w6x7p40000gn/T/parlor-audit-dsc01-apphost-01-zbq7j_1u/copy/iosApp
    write-file /var/folders/6m/vxwlbjsn7vs6h80_98w6x7p40000gn/T/parlor-audit-dsc01-apphost-01-zbq7j_1u/DerivedData/Build/Intermediates.noindex/iosApp.build/Debug-iphonesimulator/iosApp.build/Objects-normal/arm64/iosApp_const_extract_protocols.json

WriteAuxiliaryFile /var/folders/6m/vxwlbjsn7vs6h80_98w6x7p40000gn/T/parlor-audit-dsc01-apphost-01-zbq7j_1u/DerivedData/Build/Intermediates.noindex/iosApp.build/Debug-iphonesimulator/iosApp.build/Objects-normal/arm64/iosApp-OutputFileMap.json (in target 'iosApp' from project 'iosApp')
    cd /var/folders/6m/vxwlbjsn7vs6h80_98w6x7p40000gn/T/parlor-audit-dsc01-apphost-01-zbq7j_1u/copy/iosApp
    write-file /var/folders/6m/vxwlbjsn7vs6h80_98w6x7p40000gn/T/parlor-audit-dsc01-apphost-01-zbq7j_1u/DerivedData/Build/Intermediates.noindex/iosApp.build/Debug-iphonesimulator/iosApp.build/Objects-normal/arm64/iosApp-OutputFileMap.json

WriteAuxiliaryFile /var/folders/6m/vxwlbjsn7vs6h80_98w6x7p40000gn/T/parlor-audit-dsc01-apphost-01-zbq7j_1u/DerivedData/Build/Intermediates.noindex/iosApp.build/Debug-iphonesimulator/iosApp.build/Objects-normal/arm64/Parlor.SwiftFileList (in target 'iosApp' from project 'iosApp')
    cd /var/folders/6m/vxwlbjsn7vs6h80_98w6x7p40000gn/T/parlor-audit-dsc01-apphost-01-zbq7j_1u/copy/iosApp
    write-file /var/folders/6m/vxwlbjsn7vs6h80_98w6x7p40000gn/T/parlor-audit-dsc01-apphost-01-zbq7j_1u/DerivedData/Build/Intermediates.noindex/iosApp.build/Debug-iphonesimulator/iosApp.build/Objects-normal/arm64/Parlor.SwiftFileList

WriteAuxiliaryFile /var/folders/6m/vxwlbjsn7vs6h80_98w6x7p40000gn/T/parlor-audit-dsc01-apphost-01-zbq7j_1u/DerivedData/Build/Intermediates.noindex/iosApp.build/Debug-iphonesimulator/iosApp.build/Objects-normal/arm64/Parlor.SwiftConstValuesFileList (in target 'iosApp' from project 'iosApp')
    cd /var/folders/6m/vxwlbjsn7vs6h80_98w6x7p40000gn/T/parlor-audit-dsc01-apphost-01-zbq7j_1u/copy/iosApp
    write-file /var/folders/6m/vxwlbjsn7vs6h80_98w6x7p40000gn/T/parlor-audit-dsc01-apphost-01-zbq7j_1u/DerivedData/Build/Intermediates.noindex/iosApp.build/Debug-iphonesimulator/iosApp.build/Objects-normal/arm64/Parlor.SwiftConstValuesFileList

WriteAuxiliaryFile /var/folders/6m/vxwlbjsn7vs6h80_98w6x7p40000gn/T/parlor-audit-dsc01-apphost-01-zbq7j_1u/DerivedData/Build/Intermediates.noindex/iosApp.build/Debug-iphonesimulator/iosApp.build/Objects-normal/arm64/Parlor.LinkFileList (in target 'iosApp' from project 'iosApp')
    cd /var/folders/6m/vxwlbjsn7vs6h80_98w6x7p40000gn/T/parlor-audit-dsc01-apphost-01-zbq7j_1u/copy/iosApp
    write-file /var/folders/6m/vxwlbjsn7vs6h80_98w6x7p40000gn/T/parlor-audit-dsc01-apphost-01-zbq7j_1u/DerivedData/Build/Intermediates.noindex/iosApp.build/Debug-iphonesimulator/iosApp.build/Objects-normal/arm64/Parlor.LinkFileList

MkDir /var/folders/6m/vxwlbjsn7vs6h80_98w6x7p40000gn/T/parlor-audit-dsc01-apphost-01-zbq7j_1u/DerivedData/Build/Products/Debug-iphonesimulator/iosAppUITests-Runner.app/PlugIns/iosAppUITests.xctest (in target 'iosAppUITests' from project 'iosApp')
    cd /var/folders/6m/vxwlbjsn7vs6h80_98w6x7p40000gn/T/parlor-audit-dsc01-apphost-01-zbq7j_1u/copy/iosApp
    /bin/mkdir -p /var/folders/6m/vxwlbjsn7vs6h80_98w6x7p40000gn/T/parlor-audit-dsc01-apphost-01-zbq7j_1u/DerivedData/Build/Products/Debug-iphonesimulator/iosAppUITests-Runner.app/PlugIns/iosAppUITests.xctest

MkDir /var/folders/6m/vxwlbjsn7vs6h80_98w6x7p40000gn/T/parlor-audit-dsc01-apphost-01-zbq7j_1u/DerivedData/Build/Products/Debug-iphonesimulator/Parlor.app (in target 'iosApp' from project 'iosApp')
    cd /var/folders/6m/vxwlbjsn7vs6h80_98w6x7p40000gn/T/parlor-audit-dsc01-apphost-01-zbq7j_1u/copy/iosApp
    /bin/mkdir -p /var/folders/6m/vxwlbjsn7vs6h80_98w6x7p40000gn/T/parlor-audit-dsc01-apphost-01-zbq7j_1u/DerivedData/Build/Products/Debug-iphonesimulator/Parlor.app

ValidateDevelopmentAssets /var/folders/6m/vxwlbjsn7vs6h80_98w6x7p40000gn/T/parlor-audit-dsc01-apphost-01-zbq7j_1u/DerivedData/Build/Intermediates.noindex/iosApp.build/Debug-iphonesimulator/iosApp.build (in target 'iosApp' from project 'iosApp')
    cd /var/folders/6m/vxwlbjsn7vs6h80_98w6x7p40000gn/T/parlor-audit-dsc01-apphost-01-zbq7j_1u/copy/iosApp
    builtin-validate-development-assets --validate YES_ERROR /var/folders/6m/vxwlbjsn7vs6h80_98w6x7p40000gn/T/parlor-audit-dsc01-apphost-01-zbq7j_1u/copy/iosApp/iosApp/Preview\ Content

PhaseScriptExecution Compile\ Kotlin\ Framework /var/folders/6m/vxwlbjsn7vs6h80_98w6x7p40000gn/T/parlor-audit-dsc01-apphost-01-zbq7j_1u/DerivedData/Build/Intermediates.noindex/iosApp.build/Debug-iphonesimulator/iosApp.build/Script-F7AC9D762B0E10F7008B8A48.sh (in target 'iosApp' from project 'iosApp')
    cd /var/folders/6m/vxwlbjsn7vs6h80_98w6x7p40000gn/T/parlor-audit-dsc01-apphost-01-zbq7j_1u/copy/iosApp
    export ACTION\=build
    export AD_HOC_CODE_SIGNING_ALLOWED\=YES
    export AGGREGATE_TRACKED_DOMAINS\=YES
    export ALLOW_BUILD_REQUEST_OVERRIDES\=NO
    export ALLOW_TARGET_PLATFORM_SPECIALIZATION\=NO
    export ALTERNATE_GROUP\=staff
    export ALTERNATE_MODE\=u+w,go-w,a+rX
    export ALTERNATE_OWNER\=abdelrahman
    export ALTERNATIVE_DISTRIBUTION_WEB\=NO
    export ALWAYS_EMBED_SWIFT_STANDARD_LIBRARIES\=NO
    export ALWAYS_SEARCH_USER_PATHS\=NO
    export ALWAYS_USE_SEPARATE_HEADERMAPS\=NO
    export APPLICATION_EXTENSION_API_ONLY\=NO
    export APPLY_RULES_IN_COPY_FILES\=NO
    export APPLY_RULES_IN_COPY_HEADERS\=NO
    export APP_NAME\=Parlor
    export APP_SHORTCUTS_ENABLE_FLEXIBLE_MATCHING\=YES
    export ARCHS\=arm64
    export ARCHS_BASE\=arm64
    export ARCHS_STANDARD\=arm64\ x86_64
    export ARCHS_STANDARD_32_64_BIT\=arm64\ x86_64
    export ARCHS_STANDARD_64_BIT\=arm64\ x86_64
    export ARCHS_STANDARD_INCLUDING_64_BIT\=arm64\ x86_64
    export ARCHS_UNIVERSAL_IPHONE_OS\=arm64\ x86_64
    export ASSETCATALOG_COMPILER_APPICON_NAME\=AppIcon
    export ASSETCATALOG_COMPILER_GLOBAL_ACCENT_COLOR_NAME\=AccentColor
    export ASSETCATALOG_FILTER_FOR_DEVICE_MODEL\=iPhone18,1
    export ASSETCATALOG_FILTER_FOR_DEVICE_OS_VERSION\=26.5
    export ASSETCATALOG_FILTER_FOR_THINNING_DEVICE_CONFIGURATION\=iPhone18,1
    export AUTOMATICALLY_MERGE_DEPENDENCIES\=NO
    export AUTOMATION_APPLE_EVENTS\=NO
    export AVAILABLE_PLATFORMS\=android\ appletvos\ appletvsimulator\ driverkit\ freebsd\ iphoneos\ iphonesimulator\ linux\ macosx\ none\ openbsd\ qnx\ watchos\ watchsimulator\ webassembly\ xros\ xrsimulator
    export BUILD_ACTIVE_RESOURCES_ONLY\=YES
    export BUILD_COMPONENTS\=headers\ build
    export BUILD_DIR\=/var/folders/6m/vxwlbjsn7vs6h80_98w6x7p40000gn/T/parlor-audit-dsc01-apphost-01-zbq7j_1u/DerivedData/Build/Products
    export BUILD_LIBRARY_FOR_DISTRIBUTION\=NO
    export BUILD_ONLY_KNOWN_LOCALIZATIONS\=NO
    export BUILD_ROOT\=/var/folders/6m/vxwlbjsn7vs6h80_98w6x7p40000gn/T/parlor-audit-dsc01-apphost-01-zbq7j_1u/DerivedData/Build/Products
    export BUILD_STYLE\=
    export BUILD_VARIANTS\=normal
    export BUILT_PRODUCTS_DIR\=/var/folders/6m/vxwlbjsn7vs6h80_98w6x7p40000gn/T/parlor-audit-dsc01-apphost-01-zbq7j_1u/DerivedData/Build/Products/Debug-iphonesimulator
    export BUNDLE_CONTENTS_FOLDER_PATH_deep\=Contents/
    export BUNDLE_EXECUTABLE_FOLDER_NAME_deep\=MacOS
    export BUNDLE_EXTENSIONS_FOLDER_PATH\=Extensions
    export BUNDLE_FORMAT\=shallow
    export BUNDLE_FRAMEWORKS_FOLDER_PATH\=Frameworks
    export BUNDLE_ID\=com.parlor.app
    export BUNDLE_PLUGINS_FOLDER_PATH\=PlugIns
    export BUNDLE_PRIVATE_HEADERS_FOLDER_PATH\=PrivateHeaders
    export BUNDLE_PUBLIC_HEADERS_FOLDER_PATH\=Headers
    export CACHE_ROOT\=/var/folders/6m/vxwlbjsn7vs6h80_98w6x7p40000gn/C/com.apple.DeveloperTools/26.5-17F42/Xcode
    export CCHROOT\=/var/folders/6m/vxwlbjsn7vs6h80_98w6x7p40000gn/C/com.apple.DeveloperTools/26.5-17F42/Xcode
    export CHMOD\=/bin/chmod
    export CHOWN\=chown
    export CLANG_ANALYZER_NONNULL\=YES
    export CLANG_ANALYZER_NUMBER_OBJECT_CONVERSION\=YES_AGGRESSIVE
    export CLANG_CACHE_FINE_GRAINED_OUTPUTS\=YES
    export CLANG_CXX_LANGUAGE_STANDARD\=gnu++14
    export CLANG_CXX_LIBRARY\=libc++
    export CLANG_ENABLE_EXPLICIT_MODULES\=YES
    export CLANG_ENABLE_MODULES\=YES
    export CLANG_ENABLE_OBJC_ARC\=YES
    export CLANG_ENABLE_OBJC_WEAK\=YES
    export CLANG_MODULES_BUILD_SESSION_FILE\=/var/folders/6m/vxwlbjsn7vs6h80_98w6x7p40000gn/T/parlor-audit-dsc01-apphost-01-zbq7j_1u/DerivedData/ModuleCache.noindex/Session.modulevalidation
    export CLANG_WARN_BLOCK_CAPTURE_AUTORELEASING\=YES
    export CLANG_WARN_BOOL_CONVERSION\=YES
    export CLANG_WARN_COMMA\=YES
    export CLANG_WARN_CONSTANT_CONVERSION\=YES
    export CLANG_WARN_DEPRECATED_OBJC_IMPLEMENTATIONS\=YES
    export CLANG_WARN_DIRECT_OBJC_ISA_USAGE\=YES_ERROR
    export CLANG_WARN_DOCUMENTATION_COMMENTS\=YES
    export CLANG_WARN_EMPTY_BODY\=YES
    export CLANG_WARN_ENUM_CONVERSION\=YES
    export CLANG_WARN_INFINITE_RECURSION\=YES
    export CLANG_WARN_INT_CONVERSION\=YES
    export CLANG_WARN_NON_LITERAL_NULL_CONVERSION\=YES
    export CLANG_WARN_OBJC_IMPLICIT_RETAIN_SELF\=YES
    export CLANG_WARN_OBJC_LITERAL_CONVERSION\=YES
    export CLANG_WARN_OBJC_ROOT_CLASS\=YES_ERROR
    export CLANG_WARN_QUOTED_INCLUDE_IN_FRAMEWORK_HEADER\=YES
    export CLANG_WARN_RANGE_LOOP_ANALYSIS\=YES
    export CLANG_WARN_STRICT_PROTOTYPES\=YES
    export CLANG_WARN_SUSPICIOUS_MOVE\=YES
    export CLANG_WARN_UNGUARDED_AVAILABILITY\=YES_AGGRESSIVE
    export CLANG_WARN_UNREACHABLE_CODE\=YES
    export CLANG_WARN__DUPLICATE_METHOD_MATCH\=YES
    export CLASS_FILE_DIR\=/var/folders/6m/vxwlbjsn7vs6h80_98w6x7p40000gn/T/parlor-audit-dsc01-apphost-01-zbq7j_1u/DerivedData/Build/Intermediates.noindex/iosApp.build/Debug-iphonesimulator/iosApp.build/JavaClasses
    export CLEAN_PRECOMPS\=YES
    export CLONE_HEADERS\=NO
    export CODESIGNING_FOLDER_PATH\=/var/folders/6m/vxwlbjsn7vs6h80_98w6x7p40000gn/T/parlor-audit-dsc01-apphost-01-zbq7j_1u/DerivedData/Build/Products/Debug-iphonesimulator/Parlor.app
    export CODE_SIGNING_ALLOWED\=NO
    export CODE_SIGNING_REQUIRED\=NO
    export CODE_SIGN_CONTEXT_CLASS\=XCiPhoneSimulatorCodeSignContext
    export CODE_SIGN_INJECT_BASE_ENTITLEMENTS\=YES
    export CODE_SIGN_STYLE\=Automatic
    export COLOR_DIAGNOSTICS\=NO
    export COMBINE_HIDPI_IMAGES\=NO
    export COMPILATION_CACHE_CAS_PATH\=/var/folders/6m/vxwlbjsn7vs6h80_98w6x7p40000gn/T/parlor-audit-dsc01-apphost-01-zbq7j_1u/DerivedData/CompilationCache.noindex
    export COMPILATION_CACHE_KEEP_CAS_DIRECTORY\=YES
    export COMPILER_INDEX_STORE_ENABLE\=NO
    export COMPOSITE_SDK_DIRS\=/var/folders/6m/vxwlbjsn7vs6h80_98w6x7p40000gn/T/parlor-audit-dsc01-apphost-01-zbq7j_1u/DerivedData/Build/Intermediates.noindex/CompositeSDKs
    export COMPRESS_PNG_FILES\=YES
    export CONFIGURATION\=Debug
    export CONFIGURATION_BUILD_DIR\=/var/folders/6m/vxwlbjsn7vs6h80_98w6x7p40000gn/T/parlor-audit-dsc01-apphost-01-zbq7j_1u/DerivedData/Build/Products/Debug-iphonesimulator
    export CONFIGURATION_TEMP_DIR\=/var/folders/6m/vxwlbjsn7vs6h80_98w6x7p40000gn/T/parlor-audit-dsc01-apphost-01-zbq7j_1u/DerivedData/Build/Intermediates.noindex/iosApp.build/Debug-iphonesimulator
    export CONTENTS_FOLDER_PATH\=Parlor.app
    export CONTENTS_FOLDER_PATH_SHALLOW_BUNDLE_NO\=Parlor.app/Contents
    export CONTENTS_FOLDER_PATH_SHALLOW_BUNDLE_YES\=Parlor.app
    export COPYING_PRESERVES_HFS_DATA\=NO
    export COPY_HEADERS_RUN_UNIFDEF\=NO
    export COPY_PHASE_STRIP\=NO
    export CORRESPONDING_DEVICE_PLATFORM_DIR\=/Applications/Xcode.app/Contents/Developer/Platforms/iPhoneOS.platform
    export CORRESPONDING_DEVICE_PLATFORM_NAME\=iphoneos
    export CORRESPONDING_DEVICE_SDK_DIR\=/Applications/Xcode.app/Contents/Developer/Platforms/iPhoneOS.platform/Developer/SDKs/iPhoneOS26.5.sdk
    export CORRESPONDING_DEVICE_SDK_NAME\=iphoneos26.5
    export CP\=/bin/cp
    export CREATE_INFOPLIST_SECTION_IN_BINARY\=NO
    export CURRENT_ARCH\=undefined_arch
    export CURRENT_PROJECT_VERSION\=1
    export CURRENT_VARIANT\=normal
    export DEAD_CODE_STRIPPING\=YES
    export DEBUGGING_SYMBOLS\=YES
    export DEBUG_INFORMATION_FORMAT\=dwarf
    export DEBUG_INFORMATION_VERSION\=compiler-default
    export DEFAULT_COMPILER\=com.apple.compilers.llvm.clang.1_0
    export DEFAULT_DEXT_INSTALL_PATH\=/System/Library/DriverExtensions
    export DEFAULT_KEXT_INSTALL_PATH\=/System/Library/Extensions
    export DEFINES_MODULE\=NO
    export DEPLOYMENT_LOCATION\=NO
    export DEPLOYMENT_POSTPROCESSING\=NO
    export DEPLOYMENT_TARGET_SETTING_NAME\=IPHONEOS_DEPLOYMENT_TARGET
    export DEPLOYMENT_TARGET_SUGGESTED_VALUES\=12.0\ 12.1\ 12.2\ 12.3\ 12.4\ 13.0\ 13.1\ 13.2\ 13.3\ 13.4\ 13.5\ 13.6\ 14.0\ 14.1\ 14.2\ 14.3\ 14.4\ 14.5\ 14.6\ 14.7\ 15.0\ 15.1\ 15.2\ 15.3\ 15.4\ 15.5\ 15.6\ 16.0\ 16.1\ 16.2\ 16.3\ 16.4\ 16.5\ 16.6\ 17.0\ 17.1\ 17.2\ 17.3\ 17.4\ 17.5\ 17.6\ 18.0\ 18.1\ 18.2\ 18.3\ 18.4\ 18.5\ 18.6\ 26.0\ 26.2\ 26.3\ 26.4\ 26.5
    export DERIVED_FILES_DIR\=/var/folders/6m/vxwlbjsn7vs6h80_98w6x7p40000gn/T/parlor-audit-dsc01-apphost-01-zbq7j_1u/DerivedData/Build/Intermediates.noindex/iosApp.build/Debug-iphonesimulator/iosApp.build/DerivedSources
    export DERIVED_FILE_DIR\=/var/folders/6m/vxwlbjsn7vs6h80_98w6x7p40000gn/T/parlor-audit-dsc01-apphost-01-zbq7j_1u/DerivedData/Build/Intermediates.noindex/iosApp.build/Debug-iphonesimulator/iosApp.build/DerivedSources
    export DERIVED_SOURCES_DIR\=/var/folders/6m/vxwlbjsn7vs6h80_98w6x7p40000gn/T/parlor-audit-dsc01-apphost-01-zbq7j_1u/DerivedData/Build/Intermediates.noindex/iosApp.build/Debug-iphonesimulator/iosApp.build/DerivedSources
    export DEVELOPER_APPLICATIONS_DIR\=/Applications/Xcode.app/Contents/Developer/Applications
    export DEVELOPER_BIN_DIR\=/Applications/Xcode.app/Contents/Developer/usr/bin
    export DEVELOPER_DIR\=/Applications/Xcode.app/Contents/Developer
    export DEVELOPER_FRAMEWORKS_DIR\=/Applications/Xcode.app/Contents/Developer/Library/Frameworks
    export DEVELOPER_FRAMEWORKS_DIR_QUOTED\=/Applications/Xcode.app/Contents/Developer/Library/Frameworks
    export DEVELOPER_LIBRARY_DIR\=/Applications/Xcode.app/Contents/Developer/Library
    export DEVELOPER_SDK_DIR\=/Applications/Xcode.app/Contents/Developer/Platforms/MacOSX.platform/Developer/SDKs
    export DEVELOPER_TOOLS_DIR\=/Applications/Xcode.app/Contents/Developer/Tools
    export DEVELOPER_USR_DIR\=/Applications/Xcode.app/Contents/Developer/usr
    export DEVELOPMENT_ASSET_PATHS\=\"iosApp/Preview\ Content\"
    export DEVELOPMENT_LANGUAGE\=en
    export DIAGNOSE_MISSING_TARGET_DEPENDENCIES\=YES
    export DIFF\=/usr/bin/diff
    export DOCUMENTATION_FOLDER_PATH\=Parlor.app/en.lproj/Documentation
    export DONT_GENERATE_INFOPLIST_FILE\=NO
    export DSTROOT\=/tmp/iosApp.dst
    export DT_TOOLCHAIN_DIR\=/Applications/Xcode.app/Contents/Developer/Toolchains/XcodeDefault.xctoolchain
    export DUMP_DEPENDENCIES\=NO
    export DUMP_DEPENDENCIES_OUTPUT_PATH\=/var/folders/6m/vxwlbjsn7vs6h80_98w6x7p40000gn/T/parlor-audit-dsc01-apphost-01-zbq7j_1u/DerivedData/Build/Intermediates.noindex/iosApp.build/Debug-iphonesimulator/iosApp.build/iosApp-BuildDependencyInfo.json
    export DWARF_DSYM_FILE_NAME\=Parlor.app.dSYM
    export DWARF_DSYM_FILE_SHOULD_ACCOMPANY_PRODUCT\=NO
    export DWARF_DSYM_FOLDER_PATH\=/var/folders/6m/vxwlbjsn7vs6h80_98w6x7p40000gn/T/parlor-audit-dsc01-apphost-01-zbq7j_1u/DerivedData/Build/Products/Debug-iphonesimulator
    export DYNAMIC_LIBRARY_EXTENSION\=dylib
    export EAGER_COMPILATION_ALLOW_SCRIPTS\=NO
    export EAGER_LINKING\=NO
    export EFFECTIVE_PLATFORM_NAME\=-iphonesimulator
    export EFFECTIVE_SWIFT_VERSION\=5
    export EMBEDDED_CONTENT_CONTAINS_SWIFT\=NO
    export EMBED_ASSET_PACKS_IN_PRODUCT_BUNDLE\=NO
    export ENABLE_APP_SANDBOX\=NO
    export ENABLE_CODE_COVERAGE\=YES
    export ENABLE_COHORT_ARCHS\=NO
    export ENABLE_CPLUSPLUS_BOUNDS_SAFE_BUFFERS\=NO
    export ENABLE_C_BOUNDS_SAFETY\=NO
    export ENABLE_DEBUG_DYLIB\=YES
    export ENABLE_DEFAULT_HEADER_SEARCH_PATHS\=YES
    export ENABLE_DEFAULT_SEARCH_PATHS\=YES
    export ENABLE_ENHANCED_SECURITY\=NO
    export ENABLE_HARDENED_RUNTIME\=NO
    export ENABLE_HEADER_DEPENDENCIES\=YES
    export ENABLE_INCOMING_NETWORK_CONNECTIONS\=NO
    export ENABLE_ON_DEMAND_RESOURCES\=YES
    export ENABLE_OUTGOING_NETWORK_CONNECTIONS\=NO
    export ENABLE_POINTER_AUTHENTICATION\=NO
    export ENABLE_PREVIEWS\=NO
    export ENABLE_RESOURCE_ACCESS_AUDIO_INPUT\=NO
    export ENABLE_RESOURCE_ACCESS_BLUETOOTH\=NO
    export ENABLE_RESOURCE_ACCESS_CALENDARS\=NO
    export ENABLE_RESOURCE_ACCESS_CAMERA\=NO
    export ENABLE_RESOURCE_ACCESS_CONTACTS\=NO
    export ENABLE_RESOURCE_ACCESS_LOCATION\=NO
    export ENABLE_RESOURCE_ACCESS_PHOTO_LIBRARY\=NO
    export ENABLE_RESOURCE_ACCESS_PRINTING\=NO
    export ENABLE_RESOURCE_ACCESS_USB\=NO
    export ENABLE_SDK_IMPORTS\=NO
    export ENABLE_SECURITY_COMPILER_WARNINGS\=NO
    export ENABLE_STRICT_OBJC_MSGSEND\=YES
    export ENABLE_TESTABILITY\=YES
    export ENABLE_TESTING_SEARCH_PATHS\=NO
    export ENABLE_USER_SCRIPT_SANDBOXING\=NO
    export ENABLE_XOJIT_PREVIEWS\=YES
    export ENFORCE_VALID_ARCHS\=YES
    export ENTITLEMENTS_ALLOWED\=NO
    export ENTITLEMENTS_DESTINATION\=__entitlements
    export ENTITLEMENTS_REQUIRED\=NO
    export EXCLUDED_INSTALLSRC_SUBDIRECTORY_PATTERNS\=.DS_Store\ .svn\ .git\ .hg\ CVS
    export EXCLUDED_RECURSIVE_SEARCH_PATH_SUBDIRECTORIES\=\*.nib\ \*.lproj\ \*.framework\ \*.gch\ \*.xcode\*\ \*.xcassets\ \*.icon\ \(\*\)\ .DS_Store\ CVS\ .svn\ .git\ .hg\ \*.pbproj\ \*.pbxproj
    export EXECUTABLES_FOLDER_PATH\=Parlor.app/Executables
    export EXECUTABLE_BLANK_INJECTION_DYLIB_PATH\=Parlor.app/__preview.dylib
    export EXECUTABLE_DEBUG_DYLIB_INSTALL_NAME\=@rpath/Parlor.debug.dylib
    export EXECUTABLE_DEBUG_DYLIB_PATH\=Parlor.app/Parlor.debug.dylib
    export EXECUTABLE_FOLDER_PATH\=Parlor.app
    export EXECUTABLE_FOLDER_PATH_SHALLOW_BUNDLE_NO\=Parlor.app/MacOS
    export EXECUTABLE_FOLDER_PATH_SHALLOW_BUNDLE_YES\=Parlor.app
    export EXECUTABLE_NAME\=Parlor
    export EXECUTABLE_PATH\=Parlor.app/Parlor
    export EXTENSIONS_FOLDER_PATH\=Parlor.app/Extensions
    export FILE_LIST\=/var/folders/6m/vxwlbjsn7vs6h80_98w6x7p40000gn/T/parlor-audit-dsc01-apphost-01-zbq7j_1u/DerivedData/Build/Intermediates.noindex/iosApp.build/Debug-iphonesimulator/iosApp.build/Objects/LinkFileList
    export FIXED_FILES_DIR\=/var/folders/6m/vxwlbjsn7vs6h80_98w6x7p40000gn/T/parlor-audit-dsc01-apphost-01-zbq7j_1u/DerivedData/Build/Intermediates.noindex/iosApp.build/Debug-iphonesimulator/iosApp.build/FixedFiles
    export FRAMEWORKS_FOLDER_PATH\=Parlor.app/Frameworks
    export FRAMEWORK_FLAG_PREFIX\=-framework
    export FRAMEWORK_SEARCH_PATHS\=/var/folders/6m/vxwlbjsn7vs6h80_98w6x7p40000gn/T/parlor-audit-dsc01-apphost-01-zbq7j_1u/DerivedData/Build/Products/Debug-iphonesimulator\ \ /var/folders/6m/vxwlbjsn7vs6h80_98w6x7p40000gn/T/parlor-audit-dsc01-apphost-01-zbq7j_1u/copy/iosApp/../composeApp/build/xcode-frameworks/Debug/iphonesimulator26.5
    export FRAMEWORK_VERSION\=A
    export FULL_PRODUCT_NAME\=Parlor.app
    export FUSE_BUILD_PHASES\=YES
    export FUSE_BUILD_SCRIPT_PHASES\=NO
    export GCC3_VERSION\=3.3
    export GCC_C_LANGUAGE_STANDARD\=gnu11
    export GCC_DYNAMIC_NO_PIC\=NO
    export GCC_INLINES_ARE_PRIVATE_EXTERN\=YES
    export GCC_NO_COMMON_BLOCKS\=YES
    export GCC_OBJC_LEGACY_DISPATCH\=YES
    export GCC_OPTIMIZATION_LEVEL\=0
    export GCC_PFE_FILE_C_DIALECTS\=c\ objective-c\ c++\ objective-c++
    export GCC_PREPROCESSOR_DEFINITIONS\=DEBUG\=1\ 
    export GCC_SYMBOLS_PRIVATE_EXTERN\=NO
    export GCC_TREAT_WARNINGS_AS_ERRORS\=NO
    export GCC_VERSION\=com.apple.compilers.llvm.clang.1_0
    export GCC_VERSION_IDENTIFIER\=com_apple_compilers_llvm_clang_1_0
    export GCC_WARN_64_TO_32_BIT_CONVERSION\=YES
    export GCC_WARN_ABOUT_RETURN_TYPE\=YES_ERROR
    export GCC_WARN_UNDECLARED_SELECTOR\=YES
    export GCC_WARN_UNINITIALIZED_AUTOS\=YES_AGGRESSIVE
    export GCC_WARN_UNUSED_FUNCTION\=YES
    export GCC_WARN_UNUSED_VARIABLE\=YES
    export GENERATED_MODULEMAP_DIR\=/var/folders/6m/vxwlbjsn7vs6h80_98w6x7p40000gn/T/parlor-audit-dsc01-apphost-01-zbq7j_1u/DerivedData/Build/Intermediates.noindex/GeneratedModuleMaps-iphonesimulator
    export GENERATE_INFOPLIST_FILE\=NO
    export GENERATE_INTERMEDIATE_TEXT_BASED_STUBS\=YES
    export GENERATE_PKGINFO_FILE\=YES
    export GENERATE_PRELINK_OBJECT_FILE\=NO
    export GENERATE_PROFILING_CODE\=NO
    export GENERATE_TEXT_BASED_STUBS\=NO
    export GID\=20
    export GROUP\=staff
    export HEADERMAP_INCLUDES_FLAT_ENTRIES_FOR_TARGET_BEING_BUILT\=YES
    export HEADERMAP_INCLUDES_FRAMEWORK_ENTRIES_FOR_ALL_PRODUCT_TYPES\=YES
    export HEADERMAP_INCLUDES_FRAMEWORK_ENTRIES_FOR_TARGETS_NOT_BEING_BUILT\=YES
    export HEADERMAP_INCLUDES_NONPUBLIC_NONPRIVATE_HEADERS\=YES
    export HEADERMAP_INCLUDES_PROJECT_HEADERS\=YES
    export HEADERMAP_USES_FRAMEWORK_PREFIX_ENTRIES\=YES
    export HEADERMAP_USES_VFS\=NO
    export HEADER_SEARCH_PATHS\=/var/folders/6m/vxwlbjsn7vs6h80_98w6x7p40000gn/T/parlor-audit-dsc01-apphost-01-zbq7j_1u/DerivedData/Build/Products/Debug-iphonesimulator/include\ 
    export HOME\=/Users/abdelrahman
    export HOST_ARCH\=arm64
    export HOST_PLATFORM\=macosx
    export ICONV\=/usr/bin/iconv
    export IMPLICIT_DEPENDENCY_DOMAIN\=default
    export INDEX_STORE_COMPRESS\=NO
    export INDEX_STORE_ONLY_PROJECT_FILES\=NO
    export INFOPLIST_ENABLE_CFBUNDLEICONS_MERGE\=YES
    export INFOPLIST_EXPAND_BUILD_SETTINGS\=YES
    export INFOPLIST_FILE\=iosApp/Info.plist
    export INFOPLIST_OUTPUT_FORMAT\=binary
    export INFOPLIST_PATH\=Parlor.app/Info.plist
    export INFOPLIST_PREPROCESS\=NO
    export INFOSTRINGS_PATH\=Parlor.app/en.lproj/InfoPlist.strings
    export INLINE_PRIVATE_FRAMEWORKS\=NO
    export INSTALLAPI_IGNORE_SKIP_INSTALL\=YES
    export INSTALLHDRS_COPY_PHASE\=NO
    export INSTALLHDRS_SCRIPT_PHASE\=NO
    export INSTALL_DIR\=/tmp/iosApp.dst/Applications
    export INSTALL_GROUP\=staff
    export INSTALL_MODE_FLAG\=u+w,go-w,a+rX
    export INSTALL_OWNER\=abdelrahman
    export INSTALL_PATH\=/Applications
    export INSTALL_ROOT\=/tmp/iosApp.dst
    export IPHONEOS_DEPLOYMENT_TARGET\=16.0
    export IS_UNOPTIMIZED_BUILD\=YES
    export JAVAC_DEFAULT_FLAGS\=-J-Xms64m\ -J-XX:NewSize\=4M\ -J-Dfile.encoding\=UTF8
    export JAVA_APP_STUB\=/System/Library/Frameworks/JavaVM.framework/Resources/MacOS/JavaApplicationStub
    export JAVA_ARCHIVE_CLASSES\=YES
    export JAVA_ARCHIVE_TYPE\=JAR
    export JAVA_COMPILER\=/usr/bin/javac
    export JAVA_FOLDER_PATH\=Parlor.app/Java
    export JAVA_FRAMEWORK_RESOURCES_DIRS\=Resources
    export JAVA_JAR_FLAGS\=cv
    export JAVA_SOURCE_SUBDIR\=.
    export JAVA_USE_DEPENDENCIES\=YES
    export JAVA_ZIP_FLAGS\=-urg
    export JIKES_DEFAULT_FLAGS\=+E\ +OLDCSO
    export KEEP_PRIVATE_EXTERNS\=NO
    export LD_DEPENDENCY_INFO_FILE\=/var/folders/6m/vxwlbjsn7vs6h80_98w6x7p40000gn/T/parlor-audit-dsc01-apphost-01-zbq7j_1u/DerivedData/Build/Intermediates.noindex/iosApp.build/Debug-iphonesimulator/iosApp.build/Objects-normal/undefined_arch/Parlor_dependency_info.dat
    export LD_EXPORT_SYMBOLS\=YES
    export LD_GENERATE_MAP_FILE\=NO
    export LD_MAP_FILE_PATH\=/var/folders/6m/vxwlbjsn7vs6h80_98w6x7p40000gn/T/parlor-audit-dsc01-apphost-01-zbq7j_1u/DerivedData/Build/Intermediates.noindex/iosApp.build/Debug-iphonesimulator/iosApp.build/Parlor-LinkMap-normal-undefined_arch.txt
    export LD_NO_PIE\=NO
    export LD_QUOTE_LINKER_ARGUMENTS_FOR_COMPILER_DRIVER\=YES
    export LD_RUNPATH_SEARCH_PATHS\=\ @executable_path/Frameworks
    export LD_RUNPATH_SEARCH_PATHS_YES\=@loader_path/../Frameworks
    export LD_SHARED_CACHE_ELIGIBLE\=Automatic
    export LD_WARN_DUPLICATE_LIBRARIES\=NO
    export LD_WARN_UNUSED_DYLIBS\=NO
    export LEGACY_DEVELOPER_DIR\=/Applications/Xcode.app/Contents/PlugIns/Xcode3Core.ideplugin/Contents/SharedSupport/Developer
    export LEX\=lex
    export LIBRARY_DEXT_INSTALL_PATH\=/Library/DriverExtensions
    export LIBRARY_FLAG_NOSPACE\=YES
    export LIBRARY_FLAG_PREFIX\=-l
    export LIBRARY_KEXT_INSTALL_PATH\=/Library/Extensions
    export LIBRARY_SEARCH_PATHS\=/var/folders/6m/vxwlbjsn7vs6h80_98w6x7p40000gn/T/parlor-audit-dsc01-apphost-01-zbq7j_1u/DerivedData/Build/Products/Debug-iphonesimulator\ 
    export LINKER_DISPLAYS_MANGLED_NAMES\=NO
    export LINK_FILE_LIST_normal_arm64\=/var/folders/6m/vxwlbjsn7vs6h80_98w6x7p40000gn/T/parlor-audit-dsc01-apphost-01-zbq7j_1u/DerivedData/Build/Intermediates.noindex/iosApp.build/Debug-iphonesimulator/iosApp.build/Objects-normal/arm64/Parlor.LinkFileList
    export LINK_OBJC_RUNTIME\=YES
    export LINK_WITH_STANDARD_LIBRARIES\=YES
    export LLVM_TARGET_TRIPLE_OS_VERSION\=ios16.0
    export LLVM_TARGET_TRIPLE_SUFFIX\=-simulator
    export LLVM_TARGET_TRIPLE_VENDOR\=apple
    export LM_AUX_CONST_METADATA_LIST_PATH_normal_arm64\=/var/folders/6m/vxwlbjsn7vs6h80_98w6x7p40000gn/T/parlor-audit-dsc01-apphost-01-zbq7j_1u/DerivedData/Build/Intermediates.noindex/iosApp.build/Debug-iphonesimulator/iosApp.build/Objects-normal/arm64/Parlor.SwiftConstValuesFileList
    export LOCALIZATION_EXPORT_SUPPORTED\=YES
    export LOCALIZATION_PREFERS_STRING_CATALOGS\=NO
    export LOCALIZED_RESOURCES_FOLDER_PATH\=Parlor.app/en.lproj
    export LOCALIZED_STRING_CODE_COMMENTS\=NO
    export LOCALIZED_STRING_MACRO_NAMES\=NSLocalizedString\ CFCopyLocalizedString
    export LOCALIZED_STRING_SWIFTUI_SUPPORT\=YES
    export LOCAL_ADMIN_APPS_DIR\=/Applications/Utilities
    export LOCAL_APPS_DIR\=/Applications
    export LOCAL_DEVELOPER_DIR\=/Library/Developer
    export LOCAL_LIBRARY_DIR\=/Library
    export LOCROOT\=/var/folders/6m/vxwlbjsn7vs6h80_98w6x7p40000gn/T/parlor-audit-dsc01-apphost-01-zbq7j_1u/copy/iosApp
    export LOCSYMROOT\=/var/folders/6m/vxwlbjsn7vs6h80_98w6x7p40000gn/T/parlor-audit-dsc01-apphost-01-zbq7j_1u/copy/iosApp
    export MACH_O_TYPE\=mh_execute
    export MAC_OS_X_PRODUCT_BUILD_VERSION\=25C56
    export MAC_OS_X_VERSION_ACTUAL\=260200
    export MAC_OS_X_VERSION_MAJOR\=260000
    export MAC_OS_X_VERSION_MINOR\=260200
    export MAKE_MERGEABLE\=NO
    export MARKETING_VERSION\=1.0.0
    export MERGEABLE_LIBRARY\=NO
    export MERGED_BINARY_TYPE\=none
    export MERGE_LINKED_LIBRARIES\=NO
    export METAL_LIBRARY_FILE_BASE\=default
    export METAL_LIBRARY_OUTPUT_DIR\=/var/folders/6m/vxwlbjsn7vs6h80_98w6x7p40000gn/T/parlor-audit-dsc01-apphost-01-zbq7j_1u/DerivedData/Build/Products/Debug-iphonesimulator/Parlor.app
    export MOBILE_RELEASE_IOS_CODE_SIGN_STYLE\=Automatic
    export MODULES_FOLDER_PATH\=Parlor.app/Modules
    export MODULE_CACHE_DIR\=/var/folders/6m/vxwlbjsn7vs6h80_98w6x7p40000gn/T/parlor-audit-dsc01-apphost-01-zbq7j_1u/DerivedData/ModuleCache.noindex
    export MTL_ENABLE_DEBUG_INFO\=INCLUDE_SOURCE
    export MTL_FAST_MATH\=YES
    export NATIVE_ARCH\=arm64
    export NATIVE_ARCH_32_BIT\=arm
    export NATIVE_ARCH_64_BIT\=arm64
    export NATIVE_ARCH_ACTUAL\=arm64
    export NO_COMMON\=YES
    export OBJC_ABI_VERSION\=2
    export OBJECT_FILE_DIR\=/var/folders/6m/vxwlbjsn7vs6h80_98w6x7p40000gn/T/parlor-audit-dsc01-apphost-01-zbq7j_1u/DerivedData/Build/Intermediates.noindex/iosApp.build/Debug-iphonesimulator/iosApp.build/Objects
    export OBJECT_FILE_DIR_normal\=/var/folders/6m/vxwlbjsn7vs6h80_98w6x7p40000gn/T/parlor-audit-dsc01-apphost-01-zbq7j_1u/DerivedData/Build/Intermediates.noindex/iosApp.build/Debug-iphonesimulator/iosApp.build/Objects-normal
    export OBJROOT\=/var/folders/6m/vxwlbjsn7vs6h80_98w6x7p40000gn/T/parlor-audit-dsc01-apphost-01-zbq7j_1u/DerivedData/Build/Intermediates.noindex
    export ONLY_ACTIVE_ARCH\=YES
    export OS\=MACOS
    export OSAC\=/usr/bin/osacompile
    export PACKAGE_TYPE\=com.apple.package-type.wrapper.application
    export PARLOR_BUILD_NUMBER\=1
    export PARLOR_VERSION_NAME\=1.0.0
    export PASCAL_STRINGS\=YES
    export PATH\=/Applications/Xcode.app/Contents/SharedFrameworks/SwiftBuild.framework/Versions/A/PlugIns/SWBBuildService.bundle/Contents/PlugIns/SWBUniversalPlatformPlugin.bundle/Contents/Frameworks/SWBUniversalPlatform.framework/Resources:/Applications/Xcode.app/Contents/Developer/Toolchains/XcodeDefault.xctoolchain/usr/bin:/Applications/Xcode.app/Contents/Developer/Toolchains/XcodeDefault.xctoolchain/usr/local/bin:/Applications/Xcode.app/Contents/Developer/Toolchains/XcodeDefault.xctoolchain/usr/libexec:/Applications/Xcode.app/Contents/Developer/Platforms/iPhoneSimulator.platform/usr/bin:/Applications/Xcode.app/Contents/Developer/Platforms/iPhoneSimulator.platform/usr/local/bin:/Applications/Xcode.app/Contents/Developer/Platforms/iPhoneSimulator.platform/Developer/usr/bin:/Applications/Xcode.app/Contents/Developer/Platforms/iPhoneSimulator.platform/Developer/usr/local/bin:/Applications/Xcode.app/Contents/Developer/usr/bin:/Applications/Xcode.app/Contents/Developer/usr/local/bin:/opt/homebrew/Cellar/openjdk@21/21.0.11/libexec/openjdk.jdk/Contents/Home/bin:/usr/bin:/bin:/usr/sbin:/sbin
    export PATH_PREFIXES_EXCLUDED_FROM_HEADER_DEPENDENCIES\=/usr/include\ /usr/local/include\ /System/Library/Frameworks\ /System/Library/PrivateFrameworks\ /Applications/Xcode.app/Contents/Developer/Headers\ /Applications/Xcode.app/Contents/Developer/SDKs\ /Applications/Xcode.app/Contents/Developer/Platforms
    export PBDEVELOPMENTPLIST_PATH\=Parlor.app/pbdevelopment.plist
    export PER_ARCH_MODULE_FILE_DIR\=/var/folders/6m/vxwlbjsn7vs6h80_98w6x7p40000gn/T/parlor-audit-dsc01-apphost-01-zbq7j_1u/DerivedData/Build/Intermediates.noindex/iosApp.build/Debug-iphonesimulator/iosApp.build/Objects-normal/undefined_arch
    export PER_ARCH_OBJECT_FILE_DIR\=/var/folders/6m/vxwlbjsn7vs6h80_98w6x7p40000gn/T/parlor-audit-dsc01-apphost-01-zbq7j_1u/DerivedData/Build/Intermediates.noindex/iosApp.build/Debug-iphonesimulator/iosApp.build/Objects-normal/undefined_arch
    export PER_VARIANT_OBJECT_FILE_DIR\=/var/folders/6m/vxwlbjsn7vs6h80_98w6x7p40000gn/T/parlor-audit-dsc01-apphost-01-zbq7j_1u/DerivedData/Build/Intermediates.noindex/iosApp.build/Debug-iphonesimulator/iosApp.build/Objects-normal
    export PKGINFO_FILE_PATH\=/var/folders/6m/vxwlbjsn7vs6h80_98w6x7p40000gn/T/parlor-audit-dsc01-apphost-01-zbq7j_1u/DerivedData/Build/Intermediates.noindex/iosApp.build/Debug-iphonesimulator/iosApp.build/PkgInfo
    export PKGINFO_PATH\=Parlor.app/PkgInfo
    export PLATFORM_DEVELOPER_APPLICATIONS_DIR\=/Applications/Xcode.app/Contents/Developer/Platforms/iPhoneSimulator.platform/Developer/Applications
    export PLATFORM_DEVELOPER_BIN_DIR\=/Applications/Xcode.app/Contents/Developer/Platforms/iPhoneSimulator.platform/Developer/usr/bin
    export PLATFORM_DEVELOPER_LIBRARY_DIR\=/Applications/Xcode.app/Contents/Developer/Platforms/iPhoneSimulator.platform/Developer/Library
    export PLATFORM_DEVELOPER_SDK_DIR\=/Applications/Xcode.app/Contents/Developer/Platforms/iPhoneSimulator.platform/Developer/SDKs
    export PLATFORM_DEVELOPER_TOOLS_DIR\=/Applications/Xcode.app/Contents/Developer/Platforms/iPhoneSimulator.platform/Developer/Tools
    export PLATFORM_DEVELOPER_USR_DIR\=/Applications/Xcode.app/Contents/Developer/Platforms/iPhoneSimulator.platform/Developer/usr
    export PLATFORM_DIR\=/Applications/Xcode.app/Contents/Developer/Platforms/iPhoneSimulator.platform
    export PLATFORM_DISPLAY_NAME\=iOS\ Simulator
    export PLATFORM_FAMILY_NAME\=iOS
    export PLATFORM_NAME\=iphonesimulator
    export PLATFORM_PREFERRED_ARCH\=x86_64
    export PLATFORM_PRODUCT_BUILD_VERSION\=23F73
    export PLATFORM_REQUIRES_SWIFT_AUTOLINK_EXTRACT\=NO
    export PLATFORM_REQUIRES_SWIFT_MODULEWRAP\=NO
    export PLATFORM_USES_DSYMS\=YES
    export PLIST_FILE_OUTPUT_FORMAT\=binary
    export PLUGINS_FOLDER_PATH\=Parlor.app/PlugIns
    export PRECOMPS_INCLUDE_HEADERS_FROM_BUILT_PRODUCTS_DIR\=YES
    export PRECOMP_DESTINATION_DIR\=/var/folders/6m/vxwlbjsn7vs6h80_98w6x7p40000gn/T/parlor-audit-dsc01-apphost-01-zbq7j_1u/DerivedData/Build/Intermediates.noindex/iosApp.build/Debug-iphonesimulator/iosApp.build/PrefixHeaders
    export PRIVATE_HEADERS_FOLDER_PATH\=Parlor.app/PrivateHeaders
    export PROCESSED_INFOPLIST_PATH\=/var/folders/6m/vxwlbjsn7vs6h80_98w6x7p40000gn/T/parlor-audit-dsc01-apphost-01-zbq7j_1u/DerivedData/Build/Intermediates.noindex/iosApp.build/Debug-iphonesimulator/iosApp.build/Objects-normal/undefined_arch/Processed-Info.plist
    export PRODUCT_BUNDLE_IDENTIFIER\=com.parlor.app.debug
    export PRODUCT_BUNDLE_PACKAGE_TYPE\=APPL
    export PRODUCT_MODULE_NAME\=Parlor
    export PRODUCT_NAME\=Parlor
    export PRODUCT_SETTINGS_PATH\=/var/folders/6m/vxwlbjsn7vs6h80_98w6x7p40000gn/T/parlor-audit-dsc01-apphost-01-zbq7j_1u/copy/iosApp/iosApp/Info.plist
    export PRODUCT_TYPE\=com.apple.product-type.application
    export PROFILING_CODE\=NO
    export PROJECT\=iosApp
    export PROJECT_DERIVED_FILE_DIR\=/var/folders/6m/vxwlbjsn7vs6h80_98w6x7p40000gn/T/parlor-audit-dsc01-apphost-01-zbq7j_1u/DerivedData/Build/Intermediates.noindex/iosApp.build/DerivedSources
    export PROJECT_DIR\=/var/folders/6m/vxwlbjsn7vs6h80_98w6x7p40000gn/T/parlor-audit-dsc01-apphost-01-zbq7j_1u/copy/iosApp
    export PROJECT_FILE_PATH\=/var/folders/6m/vxwlbjsn7vs6h80_98w6x7p40000gn/T/parlor-audit-dsc01-apphost-01-zbq7j_1u/copy/iosApp/iosApp.xcodeproj
    export PROJECT_GUID\=7b79493a8b7fc1f2fff3c51cd12ba024
    export PROJECT_NAME\=iosApp
    export PROJECT_TEMP_DIR\=/var/folders/6m/vxwlbjsn7vs6h80_98w6x7p40000gn/T/parlor-audit-dsc01-apphost-01-zbq7j_1u/DerivedData/Build/Intermediates.noindex/iosApp.build
    export PROJECT_TEMP_ROOT\=/var/folders/6m/vxwlbjsn7vs6h80_98w6x7p40000gn/T/parlor-audit-dsc01-apphost-01-zbq7j_1u/DerivedData/Build/Intermediates.noindex
    export PROVISIONING_PROFILE_REQUIRED\=NO
    export PROVISIONING_PROFILE_REQUIRED_YES_YES\=YES
    export PROVISIONING_PROFILE_SUPPORTED\=YES
    export PUBLIC_HEADERS_FOLDER_PATH\=Parlor.app/Headers
    export RECOMMENDED_IPHONEOS_DEPLOYMENT_TARGET\=15.0
    export RECURSIVE_SEARCH_PATHS_FOLLOW_SYMLINKS\=YES
    export REMOVE_CVS_FROM_RESOURCES\=YES
    export REMOVE_GIT_FROM_RESOURCES\=YES
    export REMOVE_HEADERS_FROM_EMBEDDED_BUNDLES\=YES
    export REMOVE_HG_FROM_RESOURCES\=YES
    export REMOVE_STATIC_EXECUTABLES_FROM_EMBEDDED_BUNDLES\=YES
    export REMOVE_SVN_FROM_RESOURCES\=YES
    export RESCHEDULE_INDEPENDENT_HEADERS_PHASES\=YES
    export REZ_COLLECTOR_DIR\=/var/folders/6m/vxwlbjsn7vs6h80_98w6x7p40000gn/T/parlor-audit-dsc01-apphost-01-zbq7j_1u/DerivedData/Build/Intermediates.noindex/iosApp.build/Debug-iphonesimulator/iosApp.build/ResourceManagerResources
    export REZ_OBJECTS_DIR\=/var/folders/6m/vxwlbjsn7vs6h80_98w6x7p40000gn/T/parlor-audit-dsc01-apphost-01-zbq7j_1u/DerivedData/Build/Intermediates.noindex/iosApp.build/Debug-iphonesimulator/iosApp.build/ResourceManagerResources/Objects
    export REZ_SEARCH_PATHS\=/var/folders/6m/vxwlbjsn7vs6h80_98w6x7p40000gn/T/parlor-audit-dsc01-apphost-01-zbq7j_1u/DerivedData/Build/Products/Debug-iphonesimulator\ 
    export RPATH_ORIGIN\=@loader_path
    export RUNTIME_EXCEPTION_ALLOW_DYLD_ENVIRONMENT_VARIABLES\=NO
    export RUNTIME_EXCEPTION_ALLOW_JIT\=NO
    export RUNTIME_EXCEPTION_ALLOW_UNSIGNED_EXECUTABLE_MEMORY\=NO
    export RUNTIME_EXCEPTION_DEBUGGING_TOOL\=NO
    export RUNTIME_EXCEPTION_DISABLE_EXECUTABLE_PAGE_PROTECTION\=NO
    export RUNTIME_EXCEPTION_DISABLE_LIBRARY_VALIDATION\=NO
    export SCANNING_PCM_KEEP_CACHE_DIRECTORY\=YES
    export SCAN_ALL_SOURCE_FILES_FOR_INCLUDES\=NO
    export SCRIPTS_FOLDER_PATH\=Parlor.app/Scripts
    export SCRIPT_INPUT_FILE_COUNT\=0
    export SCRIPT_INPUT_FILE_LIST_COUNT\=0
    export SCRIPT_OUTPUT_FILE_COUNT\=0
    export SCRIPT_OUTPUT_FILE_LIST_COUNT\=0
    export SDKROOT\=/Applications/Xcode.app/Contents/Developer/Platforms/iPhoneSimulator.platform/Developer/SDKs/iPhoneSimulator26.5.sdk
    export SDK_DIR\=/Applications/Xcode.app/Contents/Developer/Platforms/iPhoneSimulator.platform/Developer/SDKs/iPhoneSimulator26.5.sdk
    export SDK_DIR_iphonesimulator\=/Applications/Xcode.app/Contents/Developer/Platforms/iPhoneSimulator.platform/Developer/SDKs/iPhoneSimulator26.5.sdk
    export SDK_DIR_iphonesimulator26_5\=/Applications/Xcode.app/Contents/Developer/Platforms/iPhoneSimulator.platform/Developer/SDKs/iPhoneSimulator26.5.sdk
    export SDK_NAME\=iphonesimulator26.5
    export SDK_NAMES\=iphonesimulator26.5
    export SDK_PRODUCT_BUILD_VERSION\=23F73
    export SDK_STAT_CACHE_DIR\=/var/folders/6m/vxwlbjsn7vs6h80_98w6x7p40000gn/T/parlor-audit-dsc01-apphost-01-zbq7j_1u/DerivedData
    export SDK_STAT_CACHE_ENABLE\=YES
    export SDK_STAT_CACHE_PATH\=/var/folders/6m/vxwlbjsn7vs6h80_98w6x7p40000gn/T/parlor-audit-dsc01-apphost-01-zbq7j_1u/DerivedData/SDKStatCaches.noindex/iphonesimulator26.5-23F73-6cfe768891a92b912361537c460fe42b.sdkstatcache
    export SDK_VERSION\=26.5
    export SDK_VERSION_ACTUAL\=260500
    export SDK_VERSION_MAJOR\=260000
    export SDK_VERSION_MINOR\=260500
    export SED\=/usr/bin/sed
    export SEPARATE_STRIP\=NO
    export SEPARATE_SYMBOL_EDIT\=NO
    export SET_DIR_MODE_OWNER_GROUP\=YES
    export SET_FILE_MODE_OWNER_GROUP\=NO
    export SHALLOW_BUNDLE\=YES
    export SHALLOW_BUNDLE_TRIPLE\=ios-simulator
    export SHALLOW_BUNDLE_ios_macabi\=NO
    export SHALLOW_BUNDLE_macos\=NO
    export SHARED_DERIVED_FILE_DIR\=/var/folders/6m/vxwlbjsn7vs6h80_98w6x7p40000gn/T/parlor-audit-dsc01-apphost-01-zbq7j_1u/DerivedData/Build/Products/Debug-iphonesimulator/DerivedSources
    export SHARED_FRAMEWORKS_FOLDER_PATH\=Parlor.app/SharedFrameworks
    export SHARED_PRECOMPS_DIR\=/var/folders/6m/vxwlbjsn7vs6h80_98w6x7p40000gn/T/parlor-audit-dsc01-apphost-01-zbq7j_1u/DerivedData/Build/Intermediates.noindex/PrecompiledHeaders
    export SHARED_SUPPORT_FOLDER_PATH\=Parlor.app/SharedSupport
    export SKIP_INSTALL\=NO
    export SKIP_MERGEABLE_LIBRARY_BUNDLE_HOOK\=NO
    export SOURCE_ROOT\=/var/folders/6m/vxwlbjsn7vs6h80_98w6x7p40000gn/T/parlor-audit-dsc01-apphost-01-zbq7j_1u/copy/iosApp
    export SRCROOT\=/var/folders/6m/vxwlbjsn7vs6h80_98w6x7p40000gn/T/parlor-audit-dsc01-apphost-01-zbq7j_1u/copy/iosApp
    export STRINGSDATA_DIR\=/var/folders/6m/vxwlbjsn7vs6h80_98w6x7p40000gn/T/parlor-audit-dsc01-apphost-01-zbq7j_1u/DerivedData/Build/Intermediates.noindex/iosApp.build/Debug-iphonesimulator/iosApp.build/Objects-normal/undefined_arch
    export STRINGSDATA_ROOT\=/var/folders/6m/vxwlbjsn7vs6h80_98w6x7p40000gn/T/parlor-audit-dsc01-apphost-01-zbq7j_1u/DerivedData/Build/Intermediates.noindex/iosApp.build/Debug-iphonesimulator/iosApp.build
    export STRINGS_FILE_INFOPLIST_RENAME\=YES
    export STRINGS_FILE_OUTPUT_ENCODING\=binary
    export STRING_CATALOG_GENERATE_SYMBOLS\=NO
    export STRIP_BITCODE_FROM_COPIED_FILES\=NO
    export STRIP_INSTALLED_PRODUCT\=NO
    export STRIP_STYLE\=all
    export STRIP_SWIFT_SYMBOLS\=YES
    export SUPPORTED_DEVICE_FAMILIES\=1,2
    export SUPPORTED_PLATFORMS\=iphoneos\ iphonesimulator
    export SUPPORTS_MACCATALYST\=NO
    export SUPPORTS_ON_DEMAND_RESOURCES\=YES
    export SUPPORTS_TEXT_BASED_API\=NO
    export SUPPRESS_WARNINGS\=NO
    export SWIFT_ACTIVE_COMPILATION_CONDITIONS\=DEBUG
    export SWIFT_EMIT_CONST_VALUE_PROTOCOLS\=AnyResolverProviding\ AppEntity\ AppEnum\ AppExtension\ AppIntent\ AppIntentsPackage\ AppShortcutProviding\ AppShortcutsProvider\ AppUnionValue\ AppUnionValueCasesProviding\ DynamicOptionsProvider\ EntityQuery\ ExtensionPointDefining\ IntentValueQuery\ Resolver\ TransientEntity\ _AssistantIntentsProvider\ _GenerativeFunctionExtractable\ _IntentValueRepresentable
    export SWIFT_EMIT_LOC_STRINGS\=YES
    export SWIFT_ENABLE_EXPLICIT_MODULES\=YES
    export SWIFT_OPTIMIZATION_LEVEL\=-Onone
    export SWIFT_PLATFORM_TARGET_PREFIX\=ios
    export SWIFT_RESPONSE_FILE_PATH_normal_arm64\=/var/folders/6m/vxwlbjsn7vs6h80_98w6x7p40000gn/T/parlor-audit-dsc01-apphost-01-zbq7j_1u/DerivedData/Build/Intermediates.noindex/iosApp.build/Debug-iphonesimulator/iosApp.build/Objects-normal/arm64/Parlor.SwiftFileList
    export SWIFT_VERSION\=5.0
    export SYMROOT\=/var/folders/6m/vxwlbjsn7vs6h80_98w6x7p40000gn/T/parlor-audit-dsc01-apphost-01-zbq7j_1u/DerivedData/Build/Products
    export SYSTEM_ADMIN_APPS_DIR\=/Applications/Utilities
    export SYSTEM_APPS_DIR\=/Applications
    export SYSTEM_CORE_SERVICES_DIR\=/System/Library/CoreServices
    export SYSTEM_DEMOS_DIR\=/Applications/Extras
    export SYSTEM_DEVELOPER_APPS_DIR\=/Applications/Xcode.app/Contents/Developer/Applications
    export SYSTEM_DEVELOPER_BIN_DIR\=/Applications/Xcode.app/Contents/Developer/usr/bin
    export SYSTEM_DEVELOPER_DEMOS_DIR\=/Applications/Xcode.app/Contents/Developer/Applications/Utilities/Built\ Examples
    export SYSTEM_DEVELOPER_DIR\=/Applications/Xcode.app/Contents/Developer
    export SYSTEM_DEVELOPER_DOC_DIR\=/Applications/Xcode.app/Contents/Developer/ADC\ Reference\ Library
    export SYSTEM_DEVELOPER_GRAPHICS_TOOLS_DIR\=/Applications/Xcode.app/Contents/Developer/Applications/Graphics\ Tools
    export SYSTEM_DEVELOPER_JAVA_TOOLS_DIR\=/Applications/Xcode.app/Contents/Developer/Applications/Java\ Tools
    export SYSTEM_DEVELOPER_PERFORMANCE_TOOLS_DIR\=/Applications/Xcode.app/Contents/Developer/Applications/Performance\ Tools
    export SYSTEM_DEVELOPER_RELEASENOTES_DIR\=/Applications/Xcode.app/Contents/Developer/ADC\ Reference\ Library/releasenotes
    export SYSTEM_DEVELOPER_TOOLS\=/Applications/Xcode.app/Contents/Developer/Tools
    export SYSTEM_DEVELOPER_TOOLS_DOC_DIR\=/Applications/Xcode.app/Contents/Developer/ADC\ Reference\ Library/documentation/DeveloperTools
    export SYSTEM_DEVELOPER_TOOLS_RELEASENOTES_DIR\=/Applications/Xcode.app/Contents/Developer/ADC\ Reference\ Library/releasenotes/DeveloperTools
    export SYSTEM_DEVELOPER_USR_DIR\=/Applications/Xcode.app/Contents/Developer/usr
    export SYSTEM_DEVELOPER_UTILITIES_DIR\=/Applications/Xcode.app/Contents/Developer/Applications/Utilities
    export SYSTEM_DEXT_INSTALL_PATH\=/System/Library/DriverExtensions
    export SYSTEM_DOCUMENTATION_DIR\=/Library/Documentation
    export SYSTEM_EXTENSIONS_FOLDER_PATH\=Parlor.app/SystemExtensions
    export SYSTEM_EXTENSIONS_FOLDER_PATH_SHALLOW_BUNDLE_NO\=Parlor.app/Library/SystemExtensions
    export SYSTEM_EXTENSIONS_FOLDER_PATH_SHALLOW_BUNDLE_YES\=Parlor.app/SystemExtensions
    export SYSTEM_KEXT_INSTALL_PATH\=/System/Library/Extensions
    export SYSTEM_LIBRARY_DIR\=/System/Library
    export TAPI_DEMANGLE\=YES
    export TAPI_ENABLE_PROJECT_HEADERS\=NO
    export TAPI_LANGUAGE\=objective-c
    export TAPI_LANGUAGE_STANDARD\=compiler-default
    export TAPI_USE_SRCROOT\=YES
    export TAPI_VERIFY_MODE\=Pedantic
    export TARGETED_DEVICE_FAMILY\=1,2
    export TARGETNAME\=iosApp
    export TARGET_BUILD_DIR\=/var/folders/6m/vxwlbjsn7vs6h80_98w6x7p40000gn/T/parlor-audit-dsc01-apphost-01-zbq7j_1u/DerivedData/Build/Products/Debug-iphonesimulator
    export TARGET_DEVICE_IDENTIFIER\=6EDE37DE-E0B6-44B6-87B5-3CE2DE096C10
    export TARGET_DEVICE_MODEL\=iPhone18,1
    export TARGET_DEVICE_OS_VERSION\=26.5
    export TARGET_DEVICE_PLATFORM_NAME\=iphonesimulator
    export TARGET_NAME\=iosApp
    export TARGET_TEMP_DIR\=/var/folders/6m/vxwlbjsn7vs6h80_98w6x7p40000gn/T/parlor-audit-dsc01-apphost-01-zbq7j_1u/DerivedData/Build/Intermediates.noindex/iosApp.build/Debug-iphonesimulator/iosApp.build
    export TEMP_DIR\=/var/folders/6m/vxwlbjsn7vs6h80_98w6x7p40000gn/T/parlor-audit-dsc01-apphost-01-zbq7j_1u/DerivedData/Build/Intermediates.noindex/iosApp.build/Debug-iphonesimulator/iosApp.build
    export TEMP_FILES_DIR\=/var/folders/6m/vxwlbjsn7vs6h80_98w6x7p40000gn/T/parlor-audit-dsc01-apphost-01-zbq7j_1u/DerivedData/Build/Intermediates.noindex/iosApp.build/Debug-iphonesimulator/iosApp.build
    export TEMP_FILE_DIR\=/var/folders/6m/vxwlbjsn7vs6h80_98w6x7p40000gn/T/parlor-audit-dsc01-apphost-01-zbq7j_1u/DerivedData/Build/Intermediates.noindex/iosApp.build/Debug-iphonesimulator/iosApp.build
    export TEMP_ROOT\=/var/folders/6m/vxwlbjsn7vs6h80_98w6x7p40000gn/T/parlor-audit-dsc01-apphost-01-zbq7j_1u/DerivedData/Build/Intermediates.noindex
    export TEMP_SANDBOX_DIR\=/var/folders/6m/vxwlbjsn7vs6h80_98w6x7p40000gn/T/parlor-audit-dsc01-apphost-01-zbq7j_1u/DerivedData/Build/Intermediates.noindex/TemporaryTaskSandboxes
    export TEST_FRAMEWORK_SEARCH_PATHS\=\ /Applications/Xcode.app/Contents/Developer/Platforms/iPhoneSimulator.platform/Developer/Library/Frameworks\ /Applications/Xcode.app/Contents/Developer/Platforms/iPhoneSimulator.platform/Developer/SDKs/iPhoneSimulator26.5.sdk/Developer/Library/Frameworks
    export TEST_LIBRARY_SEARCH_PATHS\=\ /Applications/Xcode.app/Contents/Developer/Platforms/iPhoneSimulator.platform/Developer/usr/lib
    export TOOLCHAINS\=com.apple.dt.toolchain.XcodeDefault
    export TOOLCHAIN_DIR\=/Applications/Xcode.app/Contents/Developer/Toolchains/XcodeDefault.xctoolchain
    export TREAT_MISSING_BASELINES_AS_TEST_FAILURES\=NO
    export TREAT_MISSING_SCRIPT_PHASE_OUTPUTS_AS_ERRORS\=NO
    export UID\=501
    export UNINSTALLED_PRODUCTS_DIR\=/var/folders/6m/vxwlbjsn7vs6h80_98w6x7p40000gn/T/parlor-audit-dsc01-apphost-01-zbq7j_1u/DerivedData/Build/Intermediates.noindex/UninstalledProducts
    export UNLOCALIZED_RESOURCES_FOLDER_PATH\=Parlor.app
    export UNLOCALIZED_RESOURCES_FOLDER_PATH_SHALLOW_BUNDLE_NO\=Parlor.app/Resources
    export UNLOCALIZED_RESOURCES_FOLDER_PATH_SHALLOW_BUNDLE_YES\=Parlor.app
    export UNSTRIPPED_PRODUCT\=NO
    export USER\=abdelrahman
    export USER_APPS_DIR\=/Users/abdelrahman/Applications
    export USER_LIBRARY_DIR\=/Users/abdelrahman/Library
    export USE_DYNAMIC_NO_PIC\=YES
    export USE_HEADERMAP\=YES
    export USE_HEADER_SYMLINKS\=NO
    export VALIDATE_DEVELOPMENT_ASSET_PATHS\=YES_ERROR
    export VALIDATE_PRODUCT\=NO
    export VALID_ARCHS\=arm64\ x86_64
    export VERBOSE_PBXCP\=NO
    export VERSIONPLIST_PATH\=Parlor.app/version.plist
    export VERSION_INFO_BUILDER\=abdelrahman
    export VERSION_INFO_FILE\=Parlor_vers.c
    export VERSION_INFO_STRING\=\"@\(\#\)PROGRAM:Parlor\ \ PROJECT:iosApp-1\"
    export WORKSPACE_DIR\=/var/folders/6m/vxwlbjsn7vs6h80_98w6x7p40000gn/T/parlor-audit-dsc01-apphost-01-zbq7j_1u/copy/iosApp/iosApp.xcodeproj
    export WRAPPER_EXTENSION\=app
    export WRAPPER_NAME\=Parlor.app
    export WRAPPER_SUFFIX\=.app
    export WRAP_ASSET_PACKS_IN_SEPARATE_DIRECTORIES\=NO
    export XCODE_APP_SUPPORT_DIR\=/Applications/Xcode.app/Contents/Developer/Library/Xcode
    export XCODE_PRODUCT_BUILD_VERSION\=17F42
    export XCODE_VERSION_ACTUAL\=2650
    export XCODE_VERSION_MAJOR\=2600
    export XCODE_VERSION_MINOR\=2650
    export XPCSERVICES_FOLDER_PATH\=Parlor.app/XPCServices
    export YACC\=yacc
    export _DISCOVER_COMMAND_LINE_LINKER_INPUTS\=YES
    export _DISCOVER_COMMAND_LINE_LINKER_INPUTS_INCLUDE_WL\=YES
    export _LD_MULTIARCH\=YES
    export _WRAPPER_CONTENTS_DIR_SHALLOW_BUNDLE_NO\=/Contents
    export _WRAPPER_PARENT_PATH_SHALLOW_BUNDLE_NO\=/..
    export _WRAPPER_RESOURCES_DIR_SHALLOW_BUNDLE_NO\=/Resources
    export __DIAGNOSE_DEPRECATED_ARCHS\=YES
    export __IS_NOT_MACOS\=YES
    export __IS_NOT_MACOS_macosx\=NO
    export __IS_NOT_SIMULATOR\=NO
    export __IS_NOT_SIMULATOR_simulator\=NO
    export __ORIGINAL_SDK_DEFINED_LLVM_TARGET_TRIPLE_SYS\=ios
    export arch\=undefined_arch
    export variant\=normal
    /bin/sh -c /var/folders/6m/vxwlbjsn7vs6h80_98w6x7p40000gn/T/parlor-audit-dsc01-apphost-01-zbq7j_1u/DerivedData/Build/Intermediates.noindex/iosApp.build/Debug-iphonesimulator/iosApp.build/Script-F7AC9D762B0E10F7008B8A48.sh

Welcome to Gradle 8.13!

Here are the highlights of this release:
 - Daemon JVM auto-provisioning
 - Enhancements for Scala plugin and JUnit testing
 - Improvements for build authors and plugin developers

For more details see https://docs.gradle.org/8.13/release-notes.html

To honour the JVM settings for this build a single-use Daemon process will be forked. For more on this, please refer to https://docs.gradle.org/8.13/userguide/gradle_daemon.html#sec:disabling_the_daemon in the Gradle documentation.
Daemon will be stopped at the end of the build 
Type-safe project accessors is an incubating feature.
> Task :build-logic:convention:checkKotlinGradlePluginConfigurationErrors SKIPPED
> Task :build-logic:convention:compileKotlin
> Task :build-logic:convention:compileJava NO-SOURCE
> Task :build-logic:convention:pluginDescriptors
> Task :build-logic:convention:processResources
> Task :build-logic:convention:classes
> Task :build-logic:convention:jar

> Configure project :composeApp
WARNING: The option setting 'android.experimental.lint.version=9.1.1' is experimental.
w: ⚠️ Deprecated Gradle Version
The used Gradle version (Gradle 8.13) is deprecated and will not be supported in future Kotlin Gradle Plugin releases.
The minimum supported Gradle version will become Gradle 8.14.4 in Kotlin 2.5.0.

This warning can be suppressed in 'gradle.properties':
    kotlin.suppressGradlePluginWarnings=DeprecatedGradleVersionWarning
Solution: Please update the Gradle version to at least Gradle 8.14.4.

w: ⚠️ Native task 'iosX64Test' is disabled
Task 'iosX64Test' for target 'ios_x64' cannot run on the current host (macos-aarch64).
Reason: architecture mismatch - target requires X64, current host is ARM64
Solution: To suppress this warning, add 'kotlin.native.ignoreDisabledTargets=true' to gradle.properties.


> Task :composeApp:checkSandboxAndWriteProtection
> Task :composeApp:checkSyntheticImportProjectIsCorrectlyIntegrated SKIPPED
> Task :composeApp:generateSyntheticLinkageSwiftPMImportProjectForEmbedAndSignLinkage SKIPPED
> Task :composeApp:kmpPartiallyResolvedDependenciesChecker
> Task :composeApp:checkKotlinGradlePluginConfigurationErrors SKIPPED
> Task :composeApp:downloadKotlinNativeDistribution
> Task :composeApp:convertXmlValueResourcesForAppleMain NO-SOURCE
> Task :composeApp:copyNonXmlValueResourcesForAppleMain NO-SOURCE
> Task :composeApp:prepareComposeResourcesTaskForAppleMain NO-SOURCE
> Task :composeApp:generateResourceAccessorsForAppleMain NO-SOURCE
> Task :composeApp:convertXmlValueResourcesForCommonMain
> Task :composeApp:copyNonXmlValueResourcesForCommonMain NO-SOURCE
> Task :composeApp:prepareComposeResourcesTaskForCommonMain
> Task :composeApp:generateResourceAccessorsForCommonMain
> Task :composeApp:convertXmlValueResourcesForIosMain NO-SOURCE
> Task :composeApp:copyNonXmlValueResourcesForIosMain NO-SOURCE
> Task :composeApp:prepareComposeResourcesTaskForIosMain NO-SOURCE
> Task :composeApp:generateResourceAccessorsForIosMain NO-SOURCE
> Task :composeApp:convertXmlValueResourcesForIosSimulatorArm64Main NO-SOURCE
> Task :composeApp:copyNonXmlValueResourcesForIosSimulatorArm64Main NO-SOURCE
> Task :composeApp:prepareComposeResourcesTaskForIosSimulatorArm64Main NO-SOURCE
> Task :composeApp:generateResourceAccessorsForIosSimulatorArm64Main NO-SOURCE
> Task :composeApp:convertXmlValueResourcesForNativeMain NO-SOURCE
> Task :composeApp:copyNonXmlValueResourcesForNativeMain NO-SOURCE
> Task :composeApp:prepareComposeResourcesTaskForNativeMain NO-SOURCE
> Task :composeApp:generateResourceAccessorsForNativeMain NO-SOURCE
> Task :composeApp:generateActualResourceCollectorsForIosSimulatorArm64Main
> Task :composeApp:generateComposeResClass
> Task :composeApp:generateExpectResourceCollectorsForCommonMain
> Task :composeApp:generateParlorVersion
> Task :game-modes:mafia:kmpPartiallyResolvedDependenciesChecker
> Task :game-modes:mafia:checkKotlinGradlePluginConfigurationErrors SKIPPED
> Task :game-modes:mafia:downloadKotlinNativeDistribution
> Task :game-modes:mafia:convertXmlValueResourcesForAppleMain NO-SOURCE
> Task :game-modes:mafia:copyNonXmlValueResourcesForAppleMain NO-SOURCE
> Task :game-modes:mafia:prepareComposeResourcesTaskForAppleMain NO-SOURCE
> Task :game-modes:mafia:generateResourceAccessorsForAppleMain NO-SOURCE
> Task :game-modes:mafia:convertXmlValueResourcesForCommonMain
> Task :game-modes:mafia:copyNonXmlValueResourcesForCommonMain NO-SOURCE
> Task :game-modes:mafia:prepareComposeResourcesTaskForCommonMain
> Task :game-modes:mafia:generateResourceAccessorsForCommonMain
> Task :game-modes:mafia:convertXmlValueResourcesForIosMain NO-SOURCE
> Task :game-modes:mafia:copyNonXmlValueResourcesForIosMain NO-SOURCE
> Task :game-modes:mafia:prepareComposeResourcesTaskForIosMain NO-SOURCE
> Task :game-modes:mafia:generateResourceAccessorsForIosMain NO-SOURCE
> Task :game-modes:mafia:convertXmlValueResourcesForIosSimulatorArm64Main NO-SOURCE
> Task :game-modes:mafia:copyNonXmlValueResourcesForIosSimulatorArm64Main NO-SOURCE
> Task :game-modes:mafia:prepareComposeResourcesTaskForIosSimulatorArm64Main NO-SOURCE
> Task :game-modes:mafia:generateResourceAccessorsForIosSimulatorArm64Main NO-SOURCE
> Task :game-modes:mafia:convertXmlValueResourcesForNativeMain NO-SOURCE
> Task :game-modes:mafia:copyNonXmlValueResourcesForNativeMain NO-SOURCE
> Task :game-modes:mafia:prepareComposeResourcesTaskForNativeMain NO-SOURCE
> Task :game-modes:mafia:generateResourceAccessorsForNativeMain NO-SOURCE
> Task :game-modes:mafia:generateActualResourceCollectorsForIosSimulatorArm64Main
> Task :game-modes:mafia:generateComposeResClass
> Task :game-modes:mafia:generateExpectResourceCollectorsForCommonMain
> Task :shared:content:kmpPartiallyResolvedDependenciesChecker
> Task :shared:content:checkKotlinGradlePluginConfigurationErrors SKIPPED
> Task :shared:content:downloadKotlinNativeDistribution
> Task :shared:core:kmpPartiallyResolvedDependenciesChecker
> Task :shared:core:checkKotlinGradlePluginConfigurationErrors SKIPPED
> Task :shared:core:downloadKotlinNativeDistribution
> Task :shared:core:compileKotlinIosSimulatorArm64
> Task :shared:core:exportCrossCompilationMetadataForIosSimulatorArm64ApiElements
> Task :shared:engine:kmpPartiallyResolvedDependenciesChecker
> Task :shared:engine:checkKotlinGradlePluginConfigurationErrors SKIPPED
> Task :shared:engine:downloadKotlinNativeDistribution
> Task :shared:engine:compileKotlinIosSimulatorArm64
> Task :shared:engine:exportCrossCompilationMetadataForIosSimulatorArm64ApiElements
> Task :shared:content:compileKotlinIosSimulatorArm64
> Task :shared:content:exportCrossCompilationMetadataForIosSimulatorArm64ApiElements
> Task :shared:design-system:kmpPartiallyResolvedDependenciesChecker
> Task :shared:design-system:checkKotlinGradlePluginConfigurationErrors SKIPPED
> Task :shared:design-system:downloadKotlinNativeDistribution
> Task :shared:design-system:convertXmlValueResourcesForAppleMain NO-SOURCE
> Task :shared:design-system:copyNonXmlValueResourcesForAppleMain NO-SOURCE
> Task :shared:design-system:prepareComposeResourcesTaskForAppleMain NO-SOURCE
> Task :shared:design-system:generateResourceAccessorsForAppleMain NO-SOURCE
> Task :shared:design-system:convertXmlValueResourcesForCommonMain
> Task :shared:design-system:copyNonXmlValueResourcesForCommonMain
> Task :shared:design-system:prepareComposeResourcesTaskForCommonMain
> Task :shared:design-system:generateResourceAccessorsForCommonMain
> Task :shared:design-system:convertXmlValueResourcesForIosMain NO-SOURCE
> Task :shared:design-system:copyNonXmlValueResourcesForIosMain NO-SOURCE
> Task :shared:design-system:prepareComposeResourcesTaskForIosMain NO-SOURCE
> Task :shared:design-system:generateResourceAccessorsForIosMain NO-SOURCE
> Task :shared:design-system:convertXmlValueResourcesForIosSimulatorArm64Main NO-SOURCE
> Task :shared:design-system:copyNonXmlValueResourcesForIosSimulatorArm64Main NO-SOURCE
> Task :shared:design-system:prepareComposeResourcesTaskForIosSimulatorArm64Main NO-SOURCE
> Task :shared:design-system:generateResourceAccessorsForIosSimulatorArm64Main NO-SOURCE
> Task :shared:design-system:convertXmlValueResourcesForNativeMain NO-SOURCE
> Task :shared:design-system:copyNonXmlValueResourcesForNativeMain NO-SOURCE
> Task :shared:design-system:prepareComposeResourcesTaskForNativeMain NO-SOURCE
> Task :shared:design-system:generateResourceAccessorsForNativeMain NO-SOURCE
> Task :shared:design-system:generateActualResourceCollectorsForIosSimulatorArm64Main
> Task :shared:design-system:generateComposeResClass
> Task :shared:design-system:generateExpectResourceCollectorsForCommonMain
> Task :shared:design-system:compileKotlinIosSimulatorArm64
> Task :shared:design-system:exportCrossCompilationMetadataForIosSimulatorArm64ApiElements
> Task :shared:networking:kmpPartiallyResolvedDependenciesChecker
> Task :shared:networking:checkKotlinGradlePluginConfigurationErrors SKIPPED
> Task :shared:networking:downloadKotlinNativeDistribution
> Task :shared:networking:compileKotlinIosSimulatorArm64
> Task :shared:networking:exportCrossCompilationMetadataForIosSimulatorArm64ApiElements
> Task :shared:session:kmpPartiallyResolvedDependenciesChecker
> Task :shared:session:checkKotlinGradlePluginConfigurationErrors SKIPPED
> Task :shared:session:downloadKotlinNativeDistribution
> Task :shared:session:compileKotlinIosSimulatorArm64
> Task :shared:session:exportCrossCompilationMetadataForIosSimulatorArm64ApiElements
> Task :shared:storage:kmpPartiallyResolvedDependenciesChecker
> Task :shared:storage:checkKotlinGradlePluginConfigurationErrors SKIPPED
> Task :shared:storage:downloadKotlinNativeDistribution
> Task :shared:storage:compileKotlinIosSimulatorArm64
> Task :shared:storage:exportCrossCompilationMetadataForIosSimulatorArm64ApiElements
> Task :game-modes:mafia:compileKotlinIosSimulatorArm64
> Task :game-modes:mafia:exportCrossCompilationMetadataForIosSimulatorArm64ApiElements
> Task :game-modes:whodunit:kmpPartiallyResolvedDependenciesChecker
> Task :game-modes:whodunit:checkKotlinGradlePluginConfigurationErrors SKIPPED
> Task :game-modes:whodunit:downloadKotlinNativeDistribution
> Task :game-modes:whodunit:convertXmlValueResourcesForAppleMain NO-SOURCE
> Task :game-modes:whodunit:copyNonXmlValueResourcesForAppleMain NO-SOURCE
> Task :game-modes:whodunit:prepareComposeResourcesTaskForAppleMain NO-SOURCE
> Task :game-modes:whodunit:generateResourceAccessorsForAppleMain NO-SOURCE
> Task :game-modes:whodunit:convertXmlValueResourcesForCommonMain
> Task :game-modes:whodunit:copyNonXmlValueResourcesForCommonMain
> Task :game-modes:whodunit:prepareComposeResourcesTaskForCommonMain
> Task :game-modes:whodunit:generateResourceAccessorsForCommonMain
> Task :game-modes:whodunit:convertXmlValueResourcesForIosMain NO-SOURCE
> Task :game-modes:whodunit:copyNonXmlValueResourcesForIosMain NO-SOURCE
> Task :game-modes:whodunit:prepareComposeResourcesTaskForIosMain NO-SOURCE
> Task :game-modes:whodunit:generateResourceAccessorsForIosMain NO-SOURCE
> Task :game-modes:whodunit:convertXmlValueResourcesForIosSimulatorArm64Main NO-SOURCE
> Task :game-modes:whodunit:copyNonXmlValueResourcesForIosSimulatorArm64Main NO-SOURCE
> Task :game-modes:whodunit:prepareComposeResourcesTaskForIosSimulatorArm64Main NO-SOURCE
> Task :game-modes:whodunit:generateResourceAccessorsForIosSimulatorArm64Main NO-SOURCE
> Task :game-modes:whodunit:convertXmlValueResourcesForNativeMain NO-SOURCE
> Task :game-modes:whodunit:copyNonXmlValueResourcesForNativeMain NO-SOURCE
> Task :game-modes:whodunit:prepareComposeResourcesTaskForNativeMain NO-SOURCE
> Task :game-modes:whodunit:generateResourceAccessorsForNativeMain NO-SOURCE
> Task :game-modes:whodunit:generateActualResourceCollectorsForIosSimulatorArm64Main
> Task :game-modes:whodunit:generateComposeResClass
> Task :game-modes:whodunit:generateExpectResourceCollectorsForCommonMain
> Task :game-modes:whodunit:compileKotlinIosSimulatorArm64
> Task :game-modes:whodunit:exportCrossCompilationMetadataForIosSimulatorArm64ApiElements
> Task :shared:transport-p2p:kmpPartiallyResolvedDependenciesChecker
> Task :shared:transport-p2p:checkKotlinGradlePluginConfigurationErrors SKIPPED
> Task :shared:transport-p2p:downloadKotlinNativeDistribution
> Task :shared:transport-p2p:compileKotlinIosSimulatorArm64
> Task :shared:transport-p2p:exportCrossCompilationMetadataForIosSimulatorArm64ApiElements
> Task :composeApp:compileKotlinIosSimulatorArm64
> Task :composeApp:computeLocalPackageDependencyInputFiles
> Task :composeApp:generateSyntheticLinkageSwiftPMImportProjectForCinteropsAndLdDump SKIPPED
> Task :composeApp:serializeSwiftPMDependenciesMetadataForLockFiles
> Task :game-modes:mafia:serializeSwiftPMDependenciesMetadataForLockFiles
> Task :game-modes:whodunit:serializeSwiftPMDependenciesMetadataForLockFiles
> Task :shared:content:serializeSwiftPMDependenciesMetadataForLockFiles
> Task :shared:core:serializeSwiftPMDependenciesMetadataForLockFiles
> Task :shared:design-system:serializeSwiftPMDependenciesMetadataForLockFiles
> Task :shared:engine:serializeSwiftPMDependenciesMetadataForLockFiles
> Task :shared:engine-testing:serializeSwiftPMDependenciesMetadataForLockFiles
> Task :shared:networking:serializeSwiftPMDependenciesMetadataForLockFiles
> Task :shared:networking-testing:serializeSwiftPMDependenciesMetadataForLockFiles
> Task :shared:session:serializeSwiftPMDependenciesMetadataForLockFiles
> Task :shared:storage:serializeSwiftPMDependenciesMetadataForLockFiles
> Task :shared:transport-p2p:serializeSwiftPMDependenciesMetadataForLockFiles
> Task :composeApp:generateUmbrellaPackageIdentifierBasedResolutionForDefault SKIPPED
> Task :composeApp:fetchUmbrellaPackageIdentifierForDefault SKIPPED
> Task :composeApp:syncPersistedPackageResolvedToSynthetic SKIPPED
> Task :composeApp:fetchSyntheticImportProjectPackages SKIPPED
> Task :composeApp:convertSyntheticImportProjectIntoDefFileIphonesimulator
> Task :composeApp:linkDebugFrameworkIosSimulatorArm64
> Task :composeApp:assembleDebugAppleFrameworkForXcodeIosSimulatorArm64
> Task :composeApp:createBuildSystemDirectory
> Task :composeApp:symbolicLinkToAssembleDebugAppleFrameworkForXcodeIosSimulatorArm64
> Task :composeApp:copyDsymForEmbedAndSignAppleFrameworkForXcode SKIPPED
> Task :composeApp:checkCanSyncComposeResourcesForIos
> Task :game-modes:mafia:convertXmlValueResourcesForIosArm64Main NO-SOURCE
> Task :game-modes:mafia:copyNonXmlValueResourcesForIosArm64Main NO-SOURCE
> Task :game-modes:mafia:prepareComposeResourcesTaskForIosArm64Main NO-SOURCE
> Task :game-modes:mafia:assembleIosArm64MainResources
> Task :game-modes:mafia:iosArm64CopyHierarchicalMultiplatformResources
> Task :game-modes:mafia:iosArm64ZipMultiplatformResourcesForPublication
> Task :game-modes:whodunit:convertXmlValueResourcesForIosArm64Main NO-SOURCE
> Task :game-modes:whodunit:copyNonXmlValueResourcesForIosArm64Main NO-SOURCE
> Task :game-modes:whodunit:prepareComposeResourcesTaskForIosArm64Main NO-SOURCE
> Task :game-modes:whodunit:assembleIosArm64MainResources
> Task :game-modes:whodunit:iosArm64CopyHierarchicalMultiplatformResources
> Task :game-modes:whodunit:iosArm64ZipMultiplatformResourcesForPublication
> Task :shared:design-system:convertXmlValueResourcesForIosArm64Main NO-SOURCE
> Task :shared:design-system:copyNonXmlValueResourcesForIosArm64Main NO-SOURCE
> Task :shared:design-system:prepareComposeResourcesTaskForIosArm64Main NO-SOURCE
> Task :shared:design-system:assembleIosArm64MainResources
> Task :shared:design-system:iosArm64CopyHierarchicalMultiplatformResources
> Task :shared:design-system:iosArm64ZipMultiplatformResourcesForPublication
> Task :composeApp:iosArm64ResolveResourcesFromDependencies
> Task :composeApp:convertXmlValueResourcesForIosArm64Main NO-SOURCE
> Task :composeApp:copyNonXmlValueResourcesForIosArm64Main NO-SOURCE
> Task :composeApp:prepareComposeResourcesTaskForIosArm64Main NO-SOURCE
> Task :composeApp:assembleIosArm64MainResources
> Task :composeApp:iosArm64ResolveSelfResourcesCopyHierarchicalMultiplatformResources
> Task :composeApp:iosArm64AggregateResources
> Task :game-modes:mafia:assembleIosSimulatorArm64MainResources
> Task :game-modes:mafia:iosSimulatorArm64CopyHierarchicalMultiplatformResources
> Task :game-modes:mafia:iosSimulatorArm64ZipMultiplatformResourcesForPublication
> Task :game-modes:whodunit:assembleIosSimulatorArm64MainResources
> Task :game-modes:whodunit:iosSimulatorArm64CopyHierarchicalMultiplatformResources
> Task :game-modes:whodunit:iosSimulatorArm64ZipMultiplatformResourcesForPublication
> Task :shared:design-system:assembleIosSimulatorArm64MainResources
> Task :shared:design-system:iosSimulatorArm64CopyHierarchicalMultiplatformResources
> Task :shared:design-system:iosSimulatorArm64ZipMultiplatformResourcesForPublication
> Task :composeApp:iosSimulatorArm64ResolveResourcesFromDependencies
> Task :composeApp:assembleIosSimulatorArm64MainResources
> Task :composeApp:iosSimulatorArm64ResolveSelfResourcesCopyHierarchicalMultiplatformResources
> Task :composeApp:iosSimulatorArm64AggregateResources
> Task :game-modes:mafia:convertXmlValueResourcesForIosX64Main NO-SOURCE
> Task :game-modes:mafia:copyNonXmlValueResourcesForIosX64Main NO-SOURCE
> Task :game-modes:mafia:prepareComposeResourcesTaskForIosX64Main NO-SOURCE
> Task :game-modes:mafia:assembleIosX64MainResources
> Task :game-modes:mafia:iosX64CopyHierarchicalMultiplatformResources
> Task :game-modes:mafia:iosX64ZipMultiplatformResourcesForPublication
> Task :game-modes:whodunit:convertXmlValueResourcesForIosX64Main NO-SOURCE
> Task :game-modes:whodunit:copyNonXmlValueResourcesForIosX64Main NO-SOURCE
> Task :game-modes:whodunit:prepareComposeResourcesTaskForIosX64Main NO-SOURCE
> Task :game-modes:whodunit:assembleIosX64MainResources
> Task :game-modes:whodunit:iosX64CopyHierarchicalMultiplatformResources
> Task :game-modes:whodunit:iosX64ZipMultiplatformResourcesForPublication
> Task :shared:design-system:convertXmlValueResourcesForIosX64Main NO-SOURCE
> Task :shared:design-system:copyNonXmlValueResourcesForIosX64Main NO-SOURCE
> Task :shared:design-system:prepareComposeResourcesTaskForIosX64Main NO-SOURCE
> Task :shared:design-system:assembleIosX64MainResources
> Task :shared:design-system:iosX64CopyHierarchicalMultiplatformResources
> Task :shared:design-system:iosX64ZipMultiplatformResourcesForPublication
> Task :composeApp:iosX64ResolveResourcesFromDependencies
> Task :composeApp:convertXmlValueResourcesForIosX64Main NO-SOURCE
> Task :composeApp:copyNonXmlValueResourcesForIosX64Main NO-SOURCE
> Task :composeApp:prepareComposeResourcesTaskForIosX64Main NO-SOURCE
> Task :composeApp:assembleIosX64MainResources
> Task :composeApp:iosX64ResolveSelfResourcesCopyHierarchicalMultiplatformResources
> Task :composeApp:iosX64AggregateResources
> Task :composeApp:syncComposeResourcesForIos
> Task :composeApp:validateArchitecturesForEmbedAndSignAppleFrameworkForXcode
> Task :composeApp:embedAndSignAppleFrameworkForXcode

[Incubating] Problems report is available at: file:///private/var/folders/6m/vxwlbjsn7vs6h80_98w6x7p40000gn/T/parlor-audit-dsc01-apphost-01-zbq7j_1u/copy/build/reports/problems/problems-report.html

BUILD SUCCESSFUL in 1m 46s
137 actionable tasks: 137 executed
No Gradle daemons are running.

Ld /var/folders/6m/vxwlbjsn7vs6h80_98w6x7p40000gn/T/parlor-audit-dsc01-apphost-01-zbq7j_1u/DerivedData/Build/Products/Debug-iphonesimulator/Parlor.app/__preview.dylib normal (in target 'iosApp' from project 'iosApp')
    cd /var/folders/6m/vxwlbjsn7vs6h80_98w6x7p40000gn/T/parlor-audit-dsc01-apphost-01-zbq7j_1u/copy/iosApp
    /Applications/Xcode.app/Contents/Developer/Toolchains/XcodeDefault.xctoolchain/usr/bin/clang -Xlinker -reproducible -target arm64-apple-ios16.0-simulator -dynamiclib -isysroot /Applications/Xcode.app/Contents/Developer/Platforms/iPhoneSimulator.platform/Developer/SDKs/iPhoneSimulator26.5.sdk -O0 -L/var/folders/6m/vxwlbjsn7vs6h80_98w6x7p40000gn/T/parlor-audit-dsc01-apphost-01-zbq7j_1u/DerivedData/Build/Products/Debug-iphonesimulator -F/var/folders/6m/vxwlbjsn7vs6h80_98w6x7p40000gn/T/parlor-audit-dsc01-apphost-01-zbq7j_1u/DerivedData/Build/Products/Debug-iphonesimulator -F/var/folders/6m/vxwlbjsn7vs6h80_98w6x7p40000gn/T/parlor-audit-dsc01-apphost-01-zbq7j_1u/copy/composeApp/build/xcode-frameworks/Debug/iphonesimulator26.5 -install_name @rpath/Parlor.debug.dylib -Xlinker -dead_strip -rdynamic -Xlinker -no_deduplicate -Xlinker -objc_abi_version -Xlinker 2 -Xlinker -dependency_info -Xlinker /var/folders/6m/vxwlbjsn7vs6h80_98w6x7p40000gn/T/parlor-audit-dsc01-apphost-01-zbq7j_1u/DerivedData/Build/Intermediates.noindex/iosApp.build/Debug-iphonesimulator/iosApp.build/Objects-normal/arm64/Parlor_dependency_info.dat -o /var/folders/6m/vxwlbjsn7vs6h80_98w6x7p40000gn/T/parlor-audit-dsc01-apphost-01-zbq7j_1u/DerivedData/Build/Products/Debug-iphonesimulator/Parlor.app/__preview.dylib

MkDir /var/folders/6m/vxwlbjsn7vs6h80_98w6x7p40000gn/T/parlor-audit-dsc01-apphost-01-zbq7j_1u/DerivedData/Build/Intermediates.noindex/iosApp.build/Debug-iphonesimulator/iosApp.build/assetcatalog_output/unthinned (in target 'iosApp' from project 'iosApp')
    cd /var/folders/6m/vxwlbjsn7vs6h80_98w6x7p40000gn/T/parlor-audit-dsc01-apphost-01-zbq7j_1u/copy/iosApp
    /bin/mkdir -p /var/folders/6m/vxwlbjsn7vs6h80_98w6x7p40000gn/T/parlor-audit-dsc01-apphost-01-zbq7j_1u/DerivedData/Build/Intermediates.noindex/iosApp.build/Debug-iphonesimulator/iosApp.build/assetcatalog_output/unthinned

MkDir /var/folders/6m/vxwlbjsn7vs6h80_98w6x7p40000gn/T/parlor-audit-dsc01-apphost-01-zbq7j_1u/DerivedData/Build/Intermediates.noindex/iosApp.build/Debug-iphonesimulator/iosApp.build/assetcatalog_output/thinned (in target 'iosApp' from project 'iosApp')
    cd /var/folders/6m/vxwlbjsn7vs6h80_98w6x7p40000gn/T/parlor-audit-dsc01-apphost-01-zbq7j_1u/copy/iosApp
    /bin/mkdir -p /var/folders/6m/vxwlbjsn7vs6h80_98w6x7p40000gn/T/parlor-audit-dsc01-apphost-01-zbq7j_1u/DerivedData/Build/Intermediates.noindex/iosApp.build/Debug-iphonesimulator/iosApp.build/assetcatalog_output/thinned

GenerateAssetSymbols /var/folders/6m/vxwlbjsn7vs6h80_98w6x7p40000gn/T/parlor-audit-dsc01-apphost-01-zbq7j_1u/copy/iosApp/iosApp/Assets.xcassets (in target 'iosApp' from project 'iosApp')
    cd /var/folders/6m/vxwlbjsn7vs6h80_98w6x7p40000gn/T/parlor-audit-dsc01-apphost-01-zbq7j_1u/copy/iosApp
    /Applications/Xcode.app/Contents/Developer/usr/bin/actool /var/folders/6m/vxwlbjsn7vs6h80_98w6x7p40000gn/T/parlor-audit-dsc01-apphost-01-zbq7j_1u/copy/iosApp/iosApp/Assets.xcassets --compile /var/folders/6m/vxwlbjsn7vs6h80_98w6x7p40000gn/T/parlor-audit-dsc01-apphost-01-zbq7j_1u/DerivedData/Build/Products/Debug-iphonesimulator/Parlor.app --output-format human-readable-text --notices --warnings --export-dependency-info /var/folders/6m/vxwlbjsn7vs6h80_98w6x7p40000gn/T/parlor-audit-dsc01-apphost-01-zbq7j_1u/DerivedData/Build/Intermediates.noindex/iosApp.build/Debug-iphonesimulator/iosApp.build/assetcatalog_dependencies --output-partial-info-plist /var/folders/6m/vxwlbjsn7vs6h80_98w6x7p40000gn/T/parlor-audit-dsc01-apphost-01-zbq7j_1u/DerivedData/Build/Intermediates.noindex/iosApp.build/Debug-iphonesimulator/iosApp.build/assetcatalog_generated_info.plist --app-icon AppIcon --accent-color AccentColor --compress-pngs --enable-on-demand-resources YES --development-region en --target-device iphone --target-device ipad --minimum-deployment-target 16.0 --platform iphonesimulator --bundle-identifier com.parlor.app.debug --generate-swift-asset-symbol-extensions NO --generate-swift-asset-symbols /var/folders/6m/vxwlbjsn7vs6h80_98w6x7p40000gn/T/parlor-audit-dsc01-apphost-01-zbq7j_1u/DerivedData/Build/Intermediates.noindex/iosApp.build/Debug-iphonesimulator/iosApp.build/DerivedSources/GeneratedAssetSymbols.swift --generate-objc-asset-symbols /var/folders/6m/vxwlbjsn7vs6h80_98w6x7p40000gn/T/parlor-audit-dsc01-apphost-01-zbq7j_1u/DerivedData/Build/Intermediates.noindex/iosApp.build/Debug-iphonesimulator/iosApp.build/DerivedSources/GeneratedAssetSymbols.h --generate-asset-symbol-index /var/folders/6m/vxwlbjsn7vs6h80_98w6x7p40000gn/T/parlor-audit-dsc01-apphost-01-zbq7j_1u/DerivedData/Build/Intermediates.noindex/iosApp.build/Debug-iphonesimulator/iosApp.build/DerivedSources/GeneratedAssetSymbols-Index.plist
/* com.apple.actool.compilation-results */
/var/folders/6m/vxwlbjsn7vs6h80_98w6x7p40000gn/T/parlor-audit-dsc01-apphost-01-zbq7j_1u/DerivedData/Build/Intermediates.noindex/iosApp.build/Debug-iphonesimulator/iosApp.build/DerivedSources/GeneratedAssetSymbols-Index.plist
/var/folders/6m/vxwlbjsn7vs6h80_98w6x7p40000gn/T/parlor-audit-dsc01-apphost-01-zbq7j_1u/DerivedData/Build/Intermediates.noindex/iosApp.build/Debug-iphonesimulator/iosApp.build/DerivedSources/GeneratedAssetSymbols.h
/var/folders/6m/vxwlbjsn7vs6h80_98w6x7p40000gn/T/parlor-audit-dsc01-apphost-01-zbq7j_1u/DerivedData/Build/Intermediates.noindex/iosApp.build/Debug-iphonesimulator/iosApp.build/DerivedSources/GeneratedAssetSymbols.swift


CpResource /var/folders/6m/vxwlbjsn7vs6h80_98w6x7p40000gn/T/parlor-audit-dsc01-apphost-01-zbq7j_1u/DerivedData/Build/Products/Debug-iphonesimulator/Parlor.app/PrivacyInfo.xcprivacy /var/folders/6m/vxwlbjsn7vs6h80_98w6x7p40000gn/T/parlor-audit-dsc01-apphost-01-zbq7j_1u/copy/iosApp/iosApp/PrivacyInfo.xcprivacy (in target 'iosApp' from project 'iosApp')
    cd /var/folders/6m/vxwlbjsn7vs6h80_98w6x7p40000gn/T/parlor-audit-dsc01-apphost-01-zbq7j_1u/copy/iosApp
    builtin-copy -exclude .DS_Store -exclude CVS -exclude .svn -exclude .git -exclude .hg -resolve-src-symlinks /var/folders/6m/vxwlbjsn7vs6h80_98w6x7p40000gn/T/parlor-audit-dsc01-apphost-01-zbq7j_1u/copy/iosApp/iosApp/PrivacyInfo.xcprivacy /var/folders/6m/vxwlbjsn7vs6h80_98w6x7p40000gn/T/parlor-audit-dsc01-apphost-01-zbq7j_1u/DerivedData/Build/Products/Debug-iphonesimulator/Parlor.app

CopyStringsFile /var/folders/6m/vxwlbjsn7vs6h80_98w6x7p40000gn/T/parlor-audit-dsc01-apphost-01-zbq7j_1u/DerivedData/Build/Products/Debug-iphonesimulator/Parlor.app/en.lproj/InfoPlist.strings /var/folders/6m/vxwlbjsn7vs6h80_98w6x7p40000gn/T/parlor-audit-dsc01-apphost-01-zbq7j_1u/copy/iosApp/iosApp/en.lproj/InfoPlist.strings (in target 'iosApp' from project 'iosApp')
    cd /var/folders/6m/vxwlbjsn7vs6h80_98w6x7p40000gn/T/parlor-audit-dsc01-apphost-01-zbq7j_1u/copy/iosApp
    builtin-copyStrings --validate --outputencoding binary --outfilename InfoPlist.strings --outdir /var/folders/6m/vxwlbjsn7vs6h80_98w6x7p40000gn/T/parlor-audit-dsc01-apphost-01-zbq7j_1u/DerivedData/Build/Products/Debug-iphonesimulator/Parlor.app/en.lproj -- /var/folders/6m/vxwlbjsn7vs6h80_98w6x7p40000gn/T/parlor-audit-dsc01-apphost-01-zbq7j_1u/copy/iosApp/iosApp/en.lproj/InfoPlist.strings
/var/folders/6m/vxwlbjsn7vs6h80_98w6x7p40000gn/T/parlor-audit-dsc01-apphost-01-zbq7j_1u/copy/iosApp/iosApp/en.lproj/InfoPlist.strings:1:1: note: detected encoding of input file as Unicode (UTF-8) (in target 'iosApp' from project 'iosApp')

CopyStringsFile /var/folders/6m/vxwlbjsn7vs6h80_98w6x7p40000gn/T/parlor-audit-dsc01-apphost-01-zbq7j_1u/DerivedData/Build/Products/Debug-iphonesimulator/Parlor.app/ar.lproj/InfoPlist.strings /var/folders/6m/vxwlbjsn7vs6h80_98w6x7p40000gn/T/parlor-audit-dsc01-apphost-01-zbq7j_1u/copy/iosApp/iosApp/ar.lproj/InfoPlist.strings (in target 'iosApp' from project 'iosApp')
    cd /var/folders/6m/vxwlbjsn7vs6h80_98w6x7p40000gn/T/parlor-audit-dsc01-apphost-01-zbq7j_1u/copy/iosApp
    builtin-copyStrings --validate --outputencoding binary --outfilename InfoPlist.strings --outdir /var/folders/6m/vxwlbjsn7vs6h80_98w6x7p40000gn/T/parlor-audit-dsc01-apphost-01-zbq7j_1u/DerivedData/Build/Products/Debug-iphonesimulator/Parlor.app/ar.lproj -- /var/folders/6m/vxwlbjsn7vs6h80_98w6x7p40000gn/T/parlor-audit-dsc01-apphost-01-zbq7j_1u/copy/iosApp/iosApp/ar.lproj/InfoPlist.strings
/var/folders/6m/vxwlbjsn7vs6h80_98w6x7p40000gn/T/parlor-audit-dsc01-apphost-01-zbq7j_1u/copy/iosApp/iosApp/ar.lproj/InfoPlist.strings:1:1: note: detected encoding of input file as Unicode (UTF-8) (in target 'iosApp' from project 'iosApp')

CompileAssetCatalogVariant thinned /var/folders/6m/vxwlbjsn7vs6h80_98w6x7p40000gn/T/parlor-audit-dsc01-apphost-01-zbq7j_1u/DerivedData/Build/Products/Debug-iphonesimulator/Parlor.app /var/folders/6m/vxwlbjsn7vs6h80_98w6x7p40000gn/T/parlor-audit-dsc01-apphost-01-zbq7j_1u/copy/iosApp/iosApp/Assets.xcassets (in target 'iosApp' from project 'iosApp')
    cd /var/folders/6m/vxwlbjsn7vs6h80_98w6x7p40000gn/T/parlor-audit-dsc01-apphost-01-zbq7j_1u/copy/iosApp
    /Applications/Xcode.app/Contents/Developer/usr/bin/actool /var/folders/6m/vxwlbjsn7vs6h80_98w6x7p40000gn/T/parlor-audit-dsc01-apphost-01-zbq7j_1u/copy/iosApp/iosApp/Assets.xcassets --compile /var/folders/6m/vxwlbjsn7vs6h80_98w6x7p40000gn/T/parlor-audit-dsc01-apphost-01-zbq7j_1u/DerivedData/Build/Intermediates.noindex/iosApp.build/Debug-iphonesimulator/iosApp.build/assetcatalog_output/thinned --output-format human-readable-text --notices --warnings --export-dependency-info /var/folders/6m/vxwlbjsn7vs6h80_98w6x7p40000gn/T/parlor-audit-dsc01-apphost-01-zbq7j_1u/DerivedData/Build/Intermediates.noindex/iosApp.build/Debug-iphonesimulator/iosApp.build/assetcatalog_dependencies_thinned --output-partial-info-plist /var/folders/6m/vxwlbjsn7vs6h80_98w6x7p40000gn/T/parlor-audit-dsc01-apphost-01-zbq7j_1u/DerivedData/Build/Intermediates.noindex/iosApp.build/Debug-iphonesimulator/iosApp.build/assetcatalog_generated_info.plist_thinned --app-icon AppIcon --accent-color AccentColor --compress-pngs --enable-on-demand-resources YES --filter-for-thinning-device-configuration iPhone18,1 --filter-for-device-os-version 26.5 --development-region en --target-device iphone --target-device ipad --minimum-deployment-target 16.0 --platform iphonesimulator
/* com.apple.actool.compilation-results */
/var/folders/6m/vxwlbjsn7vs6h80_98w6x7p40000gn/T/parlor-audit-dsc01-apphost-01-zbq7j_1u/DerivedData/Build/Intermediates.noindex/iosApp.build/Debug-iphonesimulator/iosApp.build/assetcatalog_generated_info.plist_thinned
/var/folders/6m/vxwlbjsn7vs6h80_98w6x7p40000gn/T/parlor-audit-dsc01-apphost-01-zbq7j_1u/DerivedData/Build/Intermediates.noindex/iosApp.build/Debug-iphonesimulator/iosApp.build/assetcatalog_output/thinned/AppIcon60x60@2x.png
/var/folders/6m/vxwlbjsn7vs6h80_98w6x7p40000gn/T/parlor-audit-dsc01-apphost-01-zbq7j_1u/DerivedData/Build/Intermediates.noindex/iosApp.build/Debug-iphonesimulator/iosApp.build/assetcatalog_output/thinned/AppIcon76x76@2x~ipad.png
/var/folders/6m/vxwlbjsn7vs6h80_98w6x7p40000gn/T/parlor-audit-dsc01-apphost-01-zbq7j_1u/DerivedData/Build/Intermediates.noindex/iosApp.build/Debug-iphonesimulator/iosApp.build/assetcatalog_output/thinned/Assets.car


SwiftDriver iosApp normal arm64 com.apple.xcode.tools.swift.compiler (in target 'iosApp' from project 'iosApp')
    cd /var/folders/6m/vxwlbjsn7vs6h80_98w6x7p40000gn/T/parlor-audit-dsc01-apphost-01-zbq7j_1u/copy/iosApp
    builtin-SwiftDriver -- /Applications/Xcode.app/Contents/Developer/Toolchains/XcodeDefault.xctoolchain/usr/bin/swiftc -module-name Parlor -Onone @/var/folders/6m/vxwlbjsn7vs6h80_98w6x7p40000gn/T/parlor-audit-dsc01-apphost-01-zbq7j_1u/DerivedData/Build/Intermediates.noindex/iosApp.build/Debug-iphonesimulator/iosApp.build/Objects-normal/arm64/Parlor.SwiftFileList -DDEBUG -enable-bare-slash-regex -enable-experimental-feature DebugDescriptionMacro -sdk /Applications/Xcode.app/Contents/Developer/Platforms/iPhoneSimulator.platform/Developer/SDKs/iPhoneSimulator26.5.sdk -target arm64-apple-ios16.0-simulator -g -module-cache-path /var/folders/6m/vxwlbjsn7vs6h80_98w6x7p40000gn/T/parlor-audit-dsc01-apphost-01-zbq7j_1u/DerivedData/ModuleCache.noindex -Xfrontend -serialize-debugging-options -enable-testing -Xcc -D_LIBCPP_HARDENING_MODE\=_LIBCPP_HARDENING_MODE_DEBUG -swift-version 5 -I /var/folders/6m/vxwlbjsn7vs6h80_98w6x7p40000gn/T/parlor-audit-dsc01-apphost-01-zbq7j_1u/DerivedData/Build/Products/Debug-iphonesimulator -F /var/folders/6m/vxwlbjsn7vs6h80_98w6x7p40000gn/T/parlor-audit-dsc01-apphost-01-zbq7j_1u/DerivedData/Build/Products/Debug-iphonesimulator -F /var/folders/6m/vxwlbjsn7vs6h80_98w6x7p40000gn/T/parlor-audit-dsc01-apphost-01-zbq7j_1u/copy/composeApp/build/xcode-frameworks/Debug/iphonesimulator26.5 -emit-localized-strings -emit-localized-strings-path /var/folders/6m/vxwlbjsn7vs6h80_98w6x7p40000gn/T/parlor-audit-dsc01-apphost-01-zbq7j_1u/DerivedData/Build/Intermediates.noindex/iosApp.build/Debug-iphonesimulator/iosApp.build/Objects-normal/arm64 -c -j10 -enable-batch-mode -incremental -Xcc -ivfsstatcache -Xcc /var/folders/6m/vxwlbjsn7vs6h80_98w6x7p40000gn/T/parlor-audit-dsc01-apphost-01-zbq7j_1u/DerivedData/SDKStatCaches.noindex/iphonesimulator26.5-23F73-6cfe768891a92b912361537c460fe42b.sdkstatcache -output-file-map /var/folders/6m/vxwlbjsn7vs6h80_98w6x7p40000gn/T/parlor-audit-dsc01-apphost-01-zbq7j_1u/DerivedData/Build/Intermediates.noindex/iosApp.build/Debug-iphonesimulator/iosApp.build/Objects-normal/arm64/iosApp-OutputFileMap.json -use-frontend-parseable-output -save-temps -no-color-diagnostics -explicit-module-build -module-cache-path /var/folders/6m/vxwlbjsn7vs6h80_98w6x7p40000gn/T/parlor-audit-dsc01-apphost-01-zbq7j_1u/DerivedData/Build/Intermediates.noindex/SwiftExplicitPrecompiledModules -clang-scanner-module-cache-path /var/folders/6m/vxwlbjsn7vs6h80_98w6x7p40000gn/T/parlor-audit-dsc01-apphost-01-zbq7j_1u/DerivedData/ModuleCache.noindex -sdk-module-cache-path /var/folders/6m/vxwlbjsn7vs6h80_98w6x7p40000gn/T/parlor-audit-dsc01-apphost-01-zbq7j_1u/DerivedData/ModuleCache.noindex -serialize-diagnostics -emit-dependencies -emit-module -emit-module-path /var/folders/6m/vxwlbjsn7vs6h80_98w6x7p40000gn/T/parlor-audit-dsc01-apphost-01-zbq7j_1u/DerivedData/Build/Intermediates.noindex/iosApp.build/Debug-iphonesimulator/iosApp.build/Objects-normal/arm64/Parlor.swiftmodule -validate-clang-modules-once -clang-build-session-file /var/folders/6m/vxwlbjsn7vs6h80_98w6x7p40000gn/T/parlor-audit-dsc01-apphost-01-zbq7j_1u/DerivedData/ModuleCache.noindex/Session.modulevalidation -Xcc -I/var/folders/6m/vxwlbjsn7vs6h80_98w6x7p40000gn/T/parlor-audit-dsc01-apphost-01-zbq7j_1u/DerivedData/Build/Intermediates.noindex/iosApp.build/Debug-iphonesimulator/iosApp.build/swift-overrides.hmap -emit-const-values -Xfrontend -const-gather-protocols-file -Xfrontend /var/folders/6m/vxwlbjsn7vs6h80_98w6x7p40000gn/T/parlor-audit-dsc01-apphost-01-zbq7j_1u/DerivedData/Build/Intermediates.noindex/iosApp.build/Debug-iphonesimulator/iosApp.build/Objects-normal/arm64/iosApp_const_extract_protocols.json -Xcc -iquote -Xcc /var/folders/6m/vxwlbjsn7vs6h80_98w6x7p40000gn/T/parlor-audit-dsc01-apphost-01-zbq7j_1u/DerivedData/Build/Intermediates.noindex/iosApp.build/Debug-iphonesimulator/iosApp.build/Parlor-generated-files.hmap -Xcc -I/var/folders/6m/vxwlbjsn7vs6h80_98w6x7p40000gn/T/parlor-audit-dsc01-apphost-01-zbq7j_1u/DerivedData/Build/Intermediates.noindex/iosApp.build/Debug-iphonesimulator/iosApp.build/Parlor-own-target-headers.hmap -Xcc -I/var/folders/6m/vxwlbjsn7vs6h80_98w6x7p40000gn/T/parlor-audit-dsc01-apphost-01-zbq7j_1u/DerivedData/Build/Intermediates.noindex/iosApp.build/Debug-iphonesimulator/iosApp.build/Parlor-all-target-headers.hmap -Xcc -iquote -Xcc /var/folders/6m/vxwlbjsn7vs6h80_98w6x7p40000gn/T/parlor-audit-dsc01-apphost-01-zbq7j_1u/DerivedData/Build/Intermediates.noindex/iosApp.build/Debug-iphonesimulator/iosApp.build/Parlor-project-headers.hmap -Xcc -I/var/folders/6m/vxwlbjsn7vs6h80_98w6x7p40000gn/T/parlor-audit-dsc01-apphost-01-zbq7j_1u/DerivedData/Build/Products/Debug-iphonesimulator/include -Xcc -I/var/folders/6m/vxwlbjsn7vs6h80_98w6x7p40000gn/T/parlor-audit-dsc01-apphost-01-zbq7j_1u/DerivedData/Build/Intermediates.noindex/iosApp.build/Debug-iphonesimulator/iosApp.build/DerivedSources-normal/arm64 -Xcc -I/var/folders/6m/vxwlbjsn7vs6h80_98w6x7p40000gn/T/parlor-audit-dsc01-apphost-01-zbq7j_1u/DerivedData/Build/Intermediates.noindex/iosApp.build/Debug-iphonesimulator/iosApp.build/DerivedSources/arm64 -Xcc -I/var/folders/6m/vxwlbjsn7vs6h80_98w6x7p40000gn/T/parlor-audit-dsc01-apphost-01-zbq7j_1u/DerivedData/Build/Intermediates.noindex/iosApp.build/Debug-iphonesimulator/iosApp.build/DerivedSources -Xcc -DDEBUG\=1 -emit-objc-header -emit-objc-header-path /var/folders/6m/vxwlbjsn7vs6h80_98w6x7p40000gn/T/parlor-audit-dsc01-apphost-01-zbq7j_1u/DerivedData/Build/Intermediates.noindex/iosApp.build/Debug-iphonesimulator/iosApp.build/Objects-normal/arm64/Parlor-Swift.h -working-directory /var/folders/6m/vxwlbjsn7vs6h80_98w6x7p40000gn/T/parlor-audit-dsc01-apphost-01-zbq7j_1u/copy/iosApp -experimental-emit-module-separately -disable-cmo

LinkAssetCatalog /var/folders/6m/vxwlbjsn7vs6h80_98w6x7p40000gn/T/parlor-audit-dsc01-apphost-01-zbq7j_1u/copy/iosApp/iosApp/Assets.xcassets (in target 'iosApp' from project 'iosApp')
    cd /var/folders/6m/vxwlbjsn7vs6h80_98w6x7p40000gn/T/parlor-audit-dsc01-apphost-01-zbq7j_1u/copy/iosApp
    builtin-linkAssetCatalog --thinned /var/folders/6m/vxwlbjsn7vs6h80_98w6x7p40000gn/T/parlor-audit-dsc01-apphost-01-zbq7j_1u/DerivedData/Build/Intermediates.noindex/iosApp.build/Debug-iphonesimulator/iosApp.build/assetcatalog_output/thinned --thinned-dependencies /var/folders/6m/vxwlbjsn7vs6h80_98w6x7p40000gn/T/parlor-audit-dsc01-apphost-01-zbq7j_1u/DerivedData/Build/Intermediates.noindex/iosApp.build/Debug-iphonesimulator/iosApp.build/assetcatalog_dependencies_thinned --thinned-info-plist-content /var/folders/6m/vxwlbjsn7vs6h80_98w6x7p40000gn/T/parlor-audit-dsc01-apphost-01-zbq7j_1u/DerivedData/Build/Intermediates.noindex/iosApp.build/Debug-iphonesimulator/iosApp.build/assetcatalog_generated_info.plist_thinned --unthinned /var/folders/6m/vxwlbjsn7vs6h80_98w6x7p40000gn/T/parlor-audit-dsc01-apphost-01-zbq7j_1u/DerivedData/Build/Intermediates.noindex/iosApp.build/Debug-iphonesimulator/iosApp.build/assetcatalog_output/unthinned --unthinned-dependencies /var/folders/6m/vxwlbjsn7vs6h80_98w6x7p40000gn/T/parlor-audit-dsc01-apphost-01-zbq7j_1u/DerivedData/Build/Intermediates.noindex/iosApp.build/Debug-iphonesimulator/iosApp.build/assetcatalog_dependencies_unthinned --unthinned-info-plist-content /var/folders/6m/vxwlbjsn7vs6h80_98w6x7p40000gn/T/parlor-audit-dsc01-apphost-01-zbq7j_1u/DerivedData/Build/Intermediates.noindex/iosApp.build/Debug-iphonesimulator/iosApp.build/assetcatalog_generated_info.plist_unthinned --output /var/folders/6m/vxwlbjsn7vs6h80_98w6x7p40000gn/T/parlor-audit-dsc01-apphost-01-zbq7j_1u/DerivedData/Build/Products/Debug-iphonesimulator/Parlor.app --plist-output /var/folders/6m/vxwlbjsn7vs6h80_98w6x7p40000gn/T/parlor-audit-dsc01-apphost-01-zbq7j_1u/DerivedData/Build/Intermediates.noindex/iosApp.build/Debug-iphonesimulator/iosApp.build/assetcatalog_generated_info.plist
note: Emplaced /var/folders/6m/vxwlbjsn7vs6h80_98w6x7p40000gn/T/parlor-audit-dsc01-apphost-01-zbq7j_1u/DerivedData/Build/Products/Debug-iphonesimulator/Parlor.app/AppIcon60x60@2x.png (in target 'iosApp' from project 'iosApp')
note: Emplaced /var/folders/6m/vxwlbjsn7vs6h80_98w6x7p40000gn/T/parlor-audit-dsc01-apphost-01-zbq7j_1u/DerivedData/Build/Products/Debug-iphonesimulator/Parlor.app/Assets.car (in target 'iosApp' from project 'iosApp')
note: Emplaced /var/folders/6m/vxwlbjsn7vs6h80_98w6x7p40000gn/T/parlor-audit-dsc01-apphost-01-zbq7j_1u/DerivedData/Build/Products/Debug-iphonesimulator/Parlor.app/AppIcon76x76@2x~ipad.png (in target 'iosApp' from project 'iosApp')

SwiftExplicitDependencyGeneratePcm arm64 /var/folders/6m/vxwlbjsn7vs6h80_98w6x7p40000gn/T/parlor-audit-dsc01-apphost-01-zbq7j_1u/DerivedData/ModuleCache.noindex/DeveloperToolsSupport-6HKT73TSSHO1L3D5EUQ871CYO.pcm

SwiftExplicitDependencyGeneratePcm arm64 /var/folders/6m/vxwlbjsn7vs6h80_98w6x7p40000gn/T/parlor-audit-dsc01-apphost-01-zbq7j_1u/DerivedData/ModuleCache.noindex/_SwiftConcurrencyShims-4W6QKEVSJJCUP5HU1JXMFUGKU.pcm

SwiftExplicitDependencyGeneratePcm arm64 /var/folders/6m/vxwlbjsn7vs6h80_98w6x7p40000gn/T/parlor-audit-dsc01-apphost-01-zbq7j_1u/DerivedData/ModuleCache.noindex/ptrauth-8V02YCJQKCUS7R1V3Q68XBI3P.pcm

SwiftExplicitDependencyGeneratePcm arm64 /var/folders/6m/vxwlbjsn7vs6h80_98w6x7p40000gn/T/parlor-audit-dsc01-apphost-01-zbq7j_1u/DerivedData/ModuleCache.noindex/_AvailabilityInternal-DHZATJ63S9NUP2A5Z7RFASM1S.pcm

SwiftExplicitDependencyGeneratePcm arm64 /var/folders/6m/vxwlbjsn7vs6h80_98w6x7p40000gn/T/parlor-audit-dsc01-apphost-01-zbq7j_1u/DerivedData/ModuleCache.noindex/SwiftShims-DCY9HGFRSJ6GF8EWM1W24P9WU.pcm

SwiftExplicitDependencyGeneratePcm arm64 /var/folders/6m/vxwlbjsn7vs6h80_98w6x7p40000gn/T/parlor-audit-dsc01-apphost-01-zbq7j_1u/DerivedData/ModuleCache.noindex/_Builtin_stdarg-2X8CUYNWOLPA0252HEZIUI473.pcm

SwiftExplicitDependencyGeneratePcm arm64 /var/folders/6m/vxwlbjsn7vs6h80_98w6x7p40000gn/T/parlor-audit-dsc01-apphost-01-zbq7j_1u/DerivedData/ModuleCache.noindex/_Builtin_float-4YG5E22CU6UO1RGO42TWZWVB7.pcm

SwiftExplicitDependencyGeneratePcm arm64 /var/folders/6m/vxwlbjsn7vs6h80_98w6x7p40000gn/T/parlor-audit-dsc01-apphost-01-zbq7j_1u/DerivedData/ModuleCache.noindex/ptrcheck-DXPM8GK5DI7MRZXTXLTLT0E5G.pcm

SwiftExplicitDependencyGeneratePcm arm64 /var/folders/6m/vxwlbjsn7vs6h80_98w6x7p40000gn/T/parlor-audit-dsc01-apphost-01-zbq7j_1u/DerivedData/ModuleCache.noindex/_Builtin_stddef-52C86XZF1GGGZNIQD8VRH3A4M.pcm

SwiftExplicitDependencyGeneratePcm arm64 /var/folders/6m/vxwlbjsn7vs6h80_98w6x7p40000gn/T/parlor-audit-dsc01-apphost-01-zbq7j_1u/DerivedData/ModuleCache.noindex/_DarwinFoundation1-7RLL059SNJWSUJGO7TNTVMKHV.pcm

SwiftExplicitDependencyGeneratePcm arm64 /var/folders/6m/vxwlbjsn7vs6h80_98w6x7p40000gn/T/parlor-audit-dsc01-apphost-01-zbq7j_1u/DerivedData/ModuleCache.noindex/_Builtin_stdbool-1IH63C7J3BRIH2MM0SNLNME1B.pcm

SwiftExplicitDependencyGeneratePcm arm64 /var/folders/6m/vxwlbjsn7vs6h80_98w6x7p40000gn/T/parlor-audit-dsc01-apphost-01-zbq7j_1u/DerivedData/ModuleCache.noindex/_Builtin_limits-5JJQTS2LCHQLV7ETPS49IQZU9.pcm

SwiftExplicitDependencyGeneratePcm arm64 /var/folders/6m/vxwlbjsn7vs6h80_98w6x7p40000gn/T/parlor-audit-dsc01-apphost-01-zbq7j_1u/DerivedData/ModuleCache.noindex/_DarwinFoundation2-4M1K2V7FDTE8Q2E9V3E0765VD.pcm

ProcessInfoPlistFile /var/folders/6m/vxwlbjsn7vs6h80_98w6x7p40000gn/T/parlor-audit-dsc01-apphost-01-zbq7j_1u/DerivedData/Build/Products/Debug-iphonesimulator/Parlor.app/Info.plist /var/folders/6m/vxwlbjsn7vs6h80_98w6x7p40000gn/T/parlor-audit-dsc01-apphost-01-zbq7j_1u/copy/iosApp/iosApp/Info.plist (in target 'iosApp' from project 'iosApp')
    cd /var/folders/6m/vxwlbjsn7vs6h80_98w6x7p40000gn/T/parlor-audit-dsc01-apphost-01-zbq7j_1u/copy/iosApp
    builtin-infoPlistUtility /var/folders/6m/vxwlbjsn7vs6h80_98w6x7p40000gn/T/parlor-audit-dsc01-apphost-01-zbq7j_1u/copy/iosApp/iosApp/Info.plist -producttype com.apple.product-type.application -genpkginfo /var/folders/6m/vxwlbjsn7vs6h80_98w6x7p40000gn/T/parlor-audit-dsc01-apphost-01-zbq7j_1u/DerivedData/Build/Products/Debug-iphonesimulator/Parlor.app/PkgInfo -expandbuildsettings -format binary -platform iphonesimulator -additionalcontentfile /var/folders/6m/vxwlbjsn7vs6h80_98w6x7p40000gn/T/parlor-audit-dsc01-apphost-01-zbq7j_1u/DerivedData/Build/Intermediates.noindex/iosApp.build/Debug-iphonesimulator/iosApp.build/assetcatalog_generated_info.plist -o /var/folders/6m/vxwlbjsn7vs6h80_98w6x7p40000gn/T/parlor-audit-dsc01-apphost-01-zbq7j_1u/DerivedData/Build/Products/Debug-iphonesimulator/Parlor.app/Info.plist

SwiftExplicitDependencyGeneratePcm arm64 /var/folders/6m/vxwlbjsn7vs6h80_98w6x7p40000gn/T/parlor-audit-dsc01-apphost-01-zbq7j_1u/DerivedData/ModuleCache.noindex/sys_types-3C7ZMRLE4D8OI41LUEFP3CUGK.pcm

SwiftExplicitDependencyGeneratePcm arm64 /var/folders/6m/vxwlbjsn7vs6h80_98w6x7p40000gn/T/parlor-audit-dsc01-apphost-01-zbq7j_1u/DerivedData/ModuleCache.noindex/_Builtin_stdint-AHR4E0QGIDAFV0F63ZGDWZQ1F.pcm

SwiftExplicitDependencyGeneratePcm arm64 /var/folders/6m/vxwlbjsn7vs6h80_98w6x7p40000gn/T/parlor-audit-dsc01-apphost-01-zbq7j_1u/DerivedData/ModuleCache.noindex/_Builtin_tgmath-98ZAWJ7Y46TON4BF152LKQUT.pcm

SwiftExplicitDependencyGeneratePcm arm64 /var/folders/6m/vxwlbjsn7vs6h80_98w6x7p40000gn/T/parlor-audit-dsc01-apphost-01-zbq7j_1u/DerivedData/ModuleCache.noindex/_DarwinFoundation3-EH1AT1ST2JTRA02PU86KEVVKP.pcm

SwiftExplicitDependencyGeneratePcm arm64 /var/folders/6m/vxwlbjsn7vs6h80_98w6x7p40000gn/T/parlor-audit-dsc01-apphost-01-zbq7j_1u/DerivedData/ModuleCache.noindex/_Builtin_stdatomic-61CMZP6P6H3L2RYSEAVMW1DGW.pcm

SwiftExplicitDependencyGeneratePcm arm64 /var/folders/6m/vxwlbjsn7vs6h80_98w6x7p40000gn/T/parlor-audit-dsc01-apphost-01-zbq7j_1u/DerivedData/ModuleCache.noindex/_Builtin_inttypes-53PISSSGKXHYRVOORQLNX9ULX.pcm

SwiftExplicitDependencyGeneratePcm arm64 /var/folders/6m/vxwlbjsn7vs6h80_98w6x7p40000gn/T/parlor-audit-dsc01-apphost-01-zbq7j_1u/DerivedData/ModuleCache.noindex/_Builtin_intrinsics-38D9VNPRHF0I2JYBW13N0R83G.pcm

SwiftExplicitDependencyGeneratePcm arm64 /var/folders/6m/vxwlbjsn7vs6h80_98w6x7p40000gn/T/parlor-audit-dsc01-apphost-01-zbq7j_1u/DerivedData/ModuleCache.noindex/Darwin-4TDVMWIEMOYU1I5I714C52WNV.pcm

SwiftExplicitDependencyGeneratePcm arm64 /var/folders/6m/vxwlbjsn7vs6h80_98w6x7p40000gn/T/parlor-audit-dsc01-apphost-01-zbq7j_1u/DerivedData/ModuleCache.noindex/simd-CMSTNFBCMQWBL6LN2WBTKTFBW.pcm

SwiftExplicitDependencyGeneratePcm arm64 /var/folders/6m/vxwlbjsn7vs6h80_98w6x7p40000gn/T/parlor-audit-dsc01-apphost-01-zbq7j_1u/DerivedData/ModuleCache.noindex/MachO-ARX3FV3P6U2MB3V2F15TQF8SU.pcm

SwiftExplicitDependencyGeneratePcm arm64 /var/folders/6m/vxwlbjsn7vs6h80_98w6x7p40000gn/T/parlor-audit-dsc01-apphost-01-zbq7j_1u/DerivedData/ModuleCache.noindex/ObjectiveC-DKNWPIUYIU28AMLWYZMO63CZS.pcm

SwiftExplicitDependencyGeneratePcm arm64 /var/folders/6m/vxwlbjsn7vs6h80_98w6x7p40000gn/T/parlor-audit-dsc01-apphost-01-zbq7j_1u/DerivedData/ModuleCache.noindex/Spatial-EI01DHWQQAHPMMPOYHHWEQKHT.pcm

SwiftExplicitDependencyGeneratePcm arm64 /var/folders/6m/vxwlbjsn7vs6h80_98w6x7p40000gn/T/parlor-audit-dsc01-apphost-01-zbq7j_1u/DerivedData/ModuleCache.noindex/os_object-9Q0QAPSKB8YDLFJ2MD0O8N4A1.pcm

SwiftExplicitDependencyGeneratePcm arm64 /var/folders/6m/vxwlbjsn7vs6h80_98w6x7p40000gn/T/parlor-audit-dsc01-apphost-01-zbq7j_1u/DerivedData/ModuleCache.noindex/os_workgroup-7DG6DZ3UNR5AFB0LCS2QCTJP1.pcm

SwiftExplicitDependencyGeneratePcm arm64 /var/folders/6m/vxwlbjsn7vs6h80_98w6x7p40000gn/T/parlor-audit-dsc01-apphost-01-zbq7j_1u/DerivedData/ModuleCache.noindex/Dispatch-AAOEFZU13G0V6TPXUGHSF41IN.pcm

SwiftExplicitDependencyGeneratePcm arm64 /var/folders/6m/vxwlbjsn7vs6h80_98w6x7p40000gn/T/parlor-audit-dsc01-apphost-01-zbq7j_1u/DerivedData/ModuleCache.noindex/CoreFoundation-6E88967EZQ8MJ2WNBMF1ZKKHV.pcm

SwiftExplicitDependencyGeneratePcm arm64 /var/folders/6m/vxwlbjsn7vs6h80_98w6x7p40000gn/T/parlor-audit-dsc01-apphost-01-zbq7j_1u/DerivedData/ModuleCache.noindex/XPC-AHK3X92YXNVS6JGYGR1XV4TIZ.pcm

SwiftExplicitDependencyGeneratePcm arm64 /var/folders/6m/vxwlbjsn7vs6h80_98w6x7p40000gn/T/parlor-audit-dsc01-apphost-01-zbq7j_1u/DerivedData/ModuleCache.noindex/CoreGraphics-7OTZAIUABCUBTQNBON3N110XV.pcm

SwiftExplicitDependencyGeneratePcm arm64 /var/folders/6m/vxwlbjsn7vs6h80_98w6x7p40000gn/T/parlor-audit-dsc01-apphost-01-zbq7j_1u/DerivedData/ModuleCache.noindex/Security-5GI8RB6ZLIMEDAAPAPITKRIL5.pcm

SwiftExplicitDependencyGeneratePcm arm64 /var/folders/6m/vxwlbjsn7vs6h80_98w6x7p40000gn/T/parlor-audit-dsc01-apphost-01-zbq7j_1u/DerivedData/ModuleCache.noindex/ImageIO-2GIZP8U3WL4EKC6EU6R4RRAHN.pcm

SwiftExplicitDependencyGeneratePcm arm64 /var/folders/6m/vxwlbjsn7vs6h80_98w6x7p40000gn/T/parlor-audit-dsc01-apphost-01-zbq7j_1u/DerivedData/ModuleCache.noindex/CoreText-70JC77ITA2QLB8SXADCAMOX0Y.pcm

SwiftExplicitDependencyGeneratePcm arm64 /var/folders/6m/vxwlbjsn7vs6h80_98w6x7p40000gn/T/parlor-audit-dsc01-apphost-01-zbq7j_1u/DerivedData/ModuleCache.noindex/os-37OOCPX14YEBANNWUGO7FIW52.pcm

SwiftExplicitDependencyGeneratePcm arm64 /var/folders/6m/vxwlbjsn7vs6h80_98w6x7p40000gn/T/parlor-audit-dsc01-apphost-01-zbq7j_1u/DerivedData/ModuleCache.noindex/CFNetwork-9BW5XUWAW5TL6T8VTW2VVNJK7.pcm

SwiftExplicitDependencyGeneratePcm arm64 /var/folders/6m/vxwlbjsn7vs6h80_98w6x7p40000gn/T/parlor-audit-dsc01-apphost-01-zbq7j_1u/DerivedData/ModuleCache.noindex/Foundation-S8GR25T78QQ91R0MVER3OM7R.pcm

SwiftExplicitDependencyGeneratePcm arm64 /var/folders/6m/vxwlbjsn7vs6h80_98w6x7p40000gn/T/parlor-audit-dsc01-apphost-01-zbq7j_1u/DerivedData/ModuleCache.noindex/CoreTransferable-DHBNPEKSHFF3UQ5S6AQC0F39B.pcm

SwiftExplicitDependencyGeneratePcm arm64 /var/folders/6m/vxwlbjsn7vs6h80_98w6x7p40000gn/T/parlor-audit-dsc01-apphost-01-zbq7j_1u/DerivedData/ModuleCache.noindex/UniformTypeIdentifiers-CS4FETWNOCB5V1XIC25LTH1K5.pcm

SwiftExplicitDependencyGeneratePcm arm64 /var/folders/6m/vxwlbjsn7vs6h80_98w6x7p40000gn/T/parlor-audit-dsc01-apphost-01-zbq7j_1u/DerivedData/ModuleCache.noindex/UIUtilities-EQ521F0APUZ6SH23ZRDFWOJ3E.pcm

SwiftExplicitDependencyGeneratePcm arm64 /var/folders/6m/vxwlbjsn7vs6h80_98w6x7p40000gn/T/parlor-audit-dsc01-apphost-01-zbq7j_1u/DerivedData/ModuleCache.noindex/FileProvider-6XY3U4O8LTI4DSN7F3P6CX2HG.pcm

SwiftExplicitDependencyGeneratePcm arm64 /var/folders/6m/vxwlbjsn7vs6h80_98w6x7p40000gn/T/parlor-audit-dsc01-apphost-01-zbq7j_1u/DerivedData/Build/Intermediates.noindex/SwiftExplicitPrecompiledModules/ComposeApp-1D2ZWBN7C941ICWV25N6TT9XV.pcm

SwiftExplicitDependencyGeneratePcm arm64 /var/folders/6m/vxwlbjsn7vs6h80_98w6x7p40000gn/T/parlor-audit-dsc01-apphost-01-zbq7j_1u/DerivedData/ModuleCache.noindex/IOSurface-CPADHZZ8RZVJ38S0CDZ2DDGON.pcm

SwiftExplicitDependencyGeneratePcm arm64 /var/folders/6m/vxwlbjsn7vs6h80_98w6x7p40000gn/T/parlor-audit-dsc01-apphost-01-zbq7j_1u/DerivedData/ModuleCache.noindex/DataDetection-BLC5FAEFZBHMI9YB50DF1ELAN.pcm

SwiftExplicitDependencyGeneratePcm arm64 /var/folders/6m/vxwlbjsn7vs6h80_98w6x7p40000gn/T/parlor-audit-dsc01-apphost-01-zbq7j_1u/DerivedData/ModuleCache.noindex/Metal-CAWSVR5OZ9BTDY3IGE9U64EEB.pcm

SwiftExplicitDependencyGeneratePcm arm64 /var/folders/6m/vxwlbjsn7vs6h80_98w6x7p40000gn/T/parlor-audit-dsc01-apphost-01-zbq7j_1u/DerivedData/ModuleCache.noindex/CoreData-5V841VXAOREDM3YC9B1OBFXW1.pcm

SwiftExplicitDependencyGeneratePcm arm64 /var/folders/6m/vxwlbjsn7vs6h80_98w6x7p40000gn/T/parlor-audit-dsc01-apphost-01-zbq7j_1u/DerivedData/ModuleCache.noindex/Accessibility-BFCJAF9J2IH2CN02HINFZEYKE.pcm

SwiftExplicitDependencyGeneratePcm arm64 /var/folders/6m/vxwlbjsn7vs6h80_98w6x7p40000gn/T/parlor-audit-dsc01-apphost-01-zbq7j_1u/DerivedData/ModuleCache.noindex/OpenGLES-6AREXJSJCW9U0WDHBGZQSR82W.pcm

SwiftExplicitDependencyGeneratePcm arm64 /var/folders/6m/vxwlbjsn7vs6h80_98w6x7p40000gn/T/parlor-audit-dsc01-apphost-01-zbq7j_1u/DerivedData/ModuleCache.noindex/OSLog-75HP0JVB94V1RGUBM29GKXTNO.pcm

SwiftExplicitDependencyGeneratePcm arm64 /var/folders/6m/vxwlbjsn7vs6h80_98w6x7p40000gn/T/parlor-audit-dsc01-apphost-01-zbq7j_1u/DerivedData/ModuleCache.noindex/CoreVideo-F449ZQ67DVBU4V8ZJIZLVT3HE.pcm

SwiftExplicitDependencyGeneratePcm arm64 /var/folders/6m/vxwlbjsn7vs6h80_98w6x7p40000gn/T/parlor-audit-dsc01-apphost-01-zbq7j_1u/DerivedData/ModuleCache.noindex/UserNotifications-1HOW4D6IY3PFWY541CZEL4IHG.pcm

SwiftExplicitDependencyGeneratePcm arm64 /var/folders/6m/vxwlbjsn7vs6h80_98w6x7p40000gn/T/parlor-audit-dsc01-apphost-01-zbq7j_1u/DerivedData/ModuleCache.noindex/QuartzCore-2WAAPT37V7MKMT495ISA9H41C.pcm

SwiftExplicitDependencyGeneratePcm arm64 /var/folders/6m/vxwlbjsn7vs6h80_98w6x7p40000gn/T/parlor-audit-dsc01-apphost-01-zbq7j_1u/DerivedData/ModuleCache.noindex/CoreImage-6BXI9WORTEAQOS3X0SVZF14G8.pcm

SwiftExplicitDependencyGeneratePcm arm64 /var/folders/6m/vxwlbjsn7vs6h80_98w6x7p40000gn/T/parlor-audit-dsc01-apphost-01-zbq7j_1u/DerivedData/ModuleCache.noindex/SwiftUICore-2IXFIGJNRO2BV9YAL2BEVQOKU.pcm

SwiftExplicitDependencyGeneratePcm arm64 /var/folders/6m/vxwlbjsn7vs6h80_98w6x7p40000gn/T/parlor-audit-dsc01-apphost-01-zbq7j_1u/DerivedData/ModuleCache.noindex/Symbols-8C7C4QT3GSYQGVE9VNJXNZZVB.pcm

SwiftExplicitDependencyGeneratePcm arm64 /var/folders/6m/vxwlbjsn7vs6h80_98w6x7p40000gn/T/parlor-audit-dsc01-apphost-01-zbq7j_1u/DerivedData/ModuleCache.noindex/UIKit-7J967PE1YW3KHBDI6C7W0OHFP.pcm

SwiftExplicitDependencyGeneratePcm arm64 /var/folders/6m/vxwlbjsn7vs6h80_98w6x7p40000gn/T/parlor-audit-dsc01-apphost-01-zbq7j_1u/DerivedData/ModuleCache.noindex/SwiftUI-8OAG1RDBN20CSC0XU2FJK2N5M.pcm

SwiftEmitModule normal arm64 Emitting\ module\ for\ Parlor (in target 'iosApp' from project 'iosApp')

EmitSwiftModule normal arm64 (in target 'iosApp' from project 'iosApp')
    cd /var/folders/6m/vxwlbjsn7vs6h80_98w6x7p40000gn/T/parlor-audit-dsc01-apphost-01-zbq7j_1u/copy/iosApp
    

SwiftCompile normal arm64 Compiling\ iOSApp.swift /var/folders/6m/vxwlbjsn7vs6h80_98w6x7p40000gn/T/parlor-audit-dsc01-apphost-01-zbq7j_1u/copy/iosApp/iosApp/iOSApp.swift (in target 'iosApp' from project 'iosApp')

SwiftCompile normal arm64 /var/folders/6m/vxwlbjsn7vs6h80_98w6x7p40000gn/T/parlor-audit-dsc01-apphost-01-zbq7j_1u/copy/iosApp/iosApp/iOSApp.swift (in target 'iosApp' from project 'iosApp')
    cd /var/folders/6m/vxwlbjsn7vs6h80_98w6x7p40000gn/T/parlor-audit-dsc01-apphost-01-zbq7j_1u/copy/iosApp
    

SwiftDriverJobDiscovery normal arm64 Emitting module for Parlor (in target 'iosApp' from project 'iosApp')

SwiftDriver\ Compilation\ Requirements iosApp normal arm64 com.apple.xcode.tools.swift.compiler (in target 'iosApp' from project 'iosApp')
    cd /var/folders/6m/vxwlbjsn7vs6h80_98w6x7p40000gn/T/parlor-audit-dsc01-apphost-01-zbq7j_1u/copy/iosApp
    builtin-Swift-Compilation-Requirements -- /Applications/Xcode.app/Contents/Developer/Toolchains/XcodeDefault.xctoolchain/usr/bin/swiftc -module-name Parlor -Onone @/var/folders/6m/vxwlbjsn7vs6h80_98w6x7p40000gn/T/parlor-audit-dsc01-apphost-01-zbq7j_1u/DerivedData/Build/Intermediates.noindex/iosApp.build/Debug-iphonesimulator/iosApp.build/Objects-normal/arm64/Parlor.SwiftFileList -DDEBUG -enable-bare-slash-regex -enable-experimental-feature DebugDescriptionMacro -sdk /Applications/Xcode.app/Contents/Developer/Platforms/iPhoneSimulator.platform/Developer/SDKs/iPhoneSimulator26.5.sdk -target arm64-apple-ios16.0-simulator -g -module-cache-path /var/folders/6m/vxwlbjsn7vs6h80_98w6x7p40000gn/T/parlor-audit-dsc01-apphost-01-zbq7j_1u/DerivedData/ModuleCache.noindex -Xfrontend -serialize-debugging-options -enable-testing -Xcc -D_LIBCPP_HARDENING_MODE\=_LIBCPP_HARDENING_MODE_DEBUG -swift-version 5 -I /var/folders/6m/vxwlbjsn7vs6h80_98w6x7p40000gn/T/parlor-audit-dsc01-apphost-01-zbq7j_1u/DerivedData/Build/Products/Debug-iphonesimulator -F /var/folders/6m/vxwlbjsn7vs6h80_98w6x7p40000gn/T/parlor-audit-dsc01-apphost-01-zbq7j_1u/DerivedData/Build/Products/Debug-iphonesimulator -F /var/folders/6m/vxwlbjsn7vs6h80_98w6x7p40000gn/T/parlor-audit-dsc01-apphost-01-zbq7j_1u/copy/composeApp/build/xcode-frameworks/Debug/iphonesimulator26.5 -emit-localized-strings -emit-localized-strings-path /var/folders/6m/vxwlbjsn7vs6h80_98w6x7p40000gn/T/parlor-audit-dsc01-apphost-01-zbq7j_1u/DerivedData/Build/Intermediates.noindex/iosApp.build/Debug-iphonesimulator/iosApp.build/Objects-normal/arm64 -c -j10 -enable-batch-mode -incremental -Xcc -ivfsstatcache -Xcc /var/folders/6m/vxwlbjsn7vs6h80_98w6x7p40000gn/T/parlor-audit-dsc01-apphost-01-zbq7j_1u/DerivedData/SDKStatCaches.noindex/iphonesimulator26.5-23F73-6cfe768891a92b912361537c460fe42b.sdkstatcache -output-file-map /var/folders/6m/vxwlbjsn7vs6h80_98w6x7p40000gn/T/parlor-audit-dsc01-apphost-01-zbq7j_1u/DerivedData/Build/Intermediates.noindex/iosApp.build/Debug-iphonesimulator/iosApp.build/Objects-normal/arm64/iosApp-OutputFileMap.json -use-frontend-parseable-output -save-temps -no-color-diagnostics -explicit-module-build -module-cache-path /var/folders/6m/vxwlbjsn7vs6h80_98w6x7p40000gn/T/parlor-audit-dsc01-apphost-01-zbq7j_1u/DerivedData/Build/Intermediates.noindex/SwiftExplicitPrecompiledModules -clang-scanner-module-cache-path /var/folders/6m/vxwlbjsn7vs6h80_98w6x7p40000gn/T/parlor-audit-dsc01-apphost-01-zbq7j_1u/DerivedData/ModuleCache.noindex -sdk-module-cache-path /var/folders/6m/vxwlbjsn7vs6h80_98w6x7p40000gn/T/parlor-audit-dsc01-apphost-01-zbq7j_1u/DerivedData/ModuleCache.noindex -serialize-diagnostics -emit-dependencies -emit-module -emit-module-path /var/folders/6m/vxwlbjsn7vs6h80_98w6x7p40000gn/T/parlor-audit-dsc01-apphost-01-zbq7j_1u/DerivedData/Build/Intermediates.noindex/iosApp.build/Debug-iphonesimulator/iosApp.build/Objects-normal/arm64/Parlor.swiftmodule -validate-clang-modules-once -clang-build-session-file /var/folders/6m/vxwlbjsn7vs6h80_98w6x7p40000gn/T/parlor-audit-dsc01-apphost-01-zbq7j_1u/DerivedData/ModuleCache.noindex/Session.modulevalidation -Xcc -I/var/folders/6m/vxwlbjsn7vs6h80_98w6x7p40000gn/T/parlor-audit-dsc01-apphost-01-zbq7j_1u/DerivedData/Build/Intermediates.noindex/iosApp.build/Debug-iphonesimulator/iosApp.build/swift-overrides.hmap -emit-const-values -Xfrontend -const-gather-protocols-file -Xfrontend /var/folders/6m/vxwlbjsn7vs6h80_98w6x7p40000gn/T/parlor-audit-dsc01-apphost-01-zbq7j_1u/DerivedData/Build/Intermediates.noindex/iosApp.build/Debug-iphonesimulator/iosApp.build/Objects-normal/arm64/iosApp_const_extract_protocols.json -Xcc -iquote -Xcc /var/folders/6m/vxwlbjsn7vs6h80_98w6x7p40000gn/T/parlor-audit-dsc01-apphost-01-zbq7j_1u/DerivedData/Build/Intermediates.noindex/iosApp.build/Debug-iphonesimulator/iosApp.build/Parlor-generated-files.hmap -Xcc -I/var/folders/6m/vxwlbjsn7vs6h80_98w6x7p40000gn/T/parlor-audit-dsc01-apphost-01-zbq7j_1u/DerivedData/Build/Intermediates.noindex/iosApp.build/Debug-iphonesimulator/iosApp.build/Parlor-own-target-headers.hmap -Xcc -I/var/folders/6m/vxwlbjsn7vs6h80_98w6x7p40000gn/T/parlor-audit-dsc01-apphost-01-zbq7j_1u/DerivedData/Build/Intermediates.noindex/iosApp.build/Debug-iphonesimulator/iosApp.build/Parlor-all-target-headers.hmap -Xcc -iquote -Xcc /var/folders/6m/vxwlbjsn7vs6h80_98w6x7p40000gn/T/parlor-audit-dsc01-apphost-01-zbq7j_1u/DerivedData/Build/Intermediates.noindex/iosApp.build/Debug-iphonesimulator/iosApp.build/Parlor-project-headers.hmap -Xcc -I/var/folders/6m/vxwlbjsn7vs6h80_98w6x7p40000gn/T/parlor-audit-dsc01-apphost-01-zbq7j_1u/DerivedData/Build/Products/Debug-iphonesimulator/include -Xcc -I/var/folders/6m/vxwlbjsn7vs6h80_98w6x7p40000gn/T/parlor-audit-dsc01-apphost-01-zbq7j_1u/DerivedData/Build/Intermediates.noindex/iosApp.build/Debug-iphonesimulator/iosApp.build/DerivedSources-normal/arm64 -Xcc -I/var/folders/6m/vxwlbjsn7vs6h80_98w6x7p40000gn/T/parlor-audit-dsc01-apphost-01-zbq7j_1u/DerivedData/Build/Intermediates.noindex/iosApp.build/Debug-iphonesimulator/iosApp.build/DerivedSources/arm64 -Xcc -I/var/folders/6m/vxwlbjsn7vs6h80_98w6x7p40000gn/T/parlor-audit-dsc01-apphost-01-zbq7j_1u/DerivedData/Build/Intermediates.noindex/iosApp.build/Debug-iphonesimulator/iosApp.build/DerivedSources -Xcc -DDEBUG\=1 -emit-objc-header -emit-objc-header-path /var/folders/6m/vxwlbjsn7vs6h80_98w6x7p40000gn/T/parlor-audit-dsc01-apphost-01-zbq7j_1u/DerivedData/Build/Intermediates.noindex/iosApp.build/Debug-iphonesimulator/iosApp.build/Objects-normal/arm64/Parlor-Swift.h -working-directory /var/folders/6m/vxwlbjsn7vs6h80_98w6x7p40000gn/T/parlor-audit-dsc01-apphost-01-zbq7j_1u/copy/iosApp -experimental-emit-module-separately -disable-cmo

SwiftDriverJobDiscovery normal arm64 Compiling iOSApp.swift (in target 'iosApp' from project 'iosApp')

SwiftCompile normal arm64 Compiling\ GeneratedAssetSymbols.swift /var/folders/6m/vxwlbjsn7vs6h80_98w6x7p40000gn/T/parlor-audit-dsc01-apphost-01-zbq7j_1u/DerivedData/Build/Intermediates.noindex/iosApp.build/Debug-iphonesimulator/iosApp.build/DerivedSources/GeneratedAssetSymbols.swift (in target 'iosApp' from project 'iosApp')

SwiftCompile normal arm64 /var/folders/6m/vxwlbjsn7vs6h80_98w6x7p40000gn/T/parlor-audit-dsc01-apphost-01-zbq7j_1u/DerivedData/Build/Intermediates.noindex/iosApp.build/Debug-iphonesimulator/iosApp.build/DerivedSources/GeneratedAssetSymbols.swift (in target 'iosApp' from project 'iosApp')
    cd /var/folders/6m/vxwlbjsn7vs6h80_98w6x7p40000gn/T/parlor-audit-dsc01-apphost-01-zbq7j_1u/copy/iosApp
    

SwiftMergeGeneratedHeaders /var/folders/6m/vxwlbjsn7vs6h80_98w6x7p40000gn/T/parlor-audit-dsc01-apphost-01-zbq7j_1u/DerivedData/Build/Intermediates.noindex/iosApp.build/Debug-iphonesimulator/iosApp.build/DerivedSources/Parlor-Swift.h /var/folders/6m/vxwlbjsn7vs6h80_98w6x7p40000gn/T/parlor-audit-dsc01-apphost-01-zbq7j_1u/DerivedData/Build/Intermediates.noindex/iosApp.build/Debug-iphonesimulator/iosApp.build/Objects-normal/arm64/Parlor-Swift.h (in target 'iosApp' from project 'iosApp')
    cd /var/folders/6m/vxwlbjsn7vs6h80_98w6x7p40000gn/T/parlor-audit-dsc01-apphost-01-zbq7j_1u/copy/iosApp
    builtin-swiftHeaderTool -arch arm64 /var/folders/6m/vxwlbjsn7vs6h80_98w6x7p40000gn/T/parlor-audit-dsc01-apphost-01-zbq7j_1u/DerivedData/Build/Intermediates.noindex/iosApp.build/Debug-iphonesimulator/iosApp.build/Objects-normal/arm64/Parlor-Swift.h -o /var/folders/6m/vxwlbjsn7vs6h80_98w6x7p40000gn/T/parlor-audit-dsc01-apphost-01-zbq7j_1u/DerivedData/Build/Intermediates.noindex/iosApp.build/Debug-iphonesimulator/iosApp.build/DerivedSources/Parlor-Swift.h

SwiftDriverJobDiscovery normal arm64 Compiling GeneratedAssetSymbols.swift (in target 'iosApp' from project 'iosApp')

Copy /var/folders/6m/vxwlbjsn7vs6h80_98w6x7p40000gn/T/parlor-audit-dsc01-apphost-01-zbq7j_1u/DerivedData/Build/Products/Debug-iphonesimulator/Parlor.swiftmodule/arm64-apple-ios-simulator.swiftmodule /var/folders/6m/vxwlbjsn7vs6h80_98w6x7p40000gn/T/parlor-audit-dsc01-apphost-01-zbq7j_1u/DerivedData/Build/Intermediates.noindex/iosApp.build/Debug-iphonesimulator/iosApp.build/Objects-normal/arm64/Parlor.swiftmodule (in target 'iosApp' from project 'iosApp')
    cd /var/folders/6m/vxwlbjsn7vs6h80_98w6x7p40000gn/T/parlor-audit-dsc01-apphost-01-zbq7j_1u/copy/iosApp
    builtin-copy -exclude .DS_Store -exclude CVS -exclude .svn -exclude .git -exclude .hg -resolve-src-symlinks -rename /var/folders/6m/vxwlbjsn7vs6h80_98w6x7p40000gn/T/parlor-audit-dsc01-apphost-01-zbq7j_1u/DerivedData/Build/Intermediates.noindex/iosApp.build/Debug-iphonesimulator/iosApp.build/Objects-normal/arm64/Parlor.swiftmodule /var/folders/6m/vxwlbjsn7vs6h80_98w6x7p40000gn/T/parlor-audit-dsc01-apphost-01-zbq7j_1u/DerivedData/Build/Products/Debug-iphonesimulator/Parlor.swiftmodule/arm64-apple-ios-simulator.swiftmodule

Copy /var/folders/6m/vxwlbjsn7vs6h80_98w6x7p40000gn/T/parlor-audit-dsc01-apphost-01-zbq7j_1u/DerivedData/Build/Products/Debug-iphonesimulator/Parlor.swiftmodule/arm64-apple-ios-simulator.swiftdoc /var/folders/6m/vxwlbjsn7vs6h80_98w6x7p40000gn/T/parlor-audit-dsc01-apphost-01-zbq7j_1u/DerivedData/Build/Intermediates.noindex/iosApp.build/Debug-iphonesimulator/iosApp.build/Objects-normal/arm64/Parlor.swiftdoc (in target 'iosApp' from project 'iosApp')
    cd /var/folders/6m/vxwlbjsn7vs6h80_98w6x7p40000gn/T/parlor-audit-dsc01-apphost-01-zbq7j_1u/copy/iosApp
    builtin-copy -exclude .DS_Store -exclude CVS -exclude .svn -exclude .git -exclude .hg -resolve-src-symlinks -rename /var/folders/6m/vxwlbjsn7vs6h80_98w6x7p40000gn/T/parlor-audit-dsc01-apphost-01-zbq7j_1u/DerivedData/Build/Intermediates.noindex/iosApp.build/Debug-iphonesimulator/iosApp.build/Objects-normal/arm64/Parlor.swiftdoc /var/folders/6m/vxwlbjsn7vs6h80_98w6x7p40000gn/T/parlor-audit-dsc01-apphost-01-zbq7j_1u/DerivedData/Build/Products/Debug-iphonesimulator/Parlor.swiftmodule/arm64-apple-ios-simulator.swiftdoc

Copy /var/folders/6m/vxwlbjsn7vs6h80_98w6x7p40000gn/T/parlor-audit-dsc01-apphost-01-zbq7j_1u/DerivedData/Build/Products/Debug-iphonesimulator/Parlor.swiftmodule/arm64-apple-ios-simulator.abi.json /var/folders/6m/vxwlbjsn7vs6h80_98w6x7p40000gn/T/parlor-audit-dsc01-apphost-01-zbq7j_1u/DerivedData/Build/Intermediates.noindex/iosApp.build/Debug-iphonesimulator/iosApp.build/Objects-normal/arm64/Parlor.abi.json (in target 'iosApp' from project 'iosApp')
    cd /var/folders/6m/vxwlbjsn7vs6h80_98w6x7p40000gn/T/parlor-audit-dsc01-apphost-01-zbq7j_1u/copy/iosApp
    builtin-copy -exclude .DS_Store -exclude CVS -exclude .svn -exclude .git -exclude .hg -resolve-src-symlinks -rename /var/folders/6m/vxwlbjsn7vs6h80_98w6x7p40000gn/T/parlor-audit-dsc01-apphost-01-zbq7j_1u/DerivedData/Build/Intermediates.noindex/iosApp.build/Debug-iphonesimulator/iosApp.build/Objects-normal/arm64/Parlor.abi.json /var/folders/6m/vxwlbjsn7vs6h80_98w6x7p40000gn/T/parlor-audit-dsc01-apphost-01-zbq7j_1u/DerivedData/Build/Products/Debug-iphonesimulator/Parlor.swiftmodule/arm64-apple-ios-simulator.abi.json

Copy /var/folders/6m/vxwlbjsn7vs6h80_98w6x7p40000gn/T/parlor-audit-dsc01-apphost-01-zbq7j_1u/DerivedData/Build/Products/Debug-iphonesimulator/Parlor.swiftmodule/Project/arm64-apple-ios-simulator.swiftsourceinfo /var/folders/6m/vxwlbjsn7vs6h80_98w6x7p40000gn/T/parlor-audit-dsc01-apphost-01-zbq7j_1u/DerivedData/Build/Intermediates.noindex/iosApp.build/Debug-iphonesimulator/iosApp.build/Objects-normal/arm64/Parlor.swiftsourceinfo (in target 'iosApp' from project 'iosApp')
    cd /var/folders/6m/vxwlbjsn7vs6h80_98w6x7p40000gn/T/parlor-audit-dsc01-apphost-01-zbq7j_1u/copy/iosApp
    builtin-copy -exclude .DS_Store -exclude CVS -exclude .svn -exclude .git -exclude .hg -resolve-src-symlinks -rename /var/folders/6m/vxwlbjsn7vs6h80_98w6x7p40000gn/T/parlor-audit-dsc01-apphost-01-zbq7j_1u/DerivedData/Build/Intermediates.noindex/iosApp.build/Debug-iphonesimulator/iosApp.build/Objects-normal/arm64/Parlor.swiftsourceinfo /var/folders/6m/vxwlbjsn7vs6h80_98w6x7p40000gn/T/parlor-audit-dsc01-apphost-01-zbq7j_1u/DerivedData/Build/Products/Debug-iphonesimulator/Parlor.swiftmodule/Project/arm64-apple-ios-simulator.swiftsourceinfo

SwiftCompile normal arm64 Compiling\ ContentView.swift /var/folders/6m/vxwlbjsn7vs6h80_98w6x7p40000gn/T/parlor-audit-dsc01-apphost-01-zbq7j_1u/copy/iosApp/iosApp/ContentView.swift (in target 'iosApp' from project 'iosApp')

SwiftCompile normal arm64 /var/folders/6m/vxwlbjsn7vs6h80_98w6x7p40000gn/T/parlor-audit-dsc01-apphost-01-zbq7j_1u/copy/iosApp/iosApp/ContentView.swift (in target 'iosApp' from project 'iosApp')
    cd /var/folders/6m/vxwlbjsn7vs6h80_98w6x7p40000gn/T/parlor-audit-dsc01-apphost-01-zbq7j_1u/copy/iosApp
    

SwiftDriverJobDiscovery normal arm64 Compiling ContentView.swift (in target 'iosApp' from project 'iosApp')

SwiftDriver\ Compilation iosApp normal arm64 com.apple.xcode.tools.swift.compiler (in target 'iosApp' from project 'iosApp')
    cd /var/folders/6m/vxwlbjsn7vs6h80_98w6x7p40000gn/T/parlor-audit-dsc01-apphost-01-zbq7j_1u/copy/iosApp
    builtin-Swift-Compilation -- /Applications/Xcode.app/Contents/Developer/Toolchains/XcodeDefault.xctoolchain/usr/bin/swiftc -module-name Parlor -Onone @/var/folders/6m/vxwlbjsn7vs6h80_98w6x7p40000gn/T/parlor-audit-dsc01-apphost-01-zbq7j_1u/DerivedData/Build/Intermediates.noindex/iosApp.build/Debug-iphonesimulator/iosApp.build/Objects-normal/arm64/Parlor.SwiftFileList -DDEBUG -enable-bare-slash-regex -enable-experimental-feature DebugDescriptionMacro -sdk /Applications/Xcode.app/Contents/Developer/Platforms/iPhoneSimulator.platform/Developer/SDKs/iPhoneSimulator26.5.sdk -target arm64-apple-ios16.0-simulator -g -module-cache-path /var/folders/6m/vxwlbjsn7vs6h80_98w6x7p40000gn/T/parlor-audit-dsc01-apphost-01-zbq7j_1u/DerivedData/ModuleCache.noindex -Xfrontend -serialize-debugging-options -enable-testing -Xcc -D_LIBCPP_HARDENING_MODE\=_LIBCPP_HARDENING_MODE_DEBUG -swift-version 5 -I /var/folders/6m/vxwlbjsn7vs6h80_98w6x7p40000gn/T/parlor-audit-dsc01-apphost-01-zbq7j_1u/DerivedData/Build/Products/Debug-iphonesimulator -F /var/folders/6m/vxwlbjsn7vs6h80_98w6x7p40000gn/T/parlor-audit-dsc01-apphost-01-zbq7j_1u/DerivedData/Build/Products/Debug-iphonesimulator -F /var/folders/6m/vxwlbjsn7vs6h80_98w6x7p40000gn/T/parlor-audit-dsc01-apphost-01-zbq7j_1u/copy/composeApp/build/xcode-frameworks/Debug/iphonesimulator26.5 -emit-localized-strings -emit-localized-strings-path /var/folders/6m/vxwlbjsn7vs6h80_98w6x7p40000gn/T/parlor-audit-dsc01-apphost-01-zbq7j_1u/DerivedData/Build/Intermediates.noindex/iosApp.build/Debug-iphonesimulator/iosApp.build/Objects-normal/arm64 -c -j10 -enable-batch-mode -incremental -Xcc -ivfsstatcache -Xcc /var/folders/6m/vxwlbjsn7vs6h80_98w6x7p40000gn/T/parlor-audit-dsc01-apphost-01-zbq7j_1u/DerivedData/SDKStatCaches.noindex/iphonesimulator26.5-23F73-6cfe768891a92b912361537c460fe42b.sdkstatcache -output-file-map /var/folders/6m/vxwlbjsn7vs6h80_98w6x7p40000gn/T/parlor-audit-dsc01-apphost-01-zbq7j_1u/DerivedData/Build/Intermediates.noindex/iosApp.build/Debug-iphonesimulator/iosApp.build/Objects-normal/arm64/iosApp-OutputFileMap.json -use-frontend-parseable-output -save-temps -no-color-diagnostics -explicit-module-build -module-cache-path /var/folders/6m/vxwlbjsn7vs6h80_98w6x7p40000gn/T/parlor-audit-dsc01-apphost-01-zbq7j_1u/DerivedData/Build/Intermediates.noindex/SwiftExplicitPrecompiledModules -clang-scanner-module-cache-path /var/folders/6m/vxwlbjsn7vs6h80_98w6x7p40000gn/T/parlor-audit-dsc01-apphost-01-zbq7j_1u/DerivedData/ModuleCache.noindex -sdk-module-cache-path /var/folders/6m/vxwlbjsn7vs6h80_98w6x7p40000gn/T/parlor-audit-dsc01-apphost-01-zbq7j_1u/DerivedData/ModuleCache.noindex -serialize-diagnostics -emit-dependencies -emit-module -emit-module-path /var/folders/6m/vxwlbjsn7vs6h80_98w6x7p40000gn/T/parlor-audit-dsc01-apphost-01-zbq7j_1u/DerivedData/Build/Intermediates.noindex/iosApp.build/Debug-iphonesimulator/iosApp.build/Objects-normal/arm64/Parlor.swiftmodule -validate-clang-modules-once -clang-build-session-file /var/folders/6m/vxwlbjsn7vs6h80_98w6x7p40000gn/T/parlor-audit-dsc01-apphost-01-zbq7j_1u/DerivedData/ModuleCache.noindex/Session.modulevalidation -Xcc -I/var/folders/6m/vxwlbjsn7vs6h80_98w6x7p40000gn/T/parlor-audit-dsc01-apphost-01-zbq7j_1u/DerivedData/Build/Intermediates.noindex/iosApp.build/Debug-iphonesimulator/iosApp.build/swift-overrides.hmap -emit-const-values -Xfrontend -const-gather-protocols-file -Xfrontend /var/folders/6m/vxwlbjsn7vs6h80_98w6x7p40000gn/T/parlor-audit-dsc01-apphost-01-zbq7j_1u/DerivedData/Build/Intermediates.noindex/iosApp.build/Debug-iphonesimulator/iosApp.build/Objects-normal/arm64/iosApp_const_extract_protocols.json -Xcc -iquote -Xcc /var/folders/6m/vxwlbjsn7vs6h80_98w6x7p40000gn/T/parlor-audit-dsc01-apphost-01-zbq7j_1u/DerivedData/Build/Intermediates.noindex/iosApp.build/Debug-iphonesimulator/iosApp.build/Parlor-generated-files.hmap -Xcc -I/var/folders/6m/vxwlbjsn7vs6h80_98w6x7p40000gn/T/parlor-audit-dsc01-apphost-01-zbq7j_1u/DerivedData/Build/Intermediates.noindex/iosApp.build/Debug-iphonesimulator/iosApp.build/Parlor-own-target-headers.hmap -Xcc -I/var/folders/6m/vxwlbjsn7vs6h80_98w6x7p40000gn/T/parlor-audit-dsc01-apphost-01-zbq7j_1u/DerivedData/Build/Intermediates.noindex/iosApp.build/Debug-iphonesimulator/iosApp.build/Parlor-all-target-headers.hmap -Xcc -iquote -Xcc /var/folders/6m/vxwlbjsn7vs6h80_98w6x7p40000gn/T/parlor-audit-dsc01-apphost-01-zbq7j_1u/DerivedData/Build/Intermediates.noindex/iosApp.build/Debug-iphonesimulator/iosApp.build/Parlor-project-headers.hmap -Xcc -I/var/folders/6m/vxwlbjsn7vs6h80_98w6x7p40000gn/T/parlor-audit-dsc01-apphost-01-zbq7j_1u/DerivedData/Build/Products/Debug-iphonesimulator/include -Xcc -I/var/folders/6m/vxwlbjsn7vs6h80_98w6x7p40000gn/T/parlor-audit-dsc01-apphost-01-zbq7j_1u/DerivedData/Build/Intermediates.noindex/iosApp.build/Debug-iphonesimulator/iosApp.build/DerivedSources-normal/arm64 -Xcc -I/var/folders/6m/vxwlbjsn7vs6h80_98w6x7p40000gn/T/parlor-audit-dsc01-apphost-01-zbq7j_1u/DerivedData/Build/Intermediates.noindex/iosApp.build/Debug-iphonesimulator/iosApp.build/DerivedSources/arm64 -Xcc -I/var/folders/6m/vxwlbjsn7vs6h80_98w6x7p40000gn/T/parlor-audit-dsc01-apphost-01-zbq7j_1u/DerivedData/Build/Intermediates.noindex/iosApp.build/Debug-iphonesimulator/iosApp.build/DerivedSources -Xcc -DDEBUG\=1 -emit-objc-header -emit-objc-header-path /var/folders/6m/vxwlbjsn7vs6h80_98w6x7p40000gn/T/parlor-audit-dsc01-apphost-01-zbq7j_1u/DerivedData/Build/Intermediates.noindex/iosApp.build/Debug-iphonesimulator/iosApp.build/Objects-normal/arm64/Parlor-Swift.h -working-directory /var/folders/6m/vxwlbjsn7vs6h80_98w6x7p40000gn/T/parlor-audit-dsc01-apphost-01-zbq7j_1u/copy/iosApp -experimental-emit-module-separately -disable-cmo

Ld /var/folders/6m/vxwlbjsn7vs6h80_98w6x7p40000gn/T/parlor-audit-dsc01-apphost-01-zbq7j_1u/DerivedData/Build/Products/Debug-iphonesimulator/Parlor.app/Parlor.debug.dylib normal (in target 'iosApp' from project 'iosApp')
    cd /var/folders/6m/vxwlbjsn7vs6h80_98w6x7p40000gn/T/parlor-audit-dsc01-apphost-01-zbq7j_1u/copy/iosApp
    /Applications/Xcode.app/Contents/Developer/Toolchains/XcodeDefault.xctoolchain/usr/bin/clang -Xlinker -reproducible -target arm64-apple-ios16.0-simulator -dynamiclib -isysroot /Applications/Xcode.app/Contents/Developer/Platforms/iPhoneSimulator.platform/Developer/SDKs/iPhoneSimulator26.5.sdk -O0 -L/var/folders/6m/vxwlbjsn7vs6h80_98w6x7p40000gn/T/parlor-audit-dsc01-apphost-01-zbq7j_1u/DerivedData/Build/Intermediates.noindex/EagerLinkingTBDs/Debug-iphonesimulator -L/var/folders/6m/vxwlbjsn7vs6h80_98w6x7p40000gn/T/parlor-audit-dsc01-apphost-01-zbq7j_1u/DerivedData/Build/Products/Debug-iphonesimulator -F/var/folders/6m/vxwlbjsn7vs6h80_98w6x7p40000gn/T/parlor-audit-dsc01-apphost-01-zbq7j_1u/DerivedData/Build/Intermediates.noindex/EagerLinkingTBDs/Debug-iphonesimulator -F/var/folders/6m/vxwlbjsn7vs6h80_98w6x7p40000gn/T/parlor-audit-dsc01-apphost-01-zbq7j_1u/DerivedData/Build/Products/Debug-iphonesimulator -F/var/folders/6m/vxwlbjsn7vs6h80_98w6x7p40000gn/T/parlor-audit-dsc01-apphost-01-zbq7j_1u/copy/composeApp/build/xcode-frameworks/Debug/iphonesimulator26.5 -filelist /var/folders/6m/vxwlbjsn7vs6h80_98w6x7p40000gn/T/parlor-audit-dsc01-apphost-01-zbq7j_1u/DerivedData/Build/Intermediates.noindex/iosApp.build/Debug-iphonesimulator/iosApp.build/Objects-normal/arm64/Parlor.LinkFileList -install_name @rpath/Parlor.debug.dylib -Xlinker -rpath -Xlinker /usr/lib/swift -Xlinker -rpath -Xlinker @executable_path/Frameworks -Xlinker -dead_strip -Xlinker -object_path_lto -Xlinker /var/folders/6m/vxwlbjsn7vs6h80_98w6x7p40000gn/T/parlor-audit-dsc01-apphost-01-zbq7j_1u/DerivedData/Build/Intermediates.noindex/iosApp.build/Debug-iphonesimulator/iosApp.build/Objects-normal/arm64/Parlor_lto.o -rdynamic -Xlinker -no_deduplicate -Xlinker -objc_abi_version -Xlinker 2 -Xlinker -dependency_info -Xlinker /var/folders/6m/vxwlbjsn7vs6h80_98w6x7p40000gn/T/parlor-audit-dsc01-apphost-01-zbq7j_1u/DerivedData/Build/Intermediates.noindex/iosApp.build/Debug-iphonesimulator/iosApp.build/Objects-normal/arm64/Parlor_dependency_info.dat -fobjc-link-runtime -L/Applications/Xcode.app/Contents/Developer/Toolchains/XcodeDefault.xctoolchain/usr/lib/swift/iphonesimulator -L/usr/lib/swift -Xlinker -add_ast_path -Xlinker /var/folders/6m/vxwlbjsn7vs6h80_98w6x7p40000gn/T/parlor-audit-dsc01-apphost-01-zbq7j_1u/DerivedData/Build/Intermediates.noindex/iosApp.build/Debug-iphonesimulator/iosApp.build/Objects-normal/arm64/Parlor.swiftmodule @/var/folders/6m/vxwlbjsn7vs6h80_98w6x7p40000gn/T/parlor-audit-dsc01-apphost-01-zbq7j_1u/DerivedData/Build/Intermediates.noindex/iosApp.build/Debug-iphonesimulator/iosApp.build/Objects-normal/arm64/Parlor-linker-args.resp -Xlinker -alias -Xlinker _main -Xlinker ___debug_main_executable_dylib_entry_point -o /var/folders/6m/vxwlbjsn7vs6h80_98w6x7p40000gn/T/parlor-audit-dsc01-apphost-01-zbq7j_1u/DerivedData/Build/Products/Debug-iphonesimulator/Parlor.app/Parlor.debug.dylib

ConstructStubExecutorLinkFileList /var/folders/6m/vxwlbjsn7vs6h80_98w6x7p40000gn/T/parlor-audit-dsc01-apphost-01-zbq7j_1u/DerivedData/Build/Intermediates.noindex/iosApp.build/Debug-iphonesimulator/iosApp.build/Parlor-ExecutorLinkFileList-normal-arm64.txt (in target 'iosApp' from project 'iosApp')
    cd /var/folders/6m/vxwlbjsn7vs6h80_98w6x7p40000gn/T/parlor-audit-dsc01-apphost-01-zbq7j_1u/copy/iosApp
    construct-stub-executor-link-file-list /var/folders/6m/vxwlbjsn7vs6h80_98w6x7p40000gn/T/parlor-audit-dsc01-apphost-01-zbq7j_1u/DerivedData/Build/Products/Debug-iphonesimulator/Parlor.app/Parlor.debug.dylib /Applications/Xcode.app/Contents/Developer/Platforms/iPhoneSimulator.platform/Developer/usr/lib/libPreviewsJITStubExecutor_no_swift_entry_point.a /Applications/Xcode.app/Contents/Developer/Platforms/iPhoneSimulator.platform/Developer/usr/lib/libPreviewsJITStubExecutor.a --output /var/folders/6m/vxwlbjsn7vs6h80_98w6x7p40000gn/T/parlor-audit-dsc01-apphost-01-zbq7j_1u/DerivedData/Build/Intermediates.noindex/iosApp.build/Debug-iphonesimulator/iosApp.build/Parlor-ExecutorLinkFileList-normal-arm64.txt
note: Using stub executor library with Swift entry point. (in target 'iosApp' from project 'iosApp')

Ld /var/folders/6m/vxwlbjsn7vs6h80_98w6x7p40000gn/T/parlor-audit-dsc01-apphost-01-zbq7j_1u/DerivedData/Build/Products/Debug-iphonesimulator/Parlor.app/Parlor normal (in target 'iosApp' from project 'iosApp')
    cd /var/folders/6m/vxwlbjsn7vs6h80_98w6x7p40000gn/T/parlor-audit-dsc01-apphost-01-zbq7j_1u/copy/iosApp
    /Applications/Xcode.app/Contents/Developer/Toolchains/XcodeDefault.xctoolchain/usr/bin/clang -Xlinker -reproducible -target arm64-apple-ios16.0-simulator -isysroot /Applications/Xcode.app/Contents/Developer/Platforms/iPhoneSimulator.platform/Developer/SDKs/iPhoneSimulator26.5.sdk -O0 -L/var/folders/6m/vxwlbjsn7vs6h80_98w6x7p40000gn/T/parlor-audit-dsc01-apphost-01-zbq7j_1u/DerivedData/Build/Products/Debug-iphonesimulator -F/var/folders/6m/vxwlbjsn7vs6h80_98w6x7p40000gn/T/parlor-audit-dsc01-apphost-01-zbq7j_1u/DerivedData/Build/Products/Debug-iphonesimulator -F/var/folders/6m/vxwlbjsn7vs6h80_98w6x7p40000gn/T/parlor-audit-dsc01-apphost-01-zbq7j_1u/copy/composeApp/build/xcode-frameworks/Debug/iphonesimulator26.5 -Xlinker -rpath -Xlinker @executable_path -Xlinker -rpath -Xlinker @executable_path/Frameworks -rdynamic -Xlinker -no_deduplicate -Xlinker -objc_abi_version -Xlinker 2 -e ___debug_blank_executor_main -Xlinker -sectcreate -Xlinker __TEXT -Xlinker __debug_dylib -Xlinker /var/folders/6m/vxwlbjsn7vs6h80_98w6x7p40000gn/T/parlor-audit-dsc01-apphost-01-zbq7j_1u/DerivedData/Build/Intermediates.noindex/iosApp.build/Debug-iphonesimulator/iosApp.build/Parlor-DebugDylibPath-normal-arm64.txt -Xlinker -sectcreate -Xlinker __TEXT -Xlinker __debug_instlnm -Xlinker /var/folders/6m/vxwlbjsn7vs6h80_98w6x7p40000gn/T/parlor-audit-dsc01-apphost-01-zbq7j_1u/DerivedData/Build/Intermediates.noindex/iosApp.build/Debug-iphonesimulator/iosApp.build/Parlor-DebugDylibInstallName-normal-arm64.txt -Xlinker -filelist -Xlinker /var/folders/6m/vxwlbjsn7vs6h80_98w6x7p40000gn/T/parlor-audit-dsc01-apphost-01-zbq7j_1u/DerivedData/Build/Intermediates.noindex/iosApp.build/Debug-iphonesimulator/iosApp.build/Parlor-ExecutorLinkFileList-normal-arm64.txt /var/folders/6m/vxwlbjsn7vs6h80_98w6x7p40000gn/T/parlor-audit-dsc01-apphost-01-zbq7j_1u/DerivedData/Build/Products/Debug-iphonesimulator/Parlor.app/Parlor.debug.dylib -o /var/folders/6m/vxwlbjsn7vs6h80_98w6x7p40000gn/T/parlor-audit-dsc01-apphost-01-zbq7j_1u/DerivedData/Build/Products/Debug-iphonesimulator/Parlor.app/Parlor

ExtractAppIntentsMetadata (in target 'iosApp' from project 'iosApp')
    cd /var/folders/6m/vxwlbjsn7vs6h80_98w6x7p40000gn/T/parlor-audit-dsc01-apphost-01-zbq7j_1u/copy/iosApp
    /Applications/Xcode.app/Contents/Developer/Toolchains/XcodeDefault.xctoolchain/usr/bin/appintentsmetadataprocessor --toolchain-dir /Applications/Xcode.app/Contents/Developer/Toolchains/XcodeDefault.xctoolchain --module-name Parlor --sdk-root /Applications/Xcode.app/Contents/Developer/Platforms/iPhoneSimulator.platform/Developer/SDKs/iPhoneSimulator26.5.sdk --xcode-version 17F42 --platform-family iOS --deployment-target 16.0 --bundle-identifier com.parlor.app.debug --output /var/folders/6m/vxwlbjsn7vs6h80_98w6x7p40000gn/T/parlor-audit-dsc01-apphost-01-zbq7j_1u/DerivedData/Build/Products/Debug-iphonesimulator/Parlor.app --target-triple arm64-apple-ios16.0-simulator --binary-file /var/folders/6m/vxwlbjsn7vs6h80_98w6x7p40000gn/T/parlor-audit-dsc01-apphost-01-zbq7j_1u/DerivedData/Build/Products/Debug-iphonesimulator/Parlor.app/Parlor --dependency-file /var/folders/6m/vxwlbjsn7vs6h80_98w6x7p40000gn/T/parlor-audit-dsc01-apphost-01-zbq7j_1u/DerivedData/Build/Intermediates.noindex/iosApp.build/Debug-iphonesimulator/iosApp.build/Objects-normal/arm64/Parlor_dependency_info.dat --stringsdata-file /var/folders/6m/vxwlbjsn7vs6h80_98w6x7p40000gn/T/parlor-audit-dsc01-apphost-01-zbq7j_1u/DerivedData/Build/Intermediates.noindex/iosApp.build/Debug-iphonesimulator/iosApp.build/Objects-normal/arm64/ExtractedAppShortcutsMetadata.stringsdata --source-file-list /var/folders/6m/vxwlbjsn7vs6h80_98w6x7p40000gn/T/parlor-audit-dsc01-apphost-01-zbq7j_1u/DerivedData/Build/Intermediates.noindex/iosApp.build/Debug-iphonesimulator/iosApp.build/Objects-normal/arm64/Parlor.SwiftFileList --metadata-file-list /var/folders/6m/vxwlbjsn7vs6h80_98w6x7p40000gn/T/parlor-audit-dsc01-apphost-01-zbq7j_1u/DerivedData/Build/Intermediates.noindex/iosApp.build/Debug-iphonesimulator/iosApp.build/Parlor.DependencyMetadataFileList --static-metadata-file-list /var/folders/6m/vxwlbjsn7vs6h80_98w6x7p40000gn/T/parlor-audit-dsc01-apphost-01-zbq7j_1u/DerivedData/Build/Intermediates.noindex/iosApp.build/Debug-iphonesimulator/iosApp.build/Parlor.DependencyStaticMetadataFileList --swift-const-vals-list /var/folders/6m/vxwlbjsn7vs6h80_98w6x7p40000gn/T/parlor-audit-dsc01-apphost-01-zbq7j_1u/DerivedData/Build/Intermediates.noindex/iosApp.build/Debug-iphonesimulator/iosApp.build/Objects-normal/arm64/Parlor.SwiftConstValuesFileList --compile-time-extraction --deployment-aware-processing --validate-assistant-intents --no-app-shortcuts-localization
2026-09-06 11:24:39.842 appintentsmetadataprocessor[18776:1751647] Starting appintentsmetadataprocessor export
2026-09-06 11:24:39.846 appintentsmetadataprocessor[18776:1751647] warning: Metadata extraction skipped. No AppIntents.framework dependency found.

CopySwiftLibs /var/folders/6m/vxwlbjsn7vs6h80_98w6x7p40000gn/T/parlor-audit-dsc01-apphost-01-zbq7j_1u/DerivedData/Build/Products/Debug-iphonesimulator/Parlor.app (in target 'iosApp' from project 'iosApp')
    cd /var/folders/6m/vxwlbjsn7vs6h80_98w6x7p40000gn/T/parlor-audit-dsc01-apphost-01-zbq7j_1u/copy/iosApp
    builtin-swiftStdLibTool --copy --verbose --scan-executable /var/folders/6m/vxwlbjsn7vs6h80_98w6x7p40000gn/T/parlor-audit-dsc01-apphost-01-zbq7j_1u/DerivedData/Build/Products/Debug-iphonesimulator/Parlor.app/Parlor.debug.dylib --scan-folder /var/folders/6m/vxwlbjsn7vs6h80_98w6x7p40000gn/T/parlor-audit-dsc01-apphost-01-zbq7j_1u/DerivedData/Build/Products/Debug-iphonesimulator/Parlor.app/Frameworks --scan-folder /var/folders/6m/vxwlbjsn7vs6h80_98w6x7p40000gn/T/parlor-audit-dsc01-apphost-01-zbq7j_1u/DerivedData/Build/Products/Debug-iphonesimulator/Parlor.app/PlugIns --scan-folder /var/folders/6m/vxwlbjsn7vs6h80_98w6x7p40000gn/T/parlor-audit-dsc01-apphost-01-zbq7j_1u/DerivedData/Build/Products/Debug-iphonesimulator/Parlor.app/SystemExtensions --scan-folder /var/folders/6m/vxwlbjsn7vs6h80_98w6x7p40000gn/T/parlor-audit-dsc01-apphost-01-zbq7j_1u/DerivedData/Build/Products/Debug-iphonesimulator/Parlor.app/Extensions --platform iphonesimulator --toolchain /Applications/Xcode.app/Contents/Developer/Toolchains/XcodeDefault.xctoolchain --destination /var/folders/6m/vxwlbjsn7vs6h80_98w6x7p40000gn/T/parlor-audit-dsc01-apphost-01-zbq7j_1u/DerivedData/Build/Products/Debug-iphonesimulator/Parlor.app/Frameworks --strip-bitcode --strip-bitcode-tool /Applications/Xcode.app/Contents/Developer/Toolchains/XcodeDefault.xctoolchain/usr/bin/bitcode_strip --emit-dependency-info /var/folders/6m/vxwlbjsn7vs6h80_98w6x7p40000gn/T/parlor-audit-dsc01-apphost-01-zbq7j_1u/DerivedData/Build/Intermediates.noindex/iosApp.build/Debug-iphonesimulator/iosApp.build/SwiftStdLibToolInputDependencies.dep --filter-for-swift-os
Ignoring --strip-bitcode because --sign was not passed

AppIntentsSSUTraining (in target 'iosApp' from project 'iosApp')
    cd /var/folders/6m/vxwlbjsn7vs6h80_98w6x7p40000gn/T/parlor-audit-dsc01-apphost-01-zbq7j_1u/copy/iosApp
    /Applications/Xcode.app/Contents/Developer/Toolchains/XcodeDefault.xctoolchain/usr/bin/appintentsnltrainingprocessor --infoplist-path /var/folders/6m/vxwlbjsn7vs6h80_98w6x7p40000gn/T/parlor-audit-dsc01-apphost-01-zbq7j_1u/DerivedData/Build/Products/Debug-iphonesimulator/Parlor.app/Info.plist --temp-dir-path /var/folders/6m/vxwlbjsn7vs6h80_98w6x7p40000gn/T/parlor-audit-dsc01-apphost-01-zbq7j_1u/DerivedData/Build/Intermediates.noindex/iosApp.build/Debug-iphonesimulator/iosApp.build/ssu --bundle-id com.parlor.app.debug --product-path /var/folders/6m/vxwlbjsn7vs6h80_98w6x7p40000gn/T/parlor-audit-dsc01-apphost-01-zbq7j_1u/DerivedData/Build/Products/Debug-iphonesimulator/Parlor.app --extracted-metadata-path /var/folders/6m/vxwlbjsn7vs6h80_98w6x7p40000gn/T/parlor-audit-dsc01-apphost-01-zbq7j_1u/DerivedData/Build/Products/Debug-iphonesimulator/Parlor.app/Metadata.appintents --metadata-file-list /var/folders/6m/vxwlbjsn7vs6h80_98w6x7p40000gn/T/parlor-audit-dsc01-apphost-01-zbq7j_1u/DerivedData/Build/Intermediates.noindex/iosApp.build/Debug-iphonesimulator/iosApp.build/Parlor.DependencyMetadataFileList --source-file /var/folders/6m/vxwlbjsn7vs6h80_98w6x7p40000gn/T/parlor-audit-dsc01-apphost-01-zbq7j_1u/DerivedData/Build/Products/Debug-iphonesimulator/Parlor.app/Info.plist --archive-ssu-assets
2026-09-06 11:24:39.909 appintentsnltrainingprocessor[18778:1751658] Parsing options for appintentsnltrainingprocessor
2026-09-06 11:24:39.910 appintentsnltrainingprocessor[18778:1751658] Starting AppIntents SSU YAML Generation
2026-09-06 11:24:39.912 appintentsnltrainingprocessor[18778:1751658] No AppShortcuts found - Skipping.

SwiftDriver iosAppUITests normal arm64 com.apple.xcode.tools.swift.compiler (in target 'iosAppUITests' from project 'iosApp')
    cd /var/folders/6m/vxwlbjsn7vs6h80_98w6x7p40000gn/T/parlor-audit-dsc01-apphost-01-zbq7j_1u/copy/iosApp
    builtin-SwiftDriver -- /Applications/Xcode.app/Contents/Developer/Toolchains/XcodeDefault.xctoolchain/usr/bin/swiftc -module-name iosAppUITests -Onone @/var/folders/6m/vxwlbjsn7vs6h80_98w6x7p40000gn/T/parlor-audit-dsc01-apphost-01-zbq7j_1u/DerivedData/Build/Intermediates.noindex/iosApp.build/Debug-iphonesimulator/iosAppUITests.build/Objects-normal/arm64/iosAppUITests.SwiftFileList -DDEBUG -module-alias Testing\=_Testing_Unavailable -plugin-path /Applications/Xcode.app/Contents/Developer/Toolchains/XcodeDefault.xctoolchain/usr/lib/swift/host/plugins/testing -enable-bare-slash-regex -enable-experimental-feature DebugDescriptionMacro -sdk /Applications/Xcode.app/Contents/Developer/Platforms/iPhoneSimulator.platform/Developer/SDKs/iPhoneSimulator26.5.sdk -target arm64-apple-ios16.0-simulator -g -module-cache-path /var/folders/6m/vxwlbjsn7vs6h80_98w6x7p40000gn/T/parlor-audit-dsc01-apphost-01-zbq7j_1u/DerivedData/ModuleCache.noindex -Xfrontend -serialize-debugging-options -enable-testing -Xcc -D_LIBCPP_HARDENING_MODE\=_LIBCPP_HARDENING_MODE_DEBUG -swift-version 5 -I /var/folders/6m/vxwlbjsn7vs6h80_98w6x7p40000gn/T/parlor-audit-dsc01-apphost-01-zbq7j_1u/DerivedData/Build/Products/Debug-iphonesimulator -Isystem /Applications/Xcode.app/Contents/Developer/Platforms/iPhoneSimulator.platform/Developer/usr/lib -F /var/folders/6m/vxwlbjsn7vs6h80_98w6x7p40000gn/T/parlor-audit-dsc01-apphost-01-zbq7j_1u/DerivedData/Build/Products/Debug-iphonesimulator -F /Applications/Xcode.app/Contents/Developer/Platforms/iPhoneSimulator.platform/Developer/Library/Frameworks -F /Applications/Xcode.app/Contents/Developer/Platforms/iPhoneSimulator.platform/Developer/SDKs/iPhoneSimulator26.5.sdk/Developer/Library/Frameworks -parse-as-library -c -j10 -enable-batch-mode -incremental -Xcc -ivfsstatcache -Xcc /var/folders/6m/vxwlbjsn7vs6h80_98w6x7p40000gn/T/parlor-audit-dsc01-apphost-01-zbq7j_1u/DerivedData/SDKStatCaches.noindex/iphonesimulator26.5-23F73-6cfe768891a92b912361537c460fe42b.sdkstatcache -output-file-map /var/folders/6m/vxwlbjsn7vs6h80_98w6x7p40000gn/T/parlor-audit-dsc01-apphost-01-zbq7j_1u/DerivedData/Build/Intermediates.noindex/iosApp.build/Debug-iphonesimulator/iosAppUITests.build/Objects-normal/arm64/iosAppUITests-OutputFileMap.json -use-frontend-parseable-output -save-temps -no-color-diagnostics -explicit-module-build -module-cache-path /var/folders/6m/vxwlbjsn7vs6h80_98w6x7p40000gn/T/parlor-audit-dsc01-apphost-01-zbq7j_1u/DerivedData/Build/Intermediates.noindex/SwiftExplicitPrecompiledModules -clang-scanner-module-cache-path /var/folders/6m/vxwlbjsn7vs6h80_98w6x7p40000gn/T/parlor-audit-dsc01-apphost-01-zbq7j_1u/DerivedData/ModuleCache.noindex -sdk-module-cache-path /var/folders/6m/vxwlbjsn7vs6h80_98w6x7p40000gn/T/parlor-audit-dsc01-apphost-01-zbq7j_1u/DerivedData/ModuleCache.noindex -serialize-diagnostics -emit-dependencies -emit-module -emit-module-path /var/folders/6m/vxwlbjsn7vs6h80_98w6x7p40000gn/T/parlor-audit-dsc01-apphost-01-zbq7j_1u/DerivedData/Build/Intermediates.noindex/iosApp.build/Debug-iphonesimulator/iosAppUITests.build/Objects-normal/arm64/iosAppUITests.swiftmodule -validate-clang-modules-once -clang-build-session-file /var/folders/6m/vxwlbjsn7vs6h80_98w6x7p40000gn/T/parlor-audit-dsc01-apphost-01-zbq7j_1u/DerivedData/ModuleCache.noindex/Session.modulevalidation -Xcc -I/var/folders/6m/vxwlbjsn7vs6h80_98w6x7p40000gn/T/parlor-audit-dsc01-apphost-01-zbq7j_1u/DerivedData/Build/Intermediates.noindex/iosApp.build/Debug-iphonesimulator/iosAppUITests.build/swift-overrides.hmap -emit-const-values -Xfrontend -const-gather-protocols-file -Xfrontend /var/folders/6m/vxwlbjsn7vs6h80_98w6x7p40000gn/T/parlor-audit-dsc01-apphost-01-zbq7j_1u/DerivedData/Build/Intermediates.noindex/iosApp.build/Debug-iphonesimulator/iosAppUITests.build/Objects-normal/arm64/iosAppUITests_const_extract_protocols.json -Xcc -iquote -Xcc /var/folders/6m/vxwlbjsn7vs6h80_98w6x7p40000gn/T/parlor-audit-dsc01-apphost-01-zbq7j_1u/DerivedData/Build/Intermediates.noindex/iosApp.build/Debug-iphonesimulator/iosAppUITests.build/iosAppUITests-generated-files.hmap -Xcc -I/var/folders/6m/vxwlbjsn7vs6h80_98w6x7p40000gn/T/parlor-audit-dsc01-apphost-01-zbq7j_1u/DerivedData/Build/Intermediates.noindex/iosApp.build/Debug-iphonesimulator/iosAppUITests.build/iosAppUITests-own-target-headers.hmap -Xcc -I/var/folders/6m/vxwlbjsn7vs6h80_98w6x7p40000gn/T/parlor-audit-dsc01-apphost-01-zbq7j_1u/DerivedData/Build/Intermediates.noindex/iosApp.build/Debug-iphonesimulator/iosAppUITests.build/iosAppUITests-all-target-headers.hmap -Xcc -iquote -Xcc /var/folders/6m/vxwlbjsn7vs6h80_98w6x7p40000gn/T/parlor-audit-dsc01-apphost-01-zbq7j_1u/DerivedData/Build/Intermediates.noindex/iosApp.build/Debug-iphonesimulator/iosAppUITests.build/iosAppUITests-project-headers.hmap -Xcc -I/var/folders/6m/vxwlbjsn7vs6h80_98w6x7p40000gn/T/parlor-audit-dsc01-apphost-01-zbq7j_1u/DerivedData/Build/Products/Debug-iphonesimulator/include -Xcc -I/var/folders/6m/vxwlbjsn7vs6h80_98w6x7p40000gn/T/parlor-audit-dsc01-apphost-01-zbq7j_1u/DerivedData/Build/Intermediates.noindex/iosApp.build/Debug-iphonesimulator/iosAppUITests.build/DerivedSources-normal/arm64 -Xcc -I/var/folders/6m/vxwlbjsn7vs6h80_98w6x7p40000gn/T/parlor-audit-dsc01-apphost-01-zbq7j_1u/DerivedData/Build/Intermediates.noindex/iosApp.build/Debug-iphonesimulator/iosAppUITests.build/DerivedSources/arm64 -Xcc -I/var/folders/6m/vxwlbjsn7vs6h80_98w6x7p40000gn/T/parlor-audit-dsc01-apphost-01-zbq7j_1u/DerivedData/Build/Intermediates.noindex/iosApp.build/Debug-iphonesimulator/iosAppUITests.build/DerivedSources -Xcc -DDEBUG\=1 -emit-objc-header -emit-objc-header-path /var/folders/6m/vxwlbjsn7vs6h80_98w6x7p40000gn/T/parlor-audit-dsc01-apphost-01-zbq7j_1u/DerivedData/Build/Intermediates.noindex/iosApp.build/Debug-iphonesimulator/iosAppUITests.build/Objects-normal/arm64/iosAppUITests-Swift.h -working-directory /var/folders/6m/vxwlbjsn7vs6h80_98w6x7p40000gn/T/parlor-audit-dsc01-apphost-01-zbq7j_1u/copy/iosApp -experimental-emit-module-separately -disable-cmo

SwiftExplicitDependencyGeneratePcm arm64 /var/folders/6m/vxwlbjsn7vs6h80_98w6x7p40000gn/T/parlor-audit-dsc01-apphost-01-zbq7j_1u/DerivedData/Build/Intermediates.noindex/SwiftExplicitPrecompiledModules/XCUIAutomation-2SGMENERNTW8VKO85NJ2EWUQ5.pcm

SwiftExplicitDependencyCompileModuleFromInterface arm64 /var/folders/6m/vxwlbjsn7vs6h80_98w6x7p40000gn/T/parlor-audit-dsc01-apphost-01-zbq7j_1u/DerivedData/Build/Intermediates.noindex/SwiftExplicitPrecompiledModules/XCUIAutomation-3VLY47SW5MUS4.swiftmodule

SwiftExplicitDependencyGeneratePcm arm64 /var/folders/6m/vxwlbjsn7vs6h80_98w6x7p40000gn/T/parlor-audit-dsc01-apphost-01-zbq7j_1u/DerivedData/Build/Intermediates.noindex/SwiftExplicitPrecompiledModules/XCTest-1H249M8OXCCVIRJQ85PPOFEDH.pcm

SwiftExplicitDependencyCompileModuleFromInterface arm64 /var/folders/6m/vxwlbjsn7vs6h80_98w6x7p40000gn/T/parlor-audit-dsc01-apphost-01-zbq7j_1u/DerivedData/Build/Intermediates.noindex/SwiftExplicitPrecompiledModules/XCTest-PTEL2KUTLUVH.swiftmodule

SwiftEmitModule normal arm64 Emitting\ module\ for\ iosAppUITests (in target 'iosAppUITests' from project 'iosApp')

SwiftCompile normal arm64 /var/folders/6m/vxwlbjsn7vs6h80_98w6x7p40000gn/T/parlor-audit-dsc01-apphost-01-zbq7j_1u/copy/iosApp/iosAppUITests/IOSAppLaunchUITests.swift (in target 'iosAppUITests' from project 'iosApp')
    cd /var/folders/6m/vxwlbjsn7vs6h80_98w6x7p40000gn/T/parlor-audit-dsc01-apphost-01-zbq7j_1u/copy/iosApp
    

SwiftCompile normal arm64 Compiling\ IOSAppLaunchUITests.swift /var/folders/6m/vxwlbjsn7vs6h80_98w6x7p40000gn/T/parlor-audit-dsc01-apphost-01-zbq7j_1u/copy/iosApp/iosAppUITests/IOSAppLaunchUITests.swift (in target 'iosAppUITests' from project 'iosApp')

SwiftCompile normal arm64 /var/folders/6m/vxwlbjsn7vs6h80_98w6x7p40000gn/T/parlor-audit-dsc01-apphost-01-zbq7j_1u/copy/iosApp/iosAppUITests/IOSAppLaunchUITests.swift (in target 'iosAppUITests' from project 'iosApp')
    cd /var/folders/6m/vxwlbjsn7vs6h80_98w6x7p40000gn/T/parlor-audit-dsc01-apphost-01-zbq7j_1u/copy/iosApp
    

SwiftDriverJobDiscovery normal arm64 Emitting module for iosAppUITests (in target 'iosAppUITests' from project 'iosApp')

SwiftDriver\ Compilation\ Requirements iosAppUITests normal arm64 com.apple.xcode.tools.swift.compiler (in target 'iosAppUITests' from project 'iosApp')
    cd /var/folders/6m/vxwlbjsn7vs6h80_98w6x7p40000gn/T/parlor-audit-dsc01-apphost-01-zbq7j_1u/copy/iosApp
    builtin-Swift-Compilation-Requirements -- /Applications/Xcode.app/Contents/Developer/Toolchains/XcodeDefault.xctoolchain/usr/bin/swiftc -module-name iosAppUITests -Onone @/var/folders/6m/vxwlbjsn7vs6h80_98w6x7p40000gn/T/parlor-audit-dsc01-apphost-01-zbq7j_1u/DerivedData/Build/Intermediates.noindex/iosApp.build/Debug-iphonesimulator/iosAppUITests.build/Objects-normal/arm64/iosAppUITests.SwiftFileList -DDEBUG -module-alias Testing\=_Testing_Unavailable -plugin-path /Applications/Xcode.app/Contents/Developer/Toolchains/XcodeDefault.xctoolchain/usr/lib/swift/host/plugins/testing -enable-bare-slash-regex -enable-experimental-feature DebugDescriptionMacro -sdk /Applications/Xcode.app/Contents/Developer/Platforms/iPhoneSimulator.platform/Developer/SDKs/iPhoneSimulator26.5.sdk -target arm64-apple-ios16.0-simulator -g -module-cache-path /var/folders/6m/vxwlbjsn7vs6h80_98w6x7p40000gn/T/parlor-audit-dsc01-apphost-01-zbq7j_1u/DerivedData/ModuleCache.noindex -Xfrontend -serialize-debugging-options -enable-testing -Xcc -D_LIBCPP_HARDENING_MODE\=_LIBCPP_HARDENING_MODE_DEBUG -swift-version 5 -I /var/folders/6m/vxwlbjsn7vs6h80_98w6x7p40000gn/T/parlor-audit-dsc01-apphost-01-zbq7j_1u/DerivedData/Build/Products/Debug-iphonesimulator -Isystem /Applications/Xcode.app/Contents/Developer/Platforms/iPhoneSimulator.platform/Developer/usr/lib -F /var/folders/6m/vxwlbjsn7vs6h80_98w6x7p40000gn/T/parlor-audit-dsc01-apphost-01-zbq7j_1u/DerivedData/Build/Products/Debug-iphonesimulator -F /Applications/Xcode.app/Contents/Developer/Platforms/iPhoneSimulator.platform/Developer/Library/Frameworks -F /Applications/Xcode.app/Contents/Developer/Platforms/iPhoneSimulator.platform/Developer/SDKs/iPhoneSimulator26.5.sdk/Developer/Library/Frameworks -parse-as-library -c -j10 -enable-batch-mode -incremental -Xcc -ivfsstatcache -Xcc /var/folders/6m/vxwlbjsn7vs6h80_98w6x7p40000gn/T/parlor-audit-dsc01-apphost-01-zbq7j_1u/DerivedData/SDKStatCaches.noindex/iphonesimulator26.5-23F73-6cfe768891a92b912361537c460fe42b.sdkstatcache -output-file-map /var/folders/6m/vxwlbjsn7vs6h80_98w6x7p40000gn/T/parlor-audit-dsc01-apphost-01-zbq7j_1u/DerivedData/Build/Intermediates.noindex/iosApp.build/Debug-iphonesimulator/iosAppUITests.build/Objects-normal/arm64/iosAppUITests-OutputFileMap.json -use-frontend-parseable-output -save-temps -no-color-diagnostics -explicit-module-build -module-cache-path /var/folders/6m/vxwlbjsn7vs6h80_98w6x7p40000gn/T/parlor-audit-dsc01-apphost-01-zbq7j_1u/DerivedData/Build/Intermediates.noindex/SwiftExplicitPrecompiledModules -clang-scanner-module-cache-path /var/folders/6m/vxwlbjsn7vs6h80_98w6x7p40000gn/T/parlor-audit-dsc01-apphost-01-zbq7j_1u/DerivedData/ModuleCache.noindex -sdk-module-cache-path /var/folders/6m/vxwlbjsn7vs6h80_98w6x7p40000gn/T/parlor-audit-dsc01-apphost-01-zbq7j_1u/DerivedData/ModuleCache.noindex -serialize-diagnostics -emit-dependencies -emit-module -emit-module-path /var/folders/6m/vxwlbjsn7vs6h80_98w6x7p40000gn/T/parlor-audit-dsc01-apphost-01-zbq7j_1u/DerivedData/Build/Intermediates.noindex/iosApp.build/Debug-iphonesimulator/iosAppUITests.build/Objects-normal/arm64/iosAppUITests.swiftmodule -validate-clang-modules-once -clang-build-session-file /var/folders/6m/vxwlbjsn7vs6h80_98w6x7p40000gn/T/parlor-audit-dsc01-apphost-01-zbq7j_1u/DerivedData/ModuleCache.noindex/Session.modulevalidation -Xcc -I/var/folders/6m/vxwlbjsn7vs6h80_98w6x7p40000gn/T/parlor-audit-dsc01-apphost-01-zbq7j_1u/DerivedData/Build/Intermediates.noindex/iosApp.build/Debug-iphonesimulator/iosAppUITests.build/swift-overrides.hmap -emit-const-values -Xfrontend -const-gather-protocols-file -Xfrontend /var/folders/6m/vxwlbjsn7vs6h80_98w6x7p40000gn/T/parlor-audit-dsc01-apphost-01-zbq7j_1u/DerivedData/Build/Intermediates.noindex/iosApp.build/Debug-iphonesimulator/iosAppUITests.build/Objects-normal/arm64/iosAppUITests_const_extract_protocols.json -Xcc -iquote -Xcc /var/folders/6m/vxwlbjsn7vs6h80_98w6x7p40000gn/T/parlor-audit-dsc01-apphost-01-zbq7j_1u/DerivedData/Build/Intermediates.noindex/iosApp.build/Debug-iphonesimulator/iosAppUITests.build/iosAppUITests-generated-files.hmap -Xcc -I/var/folders/6m/vxwlbjsn7vs6h80_98w6x7p40000gn/T/parlor-audit-dsc01-apphost-01-zbq7j_1u/DerivedData/Build/Intermediates.noindex/iosApp.build/Debug-iphonesimulator/iosAppUITests.build/iosAppUITests-own-target-headers.hmap -Xcc -I/var/folders/6m/vxwlbjsn7vs6h80_98w6x7p40000gn/T/parlor-audit-dsc01-apphost-01-zbq7j_1u/DerivedData/Build/Intermediates.noindex/iosApp.build/Debug-iphonesimulator/iosAppUITests.build/iosAppUITests-all-target-headers.hmap -Xcc -iquote -Xcc /var/folders/6m/vxwlbjsn7vs6h80_98w6x7p40000gn/T/parlor-audit-dsc01-apphost-01-zbq7j_1u/DerivedData/Build/Intermediates.noindex/iosApp.build/Debug-iphonesimulator/iosAppUITests.build/iosAppUITests-project-headers.hmap -Xcc -I/var/folders/6m/vxwlbjsn7vs6h80_98w6x7p40000gn/T/parlor-audit-dsc01-apphost-01-zbq7j_1u/DerivedData/Build/Products/Debug-iphonesimulator/include -Xcc -I/var/folders/6m/vxwlbjsn7vs6h80_98w6x7p40000gn/T/parlor-audit-dsc01-apphost-01-zbq7j_1u/DerivedData/Build/Intermediates.noindex/iosApp.build/Debug-iphonesimulator/iosAppUITests.build/DerivedSources-normal/arm64 -Xcc -I/var/folders/6m/vxwlbjsn7vs6h80_98w6x7p40000gn/T/parlor-audit-dsc01-apphost-01-zbq7j_1u/DerivedData/Build/Intermediates.noindex/iosApp.build/Debug-iphonesimulator/iosAppUITests.build/DerivedSources/arm64 -Xcc -I/var/folders/6m/vxwlbjsn7vs6h80_98w6x7p40000gn/T/parlor-audit-dsc01-apphost-01-zbq7j_1u/DerivedData/Build/Intermediates.noindex/iosApp.build/Debug-iphonesimulator/iosAppUITests.build/DerivedSources -Xcc -DDEBUG\=1 -emit-objc-header -emit-objc-header-path /var/folders/6m/vxwlbjsn7vs6h80_98w6x7p40000gn/T/parlor-audit-dsc01-apphost-01-zbq7j_1u/DerivedData/Build/Intermediates.noindex/iosApp.build/Debug-iphonesimulator/iosAppUITests.build/Objects-normal/arm64/iosAppUITests-Swift.h -working-directory /var/folders/6m/vxwlbjsn7vs6h80_98w6x7p40000gn/T/parlor-audit-dsc01-apphost-01-zbq7j_1u/copy/iosApp -experimental-emit-module-separately -disable-cmo

SwiftDriverJobDiscovery normal arm64 Compiling IOSAppLaunchUITests.swift (in target 'iosAppUITests' from project 'iosApp')

SwiftDriver\ Compilation iosAppUITests normal arm64 com.apple.xcode.tools.swift.compiler (in target 'iosAppUITests' from project 'iosApp')
    cd /var/folders/6m/vxwlbjsn7vs6h80_98w6x7p40000gn/T/parlor-audit-dsc01-apphost-01-zbq7j_1u/copy/iosApp
    builtin-Swift-Compilation -- /Applications/Xcode.app/Contents/Developer/Toolchains/XcodeDefault.xctoolchain/usr/bin/swiftc -module-name iosAppUITests -Onone @/var/folders/6m/vxwlbjsn7vs6h80_98w6x7p40000gn/T/parlor-audit-dsc01-apphost-01-zbq7j_1u/DerivedData/Build/Intermediates.noindex/iosApp.build/Debug-iphonesimulator/iosAppUITests.build/Objects-normal/arm64/iosAppUITests.SwiftFileList -DDEBUG -module-alias Testing\=_Testing_Unavailable -plugin-path /Applications/Xcode.app/Contents/Developer/Toolchains/XcodeDefault.xctoolchain/usr/lib/swift/host/plugins/testing -enable-bare-slash-regex -enable-experimental-feature DebugDescriptionMacro -sdk /Applications/Xcode.app/Contents/Developer/Platforms/iPhoneSimulator.platform/Developer/SDKs/iPhoneSimulator26.5.sdk -target arm64-apple-ios16.0-simulator -g -module-cache-path /var/folders/6m/vxwlbjsn7vs6h80_98w6x7p40000gn/T/parlor-audit-dsc01-apphost-01-zbq7j_1u/DerivedData/ModuleCache.noindex -Xfrontend -serialize-debugging-options -enable-testing -Xcc -D_LIBCPP_HARDENING_MODE\=_LIBCPP_HARDENING_MODE_DEBUG -swift-version 5 -I /var/folders/6m/vxwlbjsn7vs6h80_98w6x7p40000gn/T/parlor-audit-dsc01-apphost-01-zbq7j_1u/DerivedData/Build/Products/Debug-iphonesimulator -Isystem /Applications/Xcode.app/Contents/Developer/Platforms/iPhoneSimulator.platform/Developer/usr/lib -F /var/folders/6m/vxwlbjsn7vs6h80_98w6x7p40000gn/T/parlor-audit-dsc01-apphost-01-zbq7j_1u/DerivedData/Build/Products/Debug-iphonesimulator -F /Applications/Xcode.app/Contents/Developer/Platforms/iPhoneSimulator.platform/Developer/Library/Frameworks -F /Applications/Xcode.app/Contents/Developer/Platforms/iPhoneSimulator.platform/Developer/SDKs/iPhoneSimulator26.5.sdk/Developer/Library/Frameworks -parse-as-library -c -j10 -enable-batch-mode -incremental -Xcc -ivfsstatcache -Xcc /var/folders/6m/vxwlbjsn7vs6h80_98w6x7p40000gn/T/parlor-audit-dsc01-apphost-01-zbq7j_1u/DerivedData/SDKStatCaches.noindex/iphonesimulator26.5-23F73-6cfe768891a92b912361537c460fe42b.sdkstatcache -output-file-map /var/folders/6m/vxwlbjsn7vs6h80_98w6x7p40000gn/T/parlor-audit-dsc01-apphost-01-zbq7j_1u/DerivedData/Build/Intermediates.noindex/iosApp.build/Debug-iphonesimulator/iosAppUITests.build/Objects-normal/arm64/iosAppUITests-OutputFileMap.json -use-frontend-parseable-output -save-temps -no-color-diagnostics -explicit-module-build -module-cache-path /var/folders/6m/vxwlbjsn7vs6h80_98w6x7p40000gn/T/parlor-audit-dsc01-apphost-01-zbq7j_1u/DerivedData/Build/Intermediates.noindex/SwiftExplicitPrecompiledModules -clang-scanner-module-cache-path /var/folders/6m/vxwlbjsn7vs6h80_98w6x7p40000gn/T/parlor-audit-dsc01-apphost-01-zbq7j_1u/DerivedData/ModuleCache.noindex -sdk-module-cache-path /var/folders/6m/vxwlbjsn7vs6h80_98w6x7p40000gn/T/parlor-audit-dsc01-apphost-01-zbq7j_1u/DerivedData/ModuleCache.noindex -serialize-diagnostics -emit-dependencies -emit-module -emit-module-path /var/folders/6m/vxwlbjsn7vs6h80_98w6x7p40000gn/T/parlor-audit-dsc01-apphost-01-zbq7j_1u/DerivedData/Build/Intermediates.noindex/iosApp.build/Debug-iphonesimulator/iosAppUITests.build/Objects-normal/arm64/iosAppUITests.swiftmodule -validate-clang-modules-once -clang-build-session-file /var/folders/6m/vxwlbjsn7vs6h80_98w6x7p40000gn/T/parlor-audit-dsc01-apphost-01-zbq7j_1u/DerivedData/ModuleCache.noindex/Session.modulevalidation -Xcc -I/var/folders/6m/vxwlbjsn7vs6h80_98w6x7p40000gn/T/parlor-audit-dsc01-apphost-01-zbq7j_1u/DerivedData/Build/Intermediates.noindex/iosApp.build/Debug-iphonesimulator/iosAppUITests.build/swift-overrides.hmap -emit-const-values -Xfrontend -const-gather-protocols-file -Xfrontend /var/folders/6m/vxwlbjsn7vs6h80_98w6x7p40000gn/T/parlor-audit-dsc01-apphost-01-zbq7j_1u/DerivedData/Build/Intermediates.noindex/iosApp.build/Debug-iphonesimulator/iosAppUITests.build/Objects-normal/arm64/iosAppUITests_const_extract_protocols.json -Xcc -iquote -Xcc /var/folders/6m/vxwlbjsn7vs6h80_98w6x7p40000gn/T/parlor-audit-dsc01-apphost-01-zbq7j_1u/DerivedData/Build/Intermediates.noindex/iosApp.build/Debug-iphonesimulator/iosAppUITests.build/iosAppUITests-generated-files.hmap -Xcc -I/var/folders/6m/vxwlbjsn7vs6h80_98w6x7p40000gn/T/parlor-audit-dsc01-apphost-01-zbq7j_1u/DerivedData/Build/Intermediates.noindex/iosApp.build/Debug-iphonesimulator/iosAppUITests.build/iosAppUITests-own-target-headers.hmap -Xcc -I/var/folders/6m/vxwlbjsn7vs6h80_98w6x7p40000gn/T/parlor-audit-dsc01-apphost-01-zbq7j_1u/DerivedData/Build/Intermediates.noindex/iosApp.build/Debug-iphonesimulator/iosAppUITests.build/iosAppUITests-all-target-headers.hmap -Xcc -iquote -Xcc /var/folders/6m/vxwlbjsn7vs6h80_98w6x7p40000gn/T/parlor-audit-dsc01-apphost-01-zbq7j_1u/DerivedData/Build/Intermediates.noindex/iosApp.build/Debug-iphonesimulator/iosAppUITests.build/iosAppUITests-project-headers.hmap -Xcc -I/var/folders/6m/vxwlbjsn7vs6h80_98w6x7p40000gn/T/parlor-audit-dsc01-apphost-01-zbq7j_1u/DerivedData/Build/Products/Debug-iphonesimulator/include -Xcc -I/var/folders/6m/vxwlbjsn7vs6h80_98w6x7p40000gn/T/parlor-audit-dsc01-apphost-01-zbq7j_1u/DerivedData/Build/Intermediates.noindex/iosApp.build/Debug-iphonesimulator/iosAppUITests.build/DerivedSources-normal/arm64 -Xcc -I/var/folders/6m/vxwlbjsn7vs6h80_98w6x7p40000gn/T/parlor-audit-dsc01-apphost-01-zbq7j_1u/DerivedData/Build/Intermediates.noindex/iosApp.build/Debug-iphonesimulator/iosAppUITests.build/DerivedSources/arm64 -Xcc -I/var/folders/6m/vxwlbjsn7vs6h80_98w6x7p40000gn/T/parlor-audit-dsc01-apphost-01-zbq7j_1u/DerivedData/Build/Intermediates.noindex/iosApp.build/Debug-iphonesimulator/iosAppUITests.build/DerivedSources -Xcc -DDEBUG\=1 -emit-objc-header -emit-objc-header-path /var/folders/6m/vxwlbjsn7vs6h80_98w6x7p40000gn/T/parlor-audit-dsc01-apphost-01-zbq7j_1u/DerivedData/Build/Intermediates.noindex/iosApp.build/Debug-iphonesimulator/iosAppUITests.build/Objects-normal/arm64/iosAppUITests-Swift.h -working-directory /var/folders/6m/vxwlbjsn7vs6h80_98w6x7p40000gn/T/parlor-audit-dsc01-apphost-01-zbq7j_1u/copy/iosApp -experimental-emit-module-separately -disable-cmo

SwiftMergeGeneratedHeaders /var/folders/6m/vxwlbjsn7vs6h80_98w6x7p40000gn/T/parlor-audit-dsc01-apphost-01-zbq7j_1u/DerivedData/Build/Intermediates.noindex/iosApp.build/Debug-iphonesimulator/iosAppUITests.build/DerivedSources/iosAppUITests-Swift.h /var/folders/6m/vxwlbjsn7vs6h80_98w6x7p40000gn/T/parlor-audit-dsc01-apphost-01-zbq7j_1u/DerivedData/Build/Intermediates.noindex/iosApp.build/Debug-iphonesimulator/iosAppUITests.build/Objects-normal/arm64/iosAppUITests-Swift.h (in target 'iosAppUITests' from project 'iosApp')
    cd /var/folders/6m/vxwlbjsn7vs6h80_98w6x7p40000gn/T/parlor-audit-dsc01-apphost-01-zbq7j_1u/copy/iosApp
    builtin-swiftHeaderTool -arch arm64 /var/folders/6m/vxwlbjsn7vs6h80_98w6x7p40000gn/T/parlor-audit-dsc01-apphost-01-zbq7j_1u/DerivedData/Build/Intermediates.noindex/iosApp.build/Debug-iphonesimulator/iosAppUITests.build/Objects-normal/arm64/iosAppUITests-Swift.h -o /var/folders/6m/vxwlbjsn7vs6h80_98w6x7p40000gn/T/parlor-audit-dsc01-apphost-01-zbq7j_1u/DerivedData/Build/Intermediates.noindex/iosApp.build/Debug-iphonesimulator/iosAppUITests.build/DerivedSources/iosAppUITests-Swift.h

Copy /var/folders/6m/vxwlbjsn7vs6h80_98w6x7p40000gn/T/parlor-audit-dsc01-apphost-01-zbq7j_1u/DerivedData/Build/Products/Debug-iphonesimulator/iosAppUITests.swiftmodule/arm64-apple-ios-simulator.swiftmodule /var/folders/6m/vxwlbjsn7vs6h80_98w6x7p40000gn/T/parlor-audit-dsc01-apphost-01-zbq7j_1u/DerivedData/Build/Intermediates.noindex/iosApp.build/Debug-iphonesimulator/iosAppUITests.build/Objects-normal/arm64/iosAppUITests.swiftmodule (in target 'iosAppUITests' from project 'iosApp')
    cd /var/folders/6m/vxwlbjsn7vs6h80_98w6x7p40000gn/T/parlor-audit-dsc01-apphost-01-zbq7j_1u/copy/iosApp
    builtin-copy -exclude .DS_Store -exclude CVS -exclude .svn -exclude .git -exclude .hg -resolve-src-symlinks -rename /var/folders/6m/vxwlbjsn7vs6h80_98w6x7p40000gn/T/parlor-audit-dsc01-apphost-01-zbq7j_1u/DerivedData/Build/Intermediates.noindex/iosApp.build/Debug-iphonesimulator/iosAppUITests.build/Objects-normal/arm64/iosAppUITests.swiftmodule /var/folders/6m/vxwlbjsn7vs6h80_98w6x7p40000gn/T/parlor-audit-dsc01-apphost-01-zbq7j_1u/DerivedData/Build/Products/Debug-iphonesimulator/iosAppUITests.swiftmodule/arm64-apple-ios-simulator.swiftmodule

Copy /var/folders/6m/vxwlbjsn7vs6h80_98w6x7p40000gn/T/parlor-audit-dsc01-apphost-01-zbq7j_1u/DerivedData/Build/Products/Debug-iphonesimulator/iosAppUITests.swiftmodule/arm64-apple-ios-simulator.swiftdoc /var/folders/6m/vxwlbjsn7vs6h80_98w6x7p40000gn/T/parlor-audit-dsc01-apphost-01-zbq7j_1u/DerivedData/Build/Intermediates.noindex/iosApp.build/Debug-iphonesimulator/iosAppUITests.build/Objects-normal/arm64/iosAppUITests.swiftdoc (in target 'iosAppUITests' from project 'iosApp')
    cd /var/folders/6m/vxwlbjsn7vs6h80_98w6x7p40000gn/T/parlor-audit-dsc01-apphost-01-zbq7j_1u/copy/iosApp
    builtin-copy -exclude .DS_Store -exclude CVS -exclude .svn -exclude .git -exclude .hg -resolve-src-symlinks -rename /var/folders/6m/vxwlbjsn7vs6h80_98w6x7p40000gn/T/parlor-audit-dsc01-apphost-01-zbq7j_1u/DerivedData/Build/Intermediates.noindex/iosApp.build/Debug-iphonesimulator/iosAppUITests.build/Objects-normal/arm64/iosAppUITests.swiftdoc /var/folders/6m/vxwlbjsn7vs6h80_98w6x7p40000gn/T/parlor-audit-dsc01-apphost-01-zbq7j_1u/DerivedData/Build/Products/Debug-iphonesimulator/iosAppUITests.swiftmodule/arm64-apple-ios-simulator.swiftdoc

Copy /var/folders/6m/vxwlbjsn7vs6h80_98w6x7p40000gn/T/parlor-audit-dsc01-apphost-01-zbq7j_1u/DerivedData/Build/Products/Debug-iphonesimulator/iosAppUITests.swiftmodule/arm64-apple-ios-simulator.abi.json /var/folders/6m/vxwlbjsn7vs6h80_98w6x7p40000gn/T/parlor-audit-dsc01-apphost-01-zbq7j_1u/DerivedData/Build/Intermediates.noindex/iosApp.build/Debug-iphonesimulator/iosAppUITests.build/Objects-normal/arm64/iosAppUITests.abi.json (in target 'iosAppUITests' from project 'iosApp')
    cd /var/folders/6m/vxwlbjsn7vs6h80_98w6x7p40000gn/T/parlor-audit-dsc01-apphost-01-zbq7j_1u/copy/iosApp
    builtin-copy -exclude .DS_Store -exclude CVS -exclude .svn -exclude .git -exclude .hg -resolve-src-symlinks -rename /var/folders/6m/vxwlbjsn7vs6h80_98w6x7p40000gn/T/parlor-audit-dsc01-apphost-01-zbq7j_1u/DerivedData/Build/Intermediates.noindex/iosApp.build/Debug-iphonesimulator/iosAppUITests.build/Objects-normal/arm64/iosAppUITests.abi.json /var/folders/6m/vxwlbjsn7vs6h80_98w6x7p40000gn/T/parlor-audit-dsc01-apphost-01-zbq7j_1u/DerivedData/Build/Products/Debug-iphonesimulator/iosAppUITests.swiftmodule/arm64-apple-ios-simulator.abi.json

Copy /var/folders/6m/vxwlbjsn7vs6h80_98w6x7p40000gn/T/parlor-audit-dsc01-apphost-01-zbq7j_1u/DerivedData/Build/Products/Debug-iphonesimulator/iosAppUITests.swiftmodule/Project/arm64-apple-ios-simulator.swiftsourceinfo /var/folders/6m/vxwlbjsn7vs6h80_98w6x7p40000gn/T/parlor-audit-dsc01-apphost-01-zbq7j_1u/DerivedData/Build/Intermediates.noindex/iosApp.build/Debug-iphonesimulator/iosAppUITests.build/Objects-normal/arm64/iosAppUITests.swiftsourceinfo (in target 'iosAppUITests' from project 'iosApp')
    cd /var/folders/6m/vxwlbjsn7vs6h80_98w6x7p40000gn/T/parlor-audit-dsc01-apphost-01-zbq7j_1u/copy/iosApp
    builtin-copy -exclude .DS_Store -exclude CVS -exclude .svn -exclude .git -exclude .hg -resolve-src-symlinks -rename /var/folders/6m/vxwlbjsn7vs6h80_98w6x7p40000gn/T/parlor-audit-dsc01-apphost-01-zbq7j_1u/DerivedData/Build/Intermediates.noindex/iosApp.build/Debug-iphonesimulator/iosAppUITests.build/Objects-normal/arm64/iosAppUITests.swiftsourceinfo /var/folders/6m/vxwlbjsn7vs6h80_98w6x7p40000gn/T/parlor-audit-dsc01-apphost-01-zbq7j_1u/DerivedData/Build/Products/Debug-iphonesimulator/iosAppUITests.swiftmodule/Project/arm64-apple-ios-simulator.swiftsourceinfo

RegisterExecutionPolicyException /var/folders/6m/vxwlbjsn7vs6h80_98w6x7p40000gn/T/parlor-audit-dsc01-apphost-01-zbq7j_1u/DerivedData/Build/Products/Debug-iphonesimulator/Parlor.app (in target 'iosApp' from project 'iosApp')
    cd /var/folders/6m/vxwlbjsn7vs6h80_98w6x7p40000gn/T/parlor-audit-dsc01-apphost-01-zbq7j_1u/copy/iosApp
    builtin-RegisterExecutionPolicyException /var/folders/6m/vxwlbjsn7vs6h80_98w6x7p40000gn/T/parlor-audit-dsc01-apphost-01-zbq7j_1u/DerivedData/Build/Products/Debug-iphonesimulator/Parlor.app

Validate /var/folders/6m/vxwlbjsn7vs6h80_98w6x7p40000gn/T/parlor-audit-dsc01-apphost-01-zbq7j_1u/DerivedData/Build/Products/Debug-iphonesimulator/Parlor.app (in target 'iosApp' from project 'iosApp')
    cd /var/folders/6m/vxwlbjsn7vs6h80_98w6x7p40000gn/T/parlor-audit-dsc01-apphost-01-zbq7j_1u/copy/iosApp
    builtin-validationUtility /var/folders/6m/vxwlbjsn7vs6h80_98w6x7p40000gn/T/parlor-audit-dsc01-apphost-01-zbq7j_1u/DerivedData/Build/Products/Debug-iphonesimulator/Parlor.app -shallow-bundle -infoplist-subpath Info.plist

Touch /var/folders/6m/vxwlbjsn7vs6h80_98w6x7p40000gn/T/parlor-audit-dsc01-apphost-01-zbq7j_1u/DerivedData/Build/Products/Debug-iphonesimulator/Parlor.app (in target 'iosApp' from project 'iosApp')
    cd /var/folders/6m/vxwlbjsn7vs6h80_98w6x7p40000gn/T/parlor-audit-dsc01-apphost-01-zbq7j_1u/copy/iosApp
    /usr/bin/touch -c /var/folders/6m/vxwlbjsn7vs6h80_98w6x7p40000gn/T/parlor-audit-dsc01-apphost-01-zbq7j_1u/DerivedData/Build/Products/Debug-iphonesimulator/Parlor.app

ProcessInfoPlistFile /var/folders/6m/vxwlbjsn7vs6h80_98w6x7p40000gn/T/parlor-audit-dsc01-apphost-01-zbq7j_1u/DerivedData/Build/Products/Debug-iphonesimulator/iosAppUITests-Runner.app/PlugIns/iosAppUITests.xctest/Info.plist /var/folders/6m/vxwlbjsn7vs6h80_98w6x7p40000gn/T/parlor-audit-dsc01-apphost-01-zbq7j_1u/DerivedData/Build/Intermediates.noindex/iosApp.build/Debug-iphonesimulator/iosAppUITests.build/empty-iosAppUITests.plist (in target 'iosAppUITests' from project 'iosApp')
    cd /var/folders/6m/vxwlbjsn7vs6h80_98w6x7p40000gn/T/parlor-audit-dsc01-apphost-01-zbq7j_1u/copy/iosApp
    builtin-infoPlistUtility /var/folders/6m/vxwlbjsn7vs6h80_98w6x7p40000gn/T/parlor-audit-dsc01-apphost-01-zbq7j_1u/DerivedData/Build/Intermediates.noindex/iosApp.build/Debug-iphonesimulator/iosAppUITests.build/empty-iosAppUITests.plist -producttype com.apple.product-type.bundle.ui-testing -expandbuildsettings -format binary -platform iphonesimulator -additionalcontentfile /var/folders/6m/vxwlbjsn7vs6h80_98w6x7p40000gn/T/parlor-audit-dsc01-apphost-01-zbq7j_1u/DerivedData/Build/Intermediates.noindex/iosApp.build/Debug-iphonesimulator/iosAppUITests.build/ProductTypeInfoPlistAdditions.plist -o /var/folders/6m/vxwlbjsn7vs6h80_98w6x7p40000gn/T/parlor-audit-dsc01-apphost-01-zbq7j_1u/DerivedData/Build/Products/Debug-iphonesimulator/iosAppUITests-Runner.app/PlugIns/iosAppUITests.xctest/Info.plist

Ld /var/folders/6m/vxwlbjsn7vs6h80_98w6x7p40000gn/T/parlor-audit-dsc01-apphost-01-zbq7j_1u/DerivedData/Build/Products/Debug-iphonesimulator/iosAppUITests-Runner.app/PlugIns/iosAppUITests.xctest/iosAppUITests normal (in target 'iosAppUITests' from project 'iosApp')
    cd /var/folders/6m/vxwlbjsn7vs6h80_98w6x7p40000gn/T/parlor-audit-dsc01-apphost-01-zbq7j_1u/copy/iosApp
    /Applications/Xcode.app/Contents/Developer/Toolchains/XcodeDefault.xctoolchain/usr/bin/clang -Xlinker -reproducible -target arm64-apple-ios16.0-simulator -bundle -isysroot /Applications/Xcode.app/Contents/Developer/Platforms/iPhoneSimulator.platform/Developer/SDKs/iPhoneSimulator26.5.sdk -O0 -L/var/folders/6m/vxwlbjsn7vs6h80_98w6x7p40000gn/T/parlor-audit-dsc01-apphost-01-zbq7j_1u/DerivedData/Build/Intermediates.noindex/EagerLinkingTBDs/Debug-iphonesimulator -L/var/folders/6m/vxwlbjsn7vs6h80_98w6x7p40000gn/T/parlor-audit-dsc01-apphost-01-zbq7j_1u/DerivedData/Build/Products/Debug-iphonesimulator -L/Applications/Xcode.app/Contents/Developer/Platforms/iPhoneSimulator.platform/Developer/usr/lib -F/var/folders/6m/vxwlbjsn7vs6h80_98w6x7p40000gn/T/parlor-audit-dsc01-apphost-01-zbq7j_1u/DerivedData/Build/Intermediates.noindex/EagerLinkingTBDs/Debug-iphonesimulator -F/var/folders/6m/vxwlbjsn7vs6h80_98w6x7p40000gn/T/parlor-audit-dsc01-apphost-01-zbq7j_1u/DerivedData/Build/Products/Debug-iphonesimulator -iframework /Applications/Xcode.app/Contents/Developer/Platforms/iPhoneSimulator.platform/Developer/Library/Frameworks -iframework /Applications/Xcode.app/Contents/Developer/Platforms/iPhoneSimulator.platform/Developer/SDKs/iPhoneSimulator26.5.sdk/Developer/Library/Frameworks -filelist /var/folders/6m/vxwlbjsn7vs6h80_98w6x7p40000gn/T/parlor-audit-dsc01-apphost-01-zbq7j_1u/DerivedData/Build/Intermediates.noindex/iosApp.build/Debug-iphonesimulator/iosAppUITests.build/Objects-normal/arm64/iosAppUITests.LinkFileList -Xlinker -rpath -Xlinker /usr/lib/swift -Xlinker -rpath -Xlinker @loader_path/Frameworks -Xlinker -dead_strip -Xlinker -object_path_lto -Xlinker /var/folders/6m/vxwlbjsn7vs6h80_98w6x7p40000gn/T/parlor-audit-dsc01-apphost-01-zbq7j_1u/DerivedData/Build/Intermediates.noindex/iosApp.build/Debug-iphonesimulator/iosAppUITests.build/Objects-normal/arm64/iosAppUITests_lto.o -rdynamic -Xlinker -no_deduplicate -Xlinker -objc_abi_version -Xlinker 2 -Xlinker -dependency_info -Xlinker /var/folders/6m/vxwlbjsn7vs6h80_98w6x7p40000gn/T/parlor-audit-dsc01-apphost-01-zbq7j_1u/DerivedData/Build/Intermediates.noindex/iosApp.build/Debug-iphonesimulator/iosAppUITests.build/Objects-normal/arm64/iosAppUITests_dependency_info.dat -fobjc-link-runtime -L/Applications/Xcode.app/Contents/Developer/Toolchains/XcodeDefault.xctoolchain/usr/lib/swift/iphonesimulator -L/usr/lib/swift -Xlinker -add_ast_path -Xlinker /var/folders/6m/vxwlbjsn7vs6h80_98w6x7p40000gn/T/parlor-audit-dsc01-apphost-01-zbq7j_1u/DerivedData/Build/Intermediates.noindex/iosApp.build/Debug-iphonesimulator/iosAppUITests.build/Objects-normal/arm64/iosAppUITests.swiftmodule @/var/folders/6m/vxwlbjsn7vs6h80_98w6x7p40000gn/T/parlor-audit-dsc01-apphost-01-zbq7j_1u/DerivedData/Build/Intermediates.noindex/iosApp.build/Debug-iphonesimulator/iosAppUITests.build/Objects-normal/arm64/iosAppUITests-linker-args.resp -Xlinker -needed_framework -Xlinker XCTest -framework XCTest -Xlinker -needed-lXCTestSwiftSupport -lXCTestSwiftSupport -o /var/folders/6m/vxwlbjsn7vs6h80_98w6x7p40000gn/T/parlor-audit-dsc01-apphost-01-zbq7j_1u/DerivedData/Build/Products/Debug-iphonesimulator/iosAppUITests-Runner.app/PlugIns/iosAppUITests.xctest/iosAppUITests

ExtractAppIntentsMetadata (in target 'iosAppUITests' from project 'iosApp')
    cd /var/folders/6m/vxwlbjsn7vs6h80_98w6x7p40000gn/T/parlor-audit-dsc01-apphost-01-zbq7j_1u/copy/iosApp
    /Applications/Xcode.app/Contents/Developer/Toolchains/XcodeDefault.xctoolchain/usr/bin/appintentsmetadataprocessor --toolchain-dir /Applications/Xcode.app/Contents/Developer/Toolchains/XcodeDefault.xctoolchain --module-name iosAppUITests --sdk-root /Applications/Xcode.app/Contents/Developer/Platforms/iPhoneSimulator.platform/Developer/SDKs/iPhoneSimulator26.5.sdk --xcode-version 17F42 --platform-family iOS --deployment-target 16.0 --bundle-identifier com.parlor.app.uitests --output /var/folders/6m/vxwlbjsn7vs6h80_98w6x7p40000gn/T/parlor-audit-dsc01-apphost-01-zbq7j_1u/DerivedData/Build/Products/Debug-iphonesimulator/iosAppUITests-Runner.app/PlugIns/iosAppUITests.xctest --target-triple arm64-apple-ios16.0-simulator --binary-file /var/folders/6m/vxwlbjsn7vs6h80_98w6x7p40000gn/T/parlor-audit-dsc01-apphost-01-zbq7j_1u/DerivedData/Build/Products/Debug-iphonesimulator/iosAppUITests-Runner.app/PlugIns/iosAppUITests.xctest/iosAppUITests --dependency-file /var/folders/6m/vxwlbjsn7vs6h80_98w6x7p40000gn/T/parlor-audit-dsc01-apphost-01-zbq7j_1u/DerivedData/Build/Intermediates.noindex/iosApp.build/Debug-iphonesimulator/iosAppUITests.build/Objects-normal/arm64/iosAppUITests_dependency_info.dat --stringsdata-file /var/folders/6m/vxwlbjsn7vs6h80_98w6x7p40000gn/T/parlor-audit-dsc01-apphost-01-zbq7j_1u/DerivedData/Build/Intermediates.noindex/iosApp.build/Debug-iphonesimulator/iosAppUITests.build/Objects-normal/arm64/ExtractedAppShortcutsMetadata.stringsdata --source-file-list /var/folders/6m/vxwlbjsn7vs6h80_98w6x7p40000gn/T/parlor-audit-dsc01-apphost-01-zbq7j_1u/DerivedData/Build/Intermediates.noindex/iosApp.build/Debug-iphonesimulator/iosAppUITests.build/Objects-normal/arm64/iosAppUITests.SwiftFileList --metadata-file-list /var/folders/6m/vxwlbjsn7vs6h80_98w6x7p40000gn/T/parlor-audit-dsc01-apphost-01-zbq7j_1u/DerivedData/Build/Intermediates.noindex/iosApp.build/Debug-iphonesimulator/iosAppUITests.build/iosAppUITests.DependencyMetadataFileList --static-metadata-file-list /var/folders/6m/vxwlbjsn7vs6h80_98w6x7p40000gn/T/parlor-audit-dsc01-apphost-01-zbq7j_1u/DerivedData/Build/Intermediates.noindex/iosApp.build/Debug-iphonesimulator/iosAppUITests.build/iosAppUITests.DependencyStaticMetadataFileList --swift-const-vals-list /var/folders/6m/vxwlbjsn7vs6h80_98w6x7p40000gn/T/parlor-audit-dsc01-apphost-01-zbq7j_1u/DerivedData/Build/Intermediates.noindex/iosApp.build/Debug-iphonesimulator/iosAppUITests.build/Objects-normal/arm64/iosAppUITests.SwiftConstValuesFileList --compile-time-extraction --deployment-aware-processing --validate-assistant-intents --no-app-shortcuts-localization
2026-09-06 11:24:41.134 appintentsmetadataprocessor[18792:1751805] Starting appintentsmetadataprocessor export
2026-09-06 11:24:41.135 appintentsmetadataprocessor[18792:1751805] warning: Metadata extraction skipped. No AppIntents.framework dependency found.

CopySwiftLibs /var/folders/6m/vxwlbjsn7vs6h80_98w6x7p40000gn/T/parlor-audit-dsc01-apphost-01-zbq7j_1u/DerivedData/Build/Products/Debug-iphonesimulator/iosAppUITests-Runner.app/PlugIns/iosAppUITests.xctest (in target 'iosAppUITests' from project 'iosApp')
    cd /var/folders/6m/vxwlbjsn7vs6h80_98w6x7p40000gn/T/parlor-audit-dsc01-apphost-01-zbq7j_1u/copy/iosApp
    builtin-swiftStdLibTool --copy --verbose --scan-executable /var/folders/6m/vxwlbjsn7vs6h80_98w6x7p40000gn/T/parlor-audit-dsc01-apphost-01-zbq7j_1u/DerivedData/Build/Products/Debug-iphonesimulator/iosAppUITests-Runner.app/PlugIns/iosAppUITests.xctest/iosAppUITests --scan-folder /var/folders/6m/vxwlbjsn7vs6h80_98w6x7p40000gn/T/parlor-audit-dsc01-apphost-01-zbq7j_1u/DerivedData/Build/Products/Debug-iphonesimulator/iosAppUITests-Runner.app/PlugIns/iosAppUITests.xctest/Frameworks --scan-folder /var/folders/6m/vxwlbjsn7vs6h80_98w6x7p40000gn/T/parlor-audit-dsc01-apphost-01-zbq7j_1u/DerivedData/Build/Products/Debug-iphonesimulator/iosAppUITests-Runner.app/PlugIns/iosAppUITests.xctest/PlugIns --scan-folder /var/folders/6m/vxwlbjsn7vs6h80_98w6x7p40000gn/T/parlor-audit-dsc01-apphost-01-zbq7j_1u/DerivedData/Build/Products/Debug-iphonesimulator/iosAppUITests-Runner.app/PlugIns/iosAppUITests.xctest/SystemExtensions --scan-folder /var/folders/6m/vxwlbjsn7vs6h80_98w6x7p40000gn/T/parlor-audit-dsc01-apphost-01-zbq7j_1u/DerivedData/Build/Products/Debug-iphonesimulator/iosAppUITests-Runner.app/PlugIns/iosAppUITests.xctest/Extensions --platform iphonesimulator --toolchain /Applications/Xcode.app/Contents/Developer/Toolchains/XcodeDefault.xctoolchain --destination /var/folders/6m/vxwlbjsn7vs6h80_98w6x7p40000gn/T/parlor-audit-dsc01-apphost-01-zbq7j_1u/DerivedData/Build/Products/Debug-iphonesimulator/iosAppUITests-Runner.app/PlugIns/iosAppUITests.xctest/Frameworks --strip-bitcode --scan-executable /Applications/Xcode.app/Contents/Developer/Platforms/iPhoneSimulator.platform/Developer/usr/lib/libXCTestSwiftSupport.dylib --strip-bitcode-tool /Applications/Xcode.app/Contents/Developer/Toolchains/XcodeDefault.xctoolchain/usr/bin/bitcode_strip --emit-dependency-info /var/folders/6m/vxwlbjsn7vs6h80_98w6x7p40000gn/T/parlor-audit-dsc01-apphost-01-zbq7j_1u/DerivedData/Build/Intermediates.noindex/iosApp.build/Debug-iphonesimulator/iosAppUITests.build/SwiftStdLibToolInputDependencies.dep --filter-for-swift-os
Ignoring --strip-bitcode because --sign was not passed

AppIntentsSSUTraining (in target 'iosAppUITests' from project 'iosApp')
    cd /var/folders/6m/vxwlbjsn7vs6h80_98w6x7p40000gn/T/parlor-audit-dsc01-apphost-01-zbq7j_1u/copy/iosApp
    /Applications/Xcode.app/Contents/Developer/Toolchains/XcodeDefault.xctoolchain/usr/bin/appintentsnltrainingprocessor --infoplist-path /var/folders/6m/vxwlbjsn7vs6h80_98w6x7p40000gn/T/parlor-audit-dsc01-apphost-01-zbq7j_1u/DerivedData/Build/Products/Debug-iphonesimulator/iosAppUITests-Runner.app/PlugIns/iosAppUITests.xctest/Info.plist --temp-dir-path /var/folders/6m/vxwlbjsn7vs6h80_98w6x7p40000gn/T/parlor-audit-dsc01-apphost-01-zbq7j_1u/DerivedData/Build/Intermediates.noindex/iosApp.build/Debug-iphonesimulator/iosAppUITests.build/ssu --bundle-id com.parlor.app.uitests --product-path /var/folders/6m/vxwlbjsn7vs6h80_98w6x7p40000gn/T/parlor-audit-dsc01-apphost-01-zbq7j_1u/DerivedData/Build/Products/Debug-iphonesimulator/iosAppUITests-Runner.app/PlugIns/iosAppUITests.xctest --extracted-metadata-path /var/folders/6m/vxwlbjsn7vs6h80_98w6x7p40000gn/T/parlor-audit-dsc01-apphost-01-zbq7j_1u/DerivedData/Build/Products/Debug-iphonesimulator/iosAppUITests-Runner.app/PlugIns/iosAppUITests.xctest/Metadata.appintents --metadata-file-list /var/folders/6m/vxwlbjsn7vs6h80_98w6x7p40000gn/T/parlor-audit-dsc01-apphost-01-zbq7j_1u/DerivedData/Build/Intermediates.noindex/iosApp.build/Debug-iphonesimulator/iosAppUITests.build/iosAppUITests.DependencyMetadataFileList --source-file /var/folders/6m/vxwlbjsn7vs6h80_98w6x7p40000gn/T/parlor-audit-dsc01-apphost-01-zbq7j_1u/DerivedData/Build/Products/Debug-iphonesimulator/iosAppUITests-Runner.app/PlugIns/iosAppUITests.xctest/Info.plist --archive-ssu-assets
2026-09-06 11:24:41.155 appintentsnltrainingprocessor[18793:1751806] Parsing options for appintentsnltrainingprocessor
2026-09-06 11:24:41.155 appintentsnltrainingprocessor[18793:1751806] Starting AppIntents SSU YAML Generation
2026-09-06 11:24:41.155 appintentsnltrainingprocessor[18793:1751806] No AppShortcuts found - Skipping.

MkDir /var/folders/6m/vxwlbjsn7vs6h80_98w6x7p40000gn/T/parlor-audit-dsc01-apphost-01-zbq7j_1u/DerivedData/Build/Products/Debug-iphonesimulator/iosAppUITests-Runner.app (in target 'iosAppUITests' from project 'iosApp')
    cd /var/folders/6m/vxwlbjsn7vs6h80_98w6x7p40000gn/T/parlor-audit-dsc01-apphost-01-zbq7j_1u/copy/iosApp
    /bin/mkdir -p /var/folders/6m/vxwlbjsn7vs6h80_98w6x7p40000gn/T/parlor-audit-dsc01-apphost-01-zbq7j_1u/DerivedData/Build/Products/Debug-iphonesimulator/iosAppUITests-Runner.app

CopyPlistFile /var/folders/6m/vxwlbjsn7vs6h80_98w6x7p40000gn/T/parlor-audit-dsc01-apphost-01-zbq7j_1u/DerivedData/Build/Products/Debug-iphonesimulator/iosAppUITests-Runner.app/Info.plist /Applications/Xcode.app/Contents/Developer/Platforms/iPhoneSimulator.platform/Developer/Library/Xcode/Agents/XCTRunner.app/Info.plist (in target 'iosAppUITests' from project 'iosApp')
    cd /var/folders/6m/vxwlbjsn7vs6h80_98w6x7p40000gn/T/parlor-audit-dsc01-apphost-01-zbq7j_1u/copy/iosApp
    builtin-copyPlist --validate --convert xml1 --macro-expansion WRAPPEDPRODUCTNAME iosAppUITests-Runner --macro-expansion WRAPPEDPRODUCTBUNDLEIDENTIFIER com.parlor.app.uitests.xctrunner --macro-expansion TESTPRODUCTNAME iosAppUITests --macro-expansion TESTPRODUCTBUNDLEIDENTIFIER com.parlor.app.uitests --copy-value UIDeviceFamily /var/folders/6m/vxwlbjsn7vs6h80_98w6x7p40000gn/T/parlor-audit-dsc01-apphost-01-zbq7j_1u/DerivedData/Build/Products/Debug-iphonesimulator/iosAppUITests-Runner.app/PlugIns/iosAppUITests.xctest/Info.plist --outdir /var/folders/6m/vxwlbjsn7vs6h80_98w6x7p40000gn/T/parlor-audit-dsc01-apphost-01-zbq7j_1u/DerivedData/Build/Products/Debug-iphonesimulator/iosAppUITests-Runner.app -- /Applications/Xcode.app/Contents/Developer/Platforms/iPhoneSimulator.platform/Developer/Library/Xcode/Agents/XCTRunner.app/Info.plist

CopyAndPreserveArchs /var/folders/6m/vxwlbjsn7vs6h80_98w6x7p40000gn/T/parlor-audit-dsc01-apphost-01-zbq7j_1u/DerivedData/Build/Products/Debug-iphonesimulator/iosAppUITests-Runner.app/iosAppUITests-Runner (in target 'iosAppUITests' from project 'iosApp')
    cd /var/folders/6m/vxwlbjsn7vs6h80_98w6x7p40000gn/T/parlor-audit-dsc01-apphost-01-zbq7j_1u/copy/iosApp
    /Applications/Xcode.app/Contents/Developer/Toolchains/XcodeDefault.xctoolchain/usr/bin/lipo /Applications/Xcode.app/Contents/Developer/Platforms/iPhoneSimulator.platform/Developer/Library/Xcode/Agents/XCTRunner.app/XCTRunner -output /var/folders/6m/vxwlbjsn7vs6h80_98w6x7p40000gn/T/parlor-audit-dsc01-apphost-01-zbq7j_1u/DerivedData/Build/Products/Debug-iphonesimulator/iosAppUITests-Runner.app/iosAppUITests-Runner -extract arm64

Copy /var/folders/6m/vxwlbjsn7vs6h80_98w6x7p40000gn/T/parlor-audit-dsc01-apphost-01-zbq7j_1u/DerivedData/Build/Products/Debug-iphonesimulator/iosAppUITests-Runner.app/PkgInfo /Applications/Xcode.app/Contents/Developer/Platforms/iPhoneSimulator.platform/Developer/Library/Xcode/Agents/XCTRunner.app/PkgInfo (in target 'iosAppUITests' from project 'iosApp')
    cd /var/folders/6m/vxwlbjsn7vs6h80_98w6x7p40000gn/T/parlor-audit-dsc01-apphost-01-zbq7j_1u/copy/iosApp
    builtin-copy -exclude .DS_Store -exclude CVS -exclude .svn -exclude .git -exclude .hg -resolve-src-symlinks /Applications/Xcode.app/Contents/Developer/Platforms/iPhoneSimulator.platform/Developer/Library/Xcode/Agents/XCTRunner.app/PkgInfo /var/folders/6m/vxwlbjsn7vs6h80_98w6x7p40000gn/T/parlor-audit-dsc01-apphost-01-zbq7j_1u/DerivedData/Build/Products/Debug-iphonesimulator/iosAppUITests-Runner.app

Copy /var/folders/6m/vxwlbjsn7vs6h80_98w6x7p40000gn/T/parlor-audit-dsc01-apphost-01-zbq7j_1u/DerivedData/Build/Products/Debug-iphonesimulator/iosAppUITests-Runner.app/Frameworks/libXCTestSwiftSupport.dylib /Applications/Xcode.app/Contents/Developer/Platforms/iPhoneSimulator.platform/Developer/usr/lib/libXCTestSwiftSupport.dylib (in target 'iosAppUITests' from project 'iosApp')
    cd /var/folders/6m/vxwlbjsn7vs6h80_98w6x7p40000gn/T/parlor-audit-dsc01-apphost-01-zbq7j_1u/copy/iosApp
    builtin-copy -exclude .DS_Store -exclude CVS -exclude .svn -exclude .git -exclude .hg -exclude Headers -exclude PrivateHeaders -exclude Modules -exclude \*.tbd -resolve-src-symlinks /Applications/Xcode.app/Contents/Developer/Platforms/iPhoneSimulator.platform/Developer/usr/lib/libXCTestSwiftSupport.dylib /var/folders/6m/vxwlbjsn7vs6h80_98w6x7p40000gn/T/parlor-audit-dsc01-apphost-01-zbq7j_1u/DerivedData/Build/Products/Debug-iphonesimulator/iosAppUITests-Runner.app/Frameworks

Copy /var/folders/6m/vxwlbjsn7vs6h80_98w6x7p40000gn/T/parlor-audit-dsc01-apphost-01-zbq7j_1u/DerivedData/Build/Products/Debug-iphonesimulator/iosAppUITests-Runner.app/Frameworks/XCUnit.framework /Applications/Xcode.app/Contents/Developer/Platforms/iPhoneSimulator.platform/Developer/Library/PrivateFrameworks/XCUnit.framework (in target 'iosAppUITests' from project 'iosApp')
    cd /var/folders/6m/vxwlbjsn7vs6h80_98w6x7p40000gn/T/parlor-audit-dsc01-apphost-01-zbq7j_1u/copy/iosApp
    builtin-copy -exclude .DS_Store -exclude CVS -exclude .svn -exclude .git -exclude .hg -exclude Headers -exclude PrivateHeaders -exclude Modules -exclude \*.tbd -resolve-src-symlinks /Applications/Xcode.app/Contents/Developer/Platforms/iPhoneSimulator.platform/Developer/Library/PrivateFrameworks/XCUnit.framework /var/folders/6m/vxwlbjsn7vs6h80_98w6x7p40000gn/T/parlor-audit-dsc01-apphost-01-zbq7j_1u/DerivedData/Build/Products/Debug-iphonesimulator/iosAppUITests-Runner.app/Frameworks

Copy /var/folders/6m/vxwlbjsn7vs6h80_98w6x7p40000gn/T/parlor-audit-dsc01-apphost-01-zbq7j_1u/DerivedData/Build/Products/Debug-iphonesimulator/iosAppUITests-Runner.app/Frameworks/XCUIAutomation.framework /Applications/Xcode.app/Contents/Developer/Platforms/iPhoneSimulator.platform/Developer/Library/Frameworks/XCUIAutomation.framework (in target 'iosAppUITests' from project 'iosApp')
    cd /var/folders/6m/vxwlbjsn7vs6h80_98w6x7p40000gn/T/parlor-audit-dsc01-apphost-01-zbq7j_1u/copy/iosApp
    builtin-copy -exclude .DS_Store -exclude CVS -exclude .svn -exclude .git -exclude .hg -exclude Headers -exclude PrivateHeaders -exclude Modules -exclude \*.tbd -resolve-src-symlinks /Applications/Xcode.app/Contents/Developer/Platforms/iPhoneSimulator.platform/Developer/Library/Frameworks/XCUIAutomation.framework /var/folders/6m/vxwlbjsn7vs6h80_98w6x7p40000gn/T/parlor-audit-dsc01-apphost-01-zbq7j_1u/DerivedData/Build/Products/Debug-iphonesimulator/iosAppUITests-Runner.app/Frameworks

Copy /var/folders/6m/vxwlbjsn7vs6h80_98w6x7p40000gn/T/parlor-audit-dsc01-apphost-01-zbq7j_1u/DerivedData/Build/Products/Debug-iphonesimulator/iosAppUITests-Runner.app/Frameworks/XCTestSupport.framework /Applications/Xcode.app/Contents/Developer/Platforms/iPhoneSimulator.platform/Developer/Library/PrivateFrameworks/XCTestSupport.framework (in target 'iosAppUITests' from project 'iosApp')
    cd /var/folders/6m/vxwlbjsn7vs6h80_98w6x7p40000gn/T/parlor-audit-dsc01-apphost-01-zbq7j_1u/copy/iosApp
    builtin-copy -exclude .DS_Store -exclude CVS -exclude .svn -exclude .git -exclude .hg -exclude Headers -exclude PrivateHeaders -exclude Modules -exclude \*.tbd -resolve-src-symlinks /Applications/Xcode.app/Contents/Developer/Platforms/iPhoneSimulator.platform/Developer/Library/PrivateFrameworks/XCTestSupport.framework /var/folders/6m/vxwlbjsn7vs6h80_98w6x7p40000gn/T/parlor-audit-dsc01-apphost-01-zbq7j_1u/DerivedData/Build/Products/Debug-iphonesimulator/iosAppUITests-Runner.app/Frameworks

Copy /var/folders/6m/vxwlbjsn7vs6h80_98w6x7p40000gn/T/parlor-audit-dsc01-apphost-01-zbq7j_1u/DerivedData/Build/Products/Debug-iphonesimulator/iosAppUITests-Runner.app/Frameworks/XCTestCore.framework /Applications/Xcode.app/Contents/Developer/Platforms/iPhoneSimulator.platform/Developer/Library/PrivateFrameworks/XCTestCore.framework (in target 'iosAppUITests' from project 'iosApp')
    cd /var/folders/6m/vxwlbjsn7vs6h80_98w6x7p40000gn/T/parlor-audit-dsc01-apphost-01-zbq7j_1u/copy/iosApp
    builtin-copy -exclude .DS_Store -exclude CVS -exclude .svn -exclude .git -exclude .hg -exclude Headers -exclude PrivateHeaders -exclude Modules -exclude \*.tbd -resolve-src-symlinks /Applications/Xcode.app/Contents/Developer/Platforms/iPhoneSimulator.platform/Developer/Library/PrivateFrameworks/XCTestCore.framework /var/folders/6m/vxwlbjsn7vs6h80_98w6x7p40000gn/T/parlor-audit-dsc01-apphost-01-zbq7j_1u/DerivedData/Build/Products/Debug-iphonesimulator/iosAppUITests-Runner.app/Frameworks

Copy /var/folders/6m/vxwlbjsn7vs6h80_98w6x7p40000gn/T/parlor-audit-dsc01-apphost-01-zbq7j_1u/DerivedData/Build/Products/Debug-iphonesimulator/iosAppUITests-Runner.app/Frameworks/XCTest.framework /Applications/Xcode.app/Contents/Developer/Platforms/iPhoneSimulator.platform/Developer/Library/Frameworks/XCTest.framework (in target 'iosAppUITests' from project 'iosApp')
    cd /var/folders/6m/vxwlbjsn7vs6h80_98w6x7p40000gn/T/parlor-audit-dsc01-apphost-01-zbq7j_1u/copy/iosApp
    builtin-copy -exclude .DS_Store -exclude CVS -exclude .svn -exclude .git -exclude .hg -exclude Headers -exclude PrivateHeaders -exclude Modules -exclude \*.tbd -resolve-src-symlinks /Applications/Xcode.app/Contents/Developer/Platforms/iPhoneSimulator.platform/Developer/Library/Frameworks/XCTest.framework /var/folders/6m/vxwlbjsn7vs6h80_98w6x7p40000gn/T/parlor-audit-dsc01-apphost-01-zbq7j_1u/DerivedData/Build/Products/Debug-iphonesimulator/iosAppUITests-Runner.app/Frameworks

Copy /var/folders/6m/vxwlbjsn7vs6h80_98w6x7p40000gn/T/parlor-audit-dsc01-apphost-01-zbq7j_1u/DerivedData/Build/Products/Debug-iphonesimulator/iosAppUITests-Runner.app/Frameworks/XCTAutomationSupport.framework /Applications/Xcode.app/Contents/Developer/Platforms/iPhoneSimulator.platform/Developer/Library/PrivateFrameworks/XCTAutomationSupport.framework (in target 'iosAppUITests' from project 'iosApp')
    cd /var/folders/6m/vxwlbjsn7vs6h80_98w6x7p40000gn/T/parlor-audit-dsc01-apphost-01-zbq7j_1u/copy/iosApp
    builtin-copy -exclude .DS_Store -exclude CVS -exclude .svn -exclude .git -exclude .hg -exclude Headers -exclude PrivateHeaders -exclude Modules -exclude \*.tbd -resolve-src-symlinks /Applications/Xcode.app/Contents/Developer/Platforms/iPhoneSimulator.platform/Developer/Library/PrivateFrameworks/XCTAutomationSupport.framework /var/folders/6m/vxwlbjsn7vs6h80_98w6x7p40000gn/T/parlor-audit-dsc01-apphost-01-zbq7j_1u/DerivedData/Build/Products/Debug-iphonesimulator/iosAppUITests-Runner.app/Frameworks

Copy /var/folders/6m/vxwlbjsn7vs6h80_98w6x7p40000gn/T/parlor-audit-dsc01-apphost-01-zbq7j_1u/DerivedData/Build/Products/Debug-iphonesimulator/iosAppUITests-Runner.app/Frameworks/Testing.framework /Applications/Xcode.app/Contents/Developer/Platforms/iPhoneSimulator.platform/Developer/Library/Frameworks/Testing.framework (in target 'iosAppUITests' from project 'iosApp')
    cd /var/folders/6m/vxwlbjsn7vs6h80_98w6x7p40000gn/T/parlor-audit-dsc01-apphost-01-zbq7j_1u/copy/iosApp
    builtin-copy -exclude .DS_Store -exclude CVS -exclude .svn -exclude .git -exclude .hg -exclude Headers -exclude PrivateHeaders -exclude Modules -exclude \*.tbd -resolve-src-symlinks /Applications/Xcode.app/Contents/Developer/Platforms/iPhoneSimulator.platform/Developer/Library/Frameworks/Testing.framework /var/folders/6m/vxwlbjsn7vs6h80_98w6x7p40000gn/T/parlor-audit-dsc01-apphost-01-zbq7j_1u/DerivedData/Build/Products/Debug-iphonesimulator/iosAppUITests-Runner.app/Frameworks

RegisterExecutionPolicyException /var/folders/6m/vxwlbjsn7vs6h80_98w6x7p40000gn/T/parlor-audit-dsc01-apphost-01-zbq7j_1u/DerivedData/Build/Products/Debug-iphonesimulator/iosAppUITests-Runner.app/PlugIns/iosAppUITests.xctest (in target 'iosAppUITests' from project 'iosApp')
    cd /var/folders/6m/vxwlbjsn7vs6h80_98w6x7p40000gn/T/parlor-audit-dsc01-apphost-01-zbq7j_1u/copy/iosApp
    builtin-RegisterExecutionPolicyException /var/folders/6m/vxwlbjsn7vs6h80_98w6x7p40000gn/T/parlor-audit-dsc01-apphost-01-zbq7j_1u/DerivedData/Build/Products/Debug-iphonesimulator/iosAppUITests-Runner.app/PlugIns/iosAppUITests.xctest

Touch /var/folders/6m/vxwlbjsn7vs6h80_98w6x7p40000gn/T/parlor-audit-dsc01-apphost-01-zbq7j_1u/DerivedData/Build/Products/Debug-iphonesimulator/iosAppUITests-Runner.app/PlugIns/iosAppUITests.xctest (in target 'iosAppUITests' from project 'iosApp')
    cd /var/folders/6m/vxwlbjsn7vs6h80_98w6x7p40000gn/T/parlor-audit-dsc01-apphost-01-zbq7j_1u/copy/iosApp
    /usr/bin/touch -c /var/folders/6m/vxwlbjsn7vs6h80_98w6x7p40000gn/T/parlor-audit-dsc01-apphost-01-zbq7j_1u/DerivedData/Build/Products/Debug-iphonesimulator/iosAppUITests-Runner.app/PlugIns/iosAppUITests.xctest

2026-09-06 11:24:47.813728+0300 iosAppUITests-Runner[18889:1752790] [Default] Running tests...
objc[18889]: Class UIAccessibilityLoaderWebShared is implemented in both /Library/Developer/CoreSimulator/Volumes/iOS_23F77/Library/Developer/CoreSimulator/Profiles/Runtimes/iOS 26.5.simruntime/Contents/Resources/RuntimeRoot/System/Library/AccessibilityBundles/WebCore.axbundle/WebCore (0x10a528310) and /Library/Developer/CoreSimulator/Volumes/iOS_23F77/Library/Developer/CoreSimulator/Profiles/Runtimes/iOS 26.5.simruntime/Contents/Resources/RuntimeRoot/System/Library/AccessibilityBundles/WebKit.axbundle/WebKit (0x10a42c398). This may cause spurious casting failures and mysterious crashes. One of the duplicates must be removed or renamed.
    t =      nans Interface orientation changed to Portrait
Test Suite 'All tests' started at 2026-09-06 11:24:50.728.
Test Suite 'iosAppUITests.xctest' started at 2026-09-06 11:24:50.729.
Test Suite 'IOSAppLaunchUITests' started at 2026-09-06 11:24:50.729.
Test Case '-[iosAppUITests.IOSAppLaunchUITests testDSC01ActualSettingsLocalSessionsAndOSInvestigation]' started.
    t =     0.00s Start Test at 2026-09-06 11:24:50.729
    t =     0.22s Set Up
    t =     0.22s Open com.parlor.app.debug
    t =     0.22s     Launch com.parlor.app.debug
2026-09-06 11:24:51.142 xcodebuild[17465:1739590] [MT] IDELaunchParametersSnapshot: The operation couldn’t be completed. (DebuggerLLDB.DebuggerVersionStore.StoreError error 0.)
2026-09-06 11:24:51.142 xcodebuild[17465:1739590] [MT] IDELaunchParametersSnapshot: no debugger version
    t =     1.24s         Setting up automation session
    t =     1.85s         Wait for com.parlor.app.debug to idle
    t =     3.95s Wait for com.parlor.app.debug to become Running Foreground
    t =     3.95s Waiting 30.0s for "parlor-home-brand" StaticText to exist
    t =     4.99s     Checking `Expect predicate `existsNoRetry == 1` for object "parlor-home-brand" StaticText`
    t =     4.99s         Checking existence of `"parlor-home-brand" StaticText`
    t =     5.06s Waiting 10.0s for "parlor-dsc01-observe" Button to exist
    t =     6.10s     Checking `Expect predicate `existsNoRetry == 1` for object "parlor-dsc01-observe" Button`
    t =     6.10s         Checking existence of `"parlor-dsc01-observe" Button`
    t =     6.11s Checking existence of `Alert (First Match)`
    t =     6.13s Waiting 10.0s for "parlor-dsc01-state" StaticText to exist
    t =     7.16s     Checking `Expect predicate `existsNoRetry == 1` for object "parlor-dsc01-state" StaticText`
    t =     7.16s         Checking existence of `"parlor-dsc01-state" StaticText`
    t =     7.18s Find the "parlor-dsc01-state" StaticText
    t =     7.20s Tap "parlor-dsc01-observe" Button
    t =     7.20s     Wait for com.parlor.app.debug to idle
    t =     7.20s     Find the "parlor-dsc01-observe" Button
    t =     7.21s     Check for interrupting elements affecting "parlor-dsc01-observe" Button
    t =     7.23s     Synthesize event
    t =     7.64s     Wait for com.parlor.app.debug to idle
    t =     8.68s Find the "parlor-dsc01-state" StaticText
    t =     8.71s Find the "parlor-dsc01-state" StaticText
    t =     8.73s Waiting 15.0s for Any (First Match) to exist
    t =     9.76s     Checking `Expect predicate `existsNoRetry == 1` for object Any (First Match)`
    t =     9.77s         Checking existence of `Any (First Match)`
    t =     9.79s Get all elements bound by index for: Elements matching predicate 'label == "Open settings., SETTINGS"'
    t =     9.81s Find the Any (Element at index 0)
    t =     9.83s Tap "Open settings., SETTINGS" Button
    t =     9.83s     Wait for com.parlor.app.debug to idle
    t =     9.83s     Find the "Open settings., SETTINGS" Button
    t =     9.84s     Check for interrupting elements affecting "Open settings., SETTINGS" Button
    t =     9.85s     Synthesize event
    t =    10.14s     Wait for com.parlor.app.debug to idle
    t =    10.14s Waiting 15.0s for Any (First Match) to exist
    t =    11.18s     Checking `Expect predicate `existsNoRetry == 1` for object Any (First Match)`
    t =    11.18s         Checking existence of `Any (First Match)`
    t =    11.21s Checking existence of `Any (First Match)`
    t =    11.23s Waiting 10.0s for "parlor-dsc01-state" StaticText to exist
    t =    12.26s     Checking `Expect predicate `existsNoRetry == 1` for object "parlor-dsc01-state" StaticText`
    t =    12.26s         Checking existence of `"parlor-dsc01-state" StaticText`
    t =    12.28s Find the "parlor-dsc01-state" StaticText
    t =    12.29s Tap "parlor-dsc01-observe" Button
    t =    12.29s     Wait for com.parlor.app.debug to idle
    t =    12.29s     Find the "parlor-dsc01-observe" Button
    t =    12.31s     Check for interrupting elements affecting "parlor-dsc01-observe" Button
    t =    12.32s     Synthesize event
    t =    12.61s     Wait for com.parlor.app.debug to idle
    t =    13.65s Find the "parlor-dsc01-state" StaticText
    t =    13.68s Find the "parlor-dsc01-state" StaticText
    t =    13.69s Waiting 15.0s for Any (First Match) to exist
    t =    14.73s     Checking `Expect predicate `existsNoRetry == 1` for object Any (First Match)`
    t =    14.73s         Checking existence of `Any (First Match)`
    t =    14.76s Get all elements bound by index for: Elements matching predicate 'label == "العربية"'
    t =    14.77s Find the Any (Element at index 0)
    t =    14.79s Tap "العربية" Button
    t =    14.79s     Wait for com.parlor.app.debug to idle
    t =    14.79s     Find the "العربية" Button
    t =    14.80s     Check for interrupting elements affecting "العربية" Button
    t =    14.81s     Synthesize event
    t =    15.10s     Wait for com.parlor.app.debug to idle
    t =    15.11s Waiting 15.0s for Any (First Match) to exist
    t =    16.14s     Checking `Expect predicate `existsNoRetry == 1` for object Any (First Match)`
    t =    16.14s         Checking existence of `Any (First Match)`
    t =    16.17s Checking existence of `Any (First Match)`
    t =    16.19s Waiting 10.0s for "parlor-dsc01-state" StaticText to exist
    t =    17.22s     Checking `Expect predicate `existsNoRetry == 1` for object "parlor-dsc01-state" StaticText`
    t =    17.22s         Checking existence of `"parlor-dsc01-state" StaticText`
    t =    17.25s Find the "parlor-dsc01-state" StaticText
    t =    17.27s Tap "parlor-dsc01-observe" Button
    t =    17.27s     Wait for com.parlor.app.debug to idle
    t =    17.27s     Find the "parlor-dsc01-observe" Button
    t =    17.29s     Check for interrupting elements affecting "parlor-dsc01-observe" Button
    t =    17.30s     Synthesize event
    t =    17.59s     Wait for com.parlor.app.debug to idle
    t =    18.63s Find the "parlor-dsc01-state" StaticText
    t =    18.66s Find the "parlor-dsc01-state" StaticText
    t =    18.68s Waiting 10.0s for "parlor-dsc01-state" StaticText to exist
    t =    19.71s     Checking `Expect predicate `existsNoRetry == 1` for object "parlor-dsc01-state" StaticText`
    t =    19.71s         Checking existence of `"parlor-dsc01-state" StaticText`
    t =    19.74s Find the "parlor-dsc01-state" StaticText
    t =    19.76s Tap "parlor-dsc01-observe" Button
    t =    19.76s     Wait for com.parlor.app.debug to idle
    t =    19.76s     Find the "parlor-dsc01-observe" Button
    t =    19.77s     Check for interrupting elements affecting "parlor-dsc01-observe" Button
    t =    19.79s     Synthesize event
    t =    20.07s     Wait for com.parlor.app.debug to idle
    t =    21.12s Find the "parlor-dsc01-state" StaticText
    t =    21.13s Find the "parlor-dsc01-state" StaticText
    t =    21.15s Terminate com.parlor.app.debug:18922
    t =    22.21s Wait for com.parlor.app.debug to become Not Running
    t =    22.21s Open com.parlor.app.debug
    t =    22.21s     Launch com.parlor.app.debug
2026-09-06 11:25:12.940 xcodebuild[17465:1739590] [MT] IDELaunchParametersSnapshot: The operation couldn’t be completed. (DebuggerLLDB.DebuggerVersionStore.StoreError error 0.)
2026-09-06 11:25:12.940 xcodebuild[17465:1739590] [MT] IDELaunchParametersSnapshot: no debugger version
    t =    22.42s         Setting up automation session
    t =    23.08s         Wait for com.parlor.app.debug to idle
    t =    24.34s Wait for com.parlor.app.debug to become Running Foreground
    t =    24.34s Waiting 30.0s for "parlor-home-brand" StaticText to exist
    t =    25.38s     Checking `Expect predicate `existsNoRetry == 1` for object "parlor-home-brand" StaticText`
    t =    25.38s         Checking existence of `"parlor-home-brand" StaticText`
    t =    25.44s Waiting 10.0s for "parlor-dsc01-observe" Button to exist
    t =    26.48s     Checking `Expect predicate `existsNoRetry == 1` for object "parlor-dsc01-observe" Button`
    t =    26.48s         Checking existence of `"parlor-dsc01-observe" Button`
    t =    26.49s Checking existence of `Alert (First Match)`
    t =    26.51s Waiting 10.0s for "parlor-dsc01-state" StaticText to exist
    t =    27.55s     Checking `Expect predicate `existsNoRetry == 1` for object "parlor-dsc01-state" StaticText`
    t =    27.55s         Checking existence of `"parlor-dsc01-state" StaticText`
    t =    27.57s Find the "parlor-dsc01-state" StaticText
    t =    27.59s Tap "parlor-dsc01-observe" Button
    t =    27.59s     Wait for com.parlor.app.debug to idle
    t =    27.59s     Find the "parlor-dsc01-observe" Button
    t =    27.60s     Check for interrupting elements affecting "parlor-dsc01-observe" Button
    t =    27.62s     Synthesize event
    t =    27.90s     Wait for com.parlor.app.debug to idle
    t =    28.95s Find the "parlor-dsc01-state" StaticText
    t =    28.97s Find the "parlor-dsc01-state" StaticText
    t =    28.99s Waiting 15.0s for Any (First Match) to exist
    t =    30.02s     Checking `Expect predicate `existsNoRetry == 1` for object Any (First Match)`
    t =    30.02s         Checking existence of `Any (First Match)`
    t =    30.05s Get all elements bound by index for: Elements matching predicate 'label == "افتح الإعدادات., الإعدادات"'
    t =    30.06s Find the Any (Element at index 0)
    t =    30.08s Tap "افتح الإعدادات., الإعدادات" Button
    t =    30.08s     Wait for com.parlor.app.debug to idle
    t =    30.08s     Find the "افتح الإعدادات., الإعدادات" Button
    t =    30.09s     Check for interrupting elements affecting "افتح الإعدادات., الإعدادات" Button
    t =    30.10s     Synthesize event
    t =    30.39s     Wait for com.parlor.app.debug to idle
    t =    30.39s Waiting 15.0s for Any (First Match) to exist
    t =    31.43s     Checking `Expect predicate `existsNoRetry == 1` for object Any (First Match)`
    t =    31.43s         Checking existence of `Any (First Match)`
    t =    31.46s Checking existence of `Any (First Match)`
    t =    31.48s Waiting 10.0s for "parlor-dsc01-state" StaticText to exist
    t =    32.51s     Checking `Expect predicate `existsNoRetry == 1` for object "parlor-dsc01-state" StaticText`
    t =    32.51s         Checking existence of `"parlor-dsc01-state" StaticText`
    t =    32.52s Find the "parlor-dsc01-state" StaticText
    t =    32.53s Tap "parlor-dsc01-observe" Button
    t =    32.53s     Wait for com.parlor.app.debug to idle
    t =    32.53s     Find the "parlor-dsc01-observe" Button
    t =    32.54s     Check for interrupting elements affecting "parlor-dsc01-observe" Button
    t =    32.55s     Synthesize event
    t =    32.84s     Wait for com.parlor.app.debug to idle
    t =    33.88s Find the "parlor-dsc01-state" StaticText
    t =    33.91s Find the "parlor-dsc01-state" StaticText
    t =    33.93s Waiting 15.0s for Any (First Match) to exist
    t =    34.96s     Checking `Expect predicate `existsNoRetry == 1` for object Any (First Match)`
    t =    34.96s         Checking existence of `Any (First Match)`
    t =    34.99s Get all elements bound by index for: Elements matching predicate 'label == "لغة النظام"'
    t =    35.01s Find the Any (Element at index 0)
    t =    35.03s Tap "لغة النظام" Button
    t =    35.03s     Wait for com.parlor.app.debug to idle
    t =    35.03s     Find the "لغة النظام" Button
    t =    35.04s     Check for interrupting elements affecting "لغة النظام" Button
    t =    35.05s     Synthesize event
    t =    35.34s     Wait for com.parlor.app.debug to idle
    t =    35.35s Waiting 15.0s for Any (First Match) to exist
    t =    36.38s     Checking `Expect predicate `existsNoRetry == 1` for object Any (First Match)`
    t =    36.38s         Checking existence of `Any (First Match)`
    t =    36.41s Checking existence of `Any (First Match)`
    t =    36.42s Waiting 10.0s for "parlor-dsc01-state" StaticText to exist
    t =    37.46s     Checking `Expect predicate `existsNoRetry == 1` for object "parlor-dsc01-state" StaticText`
    t =    37.46s         Checking existence of `"parlor-dsc01-state" StaticText`
    t =    37.49s Find the "parlor-dsc01-state" StaticText
    t =    37.50s Tap "parlor-dsc01-observe" Button
    t =    37.50s     Wait for com.parlor.app.debug to idle
    t =    37.50s     Find the "parlor-dsc01-observe" Button
    t =    37.52s     Check for interrupting elements affecting "parlor-dsc01-observe" Button
    t =    37.53s     Synthesize event
    t =    37.82s     Wait for com.parlor.app.debug to idle
    t =    38.86s Find the "parlor-dsc01-state" StaticText
    t =    38.87s Find the "parlor-dsc01-state" StaticText
    t =    38.89s Waiting 10.0s for "parlor-dsc01-state" StaticText to exist
    t =    39.92s     Checking `Expect predicate `existsNoRetry == 1` for object "parlor-dsc01-state" StaticText`
    t =    39.92s         Checking existence of `"parlor-dsc01-state" StaticText`
    t =    39.94s Find the "parlor-dsc01-state" StaticText
    t =    39.96s Tap "parlor-dsc01-observe" Button
    t =    39.96s     Wait for com.parlor.app.debug to idle
    t =    39.96s     Find the "parlor-dsc01-observe" Button
    t =    39.98s     Check for interrupting elements affecting "parlor-dsc01-observe" Button
    t =    39.99s     Synthesize event
    t =    40.28s     Wait for com.parlor.app.debug to idle
    t =    41.32s Find the "parlor-dsc01-state" StaticText
    t =    41.35s Find the "parlor-dsc01-state" StaticText
    t =    41.36s Terminate com.parlor.app.debug:19024
    t =    42.41s Wait for com.parlor.app.debug to become Not Running
    t =    42.41s Open com.parlor.app.debug
    t =    42.41s     Launch com.parlor.app.debug
2026-09-06 11:25:33.146 xcodebuild[17465:1739590] [MT] IDELaunchParametersSnapshot: The operation couldn’t be completed. (DebuggerLLDB.DebuggerVersionStore.StoreError error 0.)
2026-09-06 11:25:33.146 xcodebuild[17465:1739590] [MT] IDELaunchParametersSnapshot: no debugger version
    t =    42.62s         Setting up automation session
    t =    43.27s         Wait for com.parlor.app.debug to idle
    t =    44.54s Wait for com.parlor.app.debug to become Running Foreground
    t =    44.54s Waiting 30.0s for "parlor-home-brand" StaticText to exist
    t =    45.56s     Checking `Expect predicate `existsNoRetry == 1` for object "parlor-home-brand" StaticText`
    t =    45.56s         Checking existence of `"parlor-home-brand" StaticText`
    t =    45.64s Waiting 10.0s for "parlor-dsc01-observe" Button to exist
    t =    46.67s     Checking `Expect predicate `existsNoRetry == 1` for object "parlor-dsc01-observe" Button`
    t =    46.67s         Checking existence of `"parlor-dsc01-observe" Button`
    t =    46.70s Checking existence of `Alert (First Match)`
    t =    46.72s Waiting 10.0s for "parlor-dsc01-state" StaticText to exist
    t =    47.74s     Checking `Expect predicate `existsNoRetry == 1` for object "parlor-dsc01-state" StaticText`
    t =    47.74s         Checking existence of `"parlor-dsc01-state" StaticText`
    t =    47.77s Find the "parlor-dsc01-state" StaticText
    t =    47.78s Tap "parlor-dsc01-observe" Button
    t =    47.78s     Wait for com.parlor.app.debug to idle
    t =    47.79s     Find the "parlor-dsc01-observe" Button
    t =    47.80s     Check for interrupting elements affecting "parlor-dsc01-observe" Button
    t =    47.81s     Synthesize event
    t =    48.09s     Wait for com.parlor.app.debug to idle
    t =    49.13s Find the "parlor-dsc01-state" StaticText
    t =    49.16s Find the "parlor-dsc01-state" StaticText
    t =    49.18s Waiting 15.0s for Any (First Match) to exist
    t =    50.20s     Checking `Expect predicate `existsNoRetry == 1` for object Any (First Match)`
    t =    50.20s         Checking existence of `Any (First Match)`
    t =    50.23s Get all elements bound by index for: Elements matching predicate 'label == "افتح الإعدادات., الإعدادات"'
    t =    50.24s Find the Any (Element at index 0)
    t =    50.26s Tap "افتح الإعدادات., الإعدادات" Button
    t =    50.26s     Wait for com.parlor.app.debug to idle
    t =    50.26s     Find the "افتح الإعدادات., الإعدادات" Button
    t =    50.27s     Check for interrupting elements affecting "افتح الإعدادات., الإعدادات" Button
    t =    50.28s     Synthesize event
    t =    50.57s     Wait for com.parlor.app.debug to idle
    t =    50.57s Waiting 15.0s for Any (First Match) to exist
    t =    51.60s     Checking `Expect predicate `existsNoRetry == 1` for object Any (First Match)`
    t =    51.60s         Checking existence of `Any (First Match)`
    t =    51.63s Checking existence of `Any (First Match)`
    t =    51.65s Waiting 10.0s for "parlor-dsc01-state" StaticText to exist
    t =    52.68s     Checking `Expect predicate `existsNoRetry == 1` for object "parlor-dsc01-state" StaticText`
    t =    52.69s         Checking existence of `"parlor-dsc01-state" StaticText`
    t =    52.72s Find the "parlor-dsc01-state" StaticText
    t =    52.73s Tap "parlor-dsc01-observe" Button
    t =    52.73s     Wait for com.parlor.app.debug to idle
    t =    52.73s     Find the "parlor-dsc01-observe" Button
    t =    52.75s     Check for interrupting elements affecting "parlor-dsc01-observe" Button
    t =    52.76s     Synthesize event
    t =    53.05s     Wait for com.parlor.app.debug to idle
    t =    54.09s Find the "parlor-dsc01-state" StaticText
    t =    54.12s Find the "parlor-dsc01-state" StaticText
    t =    54.14s Waiting 15.0s for Any (First Match) to exist
    t =    55.17s     Checking `Expect predicate `existsNoRetry == 1` for object Any (First Match)`
    t =    55.17s         Checking existence of `Any (First Match)`
    t =    55.21s Get all elements bound by index for: Elements matching predicate 'label == "English"'
    t =    55.22s Find the Any (Element at index 0)
    t =    55.24s Tap "English" Button
    t =    55.24s     Wait for com.parlor.app.debug to idle
    t =    55.24s     Find the "English" Button
    t =    55.26s     Check for interrupting elements affecting "English" Button
    t =    55.27s     Synthesize event
    t =    55.56s     Wait for com.parlor.app.debug to idle
    t =    55.56s Waiting 15.0s for Any (First Match) to exist
    t =    56.59s     Checking `Expect predicate `existsNoRetry == 1` for object Any (First Match)`
    t =    56.59s         Checking existence of `Any (First Match)`
    t =    56.62s Checking existence of `Any (First Match)`
    t =    56.64s Waiting 10.0s for "parlor-dsc01-state" StaticText to exist
    t =    57.66s     Checking `Expect predicate `existsNoRetry == 1` for object "parlor-dsc01-state" StaticText`
    t =    57.66s         Checking existence of `"parlor-dsc01-state" StaticText`
    t =    57.68s Find the "parlor-dsc01-state" StaticText
    t =    57.69s Tap "parlor-dsc01-observe" Button
    t =    57.69s     Wait for com.parlor.app.debug to idle
    t =    57.69s     Find the "parlor-dsc01-observe" Button
    t =    57.71s     Check for interrupting elements affecting "parlor-dsc01-observe" Button
    t =    57.72s     Synthesize event
    t =    58.01s     Wait for com.parlor.app.debug to idle
    t =    59.05s Find the "parlor-dsc01-state" StaticText
    t =    59.08s Find the "parlor-dsc01-state" StaticText
    t =    59.09s Waiting 10.0s for "parlor-dsc01-state" StaticText to exist
    t =    60.13s     Checking `Expect predicate `existsNoRetry == 1` for object "parlor-dsc01-state" StaticText`
    t =    60.13s         Checking existence of `"parlor-dsc01-state" StaticText`
    t =    60.14s Find the "parlor-dsc01-state" StaticText
    t =    60.15s Tap "parlor-dsc01-observe" Button
    t =    60.15s     Wait for com.parlor.app.debug to idle
    t =    60.15s     Find the "parlor-dsc01-observe" Button
    t =    60.16s     Check for interrupting elements affecting "parlor-dsc01-observe" Button
    t =    60.17s     Synthesize event
    t =    60.46s     Wait for com.parlor.app.debug to idle
    t =    61.49s Find the "parlor-dsc01-state" StaticText
    t =    61.52s Find the "parlor-dsc01-state" StaticText
    t =    61.54s Terminate com.parlor.app.debug:19119
    t =    62.59s Wait for com.parlor.app.debug to become Not Running
    t =    62.59s Open com.parlor.app.debug
    t =    62.59s     Launch com.parlor.app.debug
2026-09-06 11:25:53.321 xcodebuild[17465:1739590] [MT] IDELaunchParametersSnapshot: The operation couldn’t be completed. (DebuggerLLDB.DebuggerVersionStore.StoreError error 0.)
2026-09-06 11:25:53.321 xcodebuild[17465:1739590] [MT] IDELaunchParametersSnapshot: no debugger version
    t =    62.80s         Setting up automation session
    t =    63.45s         Wait for com.parlor.app.debug to idle
    t =    64.70s Wait for com.parlor.app.debug to become Running Foreground
    t =    64.70s Waiting 30.0s for "parlor-home-brand" StaticText to exist
    t =    65.72s     Checking `Expect predicate `existsNoRetry == 1` for object "parlor-home-brand" StaticText`
    t =    65.72s         Checking existence of `"parlor-home-brand" StaticText`
    t =    65.80s Waiting 10.0s for "parlor-dsc01-observe" Button to exist
    t =    66.83s     Checking `Expect predicate `existsNoRetry == 1` for object "parlor-dsc01-observe" Button`
    t =    66.83s         Checking existence of `"parlor-dsc01-observe" Button`
    t =    66.86s Checking existence of `Alert (First Match)`
    t =    66.88s Waiting 10.0s for "parlor-dsc01-state" StaticText to exist
    t =    67.90s     Checking `Expect predicate `existsNoRetry == 1` for object "parlor-dsc01-state" StaticText`
    t =    67.90s         Checking existence of `"parlor-dsc01-state" StaticText`
    t =    67.92s Find the "parlor-dsc01-state" StaticText
    t =    67.94s Tap "parlor-dsc01-observe" Button
    t =    67.94s     Wait for com.parlor.app.debug to idle
    t =    67.94s     Find the "parlor-dsc01-observe" Button
    t =    67.95s     Check for interrupting elements affecting "parlor-dsc01-observe" Button
    t =    67.96s     Synthesize event
    t =    68.25s     Wait for com.parlor.app.debug to idle
    t =    69.28s Find the "parlor-dsc01-state" StaticText
    t =    69.31s Find the "parlor-dsc01-state" StaticText
    t =    69.33s Waiting 15.0s for Any (First Match) to exist
    t =    70.35s     Checking `Expect predicate `existsNoRetry == 1` for object Any (First Match)`
    t =    70.35s         Checking existence of `Any (First Match)`
    t =    70.37s Get all elements bound by index for: Elements matching predicate 'label == "Open settings., SETTINGS"'
    t =    70.38s Find the Any (Element at index 0)
    t =    70.40s Tap "Open settings., SETTINGS" Button
    t =    70.40s     Wait for com.parlor.app.debug to idle
    t =    70.40s     Find the "Open settings., SETTINGS" Button
    t =    70.42s     Check for interrupting elements affecting "Open settings., SETTINGS" Button
    t =    70.43s     Synthesize event
    t =    70.71s     Wait for com.parlor.app.debug to idle
    t =    70.72s Waiting 15.0s for Any (First Match) to exist
    t =    71.75s     Checking `Expect predicate `existsNoRetry == 1` for object Any (First Match)`
    t =    71.75s         Checking existence of `Any (First Match)`
    t =    71.78s Checking existence of `Any (First Match)`
    t =    71.79s Waiting 10.0s for "parlor-dsc01-state" StaticText to exist
    t =    72.82s     Checking `Expect predicate `existsNoRetry == 1` for object "parlor-dsc01-state" StaticText`
    t =    72.82s         Checking existence of `"parlor-dsc01-state" StaticText`
    t =    72.85s Find the "parlor-dsc01-state" StaticText
    t =    72.86s Tap "parlor-dsc01-observe" Button
    t =    72.86s     Wait for com.parlor.app.debug to idle
    t =    72.87s     Find the "parlor-dsc01-observe" Button
    t =    72.88s     Check for interrupting elements affecting "parlor-dsc01-observe" Button
    t =    72.89s     Synthesize event
    t =    73.18s     Wait for com.parlor.app.debug to idle
    t =    74.22s Find the "parlor-dsc01-state" StaticText
    t =    74.25s Find the "parlor-dsc01-state" StaticText
    t =    74.27s Waiting 15.0s for Any (First Match) to exist
    t =    75.30s     Checking `Expect predicate `existsNoRetry == 1` for object Any (First Match)`
    t =    75.30s         Checking existence of `Any (First Match)`
    t =    75.33s Get all elements bound by index for: Elements matching predicate 'label == "System language"'
    t =    75.34s Find the Any (Element at index 0)
    t =    75.36s Tap "System language" Button
    t =    75.36s     Wait for com.parlor.app.debug to idle
    t =    75.36s     Find the "System language" Button
    t =    75.37s     Check for interrupting elements affecting "System language" Button
    t =    75.38s     Synthesize event
    t =    75.67s     Wait for com.parlor.app.debug to idle
    t =    75.67s Waiting 15.0s for Any (First Match) to exist
    t =    76.70s     Checking `Expect predicate `existsNoRetry == 1` for object Any (First Match)`
    t =    76.70s         Checking existence of `Any (First Match)`
    t =    76.73s Checking existence of `Any (First Match)`
    t =    76.75s Waiting 10.0s for "parlor-dsc01-state" StaticText to exist
    t =    77.77s     Checking `Expect predicate `existsNoRetry == 1` for object "parlor-dsc01-state" StaticText`
    t =    77.77s         Checking existence of `"parlor-dsc01-state" StaticText`
    t =    77.81s Find the "parlor-dsc01-state" StaticText
    t =    77.82s Tap "parlor-dsc01-observe" Button
    t =    77.82s     Wait for com.parlor.app.debug to idle
    t =    77.82s     Find the "parlor-dsc01-observe" Button
    t =    77.83s     Check for interrupting elements affecting "parlor-dsc01-observe" Button
    t =    77.85s     Synthesize event
    t =    78.13s     Wait for com.parlor.app.debug to idle
    t =    79.18s Find the "parlor-dsc01-state" StaticText
    t =    79.20s Find the "parlor-dsc01-state" StaticText
    t =    79.22s Waiting 10.0s for "parlor-dsc01-state" StaticText to exist
    t =    80.24s     Checking `Expect predicate `existsNoRetry == 1` for object "parlor-dsc01-state" StaticText`
    t =    80.24s         Checking existence of `"parlor-dsc01-state" StaticText`
    t =    80.27s Find the "parlor-dsc01-state" StaticText
    t =    80.28s Tap "parlor-dsc01-observe" Button
    t =    80.28s     Wait for com.parlor.app.debug to idle
    t =    80.28s     Find the "parlor-dsc01-observe" Button
    t =    80.30s     Check for interrupting elements affecting "parlor-dsc01-observe" Button
    t =    80.31s     Synthesize event
    t =    80.60s     Wait for com.parlor.app.debug to idle
    t =    81.64s Find the "parlor-dsc01-state" StaticText
    t =    81.66s Find the "parlor-dsc01-state" StaticText
    t =    81.67s Tap "parlor-dsc01-complete" Button
    t =    81.67s     Wait for com.parlor.app.debug to idle
    t =    81.67s     Find the "parlor-dsc01-complete" Button
    t =    81.69s     Check for interrupting elements affecting "parlor-dsc01-complete" Button
    t =    81.70s     Synthesize event
    t =    81.99s     Wait for com.parlor.app.debug to idle
    t =    81.99s Waiting 10.0s for "parlor-dsc01-state" StaticText to exist
    t =    83.02s     Checking `Expect predicate `existsNoRetry == 1` for object "parlor-dsc01-state" StaticText`
    t =    83.02s         Checking existence of `"parlor-dsc01-state" StaticText`
    t =    83.04s Find the "parlor-dsc01-state" StaticText
    t =    83.06s Tap "parlor-dsc01-observe" Button
    t =    83.06s     Wait for com.parlor.app.debug to idle
    t =    83.06s     Find the "parlor-dsc01-observe" Button
    t =    83.08s     Check for interrupting elements affecting "parlor-dsc01-observe" Button
    t =    83.09s     Synthesize event
    t =    83.38s     Wait for com.parlor.app.debug to idle
    t =    84.43s Find the "parlor-dsc01-state" StaticText
    t =    84.45s Find the "parlor-dsc01-state" StaticText
    t =    84.47s Terminate com.parlor.app.debug:19256
    t =    85.51s Wait for com.parlor.app.debug to become Not Running
    t =    85.52s Open com.parlor.app.debug
    t =    85.52s     Launch com.parlor.app.debug
2026-09-06 11:26:16.250 xcodebuild[17465:1739590] [MT] IDELaunchParametersSnapshot: The operation couldn’t be completed. (DebuggerLLDB.DebuggerVersionStore.StoreError error 0.)
2026-09-06 11:26:16.250 xcodebuild[17465:1739590] [MT] IDELaunchParametersSnapshot: no debugger version
    t =    85.73s         Setting up automation session
    t =    86.36s         Wait for com.parlor.app.debug to idle
    t =    87.60s Wait for com.parlor.app.debug to become Running Foreground
    t =    87.60s Waiting 30.0s for "parlor-home-brand" StaticText to exist
    t =    88.62s     Checking `Expect predicate `existsNoRetry == 1` for object "parlor-home-brand" StaticText`
    t =    88.62s         Checking existence of `"parlor-home-brand" StaticText`
    t =    88.70s Waiting 10.0s for "parlor-dsc01-observe" Button to exist
    t =    89.72s     Checking `Expect predicate `existsNoRetry == 1` for object "parlor-dsc01-observe" Button`
    t =    89.72s         Checking existence of `"parlor-dsc01-observe" Button`
    t =    89.75s Checking existence of `Alert (First Match)`
    t =    89.77s Waiting 10.0s for "parlor-dsc01-state" StaticText to exist
    t =    90.80s     Checking `Expect predicate `existsNoRetry == 1` for object "parlor-dsc01-state" StaticText`
    t =    90.80s         Checking existence of `"parlor-dsc01-state" StaticText`
    t =    90.82s Find the "parlor-dsc01-state" StaticText
    t =    90.84s Tap "parlor-dsc01-observe" Button
    t =    90.84s     Wait for com.parlor.app.debug to idle
    t =    90.84s     Find the "parlor-dsc01-observe" Button
    t =    90.85s     Check for interrupting elements affecting "parlor-dsc01-observe" Button
    t =    90.87s     Synthesize event
    t =    91.15s     Wait for com.parlor.app.debug to idle
    t =    92.19s Find the "parlor-dsc01-state" StaticText
    t =    92.21s Find the "parlor-dsc01-state" StaticText
    t =    92.23s Waiting 10.0s for "parlor-dsc01-state" StaticText to exist
    t =    93.25s     Checking `Expect predicate `existsNoRetry == 1` for object "parlor-dsc01-state" StaticText`
    t =    93.25s         Checking existence of `"parlor-dsc01-state" StaticText`
    t =    93.27s Find the "parlor-dsc01-state" StaticText
    t =    93.28s Tap "parlor-dsc01-observe" Button
    t =    93.28s     Wait for com.parlor.app.debug to idle
    t =    93.29s     Find the "parlor-dsc01-observe" Button
    t =    93.30s     Check for interrupting elements affecting "parlor-dsc01-observe" Button
    t =    93.31s     Synthesize event
    t =    93.60s     Wait for com.parlor.app.debug to idle
    t =    94.64s Find the "parlor-dsc01-state" StaticText
    t =    94.67s Find the "parlor-dsc01-state" StaticText
    t =    94.68s Waiting 10.0s for "parlor-dsc01-state" StaticText to exist
    t =    95.71s     Checking `Expect predicate `existsNoRetry == 1` for object "parlor-dsc01-state" StaticText`
    t =    95.71s         Checking existence of `"parlor-dsc01-state" StaticText`
    t =    95.73s Find the "parlor-dsc01-state" StaticText
    t =    95.75s Tap "parlor-dsc01-observe" Button
    t =    95.75s     Wait for com.parlor.app.debug to idle
    t =    95.75s     Find the "parlor-dsc01-observe" Button
    t =    95.76s     Check for interrupting elements affecting "parlor-dsc01-observe" Button
    t =    95.78s     Synthesize event
    t =    96.07s     Wait for com.parlor.app.debug to idle
    t =    97.12s Find the "parlor-dsc01-state" StaticText
    t =    97.15s Find the "parlor-dsc01-state" StaticText
    t =    97.16s Tap "parlor-dsc01-synthetic-en" Button
    t =    97.16s     Wait for com.parlor.app.debug to idle
    t =    97.16s     Find the "parlor-dsc01-synthetic-en" Button
    t =    97.18s     Check for interrupting elements affecting "parlor-dsc01-synthetic-en" Button
    t =    97.19s     Synthesize event
    t =    97.48s     Wait for com.parlor.app.debug to idle
    t =    97.48s Waiting 10.0s for "parlor-dsc01-state" StaticText to exist
    t =    98.50s     Checking `Expect predicate `existsNoRetry == 1` for object "parlor-dsc01-state" StaticText`
    t =    98.50s         Checking existence of `"parlor-dsc01-state" StaticText`
    t =    98.52s Find the "parlor-dsc01-state" StaticText
    t =    98.54s Tap "parlor-dsc01-observe" Button
    t =    98.54s     Wait for com.parlor.app.debug to idle
    t =    98.54s     Find the "parlor-dsc01-observe" Button
    t =    98.55s     Check for interrupting elements affecting "parlor-dsc01-observe" Button
    t =    98.56s     Synthesize event
    t =    98.85s     Wait for com.parlor.app.debug to idle
    t =    99.89s Find the "parlor-dsc01-state" StaticText
    t =    99.91s Find the "parlor-dsc01-state" StaticText
    t =    99.93s Waiting 15.0s for Any (First Match) to exist
    t =   100.94s     Checking `Expect predicate `existsNoRetry == 1` for object Any (First Match)`
    t =   100.94s         Checking existence of `Any (First Match)`
    t =   100.98s Get number of matches for: Elements matching predicate 'label BEGINSWITH "Open Whodunit and pick how you want to play."'
    t =   100.99s Get all elements bound by index for: Elements matching predicate 'label BEGINSWITH "Open Whodunit and pick how you want to play."'
    t =   101.00s Find the Any (Element at index 0)
    t =   101.02s Tap "Open Whodunit and pick how you want to play., CASE FILE · 1" Button
    t =   101.02s     Wait for com.parlor.app.debug to idle
    t =   101.02s     Find the "Open Whodunit and pick how you want to play., CASE FILE · 1" Button
    t =   101.03s     Check for interrupting elements affecting "Open Whodunit and pick how you want to play., CASE FILE · 1" Button
    t =   101.05s     Synthesize event
    t =   101.33s     Wait for com.parlor.app.debug to idle
    t =   101.33s Waiting 15.0s for Any (First Match) to exist
    t =   102.36s     Checking `Expect predicate `existsNoRetry == 1` for object Any (First Match)`
    t =   102.36s         Checking existence of `Any (First Match)`
    t =   102.39s Get number of matches for: Elements matching predicate 'label BEGINSWITH "Start a pass-and-play session on this device."'
    t =   102.40s Get all elements bound by index for: Elements matching predicate 'label BEGINSWITH "Start a pass-and-play session on this device."'
    t =   102.41s Find the Any (Element at index 0)
    t =   102.43s Tap "Start a pass-and-play session on this device., Pass and Play, Hand one phone around. Private turns stay covered between players., 1 phone · 6 players" Button
    t =   102.43s     Wait for com.parlor.app.debug to idle
    t =   102.43s     Find the "Start a pass-and-play session on this device., Pass and Play, Hand one phone around. Private turns stay covered between players., 1 phone · 6 players" Button
    t =   102.44s     Check for interrupting elements affecting "Start a pass-and-play session on this device., Pass and Play, Hand one phone around. Private turns stay covered between players., 1 phone · 6 players" Button
    t =   102.45s     Synthesize event
    t =   102.74s     Wait for com.parlor.app.debug to idle
    t =   102.92s Waiting 15.0s for Any (First Match) to exist
    t =   103.94s     Checking `Expect predicate `existsNoRetry == 1` for object Any (First Match)`
    t =   103.94s         Checking existence of `Any (First Match)`
    t =   103.97s Get number of matches for: Elements matching predicate 'label BEGINSWITH "Continue with "'
    t =   103.98s Get all elements bound by index for: Elements matching predicate 'label BEGINSWITH "Continue with "'
    t =   103.99s Find the Any (Element at index 0)
    t =   104.01s Tap "Continue with The Last Dinner., Continue with this story" Button
    t =   104.01s     Wait for com.parlor.app.debug to idle
    t =   104.01s     Find the "Continue with The Last Dinner., Continue with this story" Button
    t =   104.02s     Check for interrupting elements affecting "Continue with The Last Dinner., Continue with this story" Button
    t =   104.04s     Synthesize event
    t =   104.32s     Wait for com.parlor.app.debug to idle
    t =   104.32s Waiting 15.0s for Any (First Match) to exist
    t =   105.35s     Checking `Expect predicate `existsNoRetry == 1` for object Any (First Match)`
    t =   105.35s         Checking existence of `Any (First Match)`
    t =   105.38s Get number of matches for: Elements matching predicate 'label BEGINSWITH "Choose Classic Vote mode and proceed to player setup."'
    t =   105.39s Get all elements bound by index for: Elements matching predicate 'label BEGINSWITH "Choose Classic Vote mode and proceed to player setup."'
    t =   105.40s Find the Any (Element at index 0)
    t =   105.42s Tap "Choose Classic Vote mode and proceed to player setup., Choose Classic Vote" Button
    t =   105.42s     Wait for com.parlor.app.debug to idle
    t =   105.42s     Find the "Choose Classic Vote mode and proceed to player setup., Choose Classic Vote" Button
    t =   105.43s     Check for interrupting elements affecting "Choose Classic Vote mode and proceed to player setup., Choose Classic Vote" Button
    t =   105.44s     Synthesize event
    t =   105.73s     Wait for com.parlor.app.debug to idle
    t =   105.74s Waiting 15.0s for Any (First Match) to exist
    t =   106.76s     Checking `Expect predicate `existsNoRetry == 1` for object Any (First Match)`
    t =   106.76s         Checking existence of `Any (First Match)`
    t =   106.79s Get all elements bound by index for: Elements matching predicate 'label == "6"'
    t =   106.80s Find the Any (Element at index 0)
    t =   106.82s Tap "6" Button
    t =   106.82s     Wait for com.parlor.app.debug to idle
    t =   106.82s     Find the "6" Button
    t =   106.83s     Check for interrupting elements affecting "6" Button
    t =   106.84s     Synthesize event
    t =   107.13s     Wait for com.parlor.app.debug to idle
    t =   107.13s Waiting 10.0s for "dsc01-player-1" Any to exist
    t =   108.16s     Checking `Expect predicate `existsNoRetry == 1` for object "dsc01-player-1" Any`
    t =   108.16s         Checking existence of `"dsc01-player-1" Any`
    t =   108.18s Get number of matches for: Elements matching predicate '"dsc01-player-1" IN identifiers'
    t =   108.20s Get all elements bound by index for: Elements matching predicate '"dsc01-player-1" IN identifiers'
    t =   108.20s Find the "dsc01-player-1" Any
    t =   108.22s Tap "dsc01-player-1" TextView
    t =   108.22s     Wait for com.parlor.app.debug to idle
    t =   108.22s     Find the "dsc01-player-1" TextView
    t =   108.23s     Check for interrupting elements affecting "dsc01-player-1" TextView
    t =   108.24s     Synthesize event
    t =   108.53s     Wait for com.parlor.app.debug to idle
    t =   108.79s Type 'Audit Player 1' into "dsc01-player-1" TextView
    t =   108.80s     Wait for com.parlor.app.debug to idle
    t =   109.30s     Find the "dsc01-player-1" TextView
    t =   109.33s     Check for interrupting elements affecting "dsc01-player-1" TextView
    t =   109.35s     Synthesize event
    t =   109.78s     Wait for com.parlor.app.debug to idle
    t =   109.78s Waiting 10.0s for "dsc01-player-2" Any to exist
    t =   110.81s     Checking `Expect predicate `existsNoRetry == 1` for object "dsc01-player-2" Any`
    t =   110.81s         Checking existence of `"dsc01-player-2" Any`
    t =   110.90s Get number of matches for: Elements matching predicate '"dsc01-player-2" IN identifiers'
    t =   110.92s Get all elements bound by index for: Elements matching predicate '"dsc01-player-2" IN identifiers'
    t =   110.94s Find the "dsc01-player-2" Any
    t =   110.97s Tap "dsc01-player-2" TextView
    t =   110.97s     Wait for com.parlor.app.debug to idle
    t =   110.97s     Find the "dsc01-player-2" TextView
    t =   110.99s     Check for interrupting elements affecting "dsc01-player-2" TextView
    t =   111.01s     Synthesize event
    t =   111.29s     Wait for com.parlor.app.debug to idle
    t =   111.30s Type 'Audit Player 2' into "dsc01-player-2" TextView
    t =   111.30s     Wait for com.parlor.app.debug to idle
    t =   111.30s     Find the "dsc01-player-2" TextView
    t =   111.32s     Check for interrupting elements affecting "dsc01-player-2" TextView
    t =   111.34s     Synthesize event
    t =   111.78s     Wait for com.parlor.app.debug to idle
    t =   111.78s Waiting 10.0s for "dsc01-player-3" Any to exist
    t =   112.81s     Checking `Expect predicate `existsNoRetry == 1` for object "dsc01-player-3" Any`
    t =   112.81s         Checking existence of `"dsc01-player-3" Any`
    t =   112.91s Get number of matches for: Elements matching predicate '"dsc01-player-3" IN identifiers'
    t =   112.93s Get all elements bound by index for: Elements matching predicate '"dsc01-player-3" IN identifiers'
    t =   112.95s Find the "dsc01-player-3" Any
    t =   112.97s Tap "dsc01-player-3" TextView
    t =   112.97s     Wait for com.parlor.app.debug to idle
    t =   112.98s     Find the "dsc01-player-3" TextView
    t =   113.00s     Check for interrupting elements affecting "dsc01-player-3" TextView
    t =   113.01s     Synthesize event
    t =   113.30s     Wait for com.parlor.app.debug to idle
    t =   113.31s Type 'Audit Player 3' into "dsc01-player-3" TextView
    t =   113.31s     Wait for com.parlor.app.debug to idle
    t =   113.31s     Find the "dsc01-player-3" TextView
    t =   113.33s     Check for interrupting elements affecting "dsc01-player-3" TextView
    t =   113.35s     Synthesize event
    t =   113.78s     Wait for com.parlor.app.debug to idle
    t =   113.79s Waiting 10.0s for "dsc01-player-4" Any to exist
    t =   114.82s     Checking `Expect predicate `existsNoRetry == 1` for object "dsc01-player-4" Any`
    t =   114.82s         Checking existence of `"dsc01-player-4" Any`
    t =   114.91s Get number of matches for: Elements matching predicate '"dsc01-player-4" IN identifiers'
    t =   114.93s Get all elements bound by index for: Elements matching predicate '"dsc01-player-4" IN identifiers'
    t =   114.95s Find the "dsc01-player-4" Any
    t =   114.97s Tap "dsc01-player-4" TextView
    t =   114.97s     Wait for com.parlor.app.debug to idle
    t =   114.98s     Find the "dsc01-player-4" TextView
    t =   114.99s     Check for interrupting elements affecting "dsc01-player-4" TextView
    t =   115.01s     Synthesize event
    t =   115.30s     Wait for com.parlor.app.debug to idle
    t =   115.30s Type 'Audit Player 4' into "dsc01-player-4" TextView
    t =   115.30s     Wait for com.parlor.app.debug to idle
    t =   115.30s     Find the "dsc01-player-4" TextView
    t =   115.33s     Check for interrupting elements affecting "dsc01-player-4" TextView
    t =   115.35s     Synthesize event
    t =   115.78s     Wait for com.parlor.app.debug to idle
    t =   115.79s Waiting 10.0s for "dsc01-player-5" Any to exist
    t =   116.82s     Checking `Expect predicate `existsNoRetry == 1` for object "dsc01-player-5" Any`
    t =   116.82s         Checking existence of `"dsc01-player-5" Any`
    t =   116.92s Get number of matches for: Elements matching predicate '"dsc01-player-5" IN identifiers'
    t =   116.94s Get all elements bound by index for: Elements matching predicate '"dsc01-player-5" IN identifiers'
    t =   116.95s Find the "dsc01-player-5" Any
    t =   116.98s Tap "dsc01-player-5" TextView
    t =   116.98s     Wait for com.parlor.app.debug to idle
    t =   116.98s     Find the "dsc01-player-5" TextView
    t =   117.00s     Check for interrupting elements affecting "dsc01-player-5" TextView
    t =   117.02s     Synthesize event
    t =   117.31s     Wait for com.parlor.app.debug to idle
    t =   117.31s Type 'Audit Player 5' into "dsc01-player-5" TextView
    t =   117.31s     Wait for com.parlor.app.debug to idle
    t =   117.31s     Find the "dsc01-player-5" TextView
    t =   117.33s     Check for interrupting elements affecting "dsc01-player-5" TextView
    t =   117.36s     Synthesize event
    t =   117.79s     Wait for com.parlor.app.debug to idle
    t =   117.80s Waiting 10.0s for "dsc01-player-6" Any to exist
    t =   118.82s     Checking `Expect predicate `existsNoRetry == 1` for object "dsc01-player-6" Any`
    t =   118.82s         Checking existence of `"dsc01-player-6" Any`
    t =   118.92s Get number of matches for: Elements matching predicate '"dsc01-player-6" IN identifiers'
    t =   118.94s Get all elements bound by index for: Elements matching predicate '"dsc01-player-6" IN identifiers'
    t =   118.96s Find the "dsc01-player-6" Any
    t =   118.98s Swipe up Target Application 'com.parlor.app.debug'
    t =   118.98s     Wait for com.parlor.app.debug to idle
    t =   118.99s     Find the Target Application 'com.parlor.app.debug'
    t =   119.00s     Check for interrupting elements affecting "بارلور" Application
    t =   119.02s     Synthesize event
    t =   119.50s     Wait for com.parlor.app.debug to idle
    t =   119.51s Get all elements bound by index for: Elements matching predicate '"dsc01-player-6" IN identifiers'
    t =   119.54s Find the "dsc01-player-6" Any
    t =   119.57s Tap "dsc01-player-6" TextView
    t =   119.57s     Wait for com.parlor.app.debug to idle
    t =   119.57s     Find the "dsc01-player-6" TextView
    t =   119.60s     Check for interrupting elements affecting "dsc01-player-6" TextView
    t =   119.61s     Synthesize event
    t =   119.90s     Wait for com.parlor.app.debug to idle
    t =   119.91s Type 'Audit Player 6' into "dsc01-player-6" TextView
    t =   119.91s     Wait for com.parlor.app.debug to idle
    t =   119.91s     Find the "dsc01-player-6" TextView
    t =   119.94s     Check for interrupting elements affecting "dsc01-player-6" TextView
    t =   119.96s     Synthesize event
    t =   119.96s         Get number of matches for: Elements containing elements matching predicate 'hasKeyboardFocus == 1'
    t =   119.98s         Requesting snapshot of accessibility hierarchy for app with pid 19358
    t =   120.01s         Find: Descendants matching type Any
    t =   120.01s         Find: Elements matching predicate '"dsc01-player-6" IN identifiers'
    t =   120.02s         Find: Element at index 0
    t =   120.04s         Requesting snapshot of accessibility hierarchy for app with pid 19358
    t =   120.07s         Find: Descendants matching type Any
    t =   120.07s         Find: Elements matching predicate '"dsc01-player-6" IN identifiers'
    t =   120.07s         Find: Element at index 0
    t =   120.08s         Requesting snapshot of accessibility hierarchy for app with pid 19358
    t =   120.11s         Find: Descendants matching type Any
    t =   120.11s         Find: Elements matching predicate '"dsc01-player-6" IN identifiers'
    t =   120.11s         Requesting snapshot of accessibility hierarchy for app with pid 19358
    t =   120.14s         Find: Descendants matching type Any
    t =   120.14s         Requesting snapshot of accessibility hierarchy for app with pid 19358
    t =   120.38s         Requesting snapshot of accessibility hierarchy for app with pid 19358
    t =   120.41s         Find: Descendants matching type Any
    t =   120.41s         Find: Elements matching predicate '"dsc01-player-6" IN identifiers'
    t =   120.41s         Find: Element at index 0
    t =   120.44s         Requesting snapshot of accessibility hierarchy for app with pid 19358
    t =   120.46s         Find: Descendants matching type Any
    t =   120.46s         Find: Elements matching predicate '"dsc01-player-6" IN identifiers'
    t =   120.47s         Find: Element at index 0
    t =   120.47s         Requesting snapshot of accessibility hierarchy for app with pid 19358
    t =   120.49s         Find: Descendants matching type Any
    t =   120.49s         Find: Elements matching predicate '"dsc01-player-6" IN identifiers'
    t =   120.50s         Requesting snapshot of accessibility hierarchy for app with pid 19358
    t =   120.52s         Find: Descendants matching type Any
    t =   120.52s         Requesting snapshot of accessibility hierarchy for app with pid 19358
    t =   120.77s         Failed: Neither element nor any descendant has keyboard focus. Event dispatch snapshot: TextView, {{32.0, 287.7}, {338.0, 64.0}}, identifier: 'dsc01-player-6', label: 'Player 6'
Element debug description:
Attributes: TextView, 0x1181b0500, {{32.0, 290.3}, {338.0, 64.0}}, identifier: 'dsc01-player-6', label: 'Player 6'
Element subtree:
 →TextView, 0x1181b0500, {{32.0, 290.3}, {338.0, 64.0}}, identifier: 'dsc01-player-6', label: 'Player 6'
    Other, 0x1181b0640, {{32.0, 298.3}, {338.0, 56.0}}
    Other, 0x1181b0780, {{48.0, 302.3}, {306.0, 48.0}}
    StaticText, 0x1181b08c0, {{48.0, 318.7}, {51.0, 15.7}}, label: 'Player 6'
Path to element:
 →Application, 0x117e597c0, pid: 19358, label: 'بارلور'
  ↳Window (Main), 0x117e5a300, {{0.0, 0.0}, {402.0, 874.0}}
   ↳Other, 0x117e5a440, {{0.0, 0.0}, {402.0, 874.0}}
    ↳Other, 0x117e5a580, {{0.0, 0.0}, {402.0, 874.0}}
     ↳Other, 0x117e5a6c0, {{0.0, 0.0}, {402.0, 874.0}}
      ↳Other, 0x117e5b5c0, {{0.0, 0.0}, {402.0, 874.0}}
       ↳Other, 0x117e5b700, {{0.0, 0.0}, {402.0, 539.0}}
        ↳ScrollView, 0x117e592c0, {{0.0, 0.0}, {402.0, 539.0}}
         ↳Other, 0x117e58140, {{0.0, 0.0}, {402.0, 539.0}}
          ↳Other, 0x117e59180, {{0.0, 0.0}, {402.0, 539.0}}
           ↳Other, 0x117e5bac0, {{0.0, 0.0}, {402.0, 539.0}}
            ↳TextView, 0x1181b0500, {{32.0, 290.3}, {338.0, 64.0}}, identifier: 'dsc01-player-6', label: 'Player 6'
Query chain:
 →Find: Target Application 'com.parlor.app.debug'
  Output: {
    Application, 0x11838e300, pid: 19358, label: 'بارلور'
  }
  ↪︎Find: Descendants matching type Any
    Output: {
      Window (Main), 0x118364b40, {{0.0, 0.0}, {402.0, 874.0}}
      Window, 0x11837c8c0, {{0.0, 0.0}, {402.0, 874.0}}
      Window, 0x11837cf00, {{0.0, 0.0}, {402.0, 874.0}}
      Other, 0x118364c80, {{0.0, 0.0}, {402.0, 874.0}}
      Other, 0x11837ca00, {{0.0, 0.0}, {402.0, 874.0}}
      Other, 0x11837d040, {{0.0, 0.0}, {402.0, 874.0}}
      Other, 0x118364dc0, {{0.0, 0.0}, {402.0, 874.0}}
      Other, 0x11837cb40, {{0.0, 0.0}, {402.0, 874.0}}
      Other, 0x11837cc80, {{0.0, 539.0}, {402.0, 335.0}}
      Other, 0x11837d180, {{0.0, 539.0}, {402.0, 335.0}}
      Other, 0x118364f00, {{0.0, 0.0}, {402.0, 874.0}}
      Other, 0x11837cdc0, {{0.0, 539.0}, {402.0, 335.0}}, identifier: 'inputView'
      Other, 0x11837d2c0, {{0.0, 539.0}, {402.0, 44.0}}, identifier: 'SystemInputAssistantView'
      Other, 0x11837e1c0, {{0.0, 539.0}, {402.0, 335.0}}
      Other, 0x11837e580, {{0.0, 583.0}, {402.0, 233.0}}
      Other, 0x11838da40, {{0.0, 583.0}, {402.0, 291.0}}
      Other, 0x118365040, {{0.0, 0.0}, {402.0, 874.0}}
      Other, 0x11837d400, {{0.0, 539.0}, {402.0, 44.0}}
      Other, 0x11837e300, {{0.0, 539.0}, {402.0, 335.0}}
      Keyboard, 0x11837e6c0, {{0.0, 583.0}, {402.0, 233.0}}
      Button, 0x11838db80, {{8.5, 805.7}, {68.1, 68.7}}, label: 'لوحة المفاتيح التالية', value: العربية
      Button, 0x11838de00, {{325.4, 805.4}, {68.1, 68.7}}, identifier: 'dictation', label: 'الإملاء'
      Other, 0x118365180, {{0.0, 0.0}, {402.0, 539.0}}
      Button, 0x118367e80, {{271.0, 138.0}, {37.0, 11.0}}, identifier: 'parlor-dsc01-observe', label: 'Observe'
      StaticText, 0x11837c000, {{187.7, 138.0}, {75.3, 11.0}}, identifier: 'parlor-dsc01-state', label: 'DS-C01 observer', value: {"beforeMain":{"ap...
      Button, 0x11837c140, {{144.3, 138.0}, {35.3, 11.0}}, identifier: 'parlor-dsc01-capture', label: 'Capture'
      Button, 0x11837c280, {{94.0, 138.0}, {42.3, 11.0}}, identifier: 'parlor-dsc01-complete', label: 'Complete'
      Button, 0x11837c3c0, {{270.3, 153.0}, {57.0, 11.0}}, identifier: 'parlor-dsc01-synthetic-en', label: 'Synthetic EN'
      Button, 0x11837c500, {{205.3, 153.0}, {57.0, 11.0}}, identifier: 'parlor-dsc01-synthetic-ar', label: 'Synthetic AR'
      Button, 0x11837c640, {{135.0, 153.0}, {62.3, 11.0}}, identifier: 'parlor-dsc01-synthetic-system', label: 'Synthetic SYS'
      Button, 0x11837c780, {{74.7, 153.0}, {52.3, 11.0}}, identifier: 'parlor-dsc01-open-os', label: 'OS Settings'
      Other, 0x11837d540, {{0.0, 539.0}, {402.0, 44.0}}, identifier: 'CenterPageView'
      Other, 0x11837e440, {{0.0, 539.0}, {402.0, 335.0}}
      Other, 0x11837e800, {{0.0, 583.0}, {402.0, 233.0}}
      StaticText, 0x11838dcc0, {{8.5, 805.7}, {0.0, 0.0}}
      StaticText, 0x11838df40, {{325.4, 805.4}, {0.0, 0.0}}
      Other, 0x1183652c0, {{0.0, 0.0}, {402.0, 539.0}}
      Other, 0x118365400, {{0.0, 0.0}, {402.0, 539.0}}
      ScrollView, 0x118365540, {{0.0, 0.0}, {402.0, 539.0}}
      Other, 0x11837d680, {{0.0, -61.0}, {402.0, 1244.0}}
      Other, 0x11837d900, {{0.0, 539.0}, {402.0, 44.0}}
      Other, 0x11837e940, {{0.0, 583.0}, {402.0, 233.0}}, identifier: 'UIKeyboardLayoutStar Preview'
      Other, 0x118365680, {{0.0, 0.0}, {402.0, 539.0}}
      ScrollView, 0x11837d7c0, {{0.0, 539.0}, {402.0, 44.0}}
      Other, 0x11837da40, {{0.0, 539.0}, {402.0, 44.0}}, label: 'تنبؤات الكتابة'
      Key, 0x11837ea80, {{0.0, 583.0}, {0.0, 0.0}}, label: 'Padding-Left'
      Key, 0x11837ebc0, {{0.0, 583.0}, {0.0, 0.0}}, label: 'Padding-Right'
      Key, 0x11837ed00, {{0.0, 583.0}, {0.0, 0.0}}, label: 'Padding-Left'
      Key, 0x11837ee40, {{0.0, 583.0}, {0.0, 0.0}}, label: 'Padding-Right'
      Key, 0x11837ef80, {{0.0, 583.0}, {0.0, 0.0}}, label: 'Padding-Left'
      Key, 0x11837f0c0, {{162.7, 590.0}, {39.3, 54.0}}, label: 't'
      Key, 0x11837f200, {{360.0, 590.0}, {39.7, 54.0}}, label: 'p'
      Key, 0x11837f340, {{320.7, 590.0}, {39.3, 54.0}}, label: 'o'
      Key, 0x11837f480, {{281.0, 590.0}, {39.7, 54.0}}, label: 'i'
      Key, 0x11837f5c0, {{241.7, 590.0}, {39.3, 54.0}}, label: 'u'
      Key, 0x11837f700, {{202.0, 590.0}, {39.7, 54.0}}, label: 'y'
      Key, 0x11837f840, {{162.7, 590.0}, {39.3, 54.0}}, label: 't'
      Key, 0x11837f980, {{123.0, 590.0}, {39.7, 54.0}}, label: 'r'
      Key, 0x11837fac0, {{83.7, 590.0}, {39.3, 54.0}}, label: 'e'
      Key, 0x11837fc00, {{44.0, 590.0}, {39.7, 54.0}}, label: 'w'
      Key, 0x11837fd40, {{4.7, 590.0}, {39.3, 54.0}}, label: 'q'
      Key, 0x11837fe80, {{340.3, 644.0}, {39.3, 54.0}}, label: 'l'
      Key, 0x11838c000, {{300.7, 644.0}, {39.7, 54.0}}, label: 'k'
      Key, 0x11838c140, {{261.3, 644.0}, {39.3, 54.0}}, label: 'j'
      Key, 0x11838c280, {{221.7, 644.0}, {39.7, 54.0}}, label: 'h'
      Key, 0x11838c3c0, {{182.3, 644.0}, {39.3, 54.0}}, label: 'g'
      Key, 0x11838c500, {{142.7, 644.0}, {39.7, 54.0}}, label: 'f'
      Key, 0x11838c640, {{103.3, 644.0}, {39.3, 54.0}}, label: 'd'
      Key, 0x11838c780, {{63.7, 644.0}, {39.7, 54.0}}, label: 's'
      Key, 0x11838c8c0, {{24.3, 644.0}, {39.3, 54.0}}, label: 'a'
      Key, 0x11838ca00, {{348.0, 698.0}, {51.7, 54.0}}, identifier: 'delete', label: 'delete'
      Key, 0x11838cb40, {{300.7, 698.0}, {39.7, 54.0}}, label: 'm'
      Key, 0x11838cc80, {{261.3, 698.0}, {39.3, 54.0}}, label: 'n'
      Key, 0x11838cdc0, {{221.7, 698.0}, {39.7, 54.0}}, label: 'b'
      Key, 0x11838cf00, {{182.3, 698.0}, {39.3, 54.0}}, label: 'v'
      Key, 0x11838d040, {{142.7, 698.0}, {39.7, 54.0}}, label: 'c'
      Key, 0x11838d180, {{103.3, 698.0}, {39.3, 54.0}}, label: 'x'
      Key, 0x11838d2c0, {{63.7, 698.0}, {39.7, 54.0}}, label: 'z'
      Button, 0x11838d400, {{4.7, 698.0}, {51.3, 54.0}}, identifier: 'shift', label: 'shift'
      Button, 0x11838d540, {{300.7, 752.0}, {99.0, 54.0}}, identifier: 'Next:', label: 'next'
      Key, 0x11838d680, {{103.3, 752.0}, {197.3, 54.0}}, identifier: 'space', label: ' '
      Button, 0x11838d7c0, {{54.0, 752.0}, {49.3, 54.0}}, identifier: 'emoji', label: 'Emoji'
      Key, 0x11838d900, {{4.7, 752.0}, {49.3, 54.0}}, identifier: 'more', label: 'numbers'
      Other, 0x1183657c0, {{0.0, 0.0}, {402.0, 539.0}}
      Other, 0x11837db80, {{0.0, 539.0}, {402.0, 44.0}}
      Other, 0x118365900, {{0.0, 0.0}, {402.0, 539.0}}
      Other, 0x118365a40, {{0.0, 0.0}, {402.0, 539.0}}
      Other, 0x118365b80, {{0.0, 0.0}, {402.0, 539.0}}
      Other, 0x118367d40, {{0.0, 0.0}, {402.0, 539.0}}
      Other, 0x11837dcc0, {{0.0, 539.0}, {402.0, 44.0}}
      StaticText, 0x118365cc0, {{130.0, -278.3}, {142.0, 13.3}}, label: 'ENTER YOUR NAMES'
      StaticText, 0x118365e00, {{32.0, -241.0}, {338.0, 68.0}}, label: 'Pass the phone. Each player types theirs.'
      TextView, 0x118365f40, {{32.0, -149.0}, {338.0, 64.0}}, identifier: 'dsc01-player-1', value: Audit Player 1
      Other, 0x118366080, {{0.0, 0.0}, {402.0, 539.0}}
      TextView, 0x1183661c0, {{32.0, 0.0}, {338.0, 3.0}}, identifier: 'dsc01-player-2', value: Audit Player 2
      TextView, 0x118366440, {{32.0, 27.0}, {338.0, 64.0}}, identifier: 'dsc01-player-3', label: 'Player 3', value: Audit Player 3
      TextView, 0x118366940, {{32.0, 115.0}, {338.0, 64.0}}, identifier: 'dsc01-player-4', label: 'Player 4', value: Audit Player 4
      TextView, 0x118366e40, {{32.0, 203.0}, {338.0, 64.0}}, identifier: 'dsc01-player-5', label: 'Player 5', value: Audit Player 5, Keyboard Focused
      TextView, 0x118367340, {{32.0, 291.0}, {338.0, 64.0}}, identifier: 'dsc01-player-6', label: 'Player 6'
      Button, 0x118367840, {{32.0, 379.0}, {338.0, 52.0}}, label: 'Confirm player names and continue to the case intro., Begin', Disabled
      Button, 0x118367ac0, {{32.0, 455.0}, {338.0, 52.0}}, label: 'Return to the previous setup step., Back'
      Other, 0x11837de00, {{268.0, 539.0}, {134.0, 44.0}}, label: 'Are'
      Other, 0x11837df40, {{134.0, 539.0}, {134.0, 44.0}}, label: 'And'
      Other, 0x11837e080, {{0.0, 539.0}, {134.0, 44.0}}, label: '“A”'
      Other, 0x118366300, {{32.0, 0.0}, {338.0, 3.0}}
      Other, 0x118366580, {{32.0, 35.0}, {338.0, 56.0}}
      StaticText, 0x1183666c0, {{48.0, 27.3}, {51.0, 15.7}}, label: 'Player 3'
      Other, 0x118366800, {{48.0, 39.0}, {306.0, 48.0}}
      Other, 0x118366a80, {{32.0, 123.0}, {338.0, 56.0}}
      StaticText, 0x118366bc0, {{48.0, 115.3}, {51.3, 15.7}}, label: 'Player 4'
      Other, 0x118366d00, {{48.0, 127.0}, {306.0, 48.0}}
      Other, 0x118366f80, {{32.0, 211.0}, {338.0, 56.0}}
      StaticText, 0x1183670c0, {{48.0, 203.3}, {50.7, 15.7}}, label: 'Player 5'
      Other, 0x118367200, {{48.0, 228.7}, {306.0, 20.7}}
      Other, 0x118367480, {{32.0, 299.0}, {338.0, 56.0}}
      Other, 0x1183675c0, {{48.0, 303.0}, {306.0, 48.0}}
      StaticText, 0x118367700, {{48.0, 319.3}, {51.0, 15.7}}, label: 'Player 6'
      StaticText, 0x118367980, {{180.3, 396.0}, {41.3, 18.0}}, label: 'Begin'
      StaticText, 0x118367c00, {{183.0, 472.0}, {36.0, 18.0}}, label: 'Back'
    }
    ↪︎Find: Elements matching predicate '"dsc01-player-6" IN identifiers'
      Output: {
        TextView, 0x118341a40, {{32.0, 290.3}, {338.0, 64.0}}, identifier: 'dsc01-player-6', label: 'Player 6'
      }
      ↪︎Find: Element at index 0
        Output: {
          TextView, 0x1182f1040, {{32.0, 290.3}, {338.0, 64.0}}, identifier: 'dsc01-player-6', label: 'Player 6'
        }

    t =   120.78s     Wait for com.parlor.app.debug to idle
    t =   121.79s     Retrying `Type 'Audit Player 6' into "dsc01-player-6" TextView` (attempt #2)
    t =   121.79s         Wait for com.parlor.app.debug to idle
    t =   121.79s         Find the "dsc01-player-6" TextView
    t =   121.83s         Check for interrupting elements affecting "dsc01-player-6" TextView
    t =   121.85s         Synthesize event
    t =   121.85s             Get number of matches for: Elements containing elements matching predicate 'hasKeyboardFocus == 1'
    t =   121.87s             Requesting snapshot of accessibility hierarchy for app with pid 19358
    t =   121.90s             Find: Descendants matching type Any
    t =   121.90s             Find: Elements matching predicate '"dsc01-player-6" IN identifiers'
    t =   121.90s             Find: Element at index 0
    t =   121.93s             Requesting snapshot of accessibility hierarchy for app with pid 19358
    t =   121.96s             Find: Descendants matching type Any
    t =   121.96s             Find: Elements matching predicate '"dsc01-player-6" IN identifiers'
    t =   121.96s             Find: Element at index 0
    t =   121.96s             Requesting snapshot of accessibility hierarchy for app with pid 19358
    t =   121.98s             Find: Descendants matching type Any
    t =   121.99s             Find: Elements matching predicate '"dsc01-player-6" IN identifiers'
    t =   121.99s             Requesting snapshot of accessibility hierarchy for app with pid 19358
    t =   122.01s             Find: Descendants matching type Any
    t =   122.02s             Requesting snapshot of accessibility hierarchy for app with pid 19358
    t =   122.26s             Requesting snapshot of accessibility hierarchy for app with pid 19358
    t =   122.29s             Find: Descendants matching type Any
    t =   122.29s             Find: Elements matching predicate '"dsc01-player-6" IN identifiers'
    t =   122.29s             Find: Element at index 0
    t =   122.31s             Requesting snapshot of accessibility hierarchy for app with pid 19358
    t =   122.34s             Find: Descendants matching type Any
    t =   122.34s             Find: Elements matching predicate '"dsc01-player-6" IN identifiers'
    t =   122.34s             Find: Element at index 0
    t =   122.34s             Requesting snapshot of accessibility hierarchy for app with pid 19358
    t =   122.37s             Find: Descendants matching type Any
    t =   122.37s             Find: Elements matching predicate '"dsc01-player-6" IN identifiers'
    t =   122.37s             Requesting snapshot of accessibility hierarchy for app with pid 19358
    t =   122.40s             Find: Descendants matching type Any
    t =   122.40s             Requesting snapshot of accessibility hierarchy for app with pid 19358
    t =   122.65s             Failed: Neither element nor any descendant has keyboard focus. Event dispatch snapshot: TextView, {{32.0, 291.0}, {338.0, 64.0}}, identifier: 'dsc01-player-6', label: 'Player 6'
Element debug description:
Attributes: TextView, 0x1182f30c0, {{32.0, 291.0}, {338.0, 64.0}}, identifier: 'dsc01-player-6', label: 'Player 6'
Element subtree:
 →TextView, 0x1182f30c0, {{32.0, 291.0}, {338.0, 64.0}}, identifier: 'dsc01-player-6', label: 'Player 6'
    Other, 0x1182f2f80, {{32.0, 299.0}, {338.0, 56.0}}
    Other, 0x1182f2e40, {{48.0, 303.0}, {306.0, 48.0}}
    StaticText, 0x1182f2d00, {{48.0, 319.3}, {51.0, 15.7}}, label: 'Player 6'
Path to element:
 →Application, 0x117e59cc0, pid: 19358, label: 'بارلور'
  ↳Window (Main), 0x117e59f40, {{0.0, 0.0}, {402.0, 874.0}}
   ↳Other, 0x117e5a080, {{0.0, 0.0}, {402.0, 874.0}}
    ↳Other, 0x117e5aa80, {{0.0, 0.0}, {402.0, 874.0}}
     ↳Other, 0x117e5abc0, {{0.0, 0.0}, {402.0, 874.0}}
      ↳Other, 0x117e59b80, {{0.0, 0.0}, {402.0, 874.0}}
       ↳Other, 0x117e5b200, {{0.0, 0.0}, {402.0, 539.0}}
        ↳ScrollView, 0x117e59900, {{0.0, 0.0}, {402.0, 539.0}}
         ↳Other, 0x117e5a800, {{0.0, 0.0}, {402.0, 539.0}}
          ↳Other, 0x117e5bac0, {{0.0, 0.0}, {402.0, 539.0}}
           ↳Other, 0x117e592c0, {{0.0, 0.0}, {402.0, 539.0}}
            ↳TextView, 0x1182f30c0, {{32.0, 291.0}, {338.0, 64.0}}, identifier: 'dsc01-player-6', label: 'Player 6'
Query chain:
 →Find: Target Application 'com.parlor.app.debug'
  Output: {
    Application, 0x11838e800, pid: 19358, label: 'بارلور'
  }
  ↪︎Find: Descendants matching type Any
    Output: {
      Window (Main), 0x118343d40, {{0.0, 0.0}, {402.0, 874.0}}
      Window, 0x11837c3c0, {{0.0, 0.0}, {402.0, 874.0}}
      Window, 0x118366940, {{0.0, 0.0}, {402.0, 874.0}}
      Other, 0x118343e80, {{0.0, 0.0}, {402.0, 874.0}}
      Other, 0x11834bc00, {{0.0, 0.0}, {402.0, 874.0}}
      Other, 0x118366d00, {{0.0, 0.0}, {402.0, 874.0}}
      Other, 0x11837f340, {{0.0, 0.0}, {402.0, 874.0}}
      Other, 0x11834bd40, {{0.0, 0.0}, {402.0, 874.0}}
      Other, 0x11834be80, {{0.0, 539.0}, {402.0, 335.0}}
      Other, 0x1183652c0, {{0.0, 539.0}, {402.0, 335.0}}
      Other, 0x11837f980, {{0.0, 0.0}, {402.0, 874.0}}
      Other, 0x118366f80, {{0.0, 539.0}, {402.0, 335.0}}, identifier: 'inputView'
      Other, 0x118365a40, {{0.0, 539.0}, {402.0, 44.0}}, identifier: 'SystemInputAssistantView'
      Other, 0x118365f40, {{0.0, 539.0}, {402.0, 335.0}}
      Other, 0x1183675c0, {{0.0, 583.0}, {402.0, 233.0}}
      Other, 0x11838cdc0, {{0.0, 583.0}, {402.0, 291.0}}
      Other, 0x11837fac0, {{0.0, 0.0}, {402.0, 874.0}}
      Other, 0x118365900, {{0.0, 539.0}, {402.0, 44.0}}
      Other, 0x118366800, {{0.0, 539.0}, {402.0, 335.0}}
      Keyboard, 0x118367480, {{0.0, 583.0}, {402.0, 233.0}}
      Button, 0x11838cc80, {{8.5, 805.7}, {68.1, 68.7}}, label: 'لوحة المفاتيح التالية', value: العربية
      Button, 0x11838d040, {{325.4, 805.4}, {68.1, 68.7}}, identifier: 'dictation', label: 'الإملاء'
      Other, 0x11837f700, {{0.0, 0.0}, {402.0, 539.0}}
      Button, 0x11837cdc0, {{271.0, 138.0}, {37.0, 11.0}}, identifier: 'parlor-dsc01-observe', label: 'Observe'
      StaticText, 0x11837cc80, {{187.7, 138.0}, {75.3, 11.0}}, identifier: 'parlor-dsc01-state', label: 'DS-C01 observer', value: {"beforeMain":{"ap...
      Button, 0x11837cb40, {{144.3, 138.0}, {35.3, 11.0}}, identifier: 'parlor-dsc01-capture', label: 'Capture'
      Button, 0x11837ca00, {{94.0, 138.0}, {42.3, 11.0}}, identifier: 'parlor-dsc01-complete', label: 'Complete'
      Button, 0x11837c8c0, {{270.3, 153.0}, {57.0, 11.0}}, identifier: 'parlor-dsc01-synthetic-en', label: 'Synthetic EN'
      Button, 0x11837c780, {{205.3, 153.0}, {57.0, 11.0}}, identifier: 'parlor-dsc01-synthetic-ar', label: 'Synthetic AR'
      Button, 0x11837c640, {{135.0, 153.0}, {62.3, 11.0}}, identifier: 'parlor-dsc01-synthetic-system', label: 'Synthetic SYS'
      Button, 0x11837c500, {{74.7, 153.0}, {52.3, 11.0}}, identifier: 'parlor-dsc01-open-os', label: 'OS Settings'
      Other, 0x118365400, {{0.0, 539.0}, {402.0, 44.0}}, identifier: 'CenterPageView'
      Other, 0x1183666c0, {{0.0, 539.0}, {402.0, 335.0}}
      Other, 0x118367200, {{0.0, 583.0}, {402.0, 233.0}}
      StaticText, 0x11838cf00, {{8.5, 805.7}, {0.0, 0.0}}
      StaticText, 0x11838d180, {{325.4, 805.4}, {0.0, 0.0}}
      Other, 0x11837f840, {{0.0, 0.0}, {402.0, 539.0}}
      Other, 0x11837f480, {{0.0, 0.0}, {402.0, 539.0}}
      ScrollView, 0x11837f5c0, {{0.0, 0.0}, {402.0, 539.0}}
      Other, 0x118366bc0, {{0.0, -61.0}, {402.0, 1244.0}}
      Other, 0x118366440, {{0.0, 539.0}, {402.0, 44.0}}
      Other, 0x1183670c0, {{0.0, 583.0}, {402.0, 233.0}}, identifier: 'UIKeyboardLayoutStar Preview'
      Other, 0x11837c000, {{0.0, 0.0}, {402.0, 539.0}}
      ScrollView, 0x118366a80, {{0.0, 539.0}, {402.0, 44.0}}
      Other, 0x118366580, {{0.0, 539.0}, {402.0, 44.0}}, label: 'تنبؤات الكتابة'
      Key, 0x118366e40, {{0.0, 583.0}, {0.0, 0.0}}, label: 'Padding-Left'
      Key, 0x118367700, {{0.0, 583.0}, {0.0, 0.0}}, label: 'Padding-Right'
      Key, 0x118367340, {{0.0, 583.0}, {0.0, 0.0}}, label: 'Padding-Left'
      Key, 0x118367980, {{0.0, 583.0}, {0.0, 0.0}}, label: 'Padding-Right'
      Key, 0x118367840, {{0.0, 583.0}, {0.0, 0.0}}, label: 'Padding-Left'
      Key, 0x118367c00, {{162.7, 590.0}, {39.3, 54.0}}, label: 't'
      Key, 0x118367ac0, {{360.0, 590.0}, {39.7, 54.0}}, label: 'p'
      Key, 0x118365b80, {{320.7, 590.0}, {39.3, 54.0}}, label: 'o'
      Key, 0x118367d40, {{281.0, 590.0}, {39.7, 54.0}}, label: 'i'
      Key, 0x1183657c0, {{241.7, 590.0}, {39.3, 54.0}}, label: 'u'
      Key, 0x118365540, {{202.0, 590.0}, {39.7, 54.0}}, label: 'y'
      Key, 0x118365680, {{162.7, 590.0}, {39.3, 54.0}}, label: 't'
      Key, 0x118367e80, {{123.0, 590.0}, {39.7, 54.0}}, label: 'r'
      Key, 0x118365180, {{83.7, 590.0}, {39.3, 54.0}}, label: 'e'
      Key, 0x118364c80, {{44.0, 590.0}, {39.7, 54.0}}, label: 'w'
      Key, 0x118365040, {{4.7, 590.0}, {39.3, 54.0}}, label: 'q'
      Key, 0x118364f00, {{340.3, 644.0}, {39.3, 54.0}}, label: 'l'
      Key, 0x118364dc0, {{300.7, 644.0}, {39.7, 54.0}}, label: 'k'
      Key, 0x118364b40, {{261.3, 644.0}, {39.3, 54.0}}, label: 'j'
      Key, 0x118364a00, {{221.7, 644.0}, {39.7, 54.0}}, label: 'h'
      Key, 0x11838da40, {{182.3, 644.0}, {39.3, 54.0}}, label: 'g'
      Key, 0x11838e080, {{142.7, 644.0}, {39.7, 54.0}}, label: 'f'
      Key, 0x11838e1c0, {{103.3, 644.0}, {39.3, 54.0}}, label: 'd'
      Key, 0x11838de00, {{63.7, 644.0}, {39.7, 54.0}}, label: 's'
      Key, 0x11838dcc0, {{24.3, 644.0}, {39.3, 54.0}}, label: 'a'
      Key, 0x11838d900, {{348.0, 698.0}, {51.7, 54.0}}, identifier: 'delete', label: 'delete'
      Key, 0x11838d7c0, {{300.7, 698.0}, {39.7, 54.0}}, label: 'm'
      Key, 0x11838d400, {{261.3, 698.0}, {39.3, 54.0}}, label: 'n'
      Key, 0x11838c140, {{221.7, 698.0}, {39.7, 54.0}}, label: 'b'
      Key, 0x11838c000, {{182.3, 698.0}, {39.3, 54.0}}, label: 'v'
      Key, 0x11838c640, {{142.7, 698.0}, {39.7, 54.0}}, label: 'c'
      Key, 0x11838c280, {{103.3, 698.0}, {39.3, 54.0}}, label: 'x'
      Key, 0x11838c3c0, {{63.7, 698.0}, {39.7, 54.0}}, label: 'z'
      Button, 0x11838c500, {{4.7, 698.0}, {51.3, 54.0}}, identifier: 'shift', label: 'shift'
      Button, 0x11838cb40, {{300.7, 752.0}, {99.0, 54.0}}, identifier: 'Next:', label: 'next'
      Key, 0x11838c780, {{103.3, 752.0}, {197.3, 54.0}}, identifier: 'space', label: ' '
      Button, 0x11838c8c0, {{54.0, 752.0}, {49.3, 54.0}}, identifier: 'emoji', label: 'Emoji'
      Key, 0x11838ca00, {{4.7, 752.0}, {49.3, 54.0}}, identifier: 'more', label: 'numbers'
      Other, 0x11837c140, {{0.0, 0.0}, {402.0, 539.0}}
      Other, 0x1183661c0, {{0.0, 539.0}, {402.0, 44.0}}
      Other, 0x11837c280, {{0.0, 0.0}, {402.0, 539.0}}
      Other, 0x11837f200, {{0.0, 0.0}, {402.0, 539.0}}
      Other, 0x11837f0c0, {{0.0, 0.0}, {402.0, 539.0}}
      Other, 0x11837cf00, {{0.0, 0.0}, {402.0, 539.0}}
      Other, 0x118366300, {{0.0, 539.0}, {402.0, 44.0}}
      StaticText, 0x11837ef80, {{130.0, -278.3}, {142.0, 13.3}}, label: 'ENTER YOUR NAMES'
      StaticText, 0x11837ee40, {{32.0, -241.0}, {338.0, 68.0}}, label: 'Pass the phone. Each player types theirs.'
      TextView, 0x11837ed00, {{32.0, -149.0}, {338.0, 64.0}}, identifier: 'dsc01-player-1', value: Audit Player 1
      Other, 0x11837ebc0, {{0.0, 0.0}, {402.0, 539.0}}
      TextView, 0x11837ea80, {{32.0, 0.0}, {338.0, 3.0}}, identifier: 'dsc01-player-2', value: Audit Player 2
      TextView, 0x11837e800, {{32.0, 27.0}, {338.0, 64.0}}, identifier: 'dsc01-player-3', label: 'Player 3', value: Audit Player 3
      TextView, 0x11837e300, {{32.0, 115.0}, {338.0, 64.0}}, identifier: 'dsc01-player-4', label: 'Player 4', value: Audit Player 4
      TextView, 0x11837de00, {{32.0, 203.0}, {338.0, 64.0}}, identifier: 'dsc01-player-5', label: 'Player 5', value: Audit Player 5, Keyboard Focused
      TextView, 0x11837d900, {{32.0, 291.0}, {338.0, 64.0}}, identifier: 'dsc01-player-6', label: 'Player 6'
      Button, 0x11837d400, {{32.0, 379.0}, {338.0, 52.0}}, label: 'Confirm player names and continue to the case intro., Begin', Disabled
      Button, 0x11837d180, {{32.0, 455.0}, {338.0, 52.0}}, label: 'Return to the previous setup step., Back'
      Other, 0x118366080, {{268.0, 539.0}, {134.0, 44.0}}, label: 'Are'
      Other, 0x118365cc0, {{134.0, 539.0}, {134.0, 44.0}}, label: 'And'
      Other, 0x118365e00, {{0.0, 539.0}, {134.0, 44.0}}, label: '“A”'
      Other, 0x11837e940, {{32.0, 0.0}, {338.0, 3.0}}
      Other, 0x11837e6c0, {{32.0, 35.0}, {338.0, 56.0}}
      StaticText, 0x11837e580, {{48.0, 27.3}, {51.0, 15.7}}, label: 'Player 3'
      Other, 0x11837e440, {{48.0, 39.0}, {306.0, 48.0}}
      Other, 0x11837e1c0, {{32.0, 123.0}, {338.0, 56.0}}
      StaticText, 0x11837e080, {{48.0, 115.3}, {51.3, 15.7}}, label: 'Player 4'
      Other, 0x11837df40, {{48.0, 127.0}, {306.0, 48.0}}
      Other, 0x11837dcc0, {{32.0, 211.0}, {338.0, 56.0}}
      StaticText, 0x11837db80, {{48.0, 203.3}, {50.7, 15.7}}, label: 'Player 5'
      Other, 0x11837da40, {{48.0, 228.7}, {306.0, 20.7}}
      Other, 0x11837d7c0, {{32.0, 299.0}, {338.0, 56.0}}
      Other, 0x11837d680, {{48.0, 303.0}, {306.0, 48.0}}
      StaticText, 0x11837d540, {{48.0, 319.3}, {51.0, 15.7}}, label: 'Player 6'
      StaticText, 0x11837d2c0, {{180.3, 396.0}, {41.3, 18.0}}, label: 'Begin'
      StaticText, 0x11837d040, {{183.0, 472.0}, {36.0, 18.0}}, label: 'Back'
    }
    ↪︎Find: Elements matching predicate '"dsc01-player-6" IN identifiers'
      Output: {
        TextView, 0x118349900, {{32.0, 291.0}, {338.0, 64.0}}, identifier: 'dsc01-player-6', label: 'Player 6'
      }
      ↪︎Find: Element at index 0
        Output: {
          TextView, 0x1181d0c80, {{32.0, 291.0}, {338.0, 64.0}}, identifier: 'dsc01-player-6', label: 'Player 6'
        }

    t =   122.65s         Wait for com.parlor.app.debug to idle
    t =   123.66s     Retrying `Type 'Audit Player 6' into "dsc01-player-6" TextView` (attempt #3)
    t =   123.66s         Wait for com.parlor.app.debug to idle
    t =   123.66s         Find the "dsc01-player-6" TextView
    t =   123.70s         Check for interrupting elements affecting "dsc01-player-6" TextView
    t =   123.72s         Synthesize event
    t =   123.72s             Get number of matches for: Elements containing elements matching predicate 'hasKeyboardFocus == 1'
    t =   123.74s             Requesting snapshot of accessibility hierarchy for app with pid 19358
    t =   123.77s             Find: Descendants matching type Any
    t =   123.77s             Find: Elements matching predicate '"dsc01-player-6" IN identifiers'
    t =   123.77s             Find: Element at index 0
    t =   123.80s             Requesting snapshot of accessibility hierarchy for app with pid 19358
    t =   123.82s             Find: Descendants matching type Any
    t =   123.82s             Find: Elements matching predicate '"dsc01-player-6" IN identifiers'
    t =   123.83s             Find: Element at index 0
    t =   123.83s             Requesting snapshot of accessibility hierarchy for app with pid 19358
    t =   123.85s             Find: Descendants matching type Any
    t =   123.85s             Find: Elements matching predicate '"dsc01-player-6" IN identifiers'
    t =   123.86s             Requesting snapshot of accessibility hierarchy for app with pid 19358
    t =   123.88s             Find: Descendants matching type Any
    t =   123.88s             Requesting snapshot of accessibility hierarchy for app with pid 19358
    t =   124.13s             Requesting snapshot of accessibility hierarchy for app with pid 19358
    t =   124.15s             Find: Descendants matching type Any
    t =   124.16s             Find: Elements matching predicate '"dsc01-player-6" IN identifiers'
    t =   124.16s             Find: Element at index 0
    t =   124.18s             Requesting snapshot of accessibility hierarchy for app with pid 19358
    t =   124.21s             Find: Descendants matching type Any
    t =   124.21s             Find: Elements matching predicate '"dsc01-player-6" IN identifiers'
    t =   124.21s             Find: Element at index 0
    t =   124.21s             Requesting snapshot of accessibility hierarchy for app with pid 19358
    t =   124.24s             Find: Descendants matching type Any
    t =   124.24s             Find: Elements matching predicate '"dsc01-player-6" IN identifiers'
    t =   124.24s             Requesting snapshot of accessibility hierarchy for app with pid 19358
    t =   124.27s             Find: Descendants matching type Any
    t =   124.27s             Requesting snapshot of accessibility hierarchy for app with pid 19358
    t =   124.51s             Failed: Neither element nor any descendant has keyboard focus. Event dispatch snapshot: TextView, {{32.0, 291.0}, {338.0, 64.0}}, identifier: 'dsc01-player-6', label: 'Player 6'
Element debug description:
Attributes: TextView, 0x1181b0500, {{32.0, 291.0}, {338.0, 64.0}}, identifier: 'dsc01-player-6', label: 'Player 6'
Element subtree:
 →TextView, 0x1181b0500, {{32.0, 291.0}, {338.0, 64.0}}, identifier: 'dsc01-player-6', label: 'Player 6'
    Other, 0x1181b0640, {{32.0, 299.0}, {338.0, 56.0}}
    Other, 0x1181b0780, {{48.0, 303.0}, {306.0, 48.0}}
    StaticText, 0x1181b08c0, {{48.0, 319.3}, {51.0, 15.7}}, label: 'Player 6'
Path to element:
 →Application, 0x117e5a940, pid: 19358, label: 'بارلور'
  ↳Window (Main), 0x117e5b840, {{0.0, 0.0}, {402.0, 874.0}}
   ↳Other, 0x117e58640, {{0.0, 0.0}, {402.0, 874.0}}
    ↳Other, 0x117e59680, {{0.0, 0.0}, {402.0, 874.0}}
     ↳Other, 0x117e5bc00, {{0.0, 0.0}, {402.0, 874.0}}
      ↳Other, 0x117e5b980, {{0.0, 0.0}, {402.0, 874.0}}
       ↳Other, 0x117e5bd40, {{0.0, 0.0}, {402.0, 539.0}}
        ↳ScrollView, 0x117e5a440, {{0.0, 0.0}, {402.0, 539.0}}
         ↳Other, 0x117e597c0, {{0.0, 0.0}, {402.0, 539.0}}
          ↳Other, 0x117e592c0, {{0.0, 0.0}, {402.0, 539.0}}
           ↳Other, 0x117e59900, {{0.0, 0.0}, {402.0, 539.0}}
            ↳TextView, 0x1181b0500, {{32.0, 291.0}, {338.0, 64.0}}, identifier: 'dsc01-player-6', label: 'Player 6'
Query chain:
 →Find: Target Application 'com.parlor.app.debug'
  Output: {
    Application, 0x11838e300, pid: 19358, label: 'بارلور'
  }
  ↪︎Find: Descendants matching type Any
    Output: {
      Window (Main), 0x118343d40, {{0.0, 0.0}, {402.0, 874.0}}
      Window, 0x11837c3c0, {{0.0, 0.0}, {402.0, 874.0}}
      Window, 0x11834b480, {{0.0, 0.0}, {402.0, 874.0}}
      Other, 0x118343e80, {{0.0, 0.0}, {402.0, 874.0}}
      Other, 0x11834bc00, {{0.0, 0.0}, {402.0, 874.0}}
      Other, 0x11834b840, {{0.0, 0.0}, {402.0, 874.0}}
      Other, 0x118340280, {{0.0, 0.0}, {402.0, 874.0}}
      Other, 0x11834be80, {{0.0, 0.0}, {402.0, 874.0}}
      Other, 0x11834bd40, {{0.0, 539.0}, {402.0, 335.0}}
      Other, 0x118367340, {{0.0, 539.0}, {402.0, 335.0}}
      Other, 0x118343480, {{0.0, 0.0}, {402.0, 874.0}}
      Other, 0x118348280, {{0.0, 539.0}, {402.0, 335.0}}, identifier: 'inputView'
      Other, 0x118367700, {{0.0, 539.0}, {402.0, 44.0}}, identifier: 'SystemInputAssistantView'
      Other, 0x1183661c0, {{0.0, 539.0}, {402.0, 335.0}}
      Other, 0x118366300, {{0.0, 583.0}, {402.0, 233.0}}
      Other, 0x11838c280, {{0.0, 583.0}, {402.0, 291.0}}
      Other, 0x118343840, {{0.0, 0.0}, {402.0, 874.0}}
      Other, 0x118366e40, {{0.0, 539.0}, {402.0, 44.0}}
      Other, 0x118365cc0, {{0.0, 539.0}, {402.0, 335.0}}
      Keyboard, 0x118365a40, {{0.0, 583.0}, {402.0, 233.0}}
      Button, 0x11838c640, {{8.5, 805.7}, {68.1, 68.7}}, label: 'لوحة المفاتيح التالية', value: العربية
      Button, 0x11838c500, {{325.4, 805.4}, {68.1, 68.7}}, identifier: 'dictation', label: 'الإملاء'
      Other, 0x11837ea80, {{0.0, 0.0}, {402.0, 539.0}}
      Button, 0x11837ca00, {{271.0, 138.0}, {37.0, 11.0}}, identifier: 'parlor-dsc01-observe', label: 'Observe'
      StaticText, 0x11837c8c0, {{187.7, 138.0}, {75.3, 11.0}}, identifier: 'parlor-dsc01-state', label: 'DS-C01 observer', value: {"beforeMain":{"ap...
      Button, 0x11837c780, {{144.3, 138.0}, {35.3, 11.0}}, identifier: 'parlor-dsc01-capture', label: 'Capture'
      Button, 0x11837c640, {{94.0, 138.0}, {42.3, 11.0}}, identifier: 'parlor-dsc01-complete', label: 'Complete'
      Button, 0x11837c500, {{270.3, 153.0}, {57.0, 11.0}}, identifier: 'parlor-dsc01-synthetic-en', label: 'Synthetic EN'
      Button, 0x11837fac0, {{205.3, 153.0}, {57.0, 11.0}}, identifier: 'parlor-dsc01-synthetic-ar', label: 'Synthetic AR'
      Button, 0x11837f980, {{135.0, 153.0}, {62.3, 11.0}}, identifier: 'parlor-dsc01-synthetic-system', label: 'Synthetic SYS'
      Button, 0x11837f340, {{74.7, 153.0}, {52.3, 11.0}}, identifier: 'parlor-dsc01-open-os', label: 'OS Settings'
      Other, 0x118366f80, {{0.0, 539.0}, {402.0, 44.0}}, identifier: 'CenterPageView'
      Other, 0x118365e00, {{0.0, 539.0}, {402.0, 335.0}}
      Other, 0x118365900, {{0.0, 583.0}, {402.0, 233.0}}
      StaticText, 0x11838c3c0, {{8.5, 805.7}, {0.0, 0.0}}
      StaticText, 0x11838cb40, {{325.4, 805.4}, {0.0, 0.0}}
      Other, 0x11837ef80, {{0.0, 0.0}, {402.0, 539.0}}
      Other, 0x11837f200, {{0.0, 0.0}, {402.0, 539.0}}
      ScrollView, 0x11837ed00, {{0.0, 0.0}, {402.0, 539.0}}
      Other, 0x118366080, {{0.0, -61.0}, {402.0, 1244.0}}
      Other, 0x118366a80, {{0.0, 539.0}, {402.0, 44.0}}
      Other, 0x118365b80, {{0.0, 583.0}, {402.0, 233.0}}, identifier: 'UIKeyboardLayoutStar Preview'
      Other, 0x11837ee40, {{0.0, 0.0}, {402.0, 539.0}}
      ScrollView, 0x118366bc0, {{0.0, 539.0}, {402.0, 44.0}}
      Other, 0x118365f40, {{0.0, 539.0}, {402.0, 44.0}}, label: 'تنبؤات الكتابة'
      Key, 0x118367ac0, {{0.0, 583.0}, {0.0, 0.0}}, label: 'Padding-Left'
      Key, 0x118367840, {{0.0, 583.0}, {0.0, 0.0}}, label: 'Padding-Right'
      Key, 0x118367980, {{0.0, 583.0}, {0.0, 0.0}}, label: 'Padding-Left'
      Key, 0x118367c00, {{0.0, 583.0}, {0.0, 0.0}}, label: 'Padding-Right'
      Key, 0x118367d40, {{0.0, 583.0}, {0.0, 0.0}}, label: 'Padding-Left'
      Key, 0x1183657c0, {{162.7, 590.0}, {39.3, 54.0}}, label: 't'
      Key, 0x118365540, {{360.0, 590.0}, {39.7, 54.0}}, label: 'p'
      Key, 0x118365680, {{320.7, 590.0}, {39.3, 54.0}}, label: 'o'
      Key, 0x118367e80, {{281.0, 590.0}, {39.7, 54.0}}, label: 'i'
      Key, 0x118365180, {{241.7, 590.0}, {39.3, 54.0}}, label: 'u'
      Key, 0x118364c80, {{202.0, 590.0}, {39.7, 54.0}}, label: 'y'
      Key, 0x118365040, {{162.7, 590.0}, {39.3, 54.0}}, label: 't'
      Key, 0x118364f00, {{123.0, 590.0}, {39.7, 54.0}}, label: 'r'
      Key, 0x118364b40, {{83.7, 590.0}, {39.3, 54.0}}, label: 'e'
      Key, 0x118364dc0, {{44.0, 590.0}, {39.7, 54.0}}, label: 'w'
      Key, 0x1183670c0, {{4.7, 590.0}, {39.3, 54.0}}, label: 'q'
      Key, 0x118364a00, {{340.3, 644.0}, {39.3, 54.0}}, label: 'l'
      Key, 0x1183652c0, {{300.7, 644.0}, {39.7, 54.0}}, label: 'k'
      Key, 0x118367200, {{261.3, 644.0}, {39.3, 54.0}}, label: 'j'
      Key, 0x118367480, {{221.7, 644.0}, {39.7, 54.0}}, label: 'h'
      Key, 0x1183675c0, {{182.3, 644.0}, {39.3, 54.0}}, label: 'g'
      Key, 0x118366d00, {{142.7, 644.0}, {39.7, 54.0}}, label: 'f'
      Key, 0x118366940, {{103.3, 644.0}, {39.3, 54.0}}, label: 'd'
      Key, 0x11838cdc0, {{63.7, 644.0}, {39.7, 54.0}}, label: 's'
      Key, 0x11838d040, {{24.3, 644.0}, {39.3, 54.0}}, label: 'a'
      Key, 0x11838d180, {{348.0, 698.0}, {51.7, 54.0}}, identifier: 'delete', label: 'delete'
      Key, 0x11838cc80, {{300.7, 698.0}, {39.7, 54.0}}, label: 'm'
      Key, 0x11838c8c0, {{261.3, 698.0}, {39.3, 54.0}}, label: 'n'
      Key, 0x11838e080, {{221.7, 698.0}, {39.7, 54.0}}, label: 'b'
      Key, 0x11838da40, {{182.3, 698.0}, {39.3, 54.0}}, label: 'v'
      Key, 0x11838d900, {{142.7, 698.0}, {39.7, 54.0}}, label: 'c'
      Key, 0x11838e1c0, {{103.3, 698.0}, {39.3, 54.0}}, label: 'x'
      Key, 0x11838de00, {{63.7, 698.0}, {39.7, 54.0}}, label: 'z'
      Button, 0x11838dcc0, {{4.7, 698.0}, {51.3, 54.0}}, identifier: 'shift', label: 'shift'
      Button, 0x11838c000, {{300.7, 752.0}, {99.0, 54.0}}, identifier: 'Next:', label: 'next'
      Key, 0x11838d7c0, {{103.3, 752.0}, {197.3, 54.0}}, identifier: 'space', label: ' '
      Button, 0x11838d400, {{54.0, 752.0}, {49.3, 54.0}}, identifier: 'emoji', label: 'Emoji'
      Key, 0x11838c140, {{4.7, 752.0}, {49.3, 54.0}}, identifier: 'more', label: 'numbers'
      Other, 0x11837e940, {{0.0, 0.0}, {402.0, 539.0}}
      Other, 0x118366800, {{0.0, 539.0}, {402.0, 44.0}}
      Other, 0x11837ebc0, {{0.0, 0.0}, {402.0, 539.0}}
      Other, 0x11837e6c0, {{0.0, 0.0}, {402.0, 539.0}}
      Other, 0x11837e580, {{0.0, 0.0}, {402.0, 539.0}}
      Other, 0x11837cb40, {{0.0, 0.0}, {402.0, 539.0}}
      Other, 0x1183666c0, {{0.0, 539.0}, {402.0, 44.0}}
      StaticText, 0x11837e440, {{130.0, -278.3}, {142.0, 13.3}}, label: 'ENTER YOUR NAMES'
      StaticText, 0x11837e800, {{32.0, -241.0}, {338.0, 68.0}}, label: 'Pass the phone. Each player types theirs.'
      TextView, 0x11837e1c0, {{32.0, -149.0}, {338.0, 64.0}}, identifier: 'dsc01-player-1', value: Audit Player 1
      Other, 0x11837e080, {{0.0, 0.0}, {402.0, 539.0}}
      TextView, 0x11837df40, {{32.0, 0.0}, {338.0, 3.0}}, identifier: 'dsc01-player-2', value: Audit Player 2
      TextView, 0x11837dcc0, {{32.0, 27.0}, {338.0, 64.0}}, identifier: 'dsc01-player-3', label: 'Player 3', value: Audit Player 3
      TextView, 0x11837d7c0, {{32.0, 115.0}, {338.0, 64.0}}, identifier: 'dsc01-player-4', label: 'Player 4', value: Audit Player 4
      TextView, 0x11837d2c0, {{32.0, 203.0}, {338.0, 64.0}}, identifier: 'dsc01-player-5', label: 'Player 5', value: Audit Player 5, Keyboard Focused
      TextView, 0x11837f0c0, {{32.0, 291.0}, {338.0, 64.0}}, identifier: 'dsc01-player-6', label: 'Player 6'
      Button, 0x11837f5c0, {{32.0, 379.0}, {338.0, 52.0}}, label: 'Confirm player names and continue to the case intro., Begin', Disabled
      Button, 0x11837cdc0, {{32.0, 455.0}, {338.0, 52.0}}, label: 'Return to the previous setup step., Back'
      Other, 0x118365400, {{268.0, 539.0}, {134.0, 44.0}}, label: 'Are'
      Other, 0x118366440, {{134.0, 539.0}, {134.0, 44.0}}, label: 'And'
      Other, 0x118366580, {{0.0, 539.0}, {134.0, 44.0}}, label: '“A”'
      Other, 0x11837e300, {{32.0, 0.0}, {338.0, 3.0}}
      Other, 0x11837db80, {{32.0, 35.0}, {338.0, 56.0}}
      StaticText, 0x11837da40, {{48.0, 27.3}, {51.0, 15.7}}, label: 'Player 3'
      Other, 0x11837de00, {{48.0, 39.0}, {306.0, 48.0}}
      Other, 0x11837d680, {{32.0, 123.0}, {338.0, 56.0}}
      StaticText, 0x11837d540, {{48.0, 115.3}, {51.3, 15.7}}, label: 'Player 4'
      Other, 0x11837d900, {{48.0, 127.0}, {306.0, 48.0}}
      Other, 0x11837d400, {{32.0, 211.0}, {338.0, 56.0}}
      StaticText, 0x11837d040, {{48.0, 203.3}, {50.7, 15.7}}, label: 'Player 5'
      Other, 0x11837d180, {{48.0, 228.7}, {306.0, 20.7}}
      Other, 0x11837cf00, {{32.0, 299.0}, {338.0, 56.0}}
      Other, 0x11837c140, {{48.0, 303.0}, {306.0, 48.0}}
      StaticText, 0x11837c000, {{48.0, 319.3}, {51.0, 15.7}}, label: 'Player 6'
      StaticText, 0x11837f700, {{180.3, 396.0}, {41.3, 18.0}}, label: 'Begin'
      StaticText, 0x11837cc80, {{183.0, 472.0}, {36.0, 18.0}}, label: 'Back'
    }
    ↪︎Find: Elements matching predicate '"dsc01-player-6" IN identifiers'
      Output: {
        TextView, 0x11834b0c0, {{32.0, 291.0}, {338.0, 64.0}}, identifier: 'dsc01-player-6', label: 'Player 6'
      }
      ↪︎Find: Element at index 0
        Output: {
          TextView, 0x1182f0000, {{32.0, 291.0}, {338.0, 64.0}}, identifier: 'dsc01-player-6', label: 'Player 6'
        }

    t =   124.52s         Wait for com.parlor.app.debug to idle
    t =   124.52s     Requesting snapshot of accessibility hierarchy for app with pid 19358
<unknown>:0: error: -[iosAppUITests.IOSAppLaunchUITests testDSC01ActualSettingsLocalSessionsAndOSInvestigation] : Failed to synthesize event: Neither element nor any descendant has keyboard focus. Event dispatch snapshot: TextView, {{32.0, 291.0}, {338.0, 64.0}}, identifier: 'dsc01-player-6', label: 'Player 6'
Element debug description:
Attributes: TextView, 0x1181b0500, {{32.0, 291.0}, {338.0, 64.0}}, identifier: 'dsc01-player-6', label: 'Player 6'
Element subtree:
 →TextView, 0x1181b0500, {{32.0, 291.0}, {338.0, 64.0}}, identifier: 'dsc01-player-6', label: 'Player 6'
    Other, 0x1181b0640, {{32.0, 299.0}, {338.0, 56.0}}
    Other, 0x1181b0780, {{48.0, 303.0}, {306.0, 48.0}}
    StaticText, 0x1181b08c0, {{48.0, 319.3}, {51.0, 15.7}}, label: 'Player 6'
Path to element:
 →Application, 0x117e5a940, pid: 19358, label: 'بارلور'
  ↳Window (Main), 0x117e5b840, {{0.0, 0.0}, {402.0, 874.0}}
   ↳Other, 0x117e58640, {{0.0, 0.0}, {402.0, 874.0}}
    ↳Other, 0x117e59680, {{0.0, 0.0}, {402.0, 874.0}}
     ↳Other, 0x117e5bc00, {{0.0, 0.0}, {402.0, 874.0}}
      ↳Other, 0x117e5b980, {{0.0, 0.0}, {402.0, 874.0}}
       ↳Other, 0x117e5bd40, {{0.0, 0.0}, {402.0, 539.0}}
        ↳ScrollView, 0x117e5a440, {{0.0, 0.0}, {402.0, 539.0}}
         ↳Other, 0x117e597c0, {{0.0, 0.0}, {402.0, 539.0}}
          ↳Other, 0x117e592c0, {{0.0, 0.0}, {402.0, 539.0}}
           ↳Other, 0x117e59900, {{0.0, 0.0}, {402.0, 539.0}}
            ↳TextView, 0x1181b0500, {{32.0, 291.0}, {338.0, 64.0}}, identifier: 'dsc01-player-6', label: 'Player 6'
Query chain:
 →Find: Target Application 'com.parlor.app.debug'
  Output: {
    Application, 0x11838e300, pid: 19358, label: 'بارلور'
  }
  ↪︎Find: Descendants matching type Any
    Output: {
      Window (Main), 0x118343d40, {{0.0, 0.0}, {402.0, 874.0}}
      Window, 0x11837c3c0, {{0.0, 0.0}, {402.0, 874.0}}
      Window, 0x11834b480, {{0.0, 0.0}, {402.0, 874.0}}
      Other, 0x118343e80, {{0.0, 0.0}, {402.0, 874.0}}
      Other, 0x11834bc00, {{0.0, 0.0}, {402.0, 874.0}}
      Other, 0x11834b840, {{0.0, 0.0}, {402.0, 874.0}}
      Other, 0x118340280, {{0.0, 0.0}, {402.0, 874.0}}
      Other, 0x11834be80, {{0.0, 0.0}, {402.0, 874.0}}
      Other, 0x11834bd40, {{0.0, 539.0}, {402.0, 335.0}}
      Other, 0x118367340, {{0.0, 539.0}, {402.0, 335.0}}
      Other, 0x118343480, {{0.0, 0.0}, {402.0, 874.0}}
      Other, 0x118348280, {{0.0, 539.0}, {402.0, 335.0}}, identifier: 'inputView'
      Other, 0x118367700, {{0.0, 539.0}, {402.0, 44.0}}, identifier: 'SystemInputAssistantView'
      Other, 0x1183661c0, {{0.0, 539.0}, {402.0, 335.0}}
      Other, 0x118366300, {{0.0, 583.0}, {402.0, 233.0}}
      Other, 0x11838c280, {{0.0, 583.0}, {402.0, 291.0}}
      Other, 0x118343840, {{0.0, 0.0}, {402.0, 874.0}}
      Other, 0x118366e40, {{0.0, 539.0}, {402.0, 44.0}}
      Other, 0x118365cc0, {{0.0, 539.0}, {402.0, 335.0}}
      Keyboard, 0x118365a40, {{0.0, 583.0}, {402.0, 233.0}}
      Button, 0x11838c640, {{8.5, 805.7}, {68.1, 68.7}}, label: 'لوحة المفاتيح التالية', value: العربية
      Button, 0x11838c500, {{325.4, 805.4}, {68.1, 68.7}}, identifier: 'dictation', label: 'الإملاء'
      Other, 0x11837ea80, {{0.0, 0.0}, {402.0, 539.0}}
      Button, 0x11837ca00, {{271.0, 138.0}, {37.0, 11.0}}, identifier: 'parlor-dsc01-observe', label: 'Observe'
      StaticText, 0x11837c8c0, {{187.7, 138.0}, {75.3, 11.0}}, identifier: 'parlor-dsc01-state', label: 'DS-C01 observer', value: {"beforeMain":{"ap...
      Button, 0x11837c780, {{144.3, 138.0}, {35.3, 11.0}}, identifier: 'parlor-dsc01-capture', label: 'Capture'
      Button, 0x11837c640, {{94.0, 138.0}, {42.3, 11.0}}, identifier: 'parlor-dsc01-complete', label: 'Complete'
      Button, 0x11837c500, {{270.3, 153.0}, {57.0, 11.0}}, identifier: 'parlor-dsc01-synthetic-en', label: 'Synthetic EN'
      Button, 0x11837fac0, {{205.3, 153.0}, {57.0, 11.0}}, identifier: 'parlor-dsc01-synthetic-ar', label: 'Synthetic AR'
      Button, 0x11837f980, {{135.0, 153.0}, {62.3, 11.0}}, identifier: 'parlor-dsc01-synthetic-system', label: 'Synthetic SYS'
      Button, 0x11837f340, {{74.7, 153.0}, {52.3, 11.0}}, identifier: 'parlor-dsc01-open-os', label: 'OS Settings'
      Other, 0x118366f80, {{0.0, 539.0}, {402.0, 44.0}}, identifier: 'CenterPageView'
      Other, 0x118365e00, {{0.0, 539.0}, {402.0, 335.0}}
      Other, 0x118365900, {{0.0, 583.0}, {402.0, 233.0}}
      StaticText, 0x11838c3c0, {{8.5, 805.7}, {0.0, 0.0}}
      StaticText, 0x11838cb40, {{325.4, 805.4}, {0.0, 0.0}}
      Other, 0x11837ef80, {{0.0, 0.0}, {402.0, 539.0}}
      Other, 0x11837f200, {{0.0, 0.0}, {402.0, 539.0}}
      ScrollView, 0x11837ed00, {{0.0, 0.0}, {402.0, 539.0}}
      Other, 0x118366080, {{0.0, -61.0}, {402.0, 1244.0}}
      Other, 0x118366a80, {{0.0, 539.0}, {402.0, 44.0}}
      Other, 0x118365b80, {{0.0, 583.0}, {402.0, 233.0}}, identifier: 'UIKeyboardLayoutStar Preview'
      Other, 0x11837ee40, {{0.0, 0.0}, {402.0, 539.0}}
      ScrollView, 0x118366bc0, {{0.0, 539.0}, {402.0, 44.0}}
      Other, 0x118365f40, {{0.0, 539.0}, {402.0, 44.0}}, label: 'تنبؤات الكتابة'
      Key, 0x118367ac0, {{0.0, 583.0}, {0.0, 0.0}}, label: 'Padding-Left'
      Key, 0x118367840, {{0.0, 583.0}, {0.0, 0.0}}, label: 'Padding-Right'
      Key, 0x118367980, {{0.0, 583.0}, {0.0, 0.0}}, label: 'Padding-Left'
      Key, 0x118367c00, {{0.0, 583.0}, {0.0, 0.0}}, label: 'Padding-Right'
      Key, 0x118367d40, {{0.0, 583.0}, {0.0, 0.0}}, label: 'Padding-Left'
      Key, 0x1183657c0, {{162.7, 590.0}, {39.3, 54.0}}, label: 't'
      Key, 0x118365540, {{360.0, 590.0}, {39.7, 54.0}}, label: 'p'
      Key, 0x118365680, {{320.7, 590.0}, {39.3, 54.0}}, label: 'o'
      Key, 0x118367e80, {{281.0, 590.0}, {39.7, 54.0}}, label: 'i'
      Key, 0x118365180, {{241.7, 590.0}, {39.3, 54.0}}, label: 'u'
      Key, 0x118364c80, {{202.0, 590.0}, {39.7, 54.0}}, label: 'y'
      Key, 0x118365040, {{162.7, 590.0}, {39.3, 54.0}}, label: 't'
      Key, 0x118364f00, {{123.0, 590.0}, {39.7, 54.0}}, label: 'r'
      Key, 0x118364b40, {{83.7, 590.0}, {39.3, 54.0}}, label: 'e'
      Key, 0x118364dc0, {{44.0, 590.0}, {39.7, 54.0}}, label: 'w'
      Key, 0x1183670c0, {{4.7, 590.0}, {39.3, 54.0}}, label: 'q'
      Key, 0x118364a00, {{340.3, 644.0}, {39.3, 54.0}}, label: 'l'
      Key, 0x1183652c0, {{300.7, 644.0}, {39.7, 54.0}}, label: 'k'
      Key, 0x118367200, {{261.3, 644.0}, {39.3, 54.0}}, label: 'j'
      Key, 0x118367480, {{221.7, 644.0}, {39.7, 54.0}}, label: 'h'
      Key, 0x1183675c0, {{182.3, 644.0}, {39.3, 54.0}}, label: 'g'
      Key, 0x118366d00, {{142.7, 644.0}, {39.7, 54.0}}, label: 'f'
      Key, 0x118366940, {{103.3, 644.0}, {39.3, 54.0}}, label: 'd'
      Key, 0x11838cdc0, {{63.7, 644.0}, {39.7, 54.0}}, label: 's'
      Key, 0x11838d040, {{24.3, 644.0}, {39.3, 54.0}}, label: 'a'
      Key, 0x11838d180, {{348.0, 698.0}, {51.7, 54.0}}, identifier: 'delete', label: 'delete'
      Key, 0x11838cc80, {{300.7, 698.0}, {39.7, 54.0}}, label: 'm'
      Key, 0x11838c8c0, {{261.3, 698.0}, {39.3, 54.0}}, label: 'n'
      Key, 0x11838e080, {{221.7, 698.0}, {39.7, 54.0}}, label: 'b'
      Key, 0x11838da40, {{182.3, 698.0}, {39.3, 54.0}}, label: 'v'
      Key, 0x11838d900, {{142.7, 698.0}, {39.7, 54.0}}, label: 'c'
      Key, 0x11838e1c0, {{103.3, 698.0}, {39.3, 54.0}}, label: 'x'
      Key, 0x11838de00, {{63.7, 698.0}, {39.7, 54.0}}, label: 'z'
      Button, 0x11838dcc0, {{4.7, 698.0}, {51.3, 54.0}}, identifier: 'shift', label: 'shift'
      Button, 0x11838c000, {{300.7, 752.0}, {99.0, 54.0}}, identifier: 'Next:', label: 'next'
      Key, 0x11838d7c0, {{103.3, 752.0}, {197.3, 54.0}}, identifier: 'space', label: ' '
      Button, 0x11838d400, {{54.0, 752.0}, {49.3, 54.0}}, identifier: 'emoji', label: 'Emoji'
      Key, 0x11838c140, {{4.7, 752.0}, {49.3, 54.0}}, identifier: 'more', label: 'numbers'
      Other, 0x11837e940, {{0.0, 0.0}, {402.0, 539.0}}
      Other, 0x118366800, {{0.0, 539.0}, {402.0, 44.0}}
      Other, 0x11837ebc0, {{0.0, 0.0}, {402.0, 539.0}}
      Other, 0x11837e6c0, {{0.0, 0.0}, {402.0, 539.0}}
      Other, 0x11837e580, {{0.0, 0.0}, {402.0, 539.0}}
      Other, 0x11837cb40, {{0.0, 0.0}, {402.0, 539.0}}
      Other, 0x1183666c0, {{0.0, 539.0}, {402.0, 44.0}}
      StaticText, 0x11837e440, {{130.0, -278.3}, {142.0, 13.3}}, label: 'ENTER YOUR NAMES'
      StaticText, 0x11837e800, {{32.0, -241.0}, {338.0, 68.0}}, label: 'Pass the phone. Each player types theirs.'
      TextView, 0x11837e1c0, {{32.0, -149.0}, {338.0, 64.0}}, identifier: 'dsc01-player-1', value: Audit Player 1
      Other, 0x11837e080, {{0.0, 0.0}, {402.0, 539.0}}
      TextView, 0x11837df40, {{32.0, 0.0}, {338.0, 3.0}}, identifier: 'dsc01-player-2', value: Audit Player 2
      TextView, 0x11837dcc0, {{32.0, 27.0}, {338.0, 64.0}}, identifier: 'dsc01-player-3', label: 'Player 3', value: Audit Player 3
      TextView, 0x11837d7c0, {{32.0, 115.0}, {338.0, 64.0}}, identifier: 'dsc01-player-4', label: 'Player 4', value: Audit Player 4
      TextView, 0x11837d2c0, {{32.0, 203.0}, {338.0, 64.0}}, identifier: 'dsc01-player-5', label: 'Player 5', value: Audit Player 5, Keyboard Focused
      TextView, 0x11837f0c0, {{32.0, 291.0}, {338.0, 64.0}}, identifier: 'dsc01-player-6', label: 'Player 6'
      Button, 0x11837f5c0, {{32.0, 379.0}, {338.0, 52.0}}, label: 'Confirm player names and continue to the case intro., Begin', Disabled
      Button, 0x11837cdc0, {{32.0, 455.0}, {338.0, 52.0}}, label: 'Return to the previous setup step., Back'
      Other, 0x118365400, {{268.0, 539.0}, {134.0, 44.0}}, label: 'Are'
      Other, 0x118366440, {{134.0, 539.0}, {134.0, 44.0}}, label: 'And'
      Other, 0x118366580, {{0.0, 539.0}, {134.0, 44.0}}, label: '“A”'
      Other, 0x11837e300, {{32.0, 0.0}, {338.0, 3.0}}
      Other, 0x11837db80, {{32.0, 35.0}, {338.0, 56.0}}
      StaticText, 0x11837da40, {{48.0, 27.3}, {51.0, 15.7}}, label: 'Player 3'
      Other, 0x11837de00, {{48.0, 39.0}, {306.0, 48.0}}
      Other, 0x11837d680, {{32.0, 123.0}, {338.0, 56.0}}
      StaticText, 0x11837d540, {{48.0, 115.3}, {51.3, 15.7}}, label: 'Player 4'
      Other, 0x11837d900, {{48.0, 127.0}, {306.0, 48.0}}
      Other, 0x11837d400, {{32.0, 211.0}, {338.0, 56.0}}
      StaticText, 0x11837d040, {{48.0, 203.3}, {50.7, 15.7}}, label: 'Player 5'
      Other, 0x11837d180, {{48.0, 228.7}, {306.0, 20.7}}
      Other, 0x11837cf00, {{32.0, 299.0}, {338.0, 56.0}}
      Other, 0x11837c140, {{48.0, 303.0}, {306.0, 48.0}}
      StaticText, 0x11837c000, {{48.0, 319.3}, {51.0, 15.7}}, label: 'Player 6'
      StaticText, 0x11837f700, {{180.3, 396.0}, {41.3, 18.0}}, label: 'Begin'
      StaticText, 0x11837cc80, {{183.0, 472.0}, {36.0, 18.0}}, label: 'Back'
    }
    ↪︎Find: Elements matching predicate '"dsc01-player-6" IN identifiers'
      Output: {
        TextView, 0x11834b0c0, {{32.0, 291.0}, {338.0, 64.0}}, identifier: 'dsc01-player-6', label: 'Player 6'
      }
      ↪︎Find: Element at index 0
        Output: {
          TextView, 0x1182f0000, {{32.0, 291.0}, {338.0, 64.0}}, identifier: 'dsc01-player-6', label: 'Player 6'
        }

    t =   124.60s Tear Down
Test Case '-[iosAppUITests.IOSAppLaunchUITests testDSC01ActualSettingsLocalSessionsAndOSInvestigation]' failed (124.927 seconds).
Test Suite 'IOSAppLaunchUITests' failed at 2026-09-06 11:26:55.657.
	 Executed 1 test, with 1 failure (0 unexpected) in 124.927 (124.928) seconds
Test Suite 'iosAppUITests.xctest' failed at 2026-09-06 11:26:55.658.
	 Executed 1 test, with 1 failure (0 unexpected) in 124.927 (124.929) seconds
Test Suite 'All tests' failed at 2026-09-06 11:26:55.658.
	 Executed 1 test, with 1 failure (0 unexpected) in 124.927 (124.930) seconds
2026-09-06 11:27:14.387 xcodebuild[17465:1739590] [MT] IDETestOperationsObserverDebug: 153.129 elapsed -- Testing started completed.
2026-09-06 11:27:14.387 xcodebuild[17465:1739590] [MT] IDETestOperationsObserverDebug: 0.000 sec, +0.000 sec -- start
2026-09-06 11:27:14.387 xcodebuild[17465:1739590] [MT] IDETestOperationsObserverDebug: 153.129 sec, +153.129 sec -- end

Test session results, code coverage, and logs:
	/var/folders/6m/vxwlbjsn7vs6h80_98w6x7p40000gn/T/parlor-audit-dsc01-apphost-01-zbq7j_1u/Results.xcresult

Failing tests:
	IOSAppLaunchUITests.testDSC01ActualSettingsLocalSessionsAndOSInvestigation()

** TEST FAILED **

Testing started
