Refreshing run status every 30 seconds. Press Ctrl+C to quit.

* fix/local-readiness-2026-09-07 Production verification · 34442662032
Triggered via workflow_dispatch about 2 minutes ago

JOBS
* iOS tests, release frameworks, and Swift wrapper (ID 102760768928)
  ✓ Set up job
  ✓ Start focused native job clock
  ✓ Check out source
  ✓ Validate verification scope
  ✓ Set up JDK 21
  * Run focused native continuation
  * Upload focused native evidence
  * Verify focused native cleanup and uploaded custody
  * Upload native continuation cleanup receipt
  * Observe hosted native processes without an app build
  * Upload bounded process-probe evidence
  * Verify process-probe cleanup and uploaded custody
  * Upload process-probe cleanup receipt
  * Claim fresh verification output ownership
  * Claim apple-aggregate native resource ownership
  * Record Xcode toolchain and exact source
  * Run iOS simulator tests, Apple static analysis, and release linkage gates
  * Stop Gradle after apple-aggregate and retire owned Apple resources
  * Validate iOS plist and privacy manifest
  * Claim apple-ui native resource ownership
  * Verify effective Debug and Release application identities
  * Launch Swift host and Compose root on iOS Simulator
  * Stop Gradle after apple-ui and retire owned Apple resources
  * Claim apple-wrapper native resource ownership
  * Build unsigned Swift Release wrapper
  * Stop Gradle after apple-wrapper and retire owned Apple resources
  * Inspect complete unsigned iOS Release package
  * Upload Apple verification evidence
  * Clean only attested verification outputs
  * Upload verification cleanup receipt
  * Post Set up JDK 21
  * Post Check out source
- Common, desktop, and Android release in 0s (ID 102760769810)
- Desktop and Kotlin Native strict verification (macOS x64) in 0s (ID 102760769952)
- Desktop strict verification (Linux arm64) in 0s (ID 102760770021)
- Desktop, Kotlin Native, and Android resources strict verification (Windows x64) (ID 102760770083)
Refreshing run status every 30 seconds. Press Ctrl+C to quit.

* fix/local-readiness-2026-09-07 Production verification · 34442662032
Triggered via workflow_dispatch about 3 minutes ago

JOBS
* iOS tests, release frameworks, and Swift wrapper (ID 102760768928)
  ✓ Set up job
  ✓ Start focused native job clock
  ✓ Check out source
  ✓ Validate verification scope
  ✓ Set up JDK 21
  * Run focused native continuation
  * Upload focused native evidence
  * Verify focused native cleanup and uploaded custody
  * Upload native continuation cleanup receipt
  * Observe hosted native processes without an app build
  * Upload bounded process-probe evidence
  * Verify process-probe cleanup and uploaded custody
  * Upload process-probe cleanup receipt
  * Claim fresh verification output ownership
  * Claim apple-aggregate native resource ownership
  * Record Xcode toolchain and exact source
  * Run iOS simulator tests, Apple static analysis, and release linkage gates
  * Stop Gradle after apple-aggregate and retire owned Apple resources
  * Validate iOS plist and privacy manifest
  * Claim apple-ui native resource ownership
  * Verify effective Debug and Release application identities
  * Launch Swift host and Compose root on iOS Simulator
  * Stop Gradle after apple-ui and retire owned Apple resources
  * Claim apple-wrapper native resource ownership
  * Build unsigned Swift Release wrapper
  * Stop Gradle after apple-wrapper and retire owned Apple resources
  * Inspect complete unsigned iOS Release package
  * Upload Apple verification evidence
  * Clean only attested verification outputs
  * Upload verification cleanup receipt
  * Post Set up JDK 21
  * Post Check out source
- Common, desktop, and Android release in 0s (ID 102760769810)
- Desktop and Kotlin Native strict verification (macOS x64) in 0s (ID 102760769952)
- Desktop strict verification (Linux arm64) in 0s (ID 102760770021)
- Desktop, Kotlin Native, and Android resources strict verification (Windows x64) (ID 102760770083)
Refreshing run status every 30 seconds. Press Ctrl+C to quit.

* fix/local-readiness-2026-09-07 Production verification · 34442662032
Triggered via workflow_dispatch about 4 minutes ago

JOBS
* iOS tests, release frameworks, and Swift wrapper (ID 102760768928)
  ✓ Set up job
  ✓ Start focused native job clock
  ✓ Check out source
  ✓ Validate verification scope
  ✓ Set up JDK 21
  * Run focused native continuation
  * Upload focused native evidence
  * Verify focused native cleanup and uploaded custody
  * Upload native continuation cleanup receipt
  * Observe hosted native processes without an app build
  * Upload bounded process-probe evidence
  * Verify process-probe cleanup and uploaded custody
  * Upload process-probe cleanup receipt
  * Claim fresh verification output ownership
  * Claim apple-aggregate native resource ownership
  * Record Xcode toolchain and exact source
  * Run iOS simulator tests, Apple static analysis, and release linkage gates
  * Stop Gradle after apple-aggregate and retire owned Apple resources
  * Validate iOS plist and privacy manifest
  * Claim apple-ui native resource ownership
  * Verify effective Debug and Release application identities
  * Launch Swift host and Compose root on iOS Simulator
  * Stop Gradle after apple-ui and retire owned Apple resources
  * Claim apple-wrapper native resource ownership
  * Build unsigned Swift Release wrapper
  * Stop Gradle after apple-wrapper and retire owned Apple resources
  * Inspect complete unsigned iOS Release package
  * Upload Apple verification evidence
  * Clean only attested verification outputs
  * Upload verification cleanup receipt
  * Post Set up JDK 21
  * Post Check out source
- Common, desktop, and Android release in 0s (ID 102760769810)
- Desktop and Kotlin Native strict verification (macOS x64) in 0s (ID 102760769952)
- Desktop strict verification (Linux arm64) in 0s (ID 102760770021)
- Desktop, Kotlin Native, and Android resources strict verification (Windows x64) (ID 102760770083)
Refreshing run status every 30 seconds. Press Ctrl+C to quit.

* fix/local-readiness-2026-09-07 Production verification · 34442662032
Triggered via workflow_dispatch about 4 minutes ago

JOBS
* iOS tests, release frameworks, and Swift wrapper (ID 102760768928)
  ✓ Set up job
  ✓ Start focused native job clock
  ✓ Check out source
  ✓ Validate verification scope
  ✓ Set up JDK 21
  * Run focused native continuation
  * Upload focused native evidence
  * Verify focused native cleanup and uploaded custody
  * Upload native continuation cleanup receipt
  * Observe hosted native processes without an app build
  * Upload bounded process-probe evidence
  * Verify process-probe cleanup and uploaded custody
  * Upload process-probe cleanup receipt
  * Claim fresh verification output ownership
  * Claim apple-aggregate native resource ownership
  * Record Xcode toolchain and exact source
  * Run iOS simulator tests, Apple static analysis, and release linkage gates
  * Stop Gradle after apple-aggregate and retire owned Apple resources
  * Validate iOS plist and privacy manifest
  * Claim apple-ui native resource ownership
  * Verify effective Debug and Release application identities
  * Launch Swift host and Compose root on iOS Simulator
  * Stop Gradle after apple-ui and retire owned Apple resources
  * Claim apple-wrapper native resource ownership
  * Build unsigned Swift Release wrapper
  * Stop Gradle after apple-wrapper and retire owned Apple resources
  * Inspect complete unsigned iOS Release package
  * Upload Apple verification evidence
  * Clean only attested verification outputs
  * Upload verification cleanup receipt
  * Post Set up JDK 21
  * Post Check out source
- Common, desktop, and Android release in 0s (ID 102760769810)
- Desktop and Kotlin Native strict verification (macOS x64) in 0s (ID 102760769952)
- Desktop strict verification (Linux arm64) in 0s (ID 102760770021)
- Desktop, Kotlin Native, and Android resources strict verification (Windows x64) (ID 102760770083)
Refreshing run status every 30 seconds. Press Ctrl+C to quit.

* fix/local-readiness-2026-09-07 Production verification · 34442662032
Triggered via workflow_dispatch about 5 minutes ago

JOBS
* iOS tests, release frameworks, and Swift wrapper (ID 102760768928)
  ✓ Set up job
  ✓ Start focused native job clock
  ✓ Check out source
  ✓ Validate verification scope
  ✓ Set up JDK 21
  * Run focused native continuation
  * Upload focused native evidence
  * Verify focused native cleanup and uploaded custody
  * Upload native continuation cleanup receipt
  * Observe hosted native processes without an app build
  * Upload bounded process-probe evidence
  * Verify process-probe cleanup and uploaded custody
  * Upload process-probe cleanup receipt
  * Claim fresh verification output ownership
  * Claim apple-aggregate native resource ownership
  * Record Xcode toolchain and exact source
  * Run iOS simulator tests, Apple static analysis, and release linkage gates
  * Stop Gradle after apple-aggregate and retire owned Apple resources
  * Validate iOS plist and privacy manifest
  * Claim apple-ui native resource ownership
  * Verify effective Debug and Release application identities
  * Launch Swift host and Compose root on iOS Simulator
  * Stop Gradle after apple-ui and retire owned Apple resources
  * Claim apple-wrapper native resource ownership
  * Build unsigned Swift Release wrapper
  * Stop Gradle after apple-wrapper and retire owned Apple resources
  * Inspect complete unsigned iOS Release package
  * Upload Apple verification evidence
  * Clean only attested verification outputs
  * Upload verification cleanup receipt
  * Post Set up JDK 21
  * Post Check out source
- Common, desktop, and Android release in 0s (ID 102760769810)
- Desktop and Kotlin Native strict verification (macOS x64) in 0s (ID 102760769952)
- Desktop strict verification (Linux arm64) in 0s (ID 102760770021)
- Desktop, Kotlin Native, and Android resources strict verification (Windows x64) (ID 102760770083)
Refreshing run status every 30 seconds. Press Ctrl+C to quit.

* fix/local-readiness-2026-09-07 Production verification · 34442662032
Triggered via workflow_dispatch about 5 minutes ago

JOBS
* iOS tests, release frameworks, and Swift wrapper (ID 102760768928)
  ✓ Set up job
  ✓ Start focused native job clock
  ✓ Check out source
  ✓ Validate verification scope
  ✓ Set up JDK 21
  * Run focused native continuation
  * Upload focused native evidence
  * Verify focused native cleanup and uploaded custody
  * Upload native continuation cleanup receipt
  * Observe hosted native processes without an app build
  * Upload bounded process-probe evidence
  * Verify process-probe cleanup and uploaded custody
  * Upload process-probe cleanup receipt
  * Claim fresh verification output ownership
  * Claim apple-aggregate native resource ownership
  * Record Xcode toolchain and exact source
  * Run iOS simulator tests, Apple static analysis, and release linkage gates
  * Stop Gradle after apple-aggregate and retire owned Apple resources
  * Validate iOS plist and privacy manifest
  * Claim apple-ui native resource ownership
  * Verify effective Debug and Release application identities
  * Launch Swift host and Compose root on iOS Simulator
  * Stop Gradle after apple-ui and retire owned Apple resources
  * Claim apple-wrapper native resource ownership
  * Build unsigned Swift Release wrapper
  * Stop Gradle after apple-wrapper and retire owned Apple resources
  * Inspect complete unsigned iOS Release package
  * Upload Apple verification evidence
  * Clean only attested verification outputs
  * Upload verification cleanup receipt
  * Post Set up JDK 21
  * Post Check out source
- Common, desktop, and Android release in 0s (ID 102760769810)
- Desktop and Kotlin Native strict verification (macOS x64) in 0s (ID 102760769952)
- Desktop strict verification (Linux arm64) in 0s (ID 102760770021)
- Desktop, Kotlin Native, and Android resources strict verification (Windows x64) (ID 102760770083)
Refreshing run status every 30 seconds. Press Ctrl+C to quit.

* fix/local-readiness-2026-09-07 Production verification · 34442662032
Triggered via workflow_dispatch about 6 minutes ago

JOBS
* iOS tests, release frameworks, and Swift wrapper (ID 102760768928)
  ✓ Set up job
  ✓ Start focused native job clock
  ✓ Check out source
  ✓ Validate verification scope
  ✓ Set up JDK 21
  * Run focused native continuation
  * Upload focused native evidence
  * Verify focused native cleanup and uploaded custody
  * Upload native continuation cleanup receipt
  * Observe hosted native processes without an app build
  * Upload bounded process-probe evidence
  * Verify process-probe cleanup and uploaded custody
  * Upload process-probe cleanup receipt
  * Claim fresh verification output ownership
  * Claim apple-aggregate native resource ownership
  * Record Xcode toolchain and exact source
  * Run iOS simulator tests, Apple static analysis, and release linkage gates
  * Stop Gradle after apple-aggregate and retire owned Apple resources
  * Validate iOS plist and privacy manifest
  * Claim apple-ui native resource ownership
  * Verify effective Debug and Release application identities
  * Launch Swift host and Compose root on iOS Simulator
  * Stop Gradle after apple-ui and retire owned Apple resources
  * Claim apple-wrapper native resource ownership
  * Build unsigned Swift Release wrapper
  * Stop Gradle after apple-wrapper and retire owned Apple resources
  * Inspect complete unsigned iOS Release package
  * Upload Apple verification evidence
  * Clean only attested verification outputs
  * Upload verification cleanup receipt
  * Post Set up JDK 21
  * Post Check out source
- Common, desktop, and Android release in 0s (ID 102760769810)
- Desktop and Kotlin Native strict verification (macOS x64) in 0s (ID 102760769952)
- Desktop strict verification (Linux arm64) in 0s (ID 102760770021)
- Desktop, Kotlin Native, and Android resources strict verification (Windows x64) (ID 102760770083)
Refreshing run status every 30 seconds. Press Ctrl+C to quit.

* fix/local-readiness-2026-09-07 Production verification · 34442662032
Triggered via workflow_dispatch about 6 minutes ago

JOBS
* iOS tests, release frameworks, and Swift wrapper (ID 102760768928)
  ✓ Set up job
  ✓ Start focused native job clock
  ✓ Check out source
  ✓ Validate verification scope
  ✓ Set up JDK 21
  * Run focused native continuation
  * Upload focused native evidence
  * Verify focused native cleanup and uploaded custody
  * Upload native continuation cleanup receipt
  * Observe hosted native processes without an app build
  * Upload bounded process-probe evidence
  * Verify process-probe cleanup and uploaded custody
  * Upload process-probe cleanup receipt
  * Claim fresh verification output ownership
  * Claim apple-aggregate native resource ownership
  * Record Xcode toolchain and exact source
  * Run iOS simulator tests, Apple static analysis, and release linkage gates
  * Stop Gradle after apple-aggregate and retire owned Apple resources
  * Validate iOS plist and privacy manifest
  * Claim apple-ui native resource ownership
  * Verify effective Debug and Release application identities
  * Launch Swift host and Compose root on iOS Simulator
  * Stop Gradle after apple-ui and retire owned Apple resources
  * Claim apple-wrapper native resource ownership
  * Build unsigned Swift Release wrapper
  * Stop Gradle after apple-wrapper and retire owned Apple resources
  * Inspect complete unsigned iOS Release package
  * Upload Apple verification evidence
  * Clean only attested verification outputs
  * Upload verification cleanup receipt
  * Post Set up JDK 21
  * Post Check out source
- Common, desktop, and Android release in 0s (ID 102760769810)
- Desktop and Kotlin Native strict verification (macOS x64) in 0s (ID 102760769952)
- Desktop strict verification (Linux arm64) in 0s (ID 102760770021)
- Desktop, Kotlin Native, and Android resources strict verification (Windows x64) (ID 102760770083)
Refreshing run status every 30 seconds. Press Ctrl+C to quit.

* fix/local-readiness-2026-09-07 Production verification · 34442662032
Triggered via workflow_dispatch about 7 minutes ago

JOBS
* iOS tests, release frameworks, and Swift wrapper (ID 102760768928)
  ✓ Set up job
  ✓ Start focused native job clock
  ✓ Check out source
  ✓ Validate verification scope
  ✓ Set up JDK 21
  * Run focused native continuation
  * Upload focused native evidence
  * Verify focused native cleanup and uploaded custody
  * Upload native continuation cleanup receipt
  * Observe hosted native processes without an app build
  * Upload bounded process-probe evidence
  * Verify process-probe cleanup and uploaded custody
  * Upload process-probe cleanup receipt
  * Claim fresh verification output ownership
  * Claim apple-aggregate native resource ownership
  * Record Xcode toolchain and exact source
  * Run iOS simulator tests, Apple static analysis, and release linkage gates
  * Stop Gradle after apple-aggregate and retire owned Apple resources
  * Validate iOS plist and privacy manifest
  * Claim apple-ui native resource ownership
  * Verify effective Debug and Release application identities
  * Launch Swift host and Compose root on iOS Simulator
  * Stop Gradle after apple-ui and retire owned Apple resources
  * Claim apple-wrapper native resource ownership
  * Build unsigned Swift Release wrapper
  * Stop Gradle after apple-wrapper and retire owned Apple resources
  * Inspect complete unsigned iOS Release package
  * Upload Apple verification evidence
  * Clean only attested verification outputs
  * Upload verification cleanup receipt
  * Post Set up JDK 21
  * Post Check out source
- Common, desktop, and Android release in 0s (ID 102760769810)
- Desktop and Kotlin Native strict verification (macOS x64) in 0s (ID 102760769952)
- Desktop strict verification (Linux arm64) in 0s (ID 102760770021)
- Desktop, Kotlin Native, and Android resources strict verification (Windows x64) (ID 102760770083)
Refreshing run status every 30 seconds. Press Ctrl+C to quit.

* fix/local-readiness-2026-09-07 Production verification · 34442662032
Triggered via workflow_dispatch about 7 minutes ago

JOBS
* iOS tests, release frameworks, and Swift wrapper (ID 102760768928)
  ✓ Set up job
  ✓ Start focused native job clock
  ✓ Check out source
  ✓ Validate verification scope
  ✓ Set up JDK 21
  * Run focused native continuation
  * Upload focused native evidence
  * Verify focused native cleanup and uploaded custody
  * Upload native continuation cleanup receipt
  * Observe hosted native processes without an app build
  * Upload bounded process-probe evidence
  * Verify process-probe cleanup and uploaded custody
  * Upload process-probe cleanup receipt
  * Claim fresh verification output ownership
  * Claim apple-aggregate native resource ownership
  * Record Xcode toolchain and exact source
  * Run iOS simulator tests, Apple static analysis, and release linkage gates
  * Stop Gradle after apple-aggregate and retire owned Apple resources
  * Validate iOS plist and privacy manifest
  * Claim apple-ui native resource ownership
  * Verify effective Debug and Release application identities
  * Launch Swift host and Compose root on iOS Simulator
  * Stop Gradle after apple-ui and retire owned Apple resources
  * Claim apple-wrapper native resource ownership
  * Build unsigned Swift Release wrapper
  * Stop Gradle after apple-wrapper and retire owned Apple resources
  * Inspect complete unsigned iOS Release package
  * Upload Apple verification evidence
  * Clean only attested verification outputs
  * Upload verification cleanup receipt
  * Post Set up JDK 21
  * Post Check out source
- Common, desktop, and Android release in 0s (ID 102760769810)
- Desktop and Kotlin Native strict verification (macOS x64) in 0s (ID 102760769952)
- Desktop strict verification (Linux arm64) in 0s (ID 102760770021)
- Desktop, Kotlin Native, and Android resources strict verification (Windows x64) (ID 102760770083)
Refreshing run status every 30 seconds. Press Ctrl+C to quit.

* fix/local-readiness-2026-09-07 Production verification · 34442662032
Triggered via workflow_dispatch about 8 minutes ago

JOBS
* iOS tests, release frameworks, and Swift wrapper (ID 102760768928)
  ✓ Set up job
  ✓ Start focused native job clock
  ✓ Check out source
  ✓ Validate verification scope
  ✓ Set up JDK 21
  * Run focused native continuation
  * Upload focused native evidence
  * Verify focused native cleanup and uploaded custody
  * Upload native continuation cleanup receipt
  * Observe hosted native processes without an app build
  * Upload bounded process-probe evidence
  * Verify process-probe cleanup and uploaded custody
  * Upload process-probe cleanup receipt
  * Claim fresh verification output ownership
  * Claim apple-aggregate native resource ownership
  * Record Xcode toolchain and exact source
  * Run iOS simulator tests, Apple static analysis, and release linkage gates
  * Stop Gradle after apple-aggregate and retire owned Apple resources
  * Validate iOS plist and privacy manifest
  * Claim apple-ui native resource ownership
  * Verify effective Debug and Release application identities
  * Launch Swift host and Compose root on iOS Simulator
  * Stop Gradle after apple-ui and retire owned Apple resources
  * Claim apple-wrapper native resource ownership
  * Build unsigned Swift Release wrapper
  * Stop Gradle after apple-wrapper and retire owned Apple resources
  * Inspect complete unsigned iOS Release package
  * Upload Apple verification evidence
  * Clean only attested verification outputs
  * Upload verification cleanup receipt
  * Post Set up JDK 21
  * Post Check out source
- Common, desktop, and Android release in 0s (ID 102760769810)
- Desktop and Kotlin Native strict verification (macOS x64) in 0s (ID 102760769952)
- Desktop strict verification (Linux arm64) in 0s (ID 102760770021)
- Desktop, Kotlin Native, and Android resources strict verification (Windows x64) (ID 102760770083)
Refreshing run status every 30 seconds. Press Ctrl+C to quit.

* fix/local-readiness-2026-09-07 Production verification · 34442662032
Triggered via workflow_dispatch about 8 minutes ago

JOBS
* iOS tests, release frameworks, and Swift wrapper (ID 102760768928)
  ✓ Set up job
  ✓ Start focused native job clock
  ✓ Check out source
  ✓ Validate verification scope
  ✓ Set up JDK 21
  * Run focused native continuation
  * Upload focused native evidence
  * Verify focused native cleanup and uploaded custody
  * Upload native continuation cleanup receipt
  * Observe hosted native processes without an app build
  * Upload bounded process-probe evidence
  * Verify process-probe cleanup and uploaded custody
  * Upload process-probe cleanup receipt
  * Claim fresh verification output ownership
  * Claim apple-aggregate native resource ownership
  * Record Xcode toolchain and exact source
  * Run iOS simulator tests, Apple static analysis, and release linkage gates
  * Stop Gradle after apple-aggregate and retire owned Apple resources
  * Validate iOS plist and privacy manifest
  * Claim apple-ui native resource ownership
  * Verify effective Debug and Release application identities
  * Launch Swift host and Compose root on iOS Simulator
  * Stop Gradle after apple-ui and retire owned Apple resources
  * Claim apple-wrapper native resource ownership
  * Build unsigned Swift Release wrapper
  * Stop Gradle after apple-wrapper and retire owned Apple resources
  * Inspect complete unsigned iOS Release package
  * Upload Apple verification evidence
  * Clean only attested verification outputs
  * Upload verification cleanup receipt
  * Post Set up JDK 21
  * Post Check out source
- Common, desktop, and Android release in 0s (ID 102760769810)
- Desktop and Kotlin Native strict verification (macOS x64) in 0s (ID 102760769952)
- Desktop strict verification (Linux arm64) in 0s (ID 102760770021)
- Desktop, Kotlin Native, and Android resources strict verification (Windows x64) (ID 102760770083)
Refreshing run status every 30 seconds. Press Ctrl+C to quit.

* fix/local-readiness-2026-09-07 Production verification · 34442662032
Triggered via workflow_dispatch about 9 minutes ago

JOBS
* iOS tests, release frameworks, and Swift wrapper (ID 102760768928)
  ✓ Set up job
  ✓ Start focused native job clock
  ✓ Check out source
  ✓ Validate verification scope
  ✓ Set up JDK 21
  * Run focused native continuation
  * Upload focused native evidence
  * Verify focused native cleanup and uploaded custody
  * Upload native continuation cleanup receipt
  * Observe hosted native processes without an app build
  * Upload bounded process-probe evidence
  * Verify process-probe cleanup and uploaded custody
  * Upload process-probe cleanup receipt
  * Claim fresh verification output ownership
  * Claim apple-aggregate native resource ownership
  * Record Xcode toolchain and exact source
  * Run iOS simulator tests, Apple static analysis, and release linkage gates
  * Stop Gradle after apple-aggregate and retire owned Apple resources
  * Validate iOS plist and privacy manifest
  * Claim apple-ui native resource ownership
  * Verify effective Debug and Release application identities
  * Launch Swift host and Compose root on iOS Simulator
  * Stop Gradle after apple-ui and retire owned Apple resources
  * Claim apple-wrapper native resource ownership
  * Build unsigned Swift Release wrapper
  * Stop Gradle after apple-wrapper and retire owned Apple resources
  * Inspect complete unsigned iOS Release package
  * Upload Apple verification evidence
  * Clean only attested verification outputs
  * Upload verification cleanup receipt
  * Post Set up JDK 21
  * Post Check out source
- Common, desktop, and Android release in 0s (ID 102760769810)
- Desktop and Kotlin Native strict verification (macOS x64) in 0s (ID 102760769952)
- Desktop strict verification (Linux arm64) in 0s (ID 102760770021)
- Desktop, Kotlin Native, and Android resources strict verification (Windows x64) (ID 102760770083)
Refreshing run status every 30 seconds. Press Ctrl+C to quit.

* fix/local-readiness-2026-09-07 Production verification · 34442662032
Triggered via workflow_dispatch about 9 minutes ago

JOBS
* iOS tests, release frameworks, and Swift wrapper (ID 102760768928)
  ✓ Set up job
  ✓ Start focused native job clock
  ✓ Check out source
  ✓ Validate verification scope
  ✓ Set up JDK 21
  * Run focused native continuation
  * Upload focused native evidence
  * Verify focused native cleanup and uploaded custody
  * Upload native continuation cleanup receipt
  * Observe hosted native processes without an app build
  * Upload bounded process-probe evidence
  * Verify process-probe cleanup and uploaded custody
  * Upload process-probe cleanup receipt
  * Claim fresh verification output ownership
  * Claim apple-aggregate native resource ownership
  * Record Xcode toolchain and exact source
  * Run iOS simulator tests, Apple static analysis, and release linkage gates
  * Stop Gradle after apple-aggregate and retire owned Apple resources
  * Validate iOS plist and privacy manifest
  * Claim apple-ui native resource ownership
  * Verify effective Debug and Release application identities
  * Launch Swift host and Compose root on iOS Simulator
  * Stop Gradle after apple-ui and retire owned Apple resources
  * Claim apple-wrapper native resource ownership
  * Build unsigned Swift Release wrapper
  * Stop Gradle after apple-wrapper and retire owned Apple resources
  * Inspect complete unsigned iOS Release package
  * Upload Apple verification evidence
  * Clean only attested verification outputs
  * Upload verification cleanup receipt
  * Post Set up JDK 21
  * Post Check out source
- Common, desktop, and Android release in 0s (ID 102760769810)
- Desktop and Kotlin Native strict verification (macOS x64) in 0s (ID 102760769952)
- Desktop strict verification (Linux arm64) in 0s (ID 102760770021)
- Desktop, Kotlin Native, and Android resources strict verification (Windows x64) (ID 102760770083)
Refreshing run status every 30 seconds. Press Ctrl+C to quit.

* fix/local-readiness-2026-09-07 Production verification · 34442662032
Triggered via workflow_dispatch about 10 minutes ago

JOBS
* iOS tests, release frameworks, and Swift wrapper (ID 102760768928)
  ✓ Set up job
  ✓ Start focused native job clock
  ✓ Check out source
  ✓ Validate verification scope
  ✓ Set up JDK 21
  * Run focused native continuation
  * Upload focused native evidence
  * Verify focused native cleanup and uploaded custody
  * Upload native continuation cleanup receipt
  * Observe hosted native processes without an app build
  * Upload bounded process-probe evidence
  * Verify process-probe cleanup and uploaded custody
  * Upload process-probe cleanup receipt
  * Claim fresh verification output ownership
  * Claim apple-aggregate native resource ownership
  * Record Xcode toolchain and exact source
  * Run iOS simulator tests, Apple static analysis, and release linkage gates
  * Stop Gradle after apple-aggregate and retire owned Apple resources
  * Validate iOS plist and privacy manifest
  * Claim apple-ui native resource ownership
  * Verify effective Debug and Release application identities
  * Launch Swift host and Compose root on iOS Simulator
  * Stop Gradle after apple-ui and retire owned Apple resources
  * Claim apple-wrapper native resource ownership
  * Build unsigned Swift Release wrapper
  * Stop Gradle after apple-wrapper and retire owned Apple resources
  * Inspect complete unsigned iOS Release package
  * Upload Apple verification evidence
  * Clean only attested verification outputs
  * Upload verification cleanup receipt
  * Post Set up JDK 21
  * Post Check out source
- Common, desktop, and Android release in 0s (ID 102760769810)
- Desktop and Kotlin Native strict verification (macOS x64) in 0s (ID 102760769952)
- Desktop strict verification (Linux arm64) in 0s (ID 102760770021)
- Desktop, Kotlin Native, and Android resources strict verification (Windows x64) (ID 102760770083)
Refreshing run status every 30 seconds. Press Ctrl+C to quit.

* fix/local-readiness-2026-09-07 Production verification · 34442662032
Triggered via workflow_dispatch about 10 minutes ago

JOBS
* iOS tests, release frameworks, and Swift wrapper (ID 102760768928)
  ✓ Set up job
  ✓ Start focused native job clock
  ✓ Check out source
  ✓ Validate verification scope
  ✓ Set up JDK 21
  * Run focused native continuation
  * Upload focused native evidence
  * Verify focused native cleanup and uploaded custody
  * Upload native continuation cleanup receipt
  * Observe hosted native processes without an app build
  * Upload bounded process-probe evidence
  * Verify process-probe cleanup and uploaded custody
  * Upload process-probe cleanup receipt
  * Claim fresh verification output ownership
  * Claim apple-aggregate native resource ownership
  * Record Xcode toolchain and exact source
  * Run iOS simulator tests, Apple static analysis, and release linkage gates
  * Stop Gradle after apple-aggregate and retire owned Apple resources
  * Validate iOS plist and privacy manifest
  * Claim apple-ui native resource ownership
  * Verify effective Debug and Release application identities
  * Launch Swift host and Compose root on iOS Simulator
  * Stop Gradle after apple-ui and retire owned Apple resources
  * Claim apple-wrapper native resource ownership
  * Build unsigned Swift Release wrapper
  * Stop Gradle after apple-wrapper and retire owned Apple resources
  * Inspect complete unsigned iOS Release package
  * Upload Apple verification evidence
  * Clean only attested verification outputs
  * Upload verification cleanup receipt
  * Post Set up JDK 21
  * Post Check out source
- Common, desktop, and Android release in 0s (ID 102760769810)
- Desktop and Kotlin Native strict verification (macOS x64) in 0s (ID 102760769952)
- Desktop strict verification (Linux arm64) in 0s (ID 102760770021)
- Desktop, Kotlin Native, and Android resources strict verification (Windows x64) (ID 102760770083)
Refreshing run status every 30 seconds. Press Ctrl+C to quit.

* fix/local-readiness-2026-09-07 Production verification · 34442662032
Triggered via workflow_dispatch about 11 minutes ago

JOBS
* iOS tests, release frameworks, and Swift wrapper (ID 102760768928)
  ✓ Set up job
  ✓ Start focused native job clock
  ✓ Check out source
  ✓ Validate verification scope
  ✓ Set up JDK 21
  * Run focused native continuation
  * Upload focused native evidence
  * Verify focused native cleanup and uploaded custody
  * Upload native continuation cleanup receipt
  * Observe hosted native processes without an app build
  * Upload bounded process-probe evidence
  * Verify process-probe cleanup and uploaded custody
  * Upload process-probe cleanup receipt
  * Claim fresh verification output ownership
  * Claim apple-aggregate native resource ownership
  * Record Xcode toolchain and exact source
  * Run iOS simulator tests, Apple static analysis, and release linkage gates
  * Stop Gradle after apple-aggregate and retire owned Apple resources
  * Validate iOS plist and privacy manifest
  * Claim apple-ui native resource ownership
  * Verify effective Debug and Release application identities
  * Launch Swift host and Compose root on iOS Simulator
  * Stop Gradle after apple-ui and retire owned Apple resources
  * Claim apple-wrapper native resource ownership
  * Build unsigned Swift Release wrapper
  * Stop Gradle after apple-wrapper and retire owned Apple resources
  * Inspect complete unsigned iOS Release package
  * Upload Apple verification evidence
  * Clean only attested verification outputs
  * Upload verification cleanup receipt
  * Post Set up JDK 21
  * Post Check out source
- Common, desktop, and Android release in 0s (ID 102760769810)
- Desktop and Kotlin Native strict verification (macOS x64) in 0s (ID 102760769952)
- Desktop strict verification (Linux arm64) in 0s (ID 102760770021)
- Desktop, Kotlin Native, and Android resources strict verification (Windows x64) (ID 102760770083)
Refreshing run status every 30 seconds. Press Ctrl+C to quit.

* fix/local-readiness-2026-09-07 Production verification · 34442662032
Triggered via workflow_dispatch about 11 minutes ago

JOBS
* iOS tests, release frameworks, and Swift wrapper (ID 102760768928)
  ✓ Set up job
  ✓ Start focused native job clock
  ✓ Check out source
  ✓ Validate verification scope
  ✓ Set up JDK 21
  * Run focused native continuation
  * Upload focused native evidence
  * Verify focused native cleanup and uploaded custody
  * Upload native continuation cleanup receipt
  * Observe hosted native processes without an app build
  * Upload bounded process-probe evidence
  * Verify process-probe cleanup and uploaded custody
  * Upload process-probe cleanup receipt
  * Claim fresh verification output ownership
  * Claim apple-aggregate native resource ownership
  * Record Xcode toolchain and exact source
  * Run iOS simulator tests, Apple static analysis, and release linkage gates
  * Stop Gradle after apple-aggregate and retire owned Apple resources
  * Validate iOS plist and privacy manifest
  * Claim apple-ui native resource ownership
  * Verify effective Debug and Release application identities
  * Launch Swift host and Compose root on iOS Simulator
  * Stop Gradle after apple-ui and retire owned Apple resources
  * Claim apple-wrapper native resource ownership
  * Build unsigned Swift Release wrapper
  * Stop Gradle after apple-wrapper and retire owned Apple resources
  * Inspect complete unsigned iOS Release package
  * Upload Apple verification evidence
  * Clean only attested verification outputs
  * Upload verification cleanup receipt
  * Post Set up JDK 21
  * Post Check out source
- Common, desktop, and Android release in 0s (ID 102760769810)
- Desktop and Kotlin Native strict verification (macOS x64) in 0s (ID 102760769952)
- Desktop strict verification (Linux arm64) in 0s (ID 102760770021)
- Desktop, Kotlin Native, and Android resources strict verification (Windows x64) (ID 102760770083)
Refreshing run status every 30 seconds. Press Ctrl+C to quit.

* fix/local-readiness-2026-09-07 Production verification · 34442662032
Triggered via workflow_dispatch about 12 minutes ago

JOBS
* iOS tests, release frameworks, and Swift wrapper (ID 102760768928)
  ✓ Set up job
  ✓ Start focused native job clock
  ✓ Check out source
  ✓ Validate verification scope
  ✓ Set up JDK 21
  * Run focused native continuation
  * Upload focused native evidence
  * Verify focused native cleanup and uploaded custody
  * Upload native continuation cleanup receipt
  * Observe hosted native processes without an app build
  * Upload bounded process-probe evidence
  * Verify process-probe cleanup and uploaded custody
  * Upload process-probe cleanup receipt
  * Claim fresh verification output ownership
  * Claim apple-aggregate native resource ownership
  * Record Xcode toolchain and exact source
  * Run iOS simulator tests, Apple static analysis, and release linkage gates
  * Stop Gradle after apple-aggregate and retire owned Apple resources
  * Validate iOS plist and privacy manifest
  * Claim apple-ui native resource ownership
  * Verify effective Debug and Release application identities
  * Launch Swift host and Compose root on iOS Simulator
  * Stop Gradle after apple-ui and retire owned Apple resources
  * Claim apple-wrapper native resource ownership
  * Build unsigned Swift Release wrapper
  * Stop Gradle after apple-wrapper and retire owned Apple resources
  * Inspect complete unsigned iOS Release package
  * Upload Apple verification evidence
  * Clean only attested verification outputs
  * Upload verification cleanup receipt
  * Post Set up JDK 21
  * Post Check out source
- Common, desktop, and Android release in 0s (ID 102760769810)
- Desktop and Kotlin Native strict verification (macOS x64) in 0s (ID 102760769952)
- Desktop strict verification (Linux arm64) in 0s (ID 102760770021)
- Desktop, Kotlin Native, and Android resources strict verification (Windows x64) (ID 102760770083)
Refreshing run status every 30 seconds. Press Ctrl+C to quit.

* fix/local-readiness-2026-09-07 Production verification · 34442662032
Triggered via workflow_dispatch about 12 minutes ago

JOBS
* iOS tests, release frameworks, and Swift wrapper (ID 102760768928)
  ✓ Set up job
  ✓ Start focused native job clock
  ✓ Check out source
  ✓ Validate verification scope
  ✓ Set up JDK 21
  * Run focused native continuation
  * Upload focused native evidence
  * Verify focused native cleanup and uploaded custody
  * Upload native continuation cleanup receipt
  * Observe hosted native processes without an app build
  * Upload bounded process-probe evidence
  * Verify process-probe cleanup and uploaded custody
  * Upload process-probe cleanup receipt
  * Claim fresh verification output ownership
  * Claim apple-aggregate native resource ownership
  * Record Xcode toolchain and exact source
  * Run iOS simulator tests, Apple static analysis, and release linkage gates
  * Stop Gradle after apple-aggregate and retire owned Apple resources
  * Validate iOS plist and privacy manifest
  * Claim apple-ui native resource ownership
  * Verify effective Debug and Release application identities
  * Launch Swift host and Compose root on iOS Simulator
  * Stop Gradle after apple-ui and retire owned Apple resources
  * Claim apple-wrapper native resource ownership
  * Build unsigned Swift Release wrapper
  * Stop Gradle after apple-wrapper and retire owned Apple resources
  * Inspect complete unsigned iOS Release package
  * Upload Apple verification evidence
  * Clean only attested verification outputs
  * Upload verification cleanup receipt
  * Post Set up JDK 21
  * Post Check out source
- Common, desktop, and Android release in 0s (ID 102760769810)
- Desktop and Kotlin Native strict verification (macOS x64) in 0s (ID 102760769952)
- Desktop strict verification (Linux arm64) in 0s (ID 102760770021)
- Desktop, Kotlin Native, and Android resources strict verification (Windows x64) (ID 102760770083)
Refreshing run status every 30 seconds. Press Ctrl+C to quit.

* fix/local-readiness-2026-09-07 Production verification · 34442662032
Triggered via workflow_dispatch about 13 minutes ago

JOBS
* iOS tests, release frameworks, and Swift wrapper (ID 102760768928)
  ✓ Set up job
  ✓ Start focused native job clock
  ✓ Check out source
  ✓ Validate verification scope
  ✓ Set up JDK 21
  * Run focused native continuation
  * Upload focused native evidence
  * Verify focused native cleanup and uploaded custody
  * Upload native continuation cleanup receipt
  * Observe hosted native processes without an app build
  * Upload bounded process-probe evidence
  * Verify process-probe cleanup and uploaded custody
  * Upload process-probe cleanup receipt
  * Claim fresh verification output ownership
  * Claim apple-aggregate native resource ownership
  * Record Xcode toolchain and exact source
  * Run iOS simulator tests, Apple static analysis, and release linkage gates
  * Stop Gradle after apple-aggregate and retire owned Apple resources
  * Validate iOS plist and privacy manifest
  * Claim apple-ui native resource ownership
  * Verify effective Debug and Release application identities
  * Launch Swift host and Compose root on iOS Simulator
  * Stop Gradle after apple-ui and retire owned Apple resources
  * Claim apple-wrapper native resource ownership
  * Build unsigned Swift Release wrapper
  * Stop Gradle after apple-wrapper and retire owned Apple resources
  * Inspect complete unsigned iOS Release package
  * Upload Apple verification evidence
  * Clean only attested verification outputs
  * Upload verification cleanup receipt
  * Post Set up JDK 21
  * Post Check out source
- Common, desktop, and Android release in 0s (ID 102760769810)
- Desktop and Kotlin Native strict verification (macOS x64) in 0s (ID 102760769952)
- Desktop strict verification (Linux arm64) in 0s (ID 102760770021)
- Desktop, Kotlin Native, and Android resources strict verification (Windows x64) (ID 102760770083)
Refreshing run status every 30 seconds. Press Ctrl+C to quit.

* fix/local-readiness-2026-09-07 Production verification · 34442662032
Triggered via workflow_dispatch about 13 minutes ago

JOBS
* iOS tests, release frameworks, and Swift wrapper (ID 102760768928)
  ✓ Set up job
  ✓ Start focused native job clock
  ✓ Check out source
  ✓ Validate verification scope
  ✓ Set up JDK 21
  * Run focused native continuation
  * Upload focused native evidence
  * Verify focused native cleanup and uploaded custody
  * Upload native continuation cleanup receipt
  * Observe hosted native processes without an app build
  * Upload bounded process-probe evidence
  * Verify process-probe cleanup and uploaded custody
  * Upload process-probe cleanup receipt
  * Claim fresh verification output ownership
  * Claim apple-aggregate native resource ownership
  * Record Xcode toolchain and exact source
  * Run iOS simulator tests, Apple static analysis, and release linkage gates
  * Stop Gradle after apple-aggregate and retire owned Apple resources
  * Validate iOS plist and privacy manifest
  * Claim apple-ui native resource ownership
  * Verify effective Debug and Release application identities
  * Launch Swift host and Compose root on iOS Simulator
  * Stop Gradle after apple-ui and retire owned Apple resources
  * Claim apple-wrapper native resource ownership
  * Build unsigned Swift Release wrapper
  * Stop Gradle after apple-wrapper and retire owned Apple resources
  * Inspect complete unsigned iOS Release package
  * Upload Apple verification evidence
  * Clean only attested verification outputs
  * Upload verification cleanup receipt
  * Post Set up JDK 21
  * Post Check out source
- Common, desktop, and Android release in 0s (ID 102760769810)
- Desktop and Kotlin Native strict verification (macOS x64) in 0s (ID 102760769952)
- Desktop strict verification (Linux arm64) in 0s (ID 102760770021)
- Desktop, Kotlin Native, and Android resources strict verification (Windows x64) (ID 102760770083)
Refreshing run status every 30 seconds. Press Ctrl+C to quit.

* fix/local-readiness-2026-09-07 Production verification · 34442662032
Triggered via workflow_dispatch about 14 minutes ago

JOBS
* iOS tests, release frameworks, and Swift wrapper (ID 102760768928)
  ✓ Set up job
  ✓ Start focused native job clock
  ✓ Check out source
  ✓ Validate verification scope
  ✓ Set up JDK 21
  * Run focused native continuation
  * Upload focused native evidence
  * Verify focused native cleanup and uploaded custody
  * Upload native continuation cleanup receipt
  * Observe hosted native processes without an app build
  * Upload bounded process-probe evidence
  * Verify process-probe cleanup and uploaded custody
  * Upload process-probe cleanup receipt
  * Claim fresh verification output ownership
  * Claim apple-aggregate native resource ownership
  * Record Xcode toolchain and exact source
  * Run iOS simulator tests, Apple static analysis, and release linkage gates
  * Stop Gradle after apple-aggregate and retire owned Apple resources
  * Validate iOS plist and privacy manifest
  * Claim apple-ui native resource ownership
  * Verify effective Debug and Release application identities
  * Launch Swift host and Compose root on iOS Simulator
  * Stop Gradle after apple-ui and retire owned Apple resources
  * Claim apple-wrapper native resource ownership
  * Build unsigned Swift Release wrapper
  * Stop Gradle after apple-wrapper and retire owned Apple resources
  * Inspect complete unsigned iOS Release package
  * Upload Apple verification evidence
  * Clean only attested verification outputs
  * Upload verification cleanup receipt
  * Post Set up JDK 21
  * Post Check out source
- Common, desktop, and Android release in 0s (ID 102760769810)
- Desktop and Kotlin Native strict verification (macOS x64) in 0s (ID 102760769952)
- Desktop strict verification (Linux arm64) in 0s (ID 102760770021)
- Desktop, Kotlin Native, and Android resources strict verification (Windows x64) (ID 102760770083)
Refreshing run status every 30 seconds. Press Ctrl+C to quit.

* fix/local-readiness-2026-09-07 Production verification · 34442662032
Triggered via workflow_dispatch about 15 minutes ago

JOBS
* iOS tests, release frameworks, and Swift wrapper (ID 102760768928)
  ✓ Set up job
  ✓ Start focused native job clock
  ✓ Check out source
  ✓ Validate verification scope
  ✓ Set up JDK 21
  * Run focused native continuation
  * Upload focused native evidence
  * Verify focused native cleanup and uploaded custody
  * Upload native continuation cleanup receipt
  * Observe hosted native processes without an app build
  * Upload bounded process-probe evidence
  * Verify process-probe cleanup and uploaded custody
  * Upload process-probe cleanup receipt
  * Claim fresh verification output ownership
  * Claim apple-aggregate native resource ownership
  * Record Xcode toolchain and exact source
  * Run iOS simulator tests, Apple static analysis, and release linkage gates
  * Stop Gradle after apple-aggregate and retire owned Apple resources
  * Validate iOS plist and privacy manifest
  * Claim apple-ui native resource ownership
  * Verify effective Debug and Release application identities
  * Launch Swift host and Compose root on iOS Simulator
  * Stop Gradle after apple-ui and retire owned Apple resources
  * Claim apple-wrapper native resource ownership
  * Build unsigned Swift Release wrapper
  * Stop Gradle after apple-wrapper and retire owned Apple resources
  * Inspect complete unsigned iOS Release package
  * Upload Apple verification evidence
  * Clean only attested verification outputs
  * Upload verification cleanup receipt
  * Post Set up JDK 21
  * Post Check out source
- Common, desktop, and Android release in 0s (ID 102760769810)
- Desktop and Kotlin Native strict verification (macOS x64) in 0s (ID 102760769952)
- Desktop strict verification (Linux arm64) in 0s (ID 102760770021)
- Desktop, Kotlin Native, and Android resources strict verification (Windows x64) (ID 102760770083)
Refreshing run status every 30 seconds. Press Ctrl+C to quit.

* fix/local-readiness-2026-09-07 Production verification · 34442662032
Triggered via workflow_dispatch about 15 minutes ago

JOBS
* iOS tests, release frameworks, and Swift wrapper (ID 102760768928)
  ✓ Set up job
  ✓ Start focused native job clock
  ✓ Check out source
  ✓ Validate verification scope
  ✓ Set up JDK 21
  * Run focused native continuation
  * Upload focused native evidence
  * Verify focused native cleanup and uploaded custody
  * Upload native continuation cleanup receipt
  * Observe hosted native processes without an app build
  * Upload bounded process-probe evidence
  * Verify process-probe cleanup and uploaded custody
  * Upload process-probe cleanup receipt
  * Claim fresh verification output ownership
  * Claim apple-aggregate native resource ownership
  * Record Xcode toolchain and exact source
  * Run iOS simulator tests, Apple static analysis, and release linkage gates
  * Stop Gradle after apple-aggregate and retire owned Apple resources
  * Validate iOS plist and privacy manifest
  * Claim apple-ui native resource ownership
  * Verify effective Debug and Release application identities
  * Launch Swift host and Compose root on iOS Simulator
  * Stop Gradle after apple-ui and retire owned Apple resources
  * Claim apple-wrapper native resource ownership
  * Build unsigned Swift Release wrapper
  * Stop Gradle after apple-wrapper and retire owned Apple resources
  * Inspect complete unsigned iOS Release package
  * Upload Apple verification evidence
  * Clean only attested verification outputs
  * Upload verification cleanup receipt
  * Post Set up JDK 21
  * Post Check out source
- Common, desktop, and Android release in 0s (ID 102760769810)
- Desktop and Kotlin Native strict verification (macOS x64) in 0s (ID 102760769952)
- Desktop strict verification (Linux arm64) in 0s (ID 102760770021)
- Desktop, Kotlin Native, and Android resources strict verification (Windows x64) (ID 102760770083)
Refreshing run status every 30 seconds. Press Ctrl+C to quit.

* fix/local-readiness-2026-09-07 Production verification · 34442662032
Triggered via workflow_dispatch about 16 minutes ago

JOBS
* iOS tests, release frameworks, and Swift wrapper (ID 102760768928)
  ✓ Set up job
  ✓ Start focused native job clock
  ✓ Check out source
  ✓ Validate verification scope
  ✓ Set up JDK 21
  * Run focused native continuation
  * Upload focused native evidence
  * Verify focused native cleanup and uploaded custody
  * Upload native continuation cleanup receipt
  * Observe hosted native processes without an app build
  * Upload bounded process-probe evidence
  * Verify process-probe cleanup and uploaded custody
  * Upload process-probe cleanup receipt
  * Claim fresh verification output ownership
  * Claim apple-aggregate native resource ownership
  * Record Xcode toolchain and exact source
  * Run iOS simulator tests, Apple static analysis, and release linkage gates
  * Stop Gradle after apple-aggregate and retire owned Apple resources
  * Validate iOS plist and privacy manifest
  * Claim apple-ui native resource ownership
  * Verify effective Debug and Release application identities
  * Launch Swift host and Compose root on iOS Simulator
  * Stop Gradle after apple-ui and retire owned Apple resources
  * Claim apple-wrapper native resource ownership
  * Build unsigned Swift Release wrapper
  * Stop Gradle after apple-wrapper and retire owned Apple resources
  * Inspect complete unsigned iOS Release package
  * Upload Apple verification evidence
  * Clean only attested verification outputs
  * Upload verification cleanup receipt
  * Post Set up JDK 21
  * Post Check out source
- Common, desktop, and Android release in 0s (ID 102760769810)
- Desktop and Kotlin Native strict verification (macOS x64) in 0s (ID 102760769952)
- Desktop strict verification (Linux arm64) in 0s (ID 102760770021)
- Desktop, Kotlin Native, and Android resources strict verification (Windows x64) (ID 102760770083)
Refreshing run status every 30 seconds. Press Ctrl+C to quit.

* fix/local-readiness-2026-09-07 Production verification · 34442662032
Triggered via workflow_dispatch about 16 minutes ago

JOBS
* iOS tests, release frameworks, and Swift wrapper (ID 102760768928)
  ✓ Set up job
  ✓ Start focused native job clock
  ✓ Check out source
  ✓ Validate verification scope
  ✓ Set up JDK 21
  * Run focused native continuation
  * Upload focused native evidence
  * Verify focused native cleanup and uploaded custody
  * Upload native continuation cleanup receipt
  * Observe hosted native processes without an app build
  * Upload bounded process-probe evidence
  * Verify process-probe cleanup and uploaded custody
  * Upload process-probe cleanup receipt
  * Claim fresh verification output ownership
  * Claim apple-aggregate native resource ownership
  * Record Xcode toolchain and exact source
  * Run iOS simulator tests, Apple static analysis, and release linkage gates
  * Stop Gradle after apple-aggregate and retire owned Apple resources
  * Validate iOS plist and privacy manifest
  * Claim apple-ui native resource ownership
  * Verify effective Debug and Release application identities
  * Launch Swift host and Compose root on iOS Simulator
  * Stop Gradle after apple-ui and retire owned Apple resources
  * Claim apple-wrapper native resource ownership
  * Build unsigned Swift Release wrapper
  * Stop Gradle after apple-wrapper and retire owned Apple resources
  * Inspect complete unsigned iOS Release package
  * Upload Apple verification evidence
  * Clean only attested verification outputs
  * Upload verification cleanup receipt
  * Post Set up JDK 21
  * Post Check out source
- Common, desktop, and Android release in 0s (ID 102760769810)
- Desktop and Kotlin Native strict verification (macOS x64) in 0s (ID 102760769952)
- Desktop strict verification (Linux arm64) in 0s (ID 102760770021)
- Desktop, Kotlin Native, and Android resources strict verification (Windows x64) (ID 102760770083)
Refreshing run status every 30 seconds. Press Ctrl+C to quit.

* fix/local-readiness-2026-09-07 Production verification · 34442662032
Triggered via workflow_dispatch about 17 minutes ago

JOBS
* iOS tests, release frameworks, and Swift wrapper (ID 102760768928)
  ✓ Set up job
  ✓ Start focused native job clock
  ✓ Check out source
  ✓ Validate verification scope
  ✓ Set up JDK 21
  * Run focused native continuation
  * Upload focused native evidence
  * Verify focused native cleanup and uploaded custody
  * Upload native continuation cleanup receipt
  * Observe hosted native processes without an app build
  * Upload bounded process-probe evidence
  * Verify process-probe cleanup and uploaded custody
  * Upload process-probe cleanup receipt
  * Claim fresh verification output ownership
  * Claim apple-aggregate native resource ownership
  * Record Xcode toolchain and exact source
  * Run iOS simulator tests, Apple static analysis, and release linkage gates
  * Stop Gradle after apple-aggregate and retire owned Apple resources
  * Validate iOS plist and privacy manifest
  * Claim apple-ui native resource ownership
  * Verify effective Debug and Release application identities
  * Launch Swift host and Compose root on iOS Simulator
  * Stop Gradle after apple-ui and retire owned Apple resources
  * Claim apple-wrapper native resource ownership
  * Build unsigned Swift Release wrapper
  * Stop Gradle after apple-wrapper and retire owned Apple resources
  * Inspect complete unsigned iOS Release package
  * Upload Apple verification evidence
  * Clean only attested verification outputs
  * Upload verification cleanup receipt
  * Post Set up JDK 21
  * Post Check out source
- Common, desktop, and Android release in 0s (ID 102760769810)
- Desktop and Kotlin Native strict verification (macOS x64) in 0s (ID 102760769952)
- Desktop strict verification (Linux arm64) in 0s (ID 102760770021)
- Desktop, Kotlin Native, and Android resources strict verification (Windows x64) (ID 102760770083)
Refreshing run status every 30 seconds. Press Ctrl+C to quit.

* fix/local-readiness-2026-09-07 Production verification · 34442662032
Triggered via workflow_dispatch about 17 minutes ago

JOBS
* iOS tests, release frameworks, and Swift wrapper (ID 102760768928)
  ✓ Set up job
  ✓ Start focused native job clock
  ✓ Check out source
  ✓ Validate verification scope
  ✓ Set up JDK 21
  * Run focused native continuation
  * Upload focused native evidence
  * Verify focused native cleanup and uploaded custody
  * Upload native continuation cleanup receipt
  * Observe hosted native processes without an app build
  * Upload bounded process-probe evidence
  * Verify process-probe cleanup and uploaded custody
  * Upload process-probe cleanup receipt
  * Claim fresh verification output ownership
  * Claim apple-aggregate native resource ownership
  * Record Xcode toolchain and exact source
  * Run iOS simulator tests, Apple static analysis, and release linkage gates
  * Stop Gradle after apple-aggregate and retire owned Apple resources
  * Validate iOS plist and privacy manifest
  * Claim apple-ui native resource ownership
  * Verify effective Debug and Release application identities
  * Launch Swift host and Compose root on iOS Simulator
  * Stop Gradle after apple-ui and retire owned Apple resources
  * Claim apple-wrapper native resource ownership
  * Build unsigned Swift Release wrapper
  * Stop Gradle after apple-wrapper and retire owned Apple resources
  * Inspect complete unsigned iOS Release package
  * Upload Apple verification evidence
  * Clean only attested verification outputs
  * Upload verification cleanup receipt
  * Post Set up JDK 21
  * Post Check out source
- Common, desktop, and Android release in 0s (ID 102760769810)
- Desktop and Kotlin Native strict verification (macOS x64) in 0s (ID 102760769952)
- Desktop strict verification (Linux arm64) in 0s (ID 102760770021)
- Desktop, Kotlin Native, and Android resources strict verification (Windows x64) (ID 102760770083)
Refreshing run status every 30 seconds. Press Ctrl+C to quit.

* fix/local-readiness-2026-09-07 Production verification · 34442662032
Triggered via workflow_dispatch about 18 minutes ago

JOBS
* iOS tests, release frameworks, and Swift wrapper (ID 102760768928)
  ✓ Set up job
  ✓ Start focused native job clock
  ✓ Check out source
  ✓ Validate verification scope
  ✓ Set up JDK 21
  * Run focused native continuation
  * Upload focused native evidence
  * Verify focused native cleanup and uploaded custody
  * Upload native continuation cleanup receipt
  * Observe hosted native processes without an app build
  * Upload bounded process-probe evidence
  * Verify process-probe cleanup and uploaded custody
  * Upload process-probe cleanup receipt
  * Claim fresh verification output ownership
  * Claim apple-aggregate native resource ownership
  * Record Xcode toolchain and exact source
  * Run iOS simulator tests, Apple static analysis, and release linkage gates
  * Stop Gradle after apple-aggregate and retire owned Apple resources
  * Validate iOS plist and privacy manifest
  * Claim apple-ui native resource ownership
  * Verify effective Debug and Release application identities
  * Launch Swift host and Compose root on iOS Simulator
  * Stop Gradle after apple-ui and retire owned Apple resources
  * Claim apple-wrapper native resource ownership
  * Build unsigned Swift Release wrapper
  * Stop Gradle after apple-wrapper and retire owned Apple resources
  * Inspect complete unsigned iOS Release package
  * Upload Apple verification evidence
  * Clean only attested verification outputs
  * Upload verification cleanup receipt
  * Post Set up JDK 21
  * Post Check out source
- Common, desktop, and Android release in 0s (ID 102760769810)
- Desktop and Kotlin Native strict verification (macOS x64) in 0s (ID 102760769952)
- Desktop strict verification (Linux arm64) in 0s (ID 102760770021)
- Desktop, Kotlin Native, and Android resources strict verification (Windows x64) (ID 102760770083)
Refreshing run status every 30 seconds. Press Ctrl+C to quit.

* fix/local-readiness-2026-09-07 Production verification · 34442662032
Triggered via workflow_dispatch about 18 minutes ago

JOBS
* iOS tests, release frameworks, and Swift wrapper (ID 102760768928)
  ✓ Set up job
  ✓ Start focused native job clock
  ✓ Check out source
  ✓ Validate verification scope
  ✓ Set up JDK 21
  * Run focused native continuation
  * Upload focused native evidence
  * Verify focused native cleanup and uploaded custody
  * Upload native continuation cleanup receipt
  * Observe hosted native processes without an app build
  * Upload bounded process-probe evidence
  * Verify process-probe cleanup and uploaded custody
  * Upload process-probe cleanup receipt
  * Claim fresh verification output ownership
  * Claim apple-aggregate native resource ownership
  * Record Xcode toolchain and exact source
  * Run iOS simulator tests, Apple static analysis, and release linkage gates
  * Stop Gradle after apple-aggregate and retire owned Apple resources
  * Validate iOS plist and privacy manifest
  * Claim apple-ui native resource ownership
  * Verify effective Debug and Release application identities
  * Launch Swift host and Compose root on iOS Simulator
  * Stop Gradle after apple-ui and retire owned Apple resources
  * Claim apple-wrapper native resource ownership
  * Build unsigned Swift Release wrapper
  * Stop Gradle after apple-wrapper and retire owned Apple resources
  * Inspect complete unsigned iOS Release package
  * Upload Apple verification evidence
  * Clean only attested verification outputs
  * Upload verification cleanup receipt
  * Post Set up JDK 21
  * Post Check out source
- Common, desktop, and Android release in 0s (ID 102760769810)
- Desktop and Kotlin Native strict verification (macOS x64) in 0s (ID 102760769952)
- Desktop strict verification (Linux arm64) in 0s (ID 102760770021)
- Desktop, Kotlin Native, and Android resources strict verification (Windows x64) (ID 102760770083)
Refreshing run status every 30 seconds. Press Ctrl+C to quit.

* fix/local-readiness-2026-09-07 Production verification · 34442662032
Triggered via workflow_dispatch about 19 minutes ago

JOBS
* iOS tests, release frameworks, and Swift wrapper (ID 102760768928)
  ✓ Set up job
  ✓ Start focused native job clock
  ✓ Check out source
  ✓ Validate verification scope
  ✓ Set up JDK 21
  * Run focused native continuation
  * Upload focused native evidence
  * Verify focused native cleanup and uploaded custody
  * Upload native continuation cleanup receipt
  * Observe hosted native processes without an app build
  * Upload bounded process-probe evidence
  * Verify process-probe cleanup and uploaded custody
  * Upload process-probe cleanup receipt
  * Claim fresh verification output ownership
  * Claim apple-aggregate native resource ownership
  * Record Xcode toolchain and exact source
  * Run iOS simulator tests, Apple static analysis, and release linkage gates
  * Stop Gradle after apple-aggregate and retire owned Apple resources
  * Validate iOS plist and privacy manifest
  * Claim apple-ui native resource ownership
  * Verify effective Debug and Release application identities
  * Launch Swift host and Compose root on iOS Simulator
  * Stop Gradle after apple-ui and retire owned Apple resources
  * Claim apple-wrapper native resource ownership
  * Build unsigned Swift Release wrapper
  * Stop Gradle after apple-wrapper and retire owned Apple resources
  * Inspect complete unsigned iOS Release package
  * Upload Apple verification evidence
  * Clean only attested verification outputs
  * Upload verification cleanup receipt
  * Post Set up JDK 21
  * Post Check out source
- Common, desktop, and Android release in 0s (ID 102760769810)
- Desktop and Kotlin Native strict verification (macOS x64) in 0s (ID 102760769952)
- Desktop strict verification (Linux arm64) in 0s (ID 102760770021)
- Desktop, Kotlin Native, and Android resources strict verification (Windows x64) (ID 102760770083)
Refreshing run status every 30 seconds. Press Ctrl+C to quit.

* fix/local-readiness-2026-09-07 Production verification · 34442662032
Triggered via workflow_dispatch about 19 minutes ago

JOBS
* iOS tests, release frameworks, and Swift wrapper (ID 102760768928)
  ✓ Set up job
  ✓ Start focused native job clock
  ✓ Check out source
  ✓ Validate verification scope
  ✓ Set up JDK 21
  * Run focused native continuation
  * Upload focused native evidence
  * Verify focused native cleanup and uploaded custody
  * Upload native continuation cleanup receipt
  * Observe hosted native processes without an app build
  * Upload bounded process-probe evidence
  * Verify process-probe cleanup and uploaded custody
  * Upload process-probe cleanup receipt
  * Claim fresh verification output ownership
  * Claim apple-aggregate native resource ownership
  * Record Xcode toolchain and exact source
  * Run iOS simulator tests, Apple static analysis, and release linkage gates
  * Stop Gradle after apple-aggregate and retire owned Apple resources
  * Validate iOS plist and privacy manifest
  * Claim apple-ui native resource ownership
  * Verify effective Debug and Release application identities
  * Launch Swift host and Compose root on iOS Simulator
  * Stop Gradle after apple-ui and retire owned Apple resources
  * Claim apple-wrapper native resource ownership
  * Build unsigned Swift Release wrapper
  * Stop Gradle after apple-wrapper and retire owned Apple resources
  * Inspect complete unsigned iOS Release package
  * Upload Apple verification evidence
  * Clean only attested verification outputs
  * Upload verification cleanup receipt
  * Post Set up JDK 21
  * Post Check out source
- Common, desktop, and Android release in 0s (ID 102760769810)
- Desktop and Kotlin Native strict verification (macOS x64) in 0s (ID 102760769952)
- Desktop strict verification (Linux arm64) in 0s (ID 102760770021)
- Desktop, Kotlin Native, and Android resources strict verification (Windows x64) (ID 102760770083)
Refreshing run status every 30 seconds. Press Ctrl+C to quit.

* fix/local-readiness-2026-09-07 Production verification · 34442662032
Triggered via workflow_dispatch about 20 minutes ago

JOBS
* iOS tests, release frameworks, and Swift wrapper (ID 102760768928)
  ✓ Set up job
  ✓ Start focused native job clock
  ✓ Check out source
  ✓ Validate verification scope
  ✓ Set up JDK 21
  * Run focused native continuation
  * Upload focused native evidence
  * Verify focused native cleanup and uploaded custody
  * Upload native continuation cleanup receipt
  * Observe hosted native processes without an app build
  * Upload bounded process-probe evidence
  * Verify process-probe cleanup and uploaded custody
  * Upload process-probe cleanup receipt
  * Claim fresh verification output ownership
  * Claim apple-aggregate native resource ownership
  * Record Xcode toolchain and exact source
  * Run iOS simulator tests, Apple static analysis, and release linkage gates
  * Stop Gradle after apple-aggregate and retire owned Apple resources
  * Validate iOS plist and privacy manifest
  * Claim apple-ui native resource ownership
  * Verify effective Debug and Release application identities
  * Launch Swift host and Compose root on iOS Simulator
  * Stop Gradle after apple-ui and retire owned Apple resources
  * Claim apple-wrapper native resource ownership
  * Build unsigned Swift Release wrapper
  * Stop Gradle after apple-wrapper and retire owned Apple resources
  * Inspect complete unsigned iOS Release package
  * Upload Apple verification evidence
  * Clean only attested verification outputs
  * Upload verification cleanup receipt
  * Post Set up JDK 21
  * Post Check out source
- Common, desktop, and Android release in 0s (ID 102760769810)
- Desktop and Kotlin Native strict verification (macOS x64) in 0s (ID 102760769952)
- Desktop strict verification (Linux arm64) in 0s (ID 102760770021)
- Desktop, Kotlin Native, and Android resources strict verification (Windows x64) (ID 102760770083)
Refreshing run status every 30 seconds. Press Ctrl+C to quit.

* fix/local-readiness-2026-09-07 Production verification · 34442662032
Triggered via workflow_dispatch about 20 minutes ago

JOBS
* iOS tests, release frameworks, and Swift wrapper (ID 102760768928)
  ✓ Set up job
  ✓ Start focused native job clock
  ✓ Check out source
  ✓ Validate verification scope
  ✓ Set up JDK 21
  * Run focused native continuation
  * Upload focused native evidence
  * Verify focused native cleanup and uploaded custody
  * Upload native continuation cleanup receipt
  * Observe hosted native processes without an app build
  * Upload bounded process-probe evidence
  * Verify process-probe cleanup and uploaded custody
  * Upload process-probe cleanup receipt
  * Claim fresh verification output ownership
  * Claim apple-aggregate native resource ownership
  * Record Xcode toolchain and exact source
  * Run iOS simulator tests, Apple static analysis, and release linkage gates
  * Stop Gradle after apple-aggregate and retire owned Apple resources
  * Validate iOS plist and privacy manifest
  * Claim apple-ui native resource ownership
  * Verify effective Debug and Release application identities
  * Launch Swift host and Compose root on iOS Simulator
  * Stop Gradle after apple-ui and retire owned Apple resources
  * Claim apple-wrapper native resource ownership
  * Build unsigned Swift Release wrapper
  * Stop Gradle after apple-wrapper and retire owned Apple resources
  * Inspect complete unsigned iOS Release package
  * Upload Apple verification evidence
  * Clean only attested verification outputs
  * Upload verification cleanup receipt
  * Post Set up JDK 21
  * Post Check out source
- Common, desktop, and Android release in 0s (ID 102760769810)
- Desktop and Kotlin Native strict verification (macOS x64) in 0s (ID 102760769952)
- Desktop strict verification (Linux arm64) in 0s (ID 102760770021)
- Desktop, Kotlin Native, and Android resources strict verification (Windows x64) (ID 102760770083)
Refreshing run status every 30 seconds. Press Ctrl+C to quit.

* fix/local-readiness-2026-09-07 Production verification · 34442662032
Triggered via workflow_dispatch about 21 minutes ago

JOBS
* iOS tests, release frameworks, and Swift wrapper (ID 102760768928)
  ✓ Set up job
  ✓ Start focused native job clock
  ✓ Check out source
  ✓ Validate verification scope
  ✓ Set up JDK 21
  * Run focused native continuation
  * Upload focused native evidence
  * Verify focused native cleanup and uploaded custody
  * Upload native continuation cleanup receipt
  * Observe hosted native processes without an app build
  * Upload bounded process-probe evidence
  * Verify process-probe cleanup and uploaded custody
  * Upload process-probe cleanup receipt
  * Claim fresh verification output ownership
  * Claim apple-aggregate native resource ownership
  * Record Xcode toolchain and exact source
  * Run iOS simulator tests, Apple static analysis, and release linkage gates
  * Stop Gradle after apple-aggregate and retire owned Apple resources
  * Validate iOS plist and privacy manifest
  * Claim apple-ui native resource ownership
  * Verify effective Debug and Release application identities
  * Launch Swift host and Compose root on iOS Simulator
  * Stop Gradle after apple-ui and retire owned Apple resources
  * Claim apple-wrapper native resource ownership
  * Build unsigned Swift Release wrapper
  * Stop Gradle after apple-wrapper and retire owned Apple resources
  * Inspect complete unsigned iOS Release package
  * Upload Apple verification evidence
  * Clean only attested verification outputs
  * Upload verification cleanup receipt
  * Post Set up JDK 21
  * Post Check out source
- Common, desktop, and Android release in 0s (ID 102760769810)
- Desktop and Kotlin Native strict verification (macOS x64) in 0s (ID 102760769952)
- Desktop strict verification (Linux arm64) in 0s (ID 102760770021)
- Desktop, Kotlin Native, and Android resources strict verification (Windows x64) (ID 102760770083)
Refreshing run status every 30 seconds. Press Ctrl+C to quit.

* fix/local-readiness-2026-09-07 Production verification · 34442662032
Triggered via workflow_dispatch about 21 minutes ago

JOBS
* iOS tests, release frameworks, and Swift wrapper (ID 102760768928)
  ✓ Set up job
  ✓ Start focused native job clock
  ✓ Check out source
  ✓ Validate verification scope
  ✓ Set up JDK 21
  * Run focused native continuation
  * Upload focused native evidence
  * Verify focused native cleanup and uploaded custody
  * Upload native continuation cleanup receipt
  * Observe hosted native processes without an app build
  * Upload bounded process-probe evidence
  * Verify process-probe cleanup and uploaded custody
  * Upload process-probe cleanup receipt
  * Claim fresh verification output ownership
  * Claim apple-aggregate native resource ownership
  * Record Xcode toolchain and exact source
  * Run iOS simulator tests, Apple static analysis, and release linkage gates
  * Stop Gradle after apple-aggregate and retire owned Apple resources
  * Validate iOS plist and privacy manifest
  * Claim apple-ui native resource ownership
  * Verify effective Debug and Release application identities
  * Launch Swift host and Compose root on iOS Simulator
  * Stop Gradle after apple-ui and retire owned Apple resources
  * Claim apple-wrapper native resource ownership
  * Build unsigned Swift Release wrapper
  * Stop Gradle after apple-wrapper and retire owned Apple resources
  * Inspect complete unsigned iOS Release package
  * Upload Apple verification evidence
  * Clean only attested verification outputs
  * Upload verification cleanup receipt
  * Post Set up JDK 21
  * Post Check out source
- Common, desktop, and Android release in 0s (ID 102760769810)
- Desktop and Kotlin Native strict verification (macOS x64) in 0s (ID 102760769952)
- Desktop strict verification (Linux arm64) in 0s (ID 102760770021)
- Desktop, Kotlin Native, and Android resources strict verification (Windows x64) (ID 102760770083)
Refreshing run status every 30 seconds. Press Ctrl+C to quit.

* fix/local-readiness-2026-09-07 Production verification · 34442662032
Triggered via workflow_dispatch about 22 minutes ago

JOBS
* iOS tests, release frameworks, and Swift wrapper (ID 102760768928)
  ✓ Set up job
  ✓ Start focused native job clock
  ✓ Check out source
  ✓ Validate verification scope
  ✓ Set up JDK 21
  * Run focused native continuation
  * Upload focused native evidence
  * Verify focused native cleanup and uploaded custody
  * Upload native continuation cleanup receipt
  * Observe hosted native processes without an app build
  * Upload bounded process-probe evidence
  * Verify process-probe cleanup and uploaded custody
  * Upload process-probe cleanup receipt
  * Claim fresh verification output ownership
  * Claim apple-aggregate native resource ownership
  * Record Xcode toolchain and exact source
  * Run iOS simulator tests, Apple static analysis, and release linkage gates
  * Stop Gradle after apple-aggregate and retire owned Apple resources
  * Validate iOS plist and privacy manifest
  * Claim apple-ui native resource ownership
  * Verify effective Debug and Release application identities
  * Launch Swift host and Compose root on iOS Simulator
  * Stop Gradle after apple-ui and retire owned Apple resources
  * Claim apple-wrapper native resource ownership
  * Build unsigned Swift Release wrapper
  * Stop Gradle after apple-wrapper and retire owned Apple resources
  * Inspect complete unsigned iOS Release package
  * Upload Apple verification evidence
  * Clean only attested verification outputs
  * Upload verification cleanup receipt
  * Post Set up JDK 21
  * Post Check out source
- Common, desktop, and Android release in 0s (ID 102760769810)
- Desktop and Kotlin Native strict verification (macOS x64) in 0s (ID 102760769952)
- Desktop strict verification (Linux arm64) in 0s (ID 102760770021)
- Desktop, Kotlin Native, and Android resources strict verification (Windows x64) (ID 102760770083)
Refreshing run status every 30 seconds. Press Ctrl+C to quit.

* fix/local-readiness-2026-09-07 Production verification · 34442662032
Triggered via workflow_dispatch about 22 minutes ago

JOBS
* iOS tests, release frameworks, and Swift wrapper (ID 102760768928)
  ✓ Set up job
  ✓ Start focused native job clock
  ✓ Check out source
  ✓ Validate verification scope
  ✓ Set up JDK 21
  * Run focused native continuation
  * Upload focused native evidence
  * Verify focused native cleanup and uploaded custody
  * Upload native continuation cleanup receipt
  * Observe hosted native processes without an app build
  * Upload bounded process-probe evidence
  * Verify process-probe cleanup and uploaded custody
  * Upload process-probe cleanup receipt
  * Claim fresh verification output ownership
  * Claim apple-aggregate native resource ownership
  * Record Xcode toolchain and exact source
  * Run iOS simulator tests, Apple static analysis, and release linkage gates
  * Stop Gradle after apple-aggregate and retire owned Apple resources
  * Validate iOS plist and privacy manifest
  * Claim apple-ui native resource ownership
  * Verify effective Debug and Release application identities
  * Launch Swift host and Compose root on iOS Simulator
  * Stop Gradle after apple-ui and retire owned Apple resources
  * Claim apple-wrapper native resource ownership
  * Build unsigned Swift Release wrapper
  * Stop Gradle after apple-wrapper and retire owned Apple resources
  * Inspect complete unsigned iOS Release package
  * Upload Apple verification evidence
  * Clean only attested verification outputs
  * Upload verification cleanup receipt
  * Post Set up JDK 21
  * Post Check out source
- Common, desktop, and Android release in 0s (ID 102760769810)
- Desktop and Kotlin Native strict verification (macOS x64) in 0s (ID 102760769952)
- Desktop strict verification (Linux arm64) in 0s (ID 102760770021)
- Desktop, Kotlin Native, and Android resources strict verification (Windows x64) (ID 102760770083)
Refreshing run status every 30 seconds. Press Ctrl+C to quit.

* fix/local-readiness-2026-09-07 Production verification · 34442662032
Triggered via workflow_dispatch about 23 minutes ago

JOBS
* iOS tests, release frameworks, and Swift wrapper (ID 102760768928)
  ✓ Set up job
  ✓ Start focused native job clock
  ✓ Check out source
  ✓ Validate verification scope
  ✓ Set up JDK 21
  * Run focused native continuation
  * Upload focused native evidence
  * Verify focused native cleanup and uploaded custody
  * Upload native continuation cleanup receipt
  * Observe hosted native processes without an app build
  * Upload bounded process-probe evidence
  * Verify process-probe cleanup and uploaded custody
  * Upload process-probe cleanup receipt
  * Claim fresh verification output ownership
  * Claim apple-aggregate native resource ownership
  * Record Xcode toolchain and exact source
  * Run iOS simulator tests, Apple static analysis, and release linkage gates
  * Stop Gradle after apple-aggregate and retire owned Apple resources
  * Validate iOS plist and privacy manifest
  * Claim apple-ui native resource ownership
  * Verify effective Debug and Release application identities
  * Launch Swift host and Compose root on iOS Simulator
  * Stop Gradle after apple-ui and retire owned Apple resources
  * Claim apple-wrapper native resource ownership
  * Build unsigned Swift Release wrapper
  * Stop Gradle after apple-wrapper and retire owned Apple resources
  * Inspect complete unsigned iOS Release package
  * Upload Apple verification evidence
  * Clean only attested verification outputs
  * Upload verification cleanup receipt
  * Post Set up JDK 21
  * Post Check out source
- Common, desktop, and Android release in 0s (ID 102760769810)
- Desktop and Kotlin Native strict verification (macOS x64) in 0s (ID 102760769952)
- Desktop strict verification (Linux arm64) in 0s (ID 102760770021)
- Desktop, Kotlin Native, and Android resources strict verification (Windows x64) (ID 102760770083)
Refreshing run status every 30 seconds. Press Ctrl+C to quit.

* fix/local-readiness-2026-09-07 Production verification · 34442662032
Triggered via workflow_dispatch about 23 minutes ago

JOBS
* iOS tests, release frameworks, and Swift wrapper (ID 102760768928)
  ✓ Set up job
  ✓ Start focused native job clock
  ✓ Check out source
  ✓ Validate verification scope
  ✓ Set up JDK 21
  * Run focused native continuation
  * Upload focused native evidence
  * Verify focused native cleanup and uploaded custody
  * Upload native continuation cleanup receipt
  * Observe hosted native processes without an app build
  * Upload bounded process-probe evidence
  * Verify process-probe cleanup and uploaded custody
  * Upload process-probe cleanup receipt
  * Claim fresh verification output ownership
  * Claim apple-aggregate native resource ownership
  * Record Xcode toolchain and exact source
  * Run iOS simulator tests, Apple static analysis, and release linkage gates
  * Stop Gradle after apple-aggregate and retire owned Apple resources
  * Validate iOS plist and privacy manifest
  * Claim apple-ui native resource ownership
  * Verify effective Debug and Release application identities
  * Launch Swift host and Compose root on iOS Simulator
  * Stop Gradle after apple-ui and retire owned Apple resources
  * Claim apple-wrapper native resource ownership
  * Build unsigned Swift Release wrapper
  * Stop Gradle after apple-wrapper and retire owned Apple resources
  * Inspect complete unsigned iOS Release package
  * Upload Apple verification evidence
  * Clean only attested verification outputs
  * Upload verification cleanup receipt
  * Post Set up JDK 21
  * Post Check out source
- Common, desktop, and Android release in 0s (ID 102760769810)
- Desktop and Kotlin Native strict verification (macOS x64) in 0s (ID 102760769952)
- Desktop strict verification (Linux arm64) in 0s (ID 102760770021)
- Desktop, Kotlin Native, and Android resources strict verification (Windows x64) (ID 102760770083)
Refreshing run status every 30 seconds. Press Ctrl+C to quit.

* fix/local-readiness-2026-09-07 Production verification · 34442662032
Triggered via workflow_dispatch about 24 minutes ago

JOBS
* iOS tests, release frameworks, and Swift wrapper (ID 102760768928)
  ✓ Set up job
  ✓ Start focused native job clock
  ✓ Check out source
  ✓ Validate verification scope
  ✓ Set up JDK 21
  * Run focused native continuation
  * Upload focused native evidence
  * Verify focused native cleanup and uploaded custody
  * Upload native continuation cleanup receipt
  * Observe hosted native processes without an app build
  * Upload bounded process-probe evidence
  * Verify process-probe cleanup and uploaded custody
  * Upload process-probe cleanup receipt
  * Claim fresh verification output ownership
  * Claim apple-aggregate native resource ownership
  * Record Xcode toolchain and exact source
  * Run iOS simulator tests, Apple static analysis, and release linkage gates
  * Stop Gradle after apple-aggregate and retire owned Apple resources
  * Validate iOS plist and privacy manifest
  * Claim apple-ui native resource ownership
  * Verify effective Debug and Release application identities
  * Launch Swift host and Compose root on iOS Simulator
  * Stop Gradle after apple-ui and retire owned Apple resources
  * Claim apple-wrapper native resource ownership
  * Build unsigned Swift Release wrapper
  * Stop Gradle after apple-wrapper and retire owned Apple resources
  * Inspect complete unsigned iOS Release package
  * Upload Apple verification evidence
  * Clean only attested verification outputs
  * Upload verification cleanup receipt
  * Post Set up JDK 21
  * Post Check out source
- Common, desktop, and Android release in 0s (ID 102760769810)
- Desktop and Kotlin Native strict verification (macOS x64) in 0s (ID 102760769952)
- Desktop strict verification (Linux arm64) in 0s (ID 102760770021)
- Desktop, Kotlin Native, and Android resources strict verification (Windows x64) (ID 102760770083)
Refreshing run status every 30 seconds. Press Ctrl+C to quit.

* fix/local-readiness-2026-09-07 Production verification · 34442662032
Triggered via workflow_dispatch about 24 minutes ago

JOBS
* iOS tests, release frameworks, and Swift wrapper (ID 102760768928)
  ✓ Set up job
  ✓ Start focused native job clock
  ✓ Check out source
  ✓ Validate verification scope
  ✓ Set up JDK 21
  * Run focused native continuation
  * Upload focused native evidence
  * Verify focused native cleanup and uploaded custody
  * Upload native continuation cleanup receipt
  * Observe hosted native processes without an app build
  * Upload bounded process-probe evidence
  * Verify process-probe cleanup and uploaded custody
  * Upload process-probe cleanup receipt
  * Claim fresh verification output ownership
  * Claim apple-aggregate native resource ownership
  * Record Xcode toolchain and exact source
  * Run iOS simulator tests, Apple static analysis, and release linkage gates
  * Stop Gradle after apple-aggregate and retire owned Apple resources
  * Validate iOS plist and privacy manifest
  * Claim apple-ui native resource ownership
  * Verify effective Debug and Release application identities
  * Launch Swift host and Compose root on iOS Simulator
  * Stop Gradle after apple-ui and retire owned Apple resources
  * Claim apple-wrapper native resource ownership
  * Build unsigned Swift Release wrapper
  * Stop Gradle after apple-wrapper and retire owned Apple resources
  * Inspect complete unsigned iOS Release package
  * Upload Apple verification evidence
  * Clean only attested verification outputs
  * Upload verification cleanup receipt
  * Post Set up JDK 21
  * Post Check out source
- Common, desktop, and Android release in 0s (ID 102760769810)
- Desktop and Kotlin Native strict verification (macOS x64) in 0s (ID 102760769952)
- Desktop strict verification (Linux arm64) in 0s (ID 102760770021)
- Desktop, Kotlin Native, and Android resources strict verification (Windows x64) (ID 102760770083)
Refreshing run status every 30 seconds. Press Ctrl+C to quit.

* fix/local-readiness-2026-09-07 Production verification · 34442662032
Triggered via workflow_dispatch about 25 minutes ago

JOBS
* iOS tests, release frameworks, and Swift wrapper (ID 102760768928)
  ✓ Set up job
  ✓ Start focused native job clock
  ✓ Check out source
  ✓ Validate verification scope
  ✓ Set up JDK 21
  * Run focused native continuation
  * Upload focused native evidence
  * Verify focused native cleanup and uploaded custody
  * Upload native continuation cleanup receipt
  * Observe hosted native processes without an app build
  * Upload bounded process-probe evidence
  * Verify process-probe cleanup and uploaded custody
  * Upload process-probe cleanup receipt
  * Claim fresh verification output ownership
  * Claim apple-aggregate native resource ownership
  * Record Xcode toolchain and exact source
  * Run iOS simulator tests, Apple static analysis, and release linkage gates
  * Stop Gradle after apple-aggregate and retire owned Apple resources
  * Validate iOS plist and privacy manifest
  * Claim apple-ui native resource ownership
  * Verify effective Debug and Release application identities
  * Launch Swift host and Compose root on iOS Simulator
  * Stop Gradle after apple-ui and retire owned Apple resources
  * Claim apple-wrapper native resource ownership
  * Build unsigned Swift Release wrapper
  * Stop Gradle after apple-wrapper and retire owned Apple resources
  * Inspect complete unsigned iOS Release package
  * Upload Apple verification evidence
  * Clean only attested verification outputs
  * Upload verification cleanup receipt
  * Post Set up JDK 21
  * Post Check out source
- Common, desktop, and Android release in 0s (ID 102760769810)
- Desktop and Kotlin Native strict verification (macOS x64) in 0s (ID 102760769952)
- Desktop strict verification (Linux arm64) in 0s (ID 102760770021)
- Desktop, Kotlin Native, and Android resources strict verification (Windows x64) (ID 102760770083)
Refreshing run status every 30 seconds. Press Ctrl+C to quit.

* fix/local-readiness-2026-09-07 Production verification · 34442662032
Triggered via workflow_dispatch about 25 minutes ago

JOBS
* iOS tests, release frameworks, and Swift wrapper (ID 102760768928)
  ✓ Set up job
  ✓ Start focused native job clock
  ✓ Check out source
  ✓ Validate verification scope
  ✓ Set up JDK 21
  * Run focused native continuation
  * Upload focused native evidence
  * Verify focused native cleanup and uploaded custody
  * Upload native continuation cleanup receipt
  * Observe hosted native processes without an app build
  * Upload bounded process-probe evidence
  * Verify process-probe cleanup and uploaded custody
  * Upload process-probe cleanup receipt
  * Claim fresh verification output ownership
  * Claim apple-aggregate native resource ownership
  * Record Xcode toolchain and exact source
  * Run iOS simulator tests, Apple static analysis, and release linkage gates
  * Stop Gradle after apple-aggregate and retire owned Apple resources
  * Validate iOS plist and privacy manifest
  * Claim apple-ui native resource ownership
  * Verify effective Debug and Release application identities
  * Launch Swift host and Compose root on iOS Simulator
  * Stop Gradle after apple-ui and retire owned Apple resources
  * Claim apple-wrapper native resource ownership
  * Build unsigned Swift Release wrapper
  * Stop Gradle after apple-wrapper and retire owned Apple resources
  * Inspect complete unsigned iOS Release package
  * Upload Apple verification evidence
  * Clean only attested verification outputs
  * Upload verification cleanup receipt
  * Post Set up JDK 21
  * Post Check out source
- Common, desktop, and Android release in 0s (ID 102760769810)
- Desktop and Kotlin Native strict verification (macOS x64) in 0s (ID 102760769952)
- Desktop strict verification (Linux arm64) in 0s (ID 102760770021)
- Desktop, Kotlin Native, and Android resources strict verification (Windows x64) (ID 102760770083)
Refreshing run status every 30 seconds. Press Ctrl+C to quit.

* fix/local-readiness-2026-09-07 Production verification · 34442662032
Triggered via workflow_dispatch about 26 minutes ago

JOBS
* iOS tests, release frameworks, and Swift wrapper (ID 102760768928)
  ✓ Set up job
  ✓ Start focused native job clock
  ✓ Check out source
  ✓ Validate verification scope
  ✓ Set up JDK 21
  * Run focused native continuation
  * Upload focused native evidence
  * Verify focused native cleanup and uploaded custody
  * Upload native continuation cleanup receipt
  * Observe hosted native processes without an app build
  * Upload bounded process-probe evidence
  * Verify process-probe cleanup and uploaded custody
  * Upload process-probe cleanup receipt
  * Claim fresh verification output ownership
  * Claim apple-aggregate native resource ownership
  * Record Xcode toolchain and exact source
  * Run iOS simulator tests, Apple static analysis, and release linkage gates
  * Stop Gradle after apple-aggregate and retire owned Apple resources
  * Validate iOS plist and privacy manifest
  * Claim apple-ui native resource ownership
  * Verify effective Debug and Release application identities
  * Launch Swift host and Compose root on iOS Simulator
  * Stop Gradle after apple-ui and retire owned Apple resources
  * Claim apple-wrapper native resource ownership
  * Build unsigned Swift Release wrapper
  * Stop Gradle after apple-wrapper and retire owned Apple resources
  * Inspect complete unsigned iOS Release package
  * Upload Apple verification evidence
  * Clean only attested verification outputs
  * Upload verification cleanup receipt
  * Post Set up JDK 21
  * Post Check out source
- Common, desktop, and Android release in 0s (ID 102760769810)
- Desktop and Kotlin Native strict verification (macOS x64) in 0s (ID 102760769952)
- Desktop strict verification (Linux arm64) in 0s (ID 102760770021)
- Desktop, Kotlin Native, and Android resources strict verification (Windows x64) (ID 102760770083)
Refreshing run status every 30 seconds. Press Ctrl+C to quit.

* fix/local-readiness-2026-09-07 Production verification · 34442662032
Triggered via workflow_dispatch about 27 minutes ago

JOBS
* iOS tests, release frameworks, and Swift wrapper (ID 102760768928)
  ✓ Set up job
  ✓ Start focused native job clock
  ✓ Check out source
  ✓ Validate verification scope
  ✓ Set up JDK 21
  * Run focused native continuation
  * Upload focused native evidence
  * Verify focused native cleanup and uploaded custody
  * Upload native continuation cleanup receipt
  * Observe hosted native processes without an app build
  * Upload bounded process-probe evidence
  * Verify process-probe cleanup and uploaded custody
  * Upload process-probe cleanup receipt
  * Claim fresh verification output ownership
  * Claim apple-aggregate native resource ownership
  * Record Xcode toolchain and exact source
  * Run iOS simulator tests, Apple static analysis, and release linkage gates
  * Stop Gradle after apple-aggregate and retire owned Apple resources
  * Validate iOS plist and privacy manifest
  * Claim apple-ui native resource ownership
  * Verify effective Debug and Release application identities
  * Launch Swift host and Compose root on iOS Simulator
  * Stop Gradle after apple-ui and retire owned Apple resources
  * Claim apple-wrapper native resource ownership
  * Build unsigned Swift Release wrapper
  * Stop Gradle after apple-wrapper and retire owned Apple resources
  * Inspect complete unsigned iOS Release package
  * Upload Apple verification evidence
  * Clean only attested verification outputs
  * Upload verification cleanup receipt
  * Post Set up JDK 21
  * Post Check out source
- Common, desktop, and Android release in 0s (ID 102760769810)
- Desktop and Kotlin Native strict verification (macOS x64) in 0s (ID 102760769952)
- Desktop strict verification (Linux arm64) in 0s (ID 102760770021)
- Desktop, Kotlin Native, and Android resources strict verification (Windows x64) (ID 102760770083)
Refreshing run status every 30 seconds. Press Ctrl+C to quit.

* fix/local-readiness-2026-09-07 Production verification · 34442662032
Triggered via workflow_dispatch about 27 minutes ago

JOBS
* iOS tests, release frameworks, and Swift wrapper (ID 102760768928)
  ✓ Set up job
  ✓ Start focused native job clock
  ✓ Check out source
  ✓ Validate verification scope
  ✓ Set up JDK 21
  * Run focused native continuation
  * Upload focused native evidence
  * Verify focused native cleanup and uploaded custody
  * Upload native continuation cleanup receipt
  * Observe hosted native processes without an app build
  * Upload bounded process-probe evidence
  * Verify process-probe cleanup and uploaded custody
  * Upload process-probe cleanup receipt
  * Claim fresh verification output ownership
  * Claim apple-aggregate native resource ownership
  * Record Xcode toolchain and exact source
  * Run iOS simulator tests, Apple static analysis, and release linkage gates
  * Stop Gradle after apple-aggregate and retire owned Apple resources
  * Validate iOS plist and privacy manifest
  * Claim apple-ui native resource ownership
  * Verify effective Debug and Release application identities
  * Launch Swift host and Compose root on iOS Simulator
  * Stop Gradle after apple-ui and retire owned Apple resources
  * Claim apple-wrapper native resource ownership
  * Build unsigned Swift Release wrapper
  * Stop Gradle after apple-wrapper and retire owned Apple resources
  * Inspect complete unsigned iOS Release package
  * Upload Apple verification evidence
  * Clean only attested verification outputs
  * Upload verification cleanup receipt
  * Post Set up JDK 21
  * Post Check out source
- Common, desktop, and Android release in 0s (ID 102760769810)
- Desktop and Kotlin Native strict verification (macOS x64) in 0s (ID 102760769952)
- Desktop strict verification (Linux arm64) in 0s (ID 102760770021)
- Desktop, Kotlin Native, and Android resources strict verification (Windows x64) (ID 102760770083)
Refreshing run status every 30 seconds. Press Ctrl+C to quit.

* fix/local-readiness-2026-09-07 Production verification · 34442662032
Triggered via workflow_dispatch about 28 minutes ago

JOBS
* iOS tests, release frameworks, and Swift wrapper (ID 102760768928)
  ✓ Set up job
  ✓ Start focused native job clock
  ✓ Check out source
  ✓ Validate verification scope
  ✓ Set up JDK 21
  * Run focused native continuation
  * Upload focused native evidence
  * Verify focused native cleanup and uploaded custody
  * Upload native continuation cleanup receipt
  * Observe hosted native processes without an app build
  * Upload bounded process-probe evidence
  * Verify process-probe cleanup and uploaded custody
  * Upload process-probe cleanup receipt
  * Claim fresh verification output ownership
  * Claim apple-aggregate native resource ownership
  * Record Xcode toolchain and exact source
  * Run iOS simulator tests, Apple static analysis, and release linkage gates
  * Stop Gradle after apple-aggregate and retire owned Apple resources
  * Validate iOS plist and privacy manifest
  * Claim apple-ui native resource ownership
  * Verify effective Debug and Release application identities
  * Launch Swift host and Compose root on iOS Simulator
  * Stop Gradle after apple-ui and retire owned Apple resources
  * Claim apple-wrapper native resource ownership
  * Build unsigned Swift Release wrapper
  * Stop Gradle after apple-wrapper and retire owned Apple resources
  * Inspect complete unsigned iOS Release package
  * Upload Apple verification evidence
  * Clean only attested verification outputs
  * Upload verification cleanup receipt
  * Post Set up JDK 21
  * Post Check out source
- Common, desktop, and Android release in 0s (ID 102760769810)
- Desktop and Kotlin Native strict verification (macOS x64) in 0s (ID 102760769952)
- Desktop strict verification (Linux arm64) in 0s (ID 102760770021)
- Desktop, Kotlin Native, and Android resources strict verification (Windows x64) (ID 102760770083)
Refreshing run status every 30 seconds. Press Ctrl+C to quit.

* fix/local-readiness-2026-09-07 Production verification · 34442662032
Triggered via workflow_dispatch about 28 minutes ago

JOBS
* iOS tests, release frameworks, and Swift wrapper (ID 102760768928)
  ✓ Set up job
  ✓ Start focused native job clock
  ✓ Check out source
  ✓ Validate verification scope
  ✓ Set up JDK 21
  * Run focused native continuation
  * Upload focused native evidence
  * Verify focused native cleanup and uploaded custody
  * Upload native continuation cleanup receipt
  * Observe hosted native processes without an app build
  * Upload bounded process-probe evidence
  * Verify process-probe cleanup and uploaded custody
  * Upload process-probe cleanup receipt
  * Claim fresh verification output ownership
  * Claim apple-aggregate native resource ownership
  * Record Xcode toolchain and exact source
  * Run iOS simulator tests, Apple static analysis, and release linkage gates
  * Stop Gradle after apple-aggregate and retire owned Apple resources
  * Validate iOS plist and privacy manifest
  * Claim apple-ui native resource ownership
  * Verify effective Debug and Release application identities
  * Launch Swift host and Compose root on iOS Simulator
  * Stop Gradle after apple-ui and retire owned Apple resources
  * Claim apple-wrapper native resource ownership
  * Build unsigned Swift Release wrapper
  * Stop Gradle after apple-wrapper and retire owned Apple resources
  * Inspect complete unsigned iOS Release package
  * Upload Apple verification evidence
  * Clean only attested verification outputs
  * Upload verification cleanup receipt
  * Post Set up JDK 21
  * Post Check out source
- Common, desktop, and Android release in 0s (ID 102760769810)
- Desktop and Kotlin Native strict verification (macOS x64) in 0s (ID 102760769952)
- Desktop strict verification (Linux arm64) in 0s (ID 102760770021)
- Desktop, Kotlin Native, and Android resources strict verification (Windows x64) (ID 102760770083)
Refreshing run status every 30 seconds. Press Ctrl+C to quit.

* fix/local-readiness-2026-09-07 Production verification · 34442662032
Triggered via workflow_dispatch about 29 minutes ago

JOBS
* iOS tests, release frameworks, and Swift wrapper (ID 102760768928)
  ✓ Set up job
  ✓ Start focused native job clock
  ✓ Check out source
  ✓ Validate verification scope
  ✓ Set up JDK 21
  * Run focused native continuation
  * Upload focused native evidence
  * Verify focused native cleanup and uploaded custody
  * Upload native continuation cleanup receipt
  * Observe hosted native processes without an app build
  * Upload bounded process-probe evidence
  * Verify process-probe cleanup and uploaded custody
  * Upload process-probe cleanup receipt
  * Claim fresh verification output ownership
  * Claim apple-aggregate native resource ownership
  * Record Xcode toolchain and exact source
  * Run iOS simulator tests, Apple static analysis, and release linkage gates
  * Stop Gradle after apple-aggregate and retire owned Apple resources
  * Validate iOS plist and privacy manifest
  * Claim apple-ui native resource ownership
  * Verify effective Debug and Release application identities
  * Launch Swift host and Compose root on iOS Simulator
  * Stop Gradle after apple-ui and retire owned Apple resources
  * Claim apple-wrapper native resource ownership
  * Build unsigned Swift Release wrapper
  * Stop Gradle after apple-wrapper and retire owned Apple resources
  * Inspect complete unsigned iOS Release package
  * Upload Apple verification evidence
  * Clean only attested verification outputs
  * Upload verification cleanup receipt
  * Post Set up JDK 21
  * Post Check out source
- Common, desktop, and Android release in 0s (ID 102760769810)
- Desktop and Kotlin Native strict verification (macOS x64) in 0s (ID 102760769952)
- Desktop strict verification (Linux arm64) in 0s (ID 102760770021)
- Desktop, Kotlin Native, and Android resources strict verification (Windows x64) (ID 102760770083)
Refreshing run status every 30 seconds. Press Ctrl+C to quit.

* fix/local-readiness-2026-09-07 Production verification · 34442662032
Triggered via workflow_dispatch about 29 minutes ago

JOBS
* iOS tests, release frameworks, and Swift wrapper (ID 102760768928)
  ✓ Set up job
  ✓ Start focused native job clock
  ✓ Check out source
  ✓ Validate verification scope
  ✓ Set up JDK 21
  * Run focused native continuation
  * Upload focused native evidence
  * Verify focused native cleanup and uploaded custody
  * Upload native continuation cleanup receipt
  * Observe hosted native processes without an app build
  * Upload bounded process-probe evidence
  * Verify process-probe cleanup and uploaded custody
  * Upload process-probe cleanup receipt
  * Claim fresh verification output ownership
  * Claim apple-aggregate native resource ownership
  * Record Xcode toolchain and exact source
  * Run iOS simulator tests, Apple static analysis, and release linkage gates
  * Stop Gradle after apple-aggregate and retire owned Apple resources
  * Validate iOS plist and privacy manifest
  * Claim apple-ui native resource ownership
  * Verify effective Debug and Release application identities
  * Launch Swift host and Compose root on iOS Simulator
  * Stop Gradle after apple-ui and retire owned Apple resources
  * Claim apple-wrapper native resource ownership
  * Build unsigned Swift Release wrapper
  * Stop Gradle after apple-wrapper and retire owned Apple resources
  * Inspect complete unsigned iOS Release package
  * Upload Apple verification evidence
  * Clean only attested verification outputs
  * Upload verification cleanup receipt
  * Post Set up JDK 21
  * Post Check out source
- Common, desktop, and Android release in 0s (ID 102760769810)
- Desktop and Kotlin Native strict verification (macOS x64) in 0s (ID 102760769952)
- Desktop strict verification (Linux arm64) in 0s (ID 102760770021)
- Desktop, Kotlin Native, and Android resources strict verification (Windows x64) (ID 102760770083)
Refreshing run status every 30 seconds. Press Ctrl+C to quit.

* fix/local-readiness-2026-09-07 Production verification · 34442662032
Triggered via workflow_dispatch about 30 minutes ago

JOBS
* iOS tests, release frameworks, and Swift wrapper (ID 102760768928)
  ✓ Set up job
  ✓ Start focused native job clock
  ✓ Check out source
  ✓ Validate verification scope
  ✓ Set up JDK 21
  * Run focused native continuation
  * Upload focused native evidence
  * Verify focused native cleanup and uploaded custody
  * Upload native continuation cleanup receipt
  * Observe hosted native processes without an app build
  * Upload bounded process-probe evidence
  * Verify process-probe cleanup and uploaded custody
  * Upload process-probe cleanup receipt
  * Claim fresh verification output ownership
  * Claim apple-aggregate native resource ownership
  * Record Xcode toolchain and exact source
  * Run iOS simulator tests, Apple static analysis, and release linkage gates
  * Stop Gradle after apple-aggregate and retire owned Apple resources
  * Validate iOS plist and privacy manifest
  * Claim apple-ui native resource ownership
  * Verify effective Debug and Release application identities
  * Launch Swift host and Compose root on iOS Simulator
  * Stop Gradle after apple-ui and retire owned Apple resources
  * Claim apple-wrapper native resource ownership
  * Build unsigned Swift Release wrapper
  * Stop Gradle after apple-wrapper and retire owned Apple resources
  * Inspect complete unsigned iOS Release package
  * Upload Apple verification evidence
  * Clean only attested verification outputs
  * Upload verification cleanup receipt
  * Post Set up JDK 21
  * Post Check out source
- Common, desktop, and Android release in 0s (ID 102760769810)
- Desktop and Kotlin Native strict verification (macOS x64) in 0s (ID 102760769952)
- Desktop strict verification (Linux arm64) in 0s (ID 102760770021)
- Desktop, Kotlin Native, and Android resources strict verification (Windows x64) (ID 102760770083)
Refreshing run status every 30 seconds. Press Ctrl+C to quit.

* fix/local-readiness-2026-09-07 Production verification · 34442662032
Triggered via workflow_dispatch about 30 minutes ago

JOBS
* iOS tests, release frameworks, and Swift wrapper (ID 102760768928)
  ✓ Set up job
  ✓ Start focused native job clock
  ✓ Check out source
  ✓ Validate verification scope
  ✓ Set up JDK 21
  * Run focused native continuation
  * Upload focused native evidence
  * Verify focused native cleanup and uploaded custody
  * Upload native continuation cleanup receipt
  * Observe hosted native processes without an app build
  * Upload bounded process-probe evidence
  * Verify process-probe cleanup and uploaded custody
  * Upload process-probe cleanup receipt
  * Claim fresh verification output ownership
  * Claim apple-aggregate native resource ownership
  * Record Xcode toolchain and exact source
  * Run iOS simulator tests, Apple static analysis, and release linkage gates
  * Stop Gradle after apple-aggregate and retire owned Apple resources
  * Validate iOS plist and privacy manifest
  * Claim apple-ui native resource ownership
  * Verify effective Debug and Release application identities
  * Launch Swift host and Compose root on iOS Simulator
  * Stop Gradle after apple-ui and retire owned Apple resources
  * Claim apple-wrapper native resource ownership
  * Build unsigned Swift Release wrapper
  * Stop Gradle after apple-wrapper and retire owned Apple resources
  * Inspect complete unsigned iOS Release package
  * Upload Apple verification evidence
  * Clean only attested verification outputs
  * Upload verification cleanup receipt
  * Post Set up JDK 21
  * Post Check out source
- Common, desktop, and Android release in 0s (ID 102760769810)
- Desktop and Kotlin Native strict verification (macOS x64) in 0s (ID 102760769952)
- Desktop strict verification (Linux arm64) in 0s (ID 102760770021)
- Desktop, Kotlin Native, and Android resources strict verification (Windows x64) (ID 102760770083)
Refreshing run status every 30 seconds. Press Ctrl+C to quit.

* fix/local-readiness-2026-09-07 Production verification · 34442662032
Triggered via workflow_dispatch about 31 minutes ago

JOBS
* iOS tests, release frameworks, and Swift wrapper (ID 102760768928)
  ✓ Set up job
  ✓ Start focused native job clock
  ✓ Check out source
  ✓ Validate verification scope
  ✓ Set up JDK 21
  * Run focused native continuation
  * Upload focused native evidence
  * Verify focused native cleanup and uploaded custody
  * Upload native continuation cleanup receipt
  * Observe hosted native processes without an app build
  * Upload bounded process-probe evidence
  * Verify process-probe cleanup and uploaded custody
  * Upload process-probe cleanup receipt
  * Claim fresh verification output ownership
  * Claim apple-aggregate native resource ownership
  * Record Xcode toolchain and exact source
  * Run iOS simulator tests, Apple static analysis, and release linkage gates
  * Stop Gradle after apple-aggregate and retire owned Apple resources
  * Validate iOS plist and privacy manifest
  * Claim apple-ui native resource ownership
  * Verify effective Debug and Release application identities
  * Launch Swift host and Compose root on iOS Simulator
  * Stop Gradle after apple-ui and retire owned Apple resources
  * Claim apple-wrapper native resource ownership
  * Build unsigned Swift Release wrapper
  * Stop Gradle after apple-wrapper and retire owned Apple resources
  * Inspect complete unsigned iOS Release package
  * Upload Apple verification evidence
  * Clean only attested verification outputs
  * Upload verification cleanup receipt
  * Post Set up JDK 21
  * Post Check out source
- Common, desktop, and Android release in 0s (ID 102760769810)
- Desktop and Kotlin Native strict verification (macOS x64) in 0s (ID 102760769952)
- Desktop strict verification (Linux arm64) in 0s (ID 102760770021)
- Desktop, Kotlin Native, and Android resources strict verification (Windows x64) (ID 102760770083)
Refreshing run status every 30 seconds. Press Ctrl+C to quit.

* fix/local-readiness-2026-09-07 Production verification · 34442662032
Triggered via workflow_dispatch about 31 minutes ago

JOBS
* iOS tests, release frameworks, and Swift wrapper (ID 102760768928)
  ✓ Set up job
  ✓ Start focused native job clock
  ✓ Check out source
  ✓ Validate verification scope
  ✓ Set up JDK 21
  * Run focused native continuation
  * Upload focused native evidence
  * Verify focused native cleanup and uploaded custody
  * Upload native continuation cleanup receipt
  * Observe hosted native processes without an app build
  * Upload bounded process-probe evidence
  * Verify process-probe cleanup and uploaded custody
  * Upload process-probe cleanup receipt
  * Claim fresh verification output ownership
  * Claim apple-aggregate native resource ownership
  * Record Xcode toolchain and exact source
  * Run iOS simulator tests, Apple static analysis, and release linkage gates
  * Stop Gradle after apple-aggregate and retire owned Apple resources
  * Validate iOS plist and privacy manifest
  * Claim apple-ui native resource ownership
  * Verify effective Debug and Release application identities
  * Launch Swift host and Compose root on iOS Simulator
  * Stop Gradle after apple-ui and retire owned Apple resources
  * Claim apple-wrapper native resource ownership
  * Build unsigned Swift Release wrapper
  * Stop Gradle after apple-wrapper and retire owned Apple resources
  * Inspect complete unsigned iOS Release package
  * Upload Apple verification evidence
  * Clean only attested verification outputs
  * Upload verification cleanup receipt
  * Post Set up JDK 21
  * Post Check out source
- Common, desktop, and Android release in 0s (ID 102760769810)
- Desktop and Kotlin Native strict verification (macOS x64) in 0s (ID 102760769952)
- Desktop strict verification (Linux arm64) in 0s (ID 102760770021)
- Desktop, Kotlin Native, and Android resources strict verification (Windows x64) (ID 102760770083)
Refreshing run status every 30 seconds. Press Ctrl+C to quit.

* fix/local-readiness-2026-09-07 Production verification · 34442662032
Triggered via workflow_dispatch about 32 minutes ago

JOBS
* iOS tests, release frameworks, and Swift wrapper (ID 102760768928)
  ✓ Set up job
  ✓ Start focused native job clock
  ✓ Check out source
  ✓ Validate verification scope
  ✓ Set up JDK 21
  * Run focused native continuation
  * Upload focused native evidence
  * Verify focused native cleanup and uploaded custody
  * Upload native continuation cleanup receipt
  * Observe hosted native processes without an app build
  * Upload bounded process-probe evidence
  * Verify process-probe cleanup and uploaded custody
  * Upload process-probe cleanup receipt
  * Claim fresh verification output ownership
  * Claim apple-aggregate native resource ownership
  * Record Xcode toolchain and exact source
  * Run iOS simulator tests, Apple static analysis, and release linkage gates
  * Stop Gradle after apple-aggregate and retire owned Apple resources
  * Validate iOS plist and privacy manifest
  * Claim apple-ui native resource ownership
  * Verify effective Debug and Release application identities
  * Launch Swift host and Compose root on iOS Simulator
  * Stop Gradle after apple-ui and retire owned Apple resources
  * Claim apple-wrapper native resource ownership
  * Build unsigned Swift Release wrapper
  * Stop Gradle after apple-wrapper and retire owned Apple resources
  * Inspect complete unsigned iOS Release package
  * Upload Apple verification evidence
  * Clean only attested verification outputs
  * Upload verification cleanup receipt
  * Post Set up JDK 21
  * Post Check out source
- Common, desktop, and Android release in 0s (ID 102760769810)
- Desktop and Kotlin Native strict verification (macOS x64) in 0s (ID 102760769952)
- Desktop strict verification (Linux arm64) in 0s (ID 102760770021)
- Desktop, Kotlin Native, and Android resources strict verification (Windows x64) (ID 102760770083)
Refreshing run status every 30 seconds. Press Ctrl+C to quit.

* fix/local-readiness-2026-09-07 Production verification · 34442662032
Triggered via workflow_dispatch about 32 minutes ago

JOBS
* iOS tests, release frameworks, and Swift wrapper (ID 102760768928)
  ✓ Set up job
  ✓ Start focused native job clock
  ✓ Check out source
  ✓ Validate verification scope
  ✓ Set up JDK 21
  * Run focused native continuation
  * Upload focused native evidence
  * Verify focused native cleanup and uploaded custody
  * Upload native continuation cleanup receipt
  * Observe hosted native processes without an app build
  * Upload bounded process-probe evidence
  * Verify process-probe cleanup and uploaded custody
  * Upload process-probe cleanup receipt
  * Claim fresh verification output ownership
  * Claim apple-aggregate native resource ownership
  * Record Xcode toolchain and exact source
  * Run iOS simulator tests, Apple static analysis, and release linkage gates
  * Stop Gradle after apple-aggregate and retire owned Apple resources
  * Validate iOS plist and privacy manifest
  * Claim apple-ui native resource ownership
  * Verify effective Debug and Release application identities
  * Launch Swift host and Compose root on iOS Simulator
  * Stop Gradle after apple-ui and retire owned Apple resources
  * Claim apple-wrapper native resource ownership
  * Build unsigned Swift Release wrapper
  * Stop Gradle after apple-wrapper and retire owned Apple resources
  * Inspect complete unsigned iOS Release package
  * Upload Apple verification evidence
  * Clean only attested verification outputs
  * Upload verification cleanup receipt
  * Post Set up JDK 21
  * Post Check out source
- Common, desktop, and Android release in 0s (ID 102760769810)
- Desktop and Kotlin Native strict verification (macOS x64) in 0s (ID 102760769952)
- Desktop strict verification (Linux arm64) in 0s (ID 102760770021)
- Desktop, Kotlin Native, and Android resources strict verification (Windows x64) (ID 102760770083)
Refreshing run status every 30 seconds. Press Ctrl+C to quit.

* fix/local-readiness-2026-09-07 Production verification · 34442662032
Triggered via workflow_dispatch about 33 minutes ago

JOBS
* iOS tests, release frameworks, and Swift wrapper (ID 102760768928)
  ✓ Set up job
  ✓ Start focused native job clock
  ✓ Check out source
  ✓ Validate verification scope
  ✓ Set up JDK 21
  * Run focused native continuation
  * Upload focused native evidence
  * Verify focused native cleanup and uploaded custody
  * Upload native continuation cleanup receipt
  * Observe hosted native processes without an app build
  * Upload bounded process-probe evidence
  * Verify process-probe cleanup and uploaded custody
  * Upload process-probe cleanup receipt
  * Claim fresh verification output ownership
  * Claim apple-aggregate native resource ownership
  * Record Xcode toolchain and exact source
  * Run iOS simulator tests, Apple static analysis, and release linkage gates
  * Stop Gradle after apple-aggregate and retire owned Apple resources
  * Validate iOS plist and privacy manifest
  * Claim apple-ui native resource ownership
  * Verify effective Debug and Release application identities
  * Launch Swift host and Compose root on iOS Simulator
  * Stop Gradle after apple-ui and retire owned Apple resources
  * Claim apple-wrapper native resource ownership
  * Build unsigned Swift Release wrapper
  * Stop Gradle after apple-wrapper and retire owned Apple resources
  * Inspect complete unsigned iOS Release package
  * Upload Apple verification evidence
  * Clean only attested verification outputs
  * Upload verification cleanup receipt
  * Post Set up JDK 21
  * Post Check out source
- Common, desktop, and Android release in 0s (ID 102760769810)
- Desktop and Kotlin Native strict verification (macOS x64) in 0s (ID 102760769952)
- Desktop strict verification (Linux arm64) in 0s (ID 102760770021)
- Desktop, Kotlin Native, and Android resources strict verification (Windows x64) (ID 102760770083)
Refreshing run status every 30 seconds. Press Ctrl+C to quit.

* fix/local-readiness-2026-09-07 Production verification · 34442662032
Triggered via workflow_dispatch about 33 minutes ago

JOBS
* iOS tests, release frameworks, and Swift wrapper (ID 102760768928)
  ✓ Set up job
  ✓ Start focused native job clock
  ✓ Check out source
  ✓ Validate verification scope
  ✓ Set up JDK 21
  * Run focused native continuation
  * Upload focused native evidence
  * Verify focused native cleanup and uploaded custody
  * Upload native continuation cleanup receipt
  * Observe hosted native processes without an app build
  * Upload bounded process-probe evidence
  * Verify process-probe cleanup and uploaded custody
  * Upload process-probe cleanup receipt
  * Claim fresh verification output ownership
  * Claim apple-aggregate native resource ownership
  * Record Xcode toolchain and exact source
  * Run iOS simulator tests, Apple static analysis, and release linkage gates
  * Stop Gradle after apple-aggregate and retire owned Apple resources
  * Validate iOS plist and privacy manifest
  * Claim apple-ui native resource ownership
  * Verify effective Debug and Release application identities
  * Launch Swift host and Compose root on iOS Simulator
  * Stop Gradle after apple-ui and retire owned Apple resources
  * Claim apple-wrapper native resource ownership
  * Build unsigned Swift Release wrapper
  * Stop Gradle after apple-wrapper and retire owned Apple resources
  * Inspect complete unsigned iOS Release package
  * Upload Apple verification evidence
  * Clean only attested verification outputs
  * Upload verification cleanup receipt
  * Post Set up JDK 21
  * Post Check out source
- Common, desktop, and Android release in 0s (ID 102760769810)
- Desktop and Kotlin Native strict verification (macOS x64) in 0s (ID 102760769952)
- Desktop strict verification (Linux arm64) in 0s (ID 102760770021)
- Desktop, Kotlin Native, and Android resources strict verification (Windows x64) (ID 102760770083)
Refreshing run status every 30 seconds. Press Ctrl+C to quit.

* fix/local-readiness-2026-09-07 Production verification · 34442662032
Triggered via workflow_dispatch about 34 minutes ago

JOBS
* iOS tests, release frameworks, and Swift wrapper (ID 102760768928)
  ✓ Set up job
  ✓ Start focused native job clock
  ✓ Check out source
  ✓ Validate verification scope
  ✓ Set up JDK 21
  * Run focused native continuation
  * Upload focused native evidence
  * Verify focused native cleanup and uploaded custody
  * Upload native continuation cleanup receipt
  * Observe hosted native processes without an app build
  * Upload bounded process-probe evidence
  * Verify process-probe cleanup and uploaded custody
  * Upload process-probe cleanup receipt
  * Claim fresh verification output ownership
  * Claim apple-aggregate native resource ownership
  * Record Xcode toolchain and exact source
  * Run iOS simulator tests, Apple static analysis, and release linkage gates
  * Stop Gradle after apple-aggregate and retire owned Apple resources
  * Validate iOS plist and privacy manifest
  * Claim apple-ui native resource ownership
  * Verify effective Debug and Release application identities
  * Launch Swift host and Compose root on iOS Simulator
  * Stop Gradle after apple-ui and retire owned Apple resources
  * Claim apple-wrapper native resource ownership
  * Build unsigned Swift Release wrapper
  * Stop Gradle after apple-wrapper and retire owned Apple resources
  * Inspect complete unsigned iOS Release package
  * Upload Apple verification evidence
  * Clean only attested verification outputs
  * Upload verification cleanup receipt
  * Post Set up JDK 21
  * Post Check out source
- Common, desktop, and Android release in 0s (ID 102760769810)
- Desktop and Kotlin Native strict verification (macOS x64) in 0s (ID 102760769952)
- Desktop strict verification (Linux arm64) in 0s (ID 102760770021)
- Desktop, Kotlin Native, and Android resources strict verification (Windows x64) (ID 102760770083)
Refreshing run status every 30 seconds. Press Ctrl+C to quit.

* fix/local-readiness-2026-09-07 Production verification · 34442662032
Triggered via workflow_dispatch about 34 minutes ago

JOBS
* iOS tests, release frameworks, and Swift wrapper (ID 102760768928)
  ✓ Set up job
  ✓ Start focused native job clock
  ✓ Check out source
  ✓ Validate verification scope
  ✓ Set up JDK 21
  * Run focused native continuation
  * Upload focused native evidence
  * Verify focused native cleanup and uploaded custody
  * Upload native continuation cleanup receipt
  * Observe hosted native processes without an app build
  * Upload bounded process-probe evidence
  * Verify process-probe cleanup and uploaded custody
  * Upload process-probe cleanup receipt
  * Claim fresh verification output ownership
  * Claim apple-aggregate native resource ownership
  * Record Xcode toolchain and exact source
  * Run iOS simulator tests, Apple static analysis, and release linkage gates
  * Stop Gradle after apple-aggregate and retire owned Apple resources
  * Validate iOS plist and privacy manifest
  * Claim apple-ui native resource ownership
  * Verify effective Debug and Release application identities
  * Launch Swift host and Compose root on iOS Simulator
  * Stop Gradle after apple-ui and retire owned Apple resources
  * Claim apple-wrapper native resource ownership
  * Build unsigned Swift Release wrapper
  * Stop Gradle after apple-wrapper and retire owned Apple resources
  * Inspect complete unsigned iOS Release package
  * Upload Apple verification evidence
  * Clean only attested verification outputs
  * Upload verification cleanup receipt
  * Post Set up JDK 21
  * Post Check out source
- Common, desktop, and Android release in 0s (ID 102760769810)
- Desktop and Kotlin Native strict verification (macOS x64) in 0s (ID 102760769952)
- Desktop strict verification (Linux arm64) in 0s (ID 102760770021)
- Desktop, Kotlin Native, and Android resources strict verification (Windows x64) (ID 102760770083)
Refreshing run status every 30 seconds. Press Ctrl+C to quit.

* fix/local-readiness-2026-09-07 Production verification · 34442662032
Triggered via workflow_dispatch about 35 minutes ago

JOBS
* iOS tests, release frameworks, and Swift wrapper (ID 102760768928)
  ✓ Set up job
  ✓ Start focused native job clock
  ✓ Check out source
  ✓ Validate verification scope
  ✓ Set up JDK 21
  * Run focused native continuation
  * Upload focused native evidence
  * Verify focused native cleanup and uploaded custody
  * Upload native continuation cleanup receipt
  * Observe hosted native processes without an app build
  * Upload bounded process-probe evidence
  * Verify process-probe cleanup and uploaded custody
  * Upload process-probe cleanup receipt
  * Claim fresh verification output ownership
  * Claim apple-aggregate native resource ownership
  * Record Xcode toolchain and exact source
  * Run iOS simulator tests, Apple static analysis, and release linkage gates
  * Stop Gradle after apple-aggregate and retire owned Apple resources
  * Validate iOS plist and privacy manifest
  * Claim apple-ui native resource ownership
  * Verify effective Debug and Release application identities
  * Launch Swift host and Compose root on iOS Simulator
  * Stop Gradle after apple-ui and retire owned Apple resources
  * Claim apple-wrapper native resource ownership
  * Build unsigned Swift Release wrapper
  * Stop Gradle after apple-wrapper and retire owned Apple resources
  * Inspect complete unsigned iOS Release package
  * Upload Apple verification evidence
  * Clean only attested verification outputs
  * Upload verification cleanup receipt
  * Post Set up JDK 21
  * Post Check out source
- Common, desktop, and Android release in 0s (ID 102760769810)
- Desktop and Kotlin Native strict verification (macOS x64) in 0s (ID 102760769952)
- Desktop strict verification (Linux arm64) in 0s (ID 102760770021)
- Desktop, Kotlin Native, and Android resources strict verification (Windows x64) (ID 102760770083)
Refreshing run status every 30 seconds. Press Ctrl+C to quit.

* fix/local-readiness-2026-09-07 Production verification · 34442662032
Triggered via workflow_dispatch about 35 minutes ago

JOBS
* iOS tests, release frameworks, and Swift wrapper (ID 102760768928)
  ✓ Set up job
  ✓ Start focused native job clock
  ✓ Check out source
  ✓ Validate verification scope
  ✓ Set up JDK 21
  * Run focused native continuation
  * Upload focused native evidence
  * Verify focused native cleanup and uploaded custody
  * Upload native continuation cleanup receipt
  * Observe hosted native processes without an app build
  * Upload bounded process-probe evidence
  * Verify process-probe cleanup and uploaded custody
  * Upload process-probe cleanup receipt
  * Claim fresh verification output ownership
  * Claim apple-aggregate native resource ownership
  * Record Xcode toolchain and exact source
  * Run iOS simulator tests, Apple static analysis, and release linkage gates
  * Stop Gradle after apple-aggregate and retire owned Apple resources
  * Validate iOS plist and privacy manifest
  * Claim apple-ui native resource ownership
  * Verify effective Debug and Release application identities
  * Launch Swift host and Compose root on iOS Simulator
  * Stop Gradle after apple-ui and retire owned Apple resources
  * Claim apple-wrapper native resource ownership
  * Build unsigned Swift Release wrapper
  * Stop Gradle after apple-wrapper and retire owned Apple resources
  * Inspect complete unsigned iOS Release package
  * Upload Apple verification evidence
  * Clean only attested verification outputs
  * Upload verification cleanup receipt
  * Post Set up JDK 21
  * Post Check out source
- Common, desktop, and Android release in 0s (ID 102760769810)
- Desktop and Kotlin Native strict verification (macOS x64) in 0s (ID 102760769952)
- Desktop strict verification (Linux arm64) in 0s (ID 102760770021)
- Desktop, Kotlin Native, and Android resources strict verification (Windows x64) (ID 102760770083)
Refreshing run status every 30 seconds. Press Ctrl+C to quit.

* fix/local-readiness-2026-09-07 Production verification · 34442662032
Triggered via workflow_dispatch about 36 minutes ago

JOBS
* iOS tests, release frameworks, and Swift wrapper (ID 102760768928)
  ✓ Set up job
  ✓ Start focused native job clock
  ✓ Check out source
  ✓ Validate verification scope
  ✓ Set up JDK 21
  * Run focused native continuation
  * Upload focused native evidence
  * Verify focused native cleanup and uploaded custody
  * Upload native continuation cleanup receipt
  * Observe hosted native processes without an app build
  * Upload bounded process-probe evidence
  * Verify process-probe cleanup and uploaded custody
  * Upload process-probe cleanup receipt
  * Claim fresh verification output ownership
  * Claim apple-aggregate native resource ownership
  * Record Xcode toolchain and exact source
  * Run iOS simulator tests, Apple static analysis, and release linkage gates
  * Stop Gradle after apple-aggregate and retire owned Apple resources
  * Validate iOS plist and privacy manifest
  * Claim apple-ui native resource ownership
  * Verify effective Debug and Release application identities
  * Launch Swift host and Compose root on iOS Simulator
  * Stop Gradle after apple-ui and retire owned Apple resources
  * Claim apple-wrapper native resource ownership
  * Build unsigned Swift Release wrapper
  * Stop Gradle after apple-wrapper and retire owned Apple resources
  * Inspect complete unsigned iOS Release package
  * Upload Apple verification evidence
  * Clean only attested verification outputs
  * Upload verification cleanup receipt
  * Post Set up JDK 21
  * Post Check out source
- Common, desktop, and Android release in 0s (ID 102760769810)
- Desktop and Kotlin Native strict verification (macOS x64) in 0s (ID 102760769952)
- Desktop strict verification (Linux arm64) in 0s (ID 102760770021)
- Desktop, Kotlin Native, and Android resources strict verification (Windows x64) (ID 102760770083)
Refreshing run status every 30 seconds. Press Ctrl+C to quit.

* fix/local-readiness-2026-09-07 Production verification · 34442662032
Triggered via workflow_dispatch about 36 minutes ago

JOBS
* iOS tests, release frameworks, and Swift wrapper (ID 102760768928)
  ✓ Set up job
  ✓ Start focused native job clock
  ✓ Check out source
  ✓ Validate verification scope
  ✓ Set up JDK 21
  * Run focused native continuation
  * Upload focused native evidence
  * Verify focused native cleanup and uploaded custody
  * Upload native continuation cleanup receipt
  * Observe hosted native processes without an app build
  * Upload bounded process-probe evidence
  * Verify process-probe cleanup and uploaded custody
  * Upload process-probe cleanup receipt
  * Claim fresh verification output ownership
  * Claim apple-aggregate native resource ownership
  * Record Xcode toolchain and exact source
  * Run iOS simulator tests, Apple static analysis, and release linkage gates
  * Stop Gradle after apple-aggregate and retire owned Apple resources
  * Validate iOS plist and privacy manifest
  * Claim apple-ui native resource ownership
  * Verify effective Debug and Release application identities
  * Launch Swift host and Compose root on iOS Simulator
  * Stop Gradle after apple-ui and retire owned Apple resources
  * Claim apple-wrapper native resource ownership
  * Build unsigned Swift Release wrapper
  * Stop Gradle after apple-wrapper and retire owned Apple resources
  * Inspect complete unsigned iOS Release package
  * Upload Apple verification evidence
  * Clean only attested verification outputs
  * Upload verification cleanup receipt
  * Post Set up JDK 21
  * Post Check out source
- Common, desktop, and Android release in 0s (ID 102760769810)
- Desktop and Kotlin Native strict verification (macOS x64) in 0s (ID 102760769952)
- Desktop strict verification (Linux arm64) in 0s (ID 102760770021)
- Desktop, Kotlin Native, and Android resources strict verification (Windows x64) (ID 102760770083)
Refreshing run status every 30 seconds. Press Ctrl+C to quit.

* fix/local-readiness-2026-09-07 Production verification · 34442662032
Triggered via workflow_dispatch about 37 minutes ago

JOBS
* iOS tests, release frameworks, and Swift wrapper (ID 102760768928)
  ✓ Set up job
  ✓ Start focused native job clock
  ✓ Check out source
  ✓ Validate verification scope
  ✓ Set up JDK 21
  * Run focused native continuation
  * Upload focused native evidence
  * Verify focused native cleanup and uploaded custody
  * Upload native continuation cleanup receipt
  * Observe hosted native processes without an app build
  * Upload bounded process-probe evidence
  * Verify process-probe cleanup and uploaded custody
  * Upload process-probe cleanup receipt
  * Claim fresh verification output ownership
  * Claim apple-aggregate native resource ownership
  * Record Xcode toolchain and exact source
  * Run iOS simulator tests, Apple static analysis, and release linkage gates
  * Stop Gradle after apple-aggregate and retire owned Apple resources
  * Validate iOS plist and privacy manifest
  * Claim apple-ui native resource ownership
  * Verify effective Debug and Release application identities
  * Launch Swift host and Compose root on iOS Simulator
  * Stop Gradle after apple-ui and retire owned Apple resources
  * Claim apple-wrapper native resource ownership
  * Build unsigned Swift Release wrapper
  * Stop Gradle after apple-wrapper and retire owned Apple resources
  * Inspect complete unsigned iOS Release package
  * Upload Apple verification evidence
  * Clean only attested verification outputs
  * Upload verification cleanup receipt
  * Post Set up JDK 21
  * Post Check out source
- Common, desktop, and Android release in 0s (ID 102760769810)
- Desktop and Kotlin Native strict verification (macOS x64) in 0s (ID 102760769952)
- Desktop strict verification (Linux arm64) in 0s (ID 102760770021)
- Desktop, Kotlin Native, and Android resources strict verification (Windows x64) (ID 102760770083)
Refreshing run status every 30 seconds. Press Ctrl+C to quit.

* fix/local-readiness-2026-09-07 Production verification · 34442662032
Triggered via workflow_dispatch about 37 minutes ago

JOBS
* iOS tests, release frameworks, and Swift wrapper (ID 102760768928)
  ✓ Set up job
  ✓ Start focused native job clock
  ✓ Check out source
  ✓ Validate verification scope
  ✓ Set up JDK 21
  * Run focused native continuation
  * Upload focused native evidence
  * Verify focused native cleanup and uploaded custody
  * Upload native continuation cleanup receipt
  * Observe hosted native processes without an app build
  * Upload bounded process-probe evidence
  * Verify process-probe cleanup and uploaded custody
  * Upload process-probe cleanup receipt
  * Claim fresh verification output ownership
  * Claim apple-aggregate native resource ownership
  * Record Xcode toolchain and exact source
  * Run iOS simulator tests, Apple static analysis, and release linkage gates
  * Stop Gradle after apple-aggregate and retire owned Apple resources
  * Validate iOS plist and privacy manifest
  * Claim apple-ui native resource ownership
  * Verify effective Debug and Release application identities
  * Launch Swift host and Compose root on iOS Simulator
  * Stop Gradle after apple-ui and retire owned Apple resources
  * Claim apple-wrapper native resource ownership
  * Build unsigned Swift Release wrapper
  * Stop Gradle after apple-wrapper and retire owned Apple resources
  * Inspect complete unsigned iOS Release package
  * Upload Apple verification evidence
  * Clean only attested verification outputs
  * Upload verification cleanup receipt
  * Post Set up JDK 21
  * Post Check out source
- Common, desktop, and Android release in 0s (ID 102760769810)
- Desktop and Kotlin Native strict verification (macOS x64) in 0s (ID 102760769952)
- Desktop strict verification (Linux arm64) in 0s (ID 102760770021)
- Desktop, Kotlin Native, and Android resources strict verification (Windows x64) (ID 102760770083)
Refreshing run status every 30 seconds. Press Ctrl+C to quit.

* fix/local-readiness-2026-09-07 Production verification · 34442662032
Triggered via workflow_dispatch about 38 minutes ago

JOBS
* iOS tests, release frameworks, and Swift wrapper (ID 102760768928)
  ✓ Set up job
  ✓ Start focused native job clock
  ✓ Check out source
  ✓ Validate verification scope
  ✓ Set up JDK 21
  * Run focused native continuation
  * Upload focused native evidence
  * Verify focused native cleanup and uploaded custody
  * Upload native continuation cleanup receipt
  * Observe hosted native processes without an app build
  * Upload bounded process-probe evidence
  * Verify process-probe cleanup and uploaded custody
  * Upload process-probe cleanup receipt
  * Claim fresh verification output ownership
  * Claim apple-aggregate native resource ownership
  * Record Xcode toolchain and exact source
  * Run iOS simulator tests, Apple static analysis, and release linkage gates
  * Stop Gradle after apple-aggregate and retire owned Apple resources
  * Validate iOS plist and privacy manifest
  * Claim apple-ui native resource ownership
  * Verify effective Debug and Release application identities
  * Launch Swift host and Compose root on iOS Simulator
  * Stop Gradle after apple-ui and retire owned Apple resources
  * Claim apple-wrapper native resource ownership
  * Build unsigned Swift Release wrapper
  * Stop Gradle after apple-wrapper and retire owned Apple resources
  * Inspect complete unsigned iOS Release package
  * Upload Apple verification evidence
  * Clean only attested verification outputs
  * Upload verification cleanup receipt
  * Post Set up JDK 21
  * Post Check out source
- Common, desktop, and Android release in 0s (ID 102760769810)
- Desktop and Kotlin Native strict verification (macOS x64) in 0s (ID 102760769952)
- Desktop strict verification (Linux arm64) in 0s (ID 102760770021)
- Desktop, Kotlin Native, and Android resources strict verification (Windows x64) (ID 102760770083)
Refreshing run status every 30 seconds. Press Ctrl+C to quit.

* fix/local-readiness-2026-09-07 Production verification · 34442662032
Triggered via workflow_dispatch about 38 minutes ago

JOBS
* iOS tests, release frameworks, and Swift wrapper (ID 102760768928)
  ✓ Set up job
  ✓ Start focused native job clock
  ✓ Check out source
  ✓ Validate verification scope
  ✓ Set up JDK 21
  * Run focused native continuation
  * Upload focused native evidence
  * Verify focused native cleanup and uploaded custody
  * Upload native continuation cleanup receipt
  * Observe hosted native processes without an app build
  * Upload bounded process-probe evidence
  * Verify process-probe cleanup and uploaded custody
  * Upload process-probe cleanup receipt
  * Claim fresh verification output ownership
  * Claim apple-aggregate native resource ownership
  * Record Xcode toolchain and exact source
  * Run iOS simulator tests, Apple static analysis, and release linkage gates
  * Stop Gradle after apple-aggregate and retire owned Apple resources
  * Validate iOS plist and privacy manifest
  * Claim apple-ui native resource ownership
  * Verify effective Debug and Release application identities
  * Launch Swift host and Compose root on iOS Simulator
  * Stop Gradle after apple-ui and retire owned Apple resources
  * Claim apple-wrapper native resource ownership
  * Build unsigned Swift Release wrapper
  * Stop Gradle after apple-wrapper and retire owned Apple resources
  * Inspect complete unsigned iOS Release package
  * Upload Apple verification evidence
  * Clean only attested verification outputs
  * Upload verification cleanup receipt
  * Post Set up JDK 21
  * Post Check out source
- Common, desktop, and Android release in 0s (ID 102760769810)
- Desktop and Kotlin Native strict verification (macOS x64) in 0s (ID 102760769952)
- Desktop strict verification (Linux arm64) in 0s (ID 102760770021)
- Desktop, Kotlin Native, and Android resources strict verification (Windows x64) (ID 102760770083)
Refreshing run status every 30 seconds. Press Ctrl+C to quit.

* fix/local-readiness-2026-09-07 Production verification · 34442662032
Triggered via workflow_dispatch about 39 minutes ago

JOBS
* iOS tests, release frameworks, and Swift wrapper (ID 102760768928)
  ✓ Set up job
  ✓ Start focused native job clock
  ✓ Check out source
  ✓ Validate verification scope
  ✓ Set up JDK 21
  * Run focused native continuation
  * Upload focused native evidence
  * Verify focused native cleanup and uploaded custody
  * Upload native continuation cleanup receipt
  * Observe hosted native processes without an app build
  * Upload bounded process-probe evidence
  * Verify process-probe cleanup and uploaded custody
  * Upload process-probe cleanup receipt
  * Claim fresh verification output ownership
  * Claim apple-aggregate native resource ownership
  * Record Xcode toolchain and exact source
  * Run iOS simulator tests, Apple static analysis, and release linkage gates
  * Stop Gradle after apple-aggregate and retire owned Apple resources
  * Validate iOS plist and privacy manifest
  * Claim apple-ui native resource ownership
  * Verify effective Debug and Release application identities
  * Launch Swift host and Compose root on iOS Simulator
  * Stop Gradle after apple-ui and retire owned Apple resources
  * Claim apple-wrapper native resource ownership
  * Build unsigned Swift Release wrapper
  * Stop Gradle after apple-wrapper and retire owned Apple resources
  * Inspect complete unsigned iOS Release package
  * Upload Apple verification evidence
  * Clean only attested verification outputs
  * Upload verification cleanup receipt
  * Post Set up JDK 21
  * Post Check out source
- Common, desktop, and Android release in 0s (ID 102760769810)
- Desktop and Kotlin Native strict verification (macOS x64) in 0s (ID 102760769952)
- Desktop strict verification (Linux arm64) in 0s (ID 102760770021)
- Desktop, Kotlin Native, and Android resources strict verification (Windows x64) (ID 102760770083)
Refreshing run status every 30 seconds. Press Ctrl+C to quit.

* fix/local-readiness-2026-09-07 Production verification · 34442662032
Triggered via workflow_dispatch about 40 minutes ago

JOBS
* iOS tests, release frameworks, and Swift wrapper (ID 102760768928)
  ✓ Set up job
  ✓ Start focused native job clock
  ✓ Check out source
  ✓ Validate verification scope
  ✓ Set up JDK 21
  * Run focused native continuation
  * Upload focused native evidence
  * Verify focused native cleanup and uploaded custody
  * Upload native continuation cleanup receipt
  * Observe hosted native processes without an app build
  * Upload bounded process-probe evidence
  * Verify process-probe cleanup and uploaded custody
  * Upload process-probe cleanup receipt
  * Claim fresh verification output ownership
  * Claim apple-aggregate native resource ownership
  * Record Xcode toolchain and exact source
  * Run iOS simulator tests, Apple static analysis, and release linkage gates
  * Stop Gradle after apple-aggregate and retire owned Apple resources
  * Validate iOS plist and privacy manifest
  * Claim apple-ui native resource ownership
  * Verify effective Debug and Release application identities
  * Launch Swift host and Compose root on iOS Simulator
  * Stop Gradle after apple-ui and retire owned Apple resources
  * Claim apple-wrapper native resource ownership
  * Build unsigned Swift Release wrapper
  * Stop Gradle after apple-wrapper and retire owned Apple resources
  * Inspect complete unsigned iOS Release package
  * Upload Apple verification evidence
  * Clean only attested verification outputs
  * Upload verification cleanup receipt
  * Post Set up JDK 21
  * Post Check out source
- Common, desktop, and Android release in 0s (ID 102760769810)
- Desktop and Kotlin Native strict verification (macOS x64) in 0s (ID 102760769952)
- Desktop strict verification (Linux arm64) in 0s (ID 102760770021)
- Desktop, Kotlin Native, and Android resources strict verification (Windows x64) (ID 102760770083)
Refreshing run status every 30 seconds. Press Ctrl+C to quit.

* fix/local-readiness-2026-09-07 Production verification · 34442662032
Triggered via workflow_dispatch about 40 minutes ago

JOBS
* iOS tests, release frameworks, and Swift wrapper (ID 102760768928)
  ✓ Set up job
  ✓ Start focused native job clock
  ✓ Check out source
  ✓ Validate verification scope
  ✓ Set up JDK 21
  * Run focused native continuation
  * Upload focused native evidence
  * Verify focused native cleanup and uploaded custody
  * Upload native continuation cleanup receipt
  * Observe hosted native processes without an app build
  * Upload bounded process-probe evidence
  * Verify process-probe cleanup and uploaded custody
  * Upload process-probe cleanup receipt
  * Claim fresh verification output ownership
  * Claim apple-aggregate native resource ownership
  * Record Xcode toolchain and exact source
  * Run iOS simulator tests, Apple static analysis, and release linkage gates
  * Stop Gradle after apple-aggregate and retire owned Apple resources
  * Validate iOS plist and privacy manifest
  * Claim apple-ui native resource ownership
  * Verify effective Debug and Release application identities
  * Launch Swift host and Compose root on iOS Simulator
  * Stop Gradle after apple-ui and retire owned Apple resources
  * Claim apple-wrapper native resource ownership
  * Build unsigned Swift Release wrapper
  * Stop Gradle after apple-wrapper and retire owned Apple resources
  * Inspect complete unsigned iOS Release package
  * Upload Apple verification evidence
  * Clean only attested verification outputs
  * Upload verification cleanup receipt
  * Post Set up JDK 21
  * Post Check out source
- Common, desktop, and Android release in 0s (ID 102760769810)
- Desktop and Kotlin Native strict verification (macOS x64) in 0s (ID 102760769952)
- Desktop strict verification (Linux arm64) in 0s (ID 102760770021)
- Desktop, Kotlin Native, and Android resources strict verification (Windows x64) (ID 102760770083)
Refreshing run status every 30 seconds. Press Ctrl+C to quit.

* fix/local-readiness-2026-09-07 Production verification · 34442662032
Triggered via workflow_dispatch about 41 minutes ago

JOBS
* iOS tests, release frameworks, and Swift wrapper (ID 102760768928)
  ✓ Set up job
  ✓ Start focused native job clock
  ✓ Check out source
  ✓ Validate verification scope
  ✓ Set up JDK 21
  * Run focused native continuation
  * Upload focused native evidence
  * Verify focused native cleanup and uploaded custody
  * Upload native continuation cleanup receipt
  * Observe hosted native processes without an app build
  * Upload bounded process-probe evidence
  * Verify process-probe cleanup and uploaded custody
  * Upload process-probe cleanup receipt
  * Claim fresh verification output ownership
  * Claim apple-aggregate native resource ownership
  * Record Xcode toolchain and exact source
  * Run iOS simulator tests, Apple static analysis, and release linkage gates
  * Stop Gradle after apple-aggregate and retire owned Apple resources
  * Validate iOS plist and privacy manifest
  * Claim apple-ui native resource ownership
  * Verify effective Debug and Release application identities
  * Launch Swift host and Compose root on iOS Simulator
  * Stop Gradle after apple-ui and retire owned Apple resources
  * Claim apple-wrapper native resource ownership
  * Build unsigned Swift Release wrapper
  * Stop Gradle after apple-wrapper and retire owned Apple resources
  * Inspect complete unsigned iOS Release package
  * Upload Apple verification evidence
  * Clean only attested verification outputs
  * Upload verification cleanup receipt
  * Post Set up JDK 21
  * Post Check out source
- Common, desktop, and Android release in 0s (ID 102760769810)
- Desktop and Kotlin Native strict verification (macOS x64) in 0s (ID 102760769952)
- Desktop strict verification (Linux arm64) in 0s (ID 102760770021)
- Desktop, Kotlin Native, and Android resources strict verification (Windows x64) (ID 102760770083)
Refreshing run status every 30 seconds. Press Ctrl+C to quit.

* fix/local-readiness-2026-09-07 Production verification · 34442662032
Triggered via workflow_dispatch about 41 minutes ago

JOBS
* iOS tests, release frameworks, and Swift wrapper (ID 102760768928)
  ✓ Set up job
  ✓ Start focused native job clock
  ✓ Check out source
  ✓ Validate verification scope
  ✓ Set up JDK 21
  * Run focused native continuation
  * Upload focused native evidence
  * Verify focused native cleanup and uploaded custody
  * Upload native continuation cleanup receipt
  * Observe hosted native processes without an app build
  * Upload bounded process-probe evidence
  * Verify process-probe cleanup and uploaded custody
  * Upload process-probe cleanup receipt
  * Claim fresh verification output ownership
  * Claim apple-aggregate native resource ownership
  * Record Xcode toolchain and exact source
  * Run iOS simulator tests, Apple static analysis, and release linkage gates
  * Stop Gradle after apple-aggregate and retire owned Apple resources
  * Validate iOS plist and privacy manifest
  * Claim apple-ui native resource ownership
  * Verify effective Debug and Release application identities
  * Launch Swift host and Compose root on iOS Simulator
  * Stop Gradle after apple-ui and retire owned Apple resources
  * Claim apple-wrapper native resource ownership
  * Build unsigned Swift Release wrapper
  * Stop Gradle after apple-wrapper and retire owned Apple resources
  * Inspect complete unsigned iOS Release package
  * Upload Apple verification evidence
  * Clean only attested verification outputs
  * Upload verification cleanup receipt
  * Post Set up JDK 21
  * Post Check out source
- Common, desktop, and Android release in 0s (ID 102760769810)
- Desktop and Kotlin Native strict verification (macOS x64) in 0s (ID 102760769952)
- Desktop strict verification (Linux arm64) in 0s (ID 102760770021)
- Desktop, Kotlin Native, and Android resources strict verification (Windows x64) (ID 102760770083)
Refreshing run status every 30 seconds. Press Ctrl+C to quit.

* fix/local-readiness-2026-09-07 Production verification · 34442662032
Triggered via workflow_dispatch about 42 minutes ago

JOBS
* iOS tests, release frameworks, and Swift wrapper (ID 102760768928)
  ✓ Set up job
  ✓ Start focused native job clock
  ✓ Check out source
  ✓ Validate verification scope
  ✓ Set up JDK 21
  * Run focused native continuation
  * Upload focused native evidence
  * Verify focused native cleanup and uploaded custody
  * Upload native continuation cleanup receipt
  * Observe hosted native processes without an app build
  * Upload bounded process-probe evidence
  * Verify process-probe cleanup and uploaded custody
  * Upload process-probe cleanup receipt
  * Claim fresh verification output ownership
  * Claim apple-aggregate native resource ownership
  * Record Xcode toolchain and exact source
  * Run iOS simulator tests, Apple static analysis, and release linkage gates
  * Stop Gradle after apple-aggregate and retire owned Apple resources
  * Validate iOS plist and privacy manifest
  * Claim apple-ui native resource ownership
  * Verify effective Debug and Release application identities
  * Launch Swift host and Compose root on iOS Simulator
  * Stop Gradle after apple-ui and retire owned Apple resources
  * Claim apple-wrapper native resource ownership
  * Build unsigned Swift Release wrapper
  * Stop Gradle after apple-wrapper and retire owned Apple resources
  * Inspect complete unsigned iOS Release package
  * Upload Apple verification evidence
  * Clean only attested verification outputs
  * Upload verification cleanup receipt
  * Post Set up JDK 21
  * Post Check out source
- Common, desktop, and Android release in 0s (ID 102760769810)
- Desktop and Kotlin Native strict verification (macOS x64) in 0s (ID 102760769952)
- Desktop strict verification (Linux arm64) in 0s (ID 102760770021)
- Desktop, Kotlin Native, and Android resources strict verification (Windows x64) (ID 102760770083)
Refreshing run status every 30 seconds. Press Ctrl+C to quit.

* fix/local-readiness-2026-09-07 Production verification · 34442662032
Triggered via workflow_dispatch about 42 minutes ago

JOBS
* iOS tests, release frameworks, and Swift wrapper (ID 102760768928)
  ✓ Set up job
  ✓ Start focused native job clock
  ✓ Check out source
  ✓ Validate verification scope
  ✓ Set up JDK 21
  * Run focused native continuation
  * Upload focused native evidence
  * Verify focused native cleanup and uploaded custody
  * Upload native continuation cleanup receipt
  * Observe hosted native processes without an app build
  * Upload bounded process-probe evidence
  * Verify process-probe cleanup and uploaded custody
  * Upload process-probe cleanup receipt
  * Claim fresh verification output ownership
  * Claim apple-aggregate native resource ownership
  * Record Xcode toolchain and exact source
  * Run iOS simulator tests, Apple static analysis, and release linkage gates
  * Stop Gradle after apple-aggregate and retire owned Apple resources
  * Validate iOS plist and privacy manifest
  * Claim apple-ui native resource ownership
  * Verify effective Debug and Release application identities
  * Launch Swift host and Compose root on iOS Simulator
  * Stop Gradle after apple-ui and retire owned Apple resources
  * Claim apple-wrapper native resource ownership
  * Build unsigned Swift Release wrapper
  * Stop Gradle after apple-wrapper and retire owned Apple resources
  * Inspect complete unsigned iOS Release package
  * Upload Apple verification evidence
  * Clean only attested verification outputs
  * Upload verification cleanup receipt
  * Post Set up JDK 21
  * Post Check out source
- Common, desktop, and Android release in 0s (ID 102760769810)
- Desktop and Kotlin Native strict verification (macOS x64) in 0s (ID 102760769952)
- Desktop strict verification (Linux arm64) in 0s (ID 102760770021)
- Desktop, Kotlin Native, and Android resources strict verification (Windows x64) (ID 102760770083)
Refreshing run status every 30 seconds. Press Ctrl+C to quit.

* fix/local-readiness-2026-09-07 Production verification · 34442662032
Triggered via workflow_dispatch about 43 minutes ago

JOBS
* iOS tests, release frameworks, and Swift wrapper (ID 102760768928)
  ✓ Set up job
  ✓ Start focused native job clock
  ✓ Check out source
  ✓ Validate verification scope
  ✓ Set up JDK 21
  * Run focused native continuation
  * Upload focused native evidence
  * Verify focused native cleanup and uploaded custody
  * Upload native continuation cleanup receipt
  * Observe hosted native processes without an app build
  * Upload bounded process-probe evidence
  * Verify process-probe cleanup and uploaded custody
  * Upload process-probe cleanup receipt
  * Claim fresh verification output ownership
  * Claim apple-aggregate native resource ownership
  * Record Xcode toolchain and exact source
  * Run iOS simulator tests, Apple static analysis, and release linkage gates
  * Stop Gradle after apple-aggregate and retire owned Apple resources
  * Validate iOS plist and privacy manifest
  * Claim apple-ui native resource ownership
  * Verify effective Debug and Release application identities
  * Launch Swift host and Compose root on iOS Simulator
  * Stop Gradle after apple-ui and retire owned Apple resources
  * Claim apple-wrapper native resource ownership
  * Build unsigned Swift Release wrapper
  * Stop Gradle after apple-wrapper and retire owned Apple resources
  * Inspect complete unsigned iOS Release package
  * Upload Apple verification evidence
  * Clean only attested verification outputs
  * Upload verification cleanup receipt
  * Post Set up JDK 21
  * Post Check out source
- Common, desktop, and Android release in 0s (ID 102760769810)
- Desktop and Kotlin Native strict verification (macOS x64) in 0s (ID 102760769952)
- Desktop strict verification (Linux arm64) in 0s (ID 102760770021)
- Desktop, Kotlin Native, and Android resources strict verification (Windows x64) (ID 102760770083)
Refreshing run status every 30 seconds. Press Ctrl+C to quit.

* fix/local-readiness-2026-09-07 Production verification · 34442662032
Triggered via workflow_dispatch about 43 minutes ago

JOBS
* iOS tests, release frameworks, and Swift wrapper (ID 102760768928)
  ✓ Set up job
  ✓ Start focused native job clock
  ✓ Check out source
  ✓ Validate verification scope
  ✓ Set up JDK 21
  * Run focused native continuation
  * Upload focused native evidence
  * Verify focused native cleanup and uploaded custody
  * Upload native continuation cleanup receipt
  * Observe hosted native processes without an app build
  * Upload bounded process-probe evidence
  * Verify process-probe cleanup and uploaded custody
  * Upload process-probe cleanup receipt
  * Claim fresh verification output ownership
  * Claim apple-aggregate native resource ownership
  * Record Xcode toolchain and exact source
  * Run iOS simulator tests, Apple static analysis, and release linkage gates
  * Stop Gradle after apple-aggregate and retire owned Apple resources
  * Validate iOS plist and privacy manifest
  * Claim apple-ui native resource ownership
  * Verify effective Debug and Release application identities
  * Launch Swift host and Compose root on iOS Simulator
  * Stop Gradle after apple-ui and retire owned Apple resources
  * Claim apple-wrapper native resource ownership
  * Build unsigned Swift Release wrapper
  * Stop Gradle after apple-wrapper and retire owned Apple resources
  * Inspect complete unsigned iOS Release package
  * Upload Apple verification evidence
  * Clean only attested verification outputs
  * Upload verification cleanup receipt
  * Post Set up JDK 21
  * Post Check out source
- Common, desktop, and Android release in 0s (ID 102760769810)
- Desktop and Kotlin Native strict verification (macOS x64) in 0s (ID 102760769952)
- Desktop strict verification (Linux arm64) in 0s (ID 102760770021)
- Desktop, Kotlin Native, and Android resources strict verification (Windows x64) (ID 102760770083)
Refreshing run status every 30 seconds. Press Ctrl+C to quit.

* fix/local-readiness-2026-09-07 Production verification · 34442662032
Triggered via workflow_dispatch about 44 minutes ago

JOBS
* iOS tests, release frameworks, and Swift wrapper (ID 102760768928)
  ✓ Set up job
  ✓ Start focused native job clock
  ✓ Check out source
  ✓ Validate verification scope
  ✓ Set up JDK 21
  * Run focused native continuation
  * Upload focused native evidence
  * Verify focused native cleanup and uploaded custody
  * Upload native continuation cleanup receipt
  * Observe hosted native processes without an app build
  * Upload bounded process-probe evidence
  * Verify process-probe cleanup and uploaded custody
  * Upload process-probe cleanup receipt
  * Claim fresh verification output ownership
  * Claim apple-aggregate native resource ownership
  * Record Xcode toolchain and exact source
  * Run iOS simulator tests, Apple static analysis, and release linkage gates
  * Stop Gradle after apple-aggregate and retire owned Apple resources
  * Validate iOS plist and privacy manifest
  * Claim apple-ui native resource ownership
  * Verify effective Debug and Release application identities
  * Launch Swift host and Compose root on iOS Simulator
  * Stop Gradle after apple-ui and retire owned Apple resources
  * Claim apple-wrapper native resource ownership
  * Build unsigned Swift Release wrapper
  * Stop Gradle after apple-wrapper and retire owned Apple resources
  * Inspect complete unsigned iOS Release package
  * Upload Apple verification evidence
  * Clean only attested verification outputs
  * Upload verification cleanup receipt
  * Post Set up JDK 21
  * Post Check out source
- Common, desktop, and Android release in 0s (ID 102760769810)
- Desktop and Kotlin Native strict verification (macOS x64) in 0s (ID 102760769952)
- Desktop strict verification (Linux arm64) in 0s (ID 102760770021)
- Desktop, Kotlin Native, and Android resources strict verification (Windows x64) (ID 102760770083)
Refreshing run status every 30 seconds. Press Ctrl+C to quit.

* fix/local-readiness-2026-09-07 Production verification · 34442662032
Triggered via workflow_dispatch about 44 minutes ago

JOBS
* iOS tests, release frameworks, and Swift wrapper (ID 102760768928)
  ✓ Set up job
  ✓ Start focused native job clock
  ✓ Check out source
  ✓ Validate verification scope
  ✓ Set up JDK 21
  * Run focused native continuation
  * Upload focused native evidence
  * Verify focused native cleanup and uploaded custody
  * Upload native continuation cleanup receipt
  * Observe hosted native processes without an app build
  * Upload bounded process-probe evidence
  * Verify process-probe cleanup and uploaded custody
  * Upload process-probe cleanup receipt
  * Claim fresh verification output ownership
  * Claim apple-aggregate native resource ownership
  * Record Xcode toolchain and exact source
  * Run iOS simulator tests, Apple static analysis, and release linkage gates
  * Stop Gradle after apple-aggregate and retire owned Apple resources
  * Validate iOS plist and privacy manifest
  * Claim apple-ui native resource ownership
  * Verify effective Debug and Release application identities
  * Launch Swift host and Compose root on iOS Simulator
  * Stop Gradle after apple-ui and retire owned Apple resources
  * Claim apple-wrapper native resource ownership
  * Build unsigned Swift Release wrapper
  * Stop Gradle after apple-wrapper and retire owned Apple resources
  * Inspect complete unsigned iOS Release package
  * Upload Apple verification evidence
  * Clean only attested verification outputs
  * Upload verification cleanup receipt
  * Post Set up JDK 21
  * Post Check out source
- Common, desktop, and Android release in 0s (ID 102760769810)
- Desktop and Kotlin Native strict verification (macOS x64) in 0s (ID 102760769952)
- Desktop strict verification (Linux arm64) in 0s (ID 102760770021)
- Desktop, Kotlin Native, and Android resources strict verification (Windows x64) (ID 102760770083)
Refreshing run status every 30 seconds. Press Ctrl+C to quit.

* fix/local-readiness-2026-09-07 Production verification · 34442662032
Triggered via workflow_dispatch about 45 minutes ago

JOBS
* iOS tests, release frameworks, and Swift wrapper (ID 102760768928)
  ✓ Set up job
  ✓ Start focused native job clock
  ✓ Check out source
  ✓ Validate verification scope
  ✓ Set up JDK 21
  * Run focused native continuation
  * Upload focused native evidence
  * Verify focused native cleanup and uploaded custody
  * Upload native continuation cleanup receipt
  * Observe hosted native processes without an app build
  * Upload bounded process-probe evidence
  * Verify process-probe cleanup and uploaded custody
  * Upload process-probe cleanup receipt
  * Claim fresh verification output ownership
  * Claim apple-aggregate native resource ownership
  * Record Xcode toolchain and exact source
  * Run iOS simulator tests, Apple static analysis, and release linkage gates
  * Stop Gradle after apple-aggregate and retire owned Apple resources
  * Validate iOS plist and privacy manifest
  * Claim apple-ui native resource ownership
  * Verify effective Debug and Release application identities
  * Launch Swift host and Compose root on iOS Simulator
  * Stop Gradle after apple-ui and retire owned Apple resources
  * Claim apple-wrapper native resource ownership
  * Build unsigned Swift Release wrapper
  * Stop Gradle after apple-wrapper and retire owned Apple resources
  * Inspect complete unsigned iOS Release package
  * Upload Apple verification evidence
  * Clean only attested verification outputs
  * Upload verification cleanup receipt
  * Post Set up JDK 21
  * Post Check out source
- Common, desktop, and Android release in 0s (ID 102760769810)
- Desktop and Kotlin Native strict verification (macOS x64) in 0s (ID 102760769952)
- Desktop strict verification (Linux arm64) in 0s (ID 102760770021)
- Desktop, Kotlin Native, and Android resources strict verification (Windows x64) (ID 102760770083)
Refreshing run status every 30 seconds. Press Ctrl+C to quit.

* fix/local-readiness-2026-09-07 Production verification · 34442662032
Triggered via workflow_dispatch about 45 minutes ago

JOBS
* iOS tests, release frameworks, and Swift wrapper (ID 102760768928)
  ✓ Set up job
  ✓ Start focused native job clock
  ✓ Check out source
  ✓ Validate verification scope
  ✓ Set up JDK 21
  * Run focused native continuation
  * Upload focused native evidence
  * Verify focused native cleanup and uploaded custody
  * Upload native continuation cleanup receipt
  * Observe hosted native processes without an app build
  * Upload bounded process-probe evidence
  * Verify process-probe cleanup and uploaded custody
  * Upload process-probe cleanup receipt
  * Claim fresh verification output ownership
  * Claim apple-aggregate native resource ownership
  * Record Xcode toolchain and exact source
  * Run iOS simulator tests, Apple static analysis, and release linkage gates
  * Stop Gradle after apple-aggregate and retire owned Apple resources
  * Validate iOS plist and privacy manifest
  * Claim apple-ui native resource ownership
  * Verify effective Debug and Release application identities
  * Launch Swift host and Compose root on iOS Simulator
  * Stop Gradle after apple-ui and retire owned Apple resources
  * Claim apple-wrapper native resource ownership
  * Build unsigned Swift Release wrapper
  * Stop Gradle after apple-wrapper and retire owned Apple resources
  * Inspect complete unsigned iOS Release package
  * Upload Apple verification evidence
  * Clean only attested verification outputs
  * Upload verification cleanup receipt
  * Post Set up JDK 21
  * Post Check out source
- Common, desktop, and Android release in 0s (ID 102760769810)
- Desktop and Kotlin Native strict verification (macOS x64) in 0s (ID 102760769952)
- Desktop strict verification (Linux arm64) in 0s (ID 102760770021)
- Desktop, Kotlin Native, and Android resources strict verification (Windows x64) (ID 102760770083)
Refreshing run status every 30 seconds. Press Ctrl+C to quit.

* fix/local-readiness-2026-09-07 Production verification · 34442662032
Triggered via workflow_dispatch about 46 minutes ago

JOBS
* iOS tests, release frameworks, and Swift wrapper (ID 102760768928)
  ✓ Set up job
  ✓ Start focused native job clock
  ✓ Check out source
  ✓ Validate verification scope
  ✓ Set up JDK 21
  * Run focused native continuation
  * Upload focused native evidence
  * Verify focused native cleanup and uploaded custody
  * Upload native continuation cleanup receipt
  * Observe hosted native processes without an app build
  * Upload bounded process-probe evidence
  * Verify process-probe cleanup and uploaded custody
  * Upload process-probe cleanup receipt
  * Claim fresh verification output ownership
  * Claim apple-aggregate native resource ownership
  * Record Xcode toolchain and exact source
  * Run iOS simulator tests, Apple static analysis, and release linkage gates
  * Stop Gradle after apple-aggregate and retire owned Apple resources
  * Validate iOS plist and privacy manifest
  * Claim apple-ui native resource ownership
  * Verify effective Debug and Release application identities
  * Launch Swift host and Compose root on iOS Simulator
  * Stop Gradle after apple-ui and retire owned Apple resources
  * Claim apple-wrapper native resource ownership
  * Build unsigned Swift Release wrapper
  * Stop Gradle after apple-wrapper and retire owned Apple resources
  * Inspect complete unsigned iOS Release package
  * Upload Apple verification evidence
  * Clean only attested verification outputs
  * Upload verification cleanup receipt
  * Post Set up JDK 21
  * Post Check out source
- Common, desktop, and Android release in 0s (ID 102760769810)
- Desktop and Kotlin Native strict verification (macOS x64) in 0s (ID 102760769952)
- Desktop strict verification (Linux arm64) in 0s (ID 102760770021)
- Desktop, Kotlin Native, and Android resources strict verification (Windows x64) (ID 102760770083)
Refreshing run status every 30 seconds. Press Ctrl+C to quit.

* fix/local-readiness-2026-09-07 Production verification · 34442662032
Triggered via workflow_dispatch about 46 minutes ago

JOBS
* iOS tests, release frameworks, and Swift wrapper (ID 102760768928)
  ✓ Set up job
  ✓ Start focused native job clock
  ✓ Check out source
  ✓ Validate verification scope
  ✓ Set up JDK 21
  * Run focused native continuation
  * Upload focused native evidence
  * Verify focused native cleanup and uploaded custody
  * Upload native continuation cleanup receipt
  * Observe hosted native processes without an app build
  * Upload bounded process-probe evidence
  * Verify process-probe cleanup and uploaded custody
  * Upload process-probe cleanup receipt
  * Claim fresh verification output ownership
  * Claim apple-aggregate native resource ownership
  * Record Xcode toolchain and exact source
  * Run iOS simulator tests, Apple static analysis, and release linkage gates
  * Stop Gradle after apple-aggregate and retire owned Apple resources
  * Validate iOS plist and privacy manifest
  * Claim apple-ui native resource ownership
  * Verify effective Debug and Release application identities
  * Launch Swift host and Compose root on iOS Simulator
  * Stop Gradle after apple-ui and retire owned Apple resources
  * Claim apple-wrapper native resource ownership
  * Build unsigned Swift Release wrapper
  * Stop Gradle after apple-wrapper and retire owned Apple resources
  * Inspect complete unsigned iOS Release package
  * Upload Apple verification evidence
  * Clean only attested verification outputs
  * Upload verification cleanup receipt
  * Post Set up JDK 21
  * Post Check out source
- Common, desktop, and Android release in 0s (ID 102760769810)
- Desktop and Kotlin Native strict verification (macOS x64) in 0s (ID 102760769952)
- Desktop strict verification (Linux arm64) in 0s (ID 102760770021)
- Desktop, Kotlin Native, and Android resources strict verification (Windows x64) (ID 102760770083)
Refreshing run status every 30 seconds. Press Ctrl+C to quit.

* fix/local-readiness-2026-09-07 Production verification · 34442662032
Triggered via workflow_dispatch about 47 minutes ago

JOBS
* iOS tests, release frameworks, and Swift wrapper (ID 102760768928)
  ✓ Set up job
  ✓ Start focused native job clock
  ✓ Check out source
  ✓ Validate verification scope
  ✓ Set up JDK 21
  * Run focused native continuation
  * Upload focused native evidence
  * Verify focused native cleanup and uploaded custody
  * Upload native continuation cleanup receipt
  * Observe hosted native processes without an app build
  * Upload bounded process-probe evidence
  * Verify process-probe cleanup and uploaded custody
  * Upload process-probe cleanup receipt
  * Claim fresh verification output ownership
  * Claim apple-aggregate native resource ownership
  * Record Xcode toolchain and exact source
  * Run iOS simulator tests, Apple static analysis, and release linkage gates
  * Stop Gradle after apple-aggregate and retire owned Apple resources
  * Validate iOS plist and privacy manifest
  * Claim apple-ui native resource ownership
  * Verify effective Debug and Release application identities
  * Launch Swift host and Compose root on iOS Simulator
  * Stop Gradle after apple-ui and retire owned Apple resources
  * Claim apple-wrapper native resource ownership
  * Build unsigned Swift Release wrapper
  * Stop Gradle after apple-wrapper and retire owned Apple resources
  * Inspect complete unsigned iOS Release package
  * Upload Apple verification evidence
  * Clean only attested verification outputs
  * Upload verification cleanup receipt
  * Post Set up JDK 21
  * Post Check out source
- Common, desktop, and Android release in 0s (ID 102760769810)
- Desktop and Kotlin Native strict verification (macOS x64) in 0s (ID 102760769952)
- Desktop strict verification (Linux arm64) in 0s (ID 102760770021)
- Desktop, Kotlin Native, and Android resources strict verification (Windows x64) (ID 102760770083)
Refreshing run status every 30 seconds. Press Ctrl+C to quit.

* fix/local-readiness-2026-09-07 Production verification · 34442662032
Triggered via workflow_dispatch about 47 minutes ago

JOBS
* iOS tests, release frameworks, and Swift wrapper (ID 102760768928)
  ✓ Set up job
  ✓ Start focused native job clock
  ✓ Check out source
  ✓ Validate verification scope
  ✓ Set up JDK 21
  * Run focused native continuation
  * Upload focused native evidence
  * Verify focused native cleanup and uploaded custody
  * Upload native continuation cleanup receipt
  * Observe hosted native processes without an app build
  * Upload bounded process-probe evidence
  * Verify process-probe cleanup and uploaded custody
  * Upload process-probe cleanup receipt
  * Claim fresh verification output ownership
  * Claim apple-aggregate native resource ownership
  * Record Xcode toolchain and exact source
  * Run iOS simulator tests, Apple static analysis, and release linkage gates
  * Stop Gradle after apple-aggregate and retire owned Apple resources
  * Validate iOS plist and privacy manifest
  * Claim apple-ui native resource ownership
  * Verify effective Debug and Release application identities
  * Launch Swift host and Compose root on iOS Simulator
  * Stop Gradle after apple-ui and retire owned Apple resources
  * Claim apple-wrapper native resource ownership
  * Build unsigned Swift Release wrapper
  * Stop Gradle after apple-wrapper and retire owned Apple resources
  * Inspect complete unsigned iOS Release package
  * Upload Apple verification evidence
  * Clean only attested verification outputs
  * Upload verification cleanup receipt
  * Post Set up JDK 21
  * Post Check out source
- Common, desktop, and Android release in 0s (ID 102760769810)
- Desktop and Kotlin Native strict verification (macOS x64) in 0s (ID 102760769952)
- Desktop strict verification (Linux arm64) in 0s (ID 102760770021)
- Desktop, Kotlin Native, and Android resources strict verification (Windows x64) (ID 102760770083)
Refreshing run status every 30 seconds. Press Ctrl+C to quit.

* fix/local-readiness-2026-09-07 Production verification · 34442662032
Triggered via workflow_dispatch about 48 minutes ago

JOBS
* iOS tests, release frameworks, and Swift wrapper (ID 102760768928)
  ✓ Set up job
  ✓ Start focused native job clock
  ✓ Check out source
  ✓ Validate verification scope
  ✓ Set up JDK 21
  * Run focused native continuation
  * Upload focused native evidence
  * Verify focused native cleanup and uploaded custody
  * Upload native continuation cleanup receipt
  * Observe hosted native processes without an app build
  * Upload bounded process-probe evidence
  * Verify process-probe cleanup and uploaded custody
  * Upload process-probe cleanup receipt
  * Claim fresh verification output ownership
  * Claim apple-aggregate native resource ownership
  * Record Xcode toolchain and exact source
  * Run iOS simulator tests, Apple static analysis, and release linkage gates
  * Stop Gradle after apple-aggregate and retire owned Apple resources
  * Validate iOS plist and privacy manifest
  * Claim apple-ui native resource ownership
  * Verify effective Debug and Release application identities
  * Launch Swift host and Compose root on iOS Simulator
  * Stop Gradle after apple-ui and retire owned Apple resources
  * Claim apple-wrapper native resource ownership
  * Build unsigned Swift Release wrapper
  * Stop Gradle after apple-wrapper and retire owned Apple resources
  * Inspect complete unsigned iOS Release package
  * Upload Apple verification evidence
  * Clean only attested verification outputs
  * Upload verification cleanup receipt
  * Post Set up JDK 21
  * Post Check out source
- Common, desktop, and Android release in 0s (ID 102760769810)
- Desktop and Kotlin Native strict verification (macOS x64) in 0s (ID 102760769952)
- Desktop strict verification (Linux arm64) in 0s (ID 102760770021)
- Desktop, Kotlin Native, and Android resources strict verification (Windows x64) (ID 102760770083)
Refreshing run status every 30 seconds. Press Ctrl+C to quit.

* fix/local-readiness-2026-09-07 Production verification · 34442662032
Triggered via workflow_dispatch about 48 minutes ago

JOBS
* iOS tests, release frameworks, and Swift wrapper (ID 102760768928)
  ✓ Set up job
  ✓ Start focused native job clock
  ✓ Check out source
  ✓ Validate verification scope
  ✓ Set up JDK 21
  * Run focused native continuation
  * Upload focused native evidence
  * Verify focused native cleanup and uploaded custody
  * Upload native continuation cleanup receipt
  * Observe hosted native processes without an app build
  * Upload bounded process-probe evidence
  * Verify process-probe cleanup and uploaded custody
  * Upload process-probe cleanup receipt
  * Claim fresh verification output ownership
  * Claim apple-aggregate native resource ownership
  * Record Xcode toolchain and exact source
  * Run iOS simulator tests, Apple static analysis, and release linkage gates
  * Stop Gradle after apple-aggregate and retire owned Apple resources
  * Validate iOS plist and privacy manifest
  * Claim apple-ui native resource ownership
  * Verify effective Debug and Release application identities
  * Launch Swift host and Compose root on iOS Simulator
  * Stop Gradle after apple-ui and retire owned Apple resources
  * Claim apple-wrapper native resource ownership
  * Build unsigned Swift Release wrapper
  * Stop Gradle after apple-wrapper and retire owned Apple resources
  * Inspect complete unsigned iOS Release package
  * Upload Apple verification evidence
  * Clean only attested verification outputs
  * Upload verification cleanup receipt
  * Post Set up JDK 21
  * Post Check out source
- Common, desktop, and Android release in 0s (ID 102760769810)
- Desktop and Kotlin Native strict verification (macOS x64) in 0s (ID 102760769952)
- Desktop strict verification (Linux arm64) in 0s (ID 102760770021)
- Desktop, Kotlin Native, and Android resources strict verification (Windows x64) (ID 102760770083)
Refreshing run status every 30 seconds. Press Ctrl+C to quit.

* fix/local-readiness-2026-09-07 Production verification · 34442662032
Triggered via workflow_dispatch about 49 minutes ago

JOBS
* iOS tests, release frameworks, and Swift wrapper (ID 102760768928)
  ✓ Set up job
  ✓ Start focused native job clock
  ✓ Check out source
  ✓ Validate verification scope
  ✓ Set up JDK 21
  * Run focused native continuation
  * Upload focused native evidence
  * Verify focused native cleanup and uploaded custody
  * Upload native continuation cleanup receipt
  * Observe hosted native processes without an app build
  * Upload bounded process-probe evidence
  * Verify process-probe cleanup and uploaded custody
  * Upload process-probe cleanup receipt
  * Claim fresh verification output ownership
  * Claim apple-aggregate native resource ownership
  * Record Xcode toolchain and exact source
  * Run iOS simulator tests, Apple static analysis, and release linkage gates
  * Stop Gradle after apple-aggregate and retire owned Apple resources
  * Validate iOS plist and privacy manifest
  * Claim apple-ui native resource ownership
  * Verify effective Debug and Release application identities
  * Launch Swift host and Compose root on iOS Simulator
  * Stop Gradle after apple-ui and retire owned Apple resources
  * Claim apple-wrapper native resource ownership
  * Build unsigned Swift Release wrapper
  * Stop Gradle after apple-wrapper and retire owned Apple resources
  * Inspect complete unsigned iOS Release package
  * Upload Apple verification evidence
  * Clean only attested verification outputs
  * Upload verification cleanup receipt
  * Post Set up JDK 21
  * Post Check out source
- Common, desktop, and Android release in 0s (ID 102760769810)
- Desktop and Kotlin Native strict verification (macOS x64) in 0s (ID 102760769952)
- Desktop strict verification (Linux arm64) in 0s (ID 102760770021)
- Desktop, Kotlin Native, and Android resources strict verification (Windows x64) (ID 102760770083)
Refreshing run status every 30 seconds. Press Ctrl+C to quit.

* fix/local-readiness-2026-09-07 Production verification · 34442662032
Triggered via workflow_dispatch about 49 minutes ago

JOBS
* iOS tests, release frameworks, and Swift wrapper (ID 102760768928)
  ✓ Set up job
  ✓ Start focused native job clock
  ✓ Check out source
  ✓ Validate verification scope
  ✓ Set up JDK 21
  * Run focused native continuation
  * Upload focused native evidence
  * Verify focused native cleanup and uploaded custody
  * Upload native continuation cleanup receipt
  * Observe hosted native processes without an app build
  * Upload bounded process-probe evidence
  * Verify process-probe cleanup and uploaded custody
  * Upload process-probe cleanup receipt
  * Claim fresh verification output ownership
  * Claim apple-aggregate native resource ownership
  * Record Xcode toolchain and exact source
  * Run iOS simulator tests, Apple static analysis, and release linkage gates
  * Stop Gradle after apple-aggregate and retire owned Apple resources
  * Validate iOS plist and privacy manifest
  * Claim apple-ui native resource ownership
  * Verify effective Debug and Release application identities
  * Launch Swift host and Compose root on iOS Simulator
  * Stop Gradle after apple-ui and retire owned Apple resources
  * Claim apple-wrapper native resource ownership
  * Build unsigned Swift Release wrapper
  * Stop Gradle after apple-wrapper and retire owned Apple resources
  * Inspect complete unsigned iOS Release package
  * Upload Apple verification evidence
  * Clean only attested verification outputs
  * Upload verification cleanup receipt
  * Post Set up JDK 21
  * Post Check out source
- Common, desktop, and Android release in 0s (ID 102760769810)
- Desktop and Kotlin Native strict verification (macOS x64) in 0s (ID 102760769952)
- Desktop strict verification (Linux arm64) in 0s (ID 102760770021)
- Desktop, Kotlin Native, and Android resources strict verification (Windows x64) (ID 102760770083)
Refreshing run status every 30 seconds. Press Ctrl+C to quit.

* fix/local-readiness-2026-09-07 Production verification · 34442662032
Triggered via workflow_dispatch about 50 minutes ago

JOBS
* iOS tests, release frameworks, and Swift wrapper (ID 102760768928)
  ✓ Set up job
  ✓ Start focused native job clock
  ✓ Check out source
  ✓ Validate verification scope
  ✓ Set up JDK 21
  * Run focused native continuation
  * Upload focused native evidence
  * Verify focused native cleanup and uploaded custody
  * Upload native continuation cleanup receipt
  * Observe hosted native processes without an app build
  * Upload bounded process-probe evidence
  * Verify process-probe cleanup and uploaded custody
  * Upload process-probe cleanup receipt
  * Claim fresh verification output ownership
  * Claim apple-aggregate native resource ownership
  * Record Xcode toolchain and exact source
  * Run iOS simulator tests, Apple static analysis, and release linkage gates
  * Stop Gradle after apple-aggregate and retire owned Apple resources
  * Validate iOS plist and privacy manifest
  * Claim apple-ui native resource ownership
  * Verify effective Debug and Release application identities
  * Launch Swift host and Compose root on iOS Simulator
  * Stop Gradle after apple-ui and retire owned Apple resources
  * Claim apple-wrapper native resource ownership
  * Build unsigned Swift Release wrapper
  * Stop Gradle after apple-wrapper and retire owned Apple resources
  * Inspect complete unsigned iOS Release package
  * Upload Apple verification evidence
  * Clean only attested verification outputs
  * Upload verification cleanup receipt
  * Post Set up JDK 21
  * Post Check out source
- Common, desktop, and Android release in 0s (ID 102760769810)
- Desktop and Kotlin Native strict verification (macOS x64) in 0s (ID 102760769952)
- Desktop strict verification (Linux arm64) in 0s (ID 102760770021)
- Desktop, Kotlin Native, and Android resources strict verification (Windows x64) (ID 102760770083)
Refreshing run status every 30 seconds. Press Ctrl+C to quit.

* fix/local-readiness-2026-09-07 Production verification · 34442662032
Triggered via workflow_dispatch about 51 minutes ago

JOBS
* iOS tests, release frameworks, and Swift wrapper (ID 102760768928)
  ✓ Set up job
  ✓ Start focused native job clock
  ✓ Check out source
  ✓ Validate verification scope
  ✓ Set up JDK 21
  * Run focused native continuation
  * Upload focused native evidence
  * Verify focused native cleanup and uploaded custody
  * Upload native continuation cleanup receipt
  * Observe hosted native processes without an app build
  * Upload bounded process-probe evidence
  * Verify process-probe cleanup and uploaded custody
  * Upload process-probe cleanup receipt
  * Claim fresh verification output ownership
  * Claim apple-aggregate native resource ownership
  * Record Xcode toolchain and exact source
  * Run iOS simulator tests, Apple static analysis, and release linkage gates
  * Stop Gradle after apple-aggregate and retire owned Apple resources
  * Validate iOS plist and privacy manifest
  * Claim apple-ui native resource ownership
  * Verify effective Debug and Release application identities
  * Launch Swift host and Compose root on iOS Simulator
  * Stop Gradle after apple-ui and retire owned Apple resources
  * Claim apple-wrapper native resource ownership
  * Build unsigned Swift Release wrapper
  * Stop Gradle after apple-wrapper and retire owned Apple resources
  * Inspect complete unsigned iOS Release package
  * Upload Apple verification evidence
  * Clean only attested verification outputs
  * Upload verification cleanup receipt
  * Post Set up JDK 21
  * Post Check out source
- Common, desktop, and Android release in 0s (ID 102760769810)
- Desktop and Kotlin Native strict verification (macOS x64) in 0s (ID 102760769952)
- Desktop strict verification (Linux arm64) in 0s (ID 102760770021)
- Desktop, Kotlin Native, and Android resources strict verification (Windows x64) (ID 102760770083)
Refreshing run status every 30 seconds. Press Ctrl+C to quit.

* fix/local-readiness-2026-09-07 Production verification · 34442662032
Triggered via workflow_dispatch about 51 minutes ago

JOBS
* iOS tests, release frameworks, and Swift wrapper (ID 102760768928)
  ✓ Set up job
  ✓ Start focused native job clock
  ✓ Check out source
  ✓ Validate verification scope
  ✓ Set up JDK 21
  * Run focused native continuation
  * Upload focused native evidence
  * Verify focused native cleanup and uploaded custody
  * Upload native continuation cleanup receipt
  * Observe hosted native processes without an app build
  * Upload bounded process-probe evidence
  * Verify process-probe cleanup and uploaded custody
  * Upload process-probe cleanup receipt
  * Claim fresh verification output ownership
  * Claim apple-aggregate native resource ownership
  * Record Xcode toolchain and exact source
  * Run iOS simulator tests, Apple static analysis, and release linkage gates
  * Stop Gradle after apple-aggregate and retire owned Apple resources
  * Validate iOS plist and privacy manifest
  * Claim apple-ui native resource ownership
  * Verify effective Debug and Release application identities
  * Launch Swift host and Compose root on iOS Simulator
  * Stop Gradle after apple-ui and retire owned Apple resources
  * Claim apple-wrapper native resource ownership
  * Build unsigned Swift Release wrapper
  * Stop Gradle after apple-wrapper and retire owned Apple resources
  * Inspect complete unsigned iOS Release package
  * Upload Apple verification evidence
  * Clean only attested verification outputs
  * Upload verification cleanup receipt
  * Post Set up JDK 21
  * Post Check out source
- Common, desktop, and Android release in 0s (ID 102760769810)
- Desktop and Kotlin Native strict verification (macOS x64) in 0s (ID 102760769952)
- Desktop strict verification (Linux arm64) in 0s (ID 102760770021)
- Desktop, Kotlin Native, and Android resources strict verification (Windows x64) (ID 102760770083)
Refreshing run status every 30 seconds. Press Ctrl+C to quit.

* fix/local-readiness-2026-09-07 Production verification · 34442662032
Triggered via workflow_dispatch about 52 minutes ago

JOBS
* iOS tests, release frameworks, and Swift wrapper (ID 102760768928)
  ✓ Set up job
  ✓ Start focused native job clock
  ✓ Check out source
  ✓ Validate verification scope
  ✓ Set up JDK 21
  * Run focused native continuation
  * Upload focused native evidence
  * Verify focused native cleanup and uploaded custody
  * Upload native continuation cleanup receipt
  * Observe hosted native processes without an app build
  * Upload bounded process-probe evidence
  * Verify process-probe cleanup and uploaded custody
  * Upload process-probe cleanup receipt
  * Claim fresh verification output ownership
  * Claim apple-aggregate native resource ownership
  * Record Xcode toolchain and exact source
  * Run iOS simulator tests, Apple static analysis, and release linkage gates
  * Stop Gradle after apple-aggregate and retire owned Apple resources
  * Validate iOS plist and privacy manifest
  * Claim apple-ui native resource ownership
  * Verify effective Debug and Release application identities
  * Launch Swift host and Compose root on iOS Simulator
  * Stop Gradle after apple-ui and retire owned Apple resources
  * Claim apple-wrapper native resource ownership
  * Build unsigned Swift Release wrapper
  * Stop Gradle after apple-wrapper and retire owned Apple resources
  * Inspect complete unsigned iOS Release package
  * Upload Apple verification evidence
  * Clean only attested verification outputs
  * Upload verification cleanup receipt
  * Post Set up JDK 21
  * Post Check out source
- Common, desktop, and Android release in 0s (ID 102760769810)
- Desktop and Kotlin Native strict verification (macOS x64) in 0s (ID 102760769952)
- Desktop strict verification (Linux arm64) in 0s (ID 102760770021)
- Desktop, Kotlin Native, and Android resources strict verification (Windows x64) (ID 102760770083)
Refreshing run status every 30 seconds. Press Ctrl+C to quit.

* fix/local-readiness-2026-09-07 Production verification · 34442662032
Triggered via workflow_dispatch about 52 minutes ago

JOBS
* iOS tests, release frameworks, and Swift wrapper (ID 102760768928)
  ✓ Set up job
  ✓ Start focused native job clock
  ✓ Check out source
  ✓ Validate verification scope
  ✓ Set up JDK 21
  * Run focused native continuation
  * Upload focused native evidence
  * Verify focused native cleanup and uploaded custody
  * Upload native continuation cleanup receipt
  * Observe hosted native processes without an app build
  * Upload bounded process-probe evidence
  * Verify process-probe cleanup and uploaded custody
  * Upload process-probe cleanup receipt
  * Claim fresh verification output ownership
  * Claim apple-aggregate native resource ownership
  * Record Xcode toolchain and exact source
  * Run iOS simulator tests, Apple static analysis, and release linkage gates
  * Stop Gradle after apple-aggregate and retire owned Apple resources
  * Validate iOS plist and privacy manifest
  * Claim apple-ui native resource ownership
  * Verify effective Debug and Release application identities
  * Launch Swift host and Compose root on iOS Simulator
  * Stop Gradle after apple-ui and retire owned Apple resources
  * Claim apple-wrapper native resource ownership
  * Build unsigned Swift Release wrapper
  * Stop Gradle after apple-wrapper and retire owned Apple resources
  * Inspect complete unsigned iOS Release package
  * Upload Apple verification evidence
  * Clean only attested verification outputs
  * Upload verification cleanup receipt
  * Post Set up JDK 21
  * Post Check out source
- Common, desktop, and Android release in 0s (ID 102760769810)
- Desktop and Kotlin Native strict verification (macOS x64) in 0s (ID 102760769952)
- Desktop strict verification (Linux arm64) in 0s (ID 102760770021)
- Desktop, Kotlin Native, and Android resources strict verification (Windows x64) (ID 102760770083)
Refreshing run status every 30 seconds. Press Ctrl+C to quit.

* fix/local-readiness-2026-09-07 Production verification · 34442662032
Triggered via workflow_dispatch about 53 minutes ago

JOBS
* iOS tests, release frameworks, and Swift wrapper (ID 102760768928)
  ✓ Set up job
  ✓ Start focused native job clock
  ✓ Check out source
  ✓ Validate verification scope
  ✓ Set up JDK 21
  * Run focused native continuation
  * Upload focused native evidence
  * Verify focused native cleanup and uploaded custody
  * Upload native continuation cleanup receipt
  * Observe hosted native processes without an app build
  * Upload bounded process-probe evidence
  * Verify process-probe cleanup and uploaded custody
  * Upload process-probe cleanup receipt
  * Claim fresh verification output ownership
  * Claim apple-aggregate native resource ownership
  * Record Xcode toolchain and exact source
  * Run iOS simulator tests, Apple static analysis, and release linkage gates
  * Stop Gradle after apple-aggregate and retire owned Apple resources
  * Validate iOS plist and privacy manifest
  * Claim apple-ui native resource ownership
  * Verify effective Debug and Release application identities
  * Launch Swift host and Compose root on iOS Simulator
  * Stop Gradle after apple-ui and retire owned Apple resources
  * Claim apple-wrapper native resource ownership
  * Build unsigned Swift Release wrapper
  * Stop Gradle after apple-wrapper and retire owned Apple resources
  * Inspect complete unsigned iOS Release package
  * Upload Apple verification evidence
  * Clean only attested verification outputs
  * Upload verification cleanup receipt
  * Post Set up JDK 21
  * Post Check out source
- Common, desktop, and Android release in 0s (ID 102760769810)
- Desktop and Kotlin Native strict verification (macOS x64) in 0s (ID 102760769952)
- Desktop strict verification (Linux arm64) in 0s (ID 102760770021)
- Desktop, Kotlin Native, and Android resources strict verification (Windows x64) (ID 102760770083)
Refreshing run status every 30 seconds. Press Ctrl+C to quit.

* fix/local-readiness-2026-09-07 Production verification · 34442662032
Triggered via workflow_dispatch about 53 minutes ago

JOBS
* iOS tests, release frameworks, and Swift wrapper (ID 102760768928)
  ✓ Set up job
  ✓ Start focused native job clock
  ✓ Check out source
  ✓ Validate verification scope
  ✓ Set up JDK 21
  * Run focused native continuation
  * Upload focused native evidence
  * Verify focused native cleanup and uploaded custody
  * Upload native continuation cleanup receipt
  * Observe hosted native processes without an app build
  * Upload bounded process-probe evidence
  * Verify process-probe cleanup and uploaded custody
  * Upload process-probe cleanup receipt
  * Claim fresh verification output ownership
  * Claim apple-aggregate native resource ownership
  * Record Xcode toolchain and exact source
  * Run iOS simulator tests, Apple static analysis, and release linkage gates
  * Stop Gradle after apple-aggregate and retire owned Apple resources
  * Validate iOS plist and privacy manifest
  * Claim apple-ui native resource ownership
  * Verify effective Debug and Release application identities
  * Launch Swift host and Compose root on iOS Simulator
  * Stop Gradle after apple-ui and retire owned Apple resources
  * Claim apple-wrapper native resource ownership
  * Build unsigned Swift Release wrapper
  * Stop Gradle after apple-wrapper and retire owned Apple resources
  * Inspect complete unsigned iOS Release package
  * Upload Apple verification evidence
  * Clean only attested verification outputs
  * Upload verification cleanup receipt
  * Post Set up JDK 21
  * Post Check out source
- Common, desktop, and Android release in 0s (ID 102760769810)
- Desktop and Kotlin Native strict verification (macOS x64) in 0s (ID 102760769952)
- Desktop strict verification (Linux arm64) in 0s (ID 102760770021)
- Desktop, Kotlin Native, and Android resources strict verification (Windows x64) (ID 102760770083)
Refreshing run status every 30 seconds. Press Ctrl+C to quit.

* fix/local-readiness-2026-09-07 Production verification · 34442662032
Triggered via workflow_dispatch about 54 minutes ago

JOBS
* iOS tests, release frameworks, and Swift wrapper (ID 102760768928)
  ✓ Set up job
  ✓ Start focused native job clock
  ✓ Check out source
  ✓ Validate verification scope
  ✓ Set up JDK 21
  * Run focused native continuation
  * Upload focused native evidence
  * Verify focused native cleanup and uploaded custody
  * Upload native continuation cleanup receipt
  * Observe hosted native processes without an app build
  * Upload bounded process-probe evidence
  * Verify process-probe cleanup and uploaded custody
  * Upload process-probe cleanup receipt
  * Claim fresh verification output ownership
  * Claim apple-aggregate native resource ownership
  * Record Xcode toolchain and exact source
  * Run iOS simulator tests, Apple static analysis, and release linkage gates
  * Stop Gradle after apple-aggregate and retire owned Apple resources
  * Validate iOS plist and privacy manifest
  * Claim apple-ui native resource ownership
  * Verify effective Debug and Release application identities
  * Launch Swift host and Compose root on iOS Simulator
  * Stop Gradle after apple-ui and retire owned Apple resources
  * Claim apple-wrapper native resource ownership
  * Build unsigned Swift Release wrapper
  * Stop Gradle after apple-wrapper and retire owned Apple resources
  * Inspect complete unsigned iOS Release package
  * Upload Apple verification evidence
  * Clean only attested verification outputs
  * Upload verification cleanup receipt
  * Post Set up JDK 21
  * Post Check out source
- Common, desktop, and Android release in 0s (ID 102760769810)
- Desktop and Kotlin Native strict verification (macOS x64) in 0s (ID 102760769952)
- Desktop strict verification (Linux arm64) in 0s (ID 102760770021)
- Desktop, Kotlin Native, and Android resources strict verification (Windows x64) (ID 102760770083)
Refreshing run status every 30 seconds. Press Ctrl+C to quit.

* fix/local-readiness-2026-09-07 Production verification · 34442662032
Triggered via workflow_dispatch about 54 minutes ago

JOBS
* iOS tests, release frameworks, and Swift wrapper (ID 102760768928)
  ✓ Set up job
  ✓ Start focused native job clock
  ✓ Check out source
  ✓ Validate verification scope
  ✓ Set up JDK 21
  * Run focused native continuation
  * Upload focused native evidence
  * Verify focused native cleanup and uploaded custody
  * Upload native continuation cleanup receipt
  * Observe hosted native processes without an app build
  * Upload bounded process-probe evidence
  * Verify process-probe cleanup and uploaded custody
  * Upload process-probe cleanup receipt
  * Claim fresh verification output ownership
  * Claim apple-aggregate native resource ownership
  * Record Xcode toolchain and exact source
  * Run iOS simulator tests, Apple static analysis, and release linkage gates
  * Stop Gradle after apple-aggregate and retire owned Apple resources
  * Validate iOS plist and privacy manifest
  * Claim apple-ui native resource ownership
  * Verify effective Debug and Release application identities
  * Launch Swift host and Compose root on iOS Simulator
  * Stop Gradle after apple-ui and retire owned Apple resources
  * Claim apple-wrapper native resource ownership
  * Build unsigned Swift Release wrapper
  * Stop Gradle after apple-wrapper and retire owned Apple resources
  * Inspect complete unsigned iOS Release package
  * Upload Apple verification evidence
  * Clean only attested verification outputs
  * Upload verification cleanup receipt
  * Post Set up JDK 21
  * Post Check out source
- Common, desktop, and Android release in 0s (ID 102760769810)
- Desktop and Kotlin Native strict verification (macOS x64) in 0s (ID 102760769952)
- Desktop strict verification (Linux arm64) in 0s (ID 102760770021)
- Desktop, Kotlin Native, and Android resources strict verification (Windows x64) (ID 102760770083)
Refreshing run status every 30 seconds. Press Ctrl+C to quit.

* fix/local-readiness-2026-09-07 Production verification · 34442662032
Triggered via workflow_dispatch about 55 minutes ago

JOBS
* iOS tests, release frameworks, and Swift wrapper (ID 102760768928)
  ✓ Set up job
  ✓ Start focused native job clock
  ✓ Check out source
  ✓ Validate verification scope
  ✓ Set up JDK 21
  * Run focused native continuation
  * Upload focused native evidence
  * Verify focused native cleanup and uploaded custody
  * Upload native continuation cleanup receipt
  * Observe hosted native processes without an app build
  * Upload bounded process-probe evidence
  * Verify process-probe cleanup and uploaded custody
  * Upload process-probe cleanup receipt
  * Claim fresh verification output ownership
  * Claim apple-aggregate native resource ownership
  * Record Xcode toolchain and exact source
  * Run iOS simulator tests, Apple static analysis, and release linkage gates
  * Stop Gradle after apple-aggregate and retire owned Apple resources
  * Validate iOS plist and privacy manifest
  * Claim apple-ui native resource ownership
  * Verify effective Debug and Release application identities
  * Launch Swift host and Compose root on iOS Simulator
  * Stop Gradle after apple-ui and retire owned Apple resources
  * Claim apple-wrapper native resource ownership
  * Build unsigned Swift Release wrapper
  * Stop Gradle after apple-wrapper and retire owned Apple resources
  * Inspect complete unsigned iOS Release package
  * Upload Apple verification evidence
  * Clean only attested verification outputs
  * Upload verification cleanup receipt
  * Post Set up JDK 21
  * Post Check out source
- Common, desktop, and Android release in 0s (ID 102760769810)
- Desktop and Kotlin Native strict verification (macOS x64) in 0s (ID 102760769952)
- Desktop strict verification (Linux arm64) in 0s (ID 102760770021)
- Desktop, Kotlin Native, and Android resources strict verification (Windows x64) (ID 102760770083)
Refreshing run status every 30 seconds. Press Ctrl+C to quit.

* fix/local-readiness-2026-09-07 Production verification · 34442662032
Triggered via workflow_dispatch about 55 minutes ago

JOBS
* iOS tests, release frameworks, and Swift wrapper (ID 102760768928)
  ✓ Set up job
  ✓ Start focused native job clock
  ✓ Check out source
  ✓ Validate verification scope
  ✓ Set up JDK 21
  * Run focused native continuation
  * Upload focused native evidence
  * Verify focused native cleanup and uploaded custody
  * Upload native continuation cleanup receipt
  * Observe hosted native processes without an app build
  * Upload bounded process-probe evidence
  * Verify process-probe cleanup and uploaded custody
  * Upload process-probe cleanup receipt
  * Claim fresh verification output ownership
  * Claim apple-aggregate native resource ownership
  * Record Xcode toolchain and exact source
  * Run iOS simulator tests, Apple static analysis, and release linkage gates
  * Stop Gradle after apple-aggregate and retire owned Apple resources
  * Validate iOS plist and privacy manifest
  * Claim apple-ui native resource ownership
  * Verify effective Debug and Release application identities
  * Launch Swift host and Compose root on iOS Simulator
  * Stop Gradle after apple-ui and retire owned Apple resources
  * Claim apple-wrapper native resource ownership
  * Build unsigned Swift Release wrapper
  * Stop Gradle after apple-wrapper and retire owned Apple resources
  * Inspect complete unsigned iOS Release package
  * Upload Apple verification evidence
  * Clean only attested verification outputs
  * Upload verification cleanup receipt
  * Post Set up JDK 21
  * Post Check out source
- Common, desktop, and Android release in 0s (ID 102760769810)
- Desktop and Kotlin Native strict verification (macOS x64) in 0s (ID 102760769952)
- Desktop strict verification (Linux arm64) in 0s (ID 102760770021)
- Desktop, Kotlin Native, and Android resources strict verification (Windows x64) (ID 102760770083)
Refreshing run status every 30 seconds. Press Ctrl+C to quit.

* fix/local-readiness-2026-09-07 Production verification · 34442662032
Triggered via workflow_dispatch about 56 minutes ago

JOBS
* iOS tests, release frameworks, and Swift wrapper (ID 102760768928)
  ✓ Set up job
  ✓ Start focused native job clock
  ✓ Check out source
  ✓ Validate verification scope
  ✓ Set up JDK 21
  * Run focused native continuation
  * Upload focused native evidence
  * Verify focused native cleanup and uploaded custody
  * Upload native continuation cleanup receipt
  * Observe hosted native processes without an app build
  * Upload bounded process-probe evidence
  * Verify process-probe cleanup and uploaded custody
  * Upload process-probe cleanup receipt
  * Claim fresh verification output ownership
  * Claim apple-aggregate native resource ownership
  * Record Xcode toolchain and exact source
  * Run iOS simulator tests, Apple static analysis, and release linkage gates
  * Stop Gradle after apple-aggregate and retire owned Apple resources
  * Validate iOS plist and privacy manifest
  * Claim apple-ui native resource ownership
  * Verify effective Debug and Release application identities
  * Launch Swift host and Compose root on iOS Simulator
  * Stop Gradle after apple-ui and retire owned Apple resources
  * Claim apple-wrapper native resource ownership
  * Build unsigned Swift Release wrapper
  * Stop Gradle after apple-wrapper and retire owned Apple resources
  * Inspect complete unsigned iOS Release package
  * Upload Apple verification evidence
  * Clean only attested verification outputs
  * Upload verification cleanup receipt
  * Post Set up JDK 21
  * Post Check out source
- Common, desktop, and Android release in 0s (ID 102760769810)
- Desktop and Kotlin Native strict verification (macOS x64) in 0s (ID 102760769952)
- Desktop strict verification (Linux arm64) in 0s (ID 102760770021)
- Desktop, Kotlin Native, and Android resources strict verification (Windows x64) (ID 102760770083)
Refreshing run status every 30 seconds. Press Ctrl+C to quit.

* fix/local-readiness-2026-09-07 Production verification · 34442662032
Triggered via workflow_dispatch about 56 minutes ago

JOBS
* iOS tests, release frameworks, and Swift wrapper (ID 102760768928)
  ✓ Set up job
  ✓ Start focused native job clock
  ✓ Check out source
  ✓ Validate verification scope
  ✓ Set up JDK 21
  * Run focused native continuation
  * Upload focused native evidence
  * Verify focused native cleanup and uploaded custody
  * Upload native continuation cleanup receipt
  * Observe hosted native processes without an app build
  * Upload bounded process-probe evidence
  * Verify process-probe cleanup and uploaded custody
  * Upload process-probe cleanup receipt
  * Claim fresh verification output ownership
  * Claim apple-aggregate native resource ownership
  * Record Xcode toolchain and exact source
  * Run iOS simulator tests, Apple static analysis, and release linkage gates
  * Stop Gradle after apple-aggregate and retire owned Apple resources
  * Validate iOS plist and privacy manifest
  * Claim apple-ui native resource ownership
  * Verify effective Debug and Release application identities
  * Launch Swift host and Compose root on iOS Simulator
  * Stop Gradle after apple-ui and retire owned Apple resources
  * Claim apple-wrapper native resource ownership
  * Build unsigned Swift Release wrapper
  * Stop Gradle after apple-wrapper and retire owned Apple resources
  * Inspect complete unsigned iOS Release package
  * Upload Apple verification evidence
  * Clean only attested verification outputs
  * Upload verification cleanup receipt
  * Post Set up JDK 21
  * Post Check out source
- Common, desktop, and Android release in 0s (ID 102760769810)
- Desktop and Kotlin Native strict verification (macOS x64) in 0s (ID 102760769952)
- Desktop strict verification (Linux arm64) in 0s (ID 102760770021)
- Desktop, Kotlin Native, and Android resources strict verification (Windows x64) (ID 102760770083)
Refreshing run status every 30 seconds. Press Ctrl+C to quit.

* fix/local-readiness-2026-09-07 Production verification · 34442662032
Triggered via workflow_dispatch about 57 minutes ago

JOBS
* iOS tests, release frameworks, and Swift wrapper (ID 102760768928)
  ✓ Set up job
  ✓ Start focused native job clock
  ✓ Check out source
  ✓ Validate verification scope
  ✓ Set up JDK 21
  * Run focused native continuation
  * Upload focused native evidence
  * Verify focused native cleanup and uploaded custody
  * Upload native continuation cleanup receipt
  * Observe hosted native processes without an app build
  * Upload bounded process-probe evidence
  * Verify process-probe cleanup and uploaded custody
  * Upload process-probe cleanup receipt
  * Claim fresh verification output ownership
  * Claim apple-aggregate native resource ownership
  * Record Xcode toolchain and exact source
  * Run iOS simulator tests, Apple static analysis, and release linkage gates
  * Stop Gradle after apple-aggregate and retire owned Apple resources
  * Validate iOS plist and privacy manifest
  * Claim apple-ui native resource ownership
  * Verify effective Debug and Release application identities
  * Launch Swift host and Compose root on iOS Simulator
  * Stop Gradle after apple-ui and retire owned Apple resources
  * Claim apple-wrapper native resource ownership
  * Build unsigned Swift Release wrapper
  * Stop Gradle after apple-wrapper and retire owned Apple resources
  * Inspect complete unsigned iOS Release package
  * Upload Apple verification evidence
  * Clean only attested verification outputs
  * Upload verification cleanup receipt
  * Post Set up JDK 21
  * Post Check out source
- Common, desktop, and Android release in 0s (ID 102760769810)
- Desktop and Kotlin Native strict verification (macOS x64) in 0s (ID 102760769952)
- Desktop strict verification (Linux arm64) in 0s (ID 102760770021)
- Desktop, Kotlin Native, and Android resources strict verification (Windows x64) (ID 102760770083)
Refreshing run status every 30 seconds. Press Ctrl+C to quit.

* fix/local-readiness-2026-09-07 Production verification · 34442662032
Triggered via workflow_dispatch about 57 minutes ago

JOBS
* iOS tests, release frameworks, and Swift wrapper (ID 102760768928)
  ✓ Set up job
  ✓ Start focused native job clock
  ✓ Check out source
  ✓ Validate verification scope
  ✓ Set up JDK 21
  * Run focused native continuation
  * Upload focused native evidence
  * Verify focused native cleanup and uploaded custody
  * Upload native continuation cleanup receipt
  * Observe hosted native processes without an app build
  * Upload bounded process-probe evidence
  * Verify process-probe cleanup and uploaded custody
  * Upload process-probe cleanup receipt
  * Claim fresh verification output ownership
  * Claim apple-aggregate native resource ownership
  * Record Xcode toolchain and exact source
  * Run iOS simulator tests, Apple static analysis, and release linkage gates
  * Stop Gradle after apple-aggregate and retire owned Apple resources
  * Validate iOS plist and privacy manifest
  * Claim apple-ui native resource ownership
  * Verify effective Debug and Release application identities
  * Launch Swift host and Compose root on iOS Simulator
  * Stop Gradle after apple-ui and retire owned Apple resources
  * Claim apple-wrapper native resource ownership
  * Build unsigned Swift Release wrapper
  * Stop Gradle after apple-wrapper and retire owned Apple resources
  * Inspect complete unsigned iOS Release package
  * Upload Apple verification evidence
  * Clean only attested verification outputs
  * Upload verification cleanup receipt
  * Post Set up JDK 21
  * Post Check out source
- Common, desktop, and Android release in 0s (ID 102760769810)
- Desktop and Kotlin Native strict verification (macOS x64) in 0s (ID 102760769952)
- Desktop strict verification (Linux arm64) in 0s (ID 102760770021)
- Desktop, Kotlin Native, and Android resources strict verification (Windows x64) (ID 102760770083)
Refreshing run status every 30 seconds. Press Ctrl+C to quit.

* fix/local-readiness-2026-09-07 Production verification · 34442662032
Triggered via workflow_dispatch about 58 minutes ago

JOBS
* iOS tests, release frameworks, and Swift wrapper (ID 102760768928)
  ✓ Set up job
  ✓ Start focused native job clock
  ✓ Check out source
  ✓ Validate verification scope
  ✓ Set up JDK 21
  * Run focused native continuation
  * Upload focused native evidence
  * Verify focused native cleanup and uploaded custody
  * Upload native continuation cleanup receipt
  * Observe hosted native processes without an app build
  * Upload bounded process-probe evidence
  * Verify process-probe cleanup and uploaded custody
  * Upload process-probe cleanup receipt
  * Claim fresh verification output ownership
  * Claim apple-aggregate native resource ownership
  * Record Xcode toolchain and exact source
  * Run iOS simulator tests, Apple static analysis, and release linkage gates
  * Stop Gradle after apple-aggregate and retire owned Apple resources
  * Validate iOS plist and privacy manifest
  * Claim apple-ui native resource ownership
  * Verify effective Debug and Release application identities
  * Launch Swift host and Compose root on iOS Simulator
  * Stop Gradle after apple-ui and retire owned Apple resources
  * Claim apple-wrapper native resource ownership
  * Build unsigned Swift Release wrapper
  * Stop Gradle after apple-wrapper and retire owned Apple resources
  * Inspect complete unsigned iOS Release package
  * Upload Apple verification evidence
  * Clean only attested verification outputs
  * Upload verification cleanup receipt
  * Post Set up JDK 21
  * Post Check out source
- Common, desktop, and Android release in 0s (ID 102760769810)
- Desktop and Kotlin Native strict verification (macOS x64) in 0s (ID 102760769952)
- Desktop strict verification (Linux arm64) in 0s (ID 102760770021)
- Desktop, Kotlin Native, and Android resources strict verification (Windows x64) (ID 102760770083)
Refreshing run status every 30 seconds. Press Ctrl+C to quit.

* fix/local-readiness-2026-09-07 Production verification · 34442662032
Triggered via workflow_dispatch about 58 minutes ago

JOBS
* iOS tests, release frameworks, and Swift wrapper (ID 102760768928)
  ✓ Set up job
  ✓ Start focused native job clock
  ✓ Check out source
  ✓ Validate verification scope
  ✓ Set up JDK 21
  * Run focused native continuation
  * Upload focused native evidence
  * Verify focused native cleanup and uploaded custody
  * Upload native continuation cleanup receipt
  * Observe hosted native processes without an app build
  * Upload bounded process-probe evidence
  * Verify process-probe cleanup and uploaded custody
  * Upload process-probe cleanup receipt
  * Claim fresh verification output ownership
  * Claim apple-aggregate native resource ownership
  * Record Xcode toolchain and exact source
  * Run iOS simulator tests, Apple static analysis, and release linkage gates
  * Stop Gradle after apple-aggregate and retire owned Apple resources
  * Validate iOS plist and privacy manifest
  * Claim apple-ui native resource ownership
  * Verify effective Debug and Release application identities
  * Launch Swift host and Compose root on iOS Simulator
  * Stop Gradle after apple-ui and retire owned Apple resources
  * Claim apple-wrapper native resource ownership
  * Build unsigned Swift Release wrapper
  * Stop Gradle after apple-wrapper and retire owned Apple resources
  * Inspect complete unsigned iOS Release package
  * Upload Apple verification evidence
  * Clean only attested verification outputs
  * Upload verification cleanup receipt
  * Post Set up JDK 21
  * Post Check out source
- Common, desktop, and Android release in 0s (ID 102760769810)
- Desktop and Kotlin Native strict verification (macOS x64) in 0s (ID 102760769952)
- Desktop strict verification (Linux arm64) in 0s (ID 102760770021)
- Desktop, Kotlin Native, and Android resources strict verification (Windows x64) (ID 102760770083)
Refreshing run status every 30 seconds. Press Ctrl+C to quit.

* fix/local-readiness-2026-09-07 Production verification · 34442662032
Triggered via workflow_dispatch about 59 minutes ago

JOBS
* iOS tests, release frameworks, and Swift wrapper (ID 102760768928)
  ✓ Set up job
  ✓ Start focused native job clock
  ✓ Check out source
  ✓ Validate verification scope
  ✓ Set up JDK 21
  * Run focused native continuation
  * Upload focused native evidence
  * Verify focused native cleanup and uploaded custody
  * Upload native continuation cleanup receipt
  * Observe hosted native processes without an app build
  * Upload bounded process-probe evidence
  * Verify process-probe cleanup and uploaded custody
  * Upload process-probe cleanup receipt
  * Claim fresh verification output ownership
  * Claim apple-aggregate native resource ownership
  * Record Xcode toolchain and exact source
  * Run iOS simulator tests, Apple static analysis, and release linkage gates
  * Stop Gradle after apple-aggregate and retire owned Apple resources
  * Validate iOS plist and privacy manifest
  * Claim apple-ui native resource ownership
  * Verify effective Debug and Release application identities
  * Launch Swift host and Compose root on iOS Simulator
  * Stop Gradle after apple-ui and retire owned Apple resources
  * Claim apple-wrapper native resource ownership
  * Build unsigned Swift Release wrapper
  * Stop Gradle after apple-wrapper and retire owned Apple resources
  * Inspect complete unsigned iOS Release package
  * Upload Apple verification evidence
  * Clean only attested verification outputs
  * Upload verification cleanup receipt
  * Post Set up JDK 21
  * Post Check out source
- Common, desktop, and Android release in 0s (ID 102760769810)
- Desktop and Kotlin Native strict verification (macOS x64) in 0s (ID 102760769952)
- Desktop strict verification (Linux arm64) in 0s (ID 102760770021)
- Desktop, Kotlin Native, and Android resources strict verification (Windows x64) (ID 102760770083)
Refreshing run status every 30 seconds. Press Ctrl+C to quit.

* fix/local-readiness-2026-09-07 Production verification · 34442662032
Triggered via workflow_dispatch about 59 minutes ago

JOBS
* iOS tests, release frameworks, and Swift wrapper (ID 102760768928)
  ✓ Set up job
  ✓ Start focused native job clock
  ✓ Check out source
  ✓ Validate verification scope
  ✓ Set up JDK 21
  * Run focused native continuation
  * Upload focused native evidence
  * Verify focused native cleanup and uploaded custody
  * Upload native continuation cleanup receipt
  * Observe hosted native processes without an app build
  * Upload bounded process-probe evidence
  * Verify process-probe cleanup and uploaded custody
  * Upload process-probe cleanup receipt
  * Claim fresh verification output ownership
  * Claim apple-aggregate native resource ownership
  * Record Xcode toolchain and exact source
  * Run iOS simulator tests, Apple static analysis, and release linkage gates
  * Stop Gradle after apple-aggregate and retire owned Apple resources
  * Validate iOS plist and privacy manifest
  * Claim apple-ui native resource ownership
  * Verify effective Debug and Release application identities
  * Launch Swift host and Compose root on iOS Simulator
  * Stop Gradle after apple-ui and retire owned Apple resources
  * Claim apple-wrapper native resource ownership
  * Build unsigned Swift Release wrapper
  * Stop Gradle after apple-wrapper and retire owned Apple resources
  * Inspect complete unsigned iOS Release package
  * Upload Apple verification evidence
  * Clean only attested verification outputs
  * Upload verification cleanup receipt
  * Post Set up JDK 21
  * Post Check out source
- Common, desktop, and Android release in 0s (ID 102760769810)
- Desktop and Kotlin Native strict verification (macOS x64) in 0s (ID 102760769952)
- Desktop strict verification (Linux arm64) in 0s (ID 102760770021)
- Desktop, Kotlin Native, and Android resources strict verification (Windows x64) (ID 102760770083)
Refreshing run status every 30 seconds. Press Ctrl+C to quit.

* fix/local-readiness-2026-09-07 Production verification · 34442662032
Triggered via workflow_dispatch about 1 hour ago

JOBS
* iOS tests, release frameworks, and Swift wrapper (ID 102760768928)
  ✓ Set up job
  ✓ Start focused native job clock
  ✓ Check out source
  ✓ Validate verification scope
  ✓ Set up JDK 21
  * Run focused native continuation
  * Upload focused native evidence
  * Verify focused native cleanup and uploaded custody
  * Upload native continuation cleanup receipt
  * Observe hosted native processes without an app build
  * Upload bounded process-probe evidence
  * Verify process-probe cleanup and uploaded custody
  * Upload process-probe cleanup receipt
  * Claim fresh verification output ownership
  * Claim apple-aggregate native resource ownership
  * Record Xcode toolchain and exact source
  * Run iOS simulator tests, Apple static analysis, and release linkage gates
  * Stop Gradle after apple-aggregate and retire owned Apple resources
  * Validate iOS plist and privacy manifest
  * Claim apple-ui native resource ownership
  * Verify effective Debug and Release application identities
  * Launch Swift host and Compose root on iOS Simulator
  * Stop Gradle after apple-ui and retire owned Apple resources
  * Claim apple-wrapper native resource ownership
  * Build unsigned Swift Release wrapper
  * Stop Gradle after apple-wrapper and retire owned Apple resources
  * Inspect complete unsigned iOS Release package
  * Upload Apple verification evidence
  * Clean only attested verification outputs
  * Upload verification cleanup receipt
  * Post Set up JDK 21
  * Post Check out source
- Common, desktop, and Android release in 0s (ID 102760769810)
- Desktop and Kotlin Native strict verification (macOS x64) in 0s (ID 102760769952)
- Desktop strict verification (Linux arm64) in 0s (ID 102760770021)
- Desktop, Kotlin Native, and Android resources strict verification (Windows x64) (ID 102760770083)
Refreshing run status every 30 seconds. Press Ctrl+C to quit.

* fix/local-readiness-2026-09-07 Production verification · 34442662032
Triggered via workflow_dispatch about 1 hour ago

JOBS
* iOS tests, release frameworks, and Swift wrapper (ID 102760768928)
  ✓ Set up job
  ✓ Start focused native job clock
  ✓ Check out source
  ✓ Validate verification scope
  ✓ Set up JDK 21
  * Run focused native continuation
  * Upload focused native evidence
  * Verify focused native cleanup and uploaded custody
  * Upload native continuation cleanup receipt
  * Observe hosted native processes without an app build
  * Upload bounded process-probe evidence
  * Verify process-probe cleanup and uploaded custody
  * Upload process-probe cleanup receipt
  * Claim fresh verification output ownership
  * Claim apple-aggregate native resource ownership
  * Record Xcode toolchain and exact source
  * Run iOS simulator tests, Apple static analysis, and release linkage gates
  * Stop Gradle after apple-aggregate and retire owned Apple resources
  * Validate iOS plist and privacy manifest
  * Claim apple-ui native resource ownership
  * Verify effective Debug and Release application identities
  * Launch Swift host and Compose root on iOS Simulator
  * Stop Gradle after apple-ui and retire owned Apple resources
  * Claim apple-wrapper native resource ownership
  * Build unsigned Swift Release wrapper
  * Stop Gradle after apple-wrapper and retire owned Apple resources
  * Inspect complete unsigned iOS Release package
  * Upload Apple verification evidence
  * Clean only attested verification outputs
  * Upload verification cleanup receipt
  * Post Set up JDK 21
  * Post Check out source
- Common, desktop, and Android release in 0s (ID 102760769810)
- Desktop and Kotlin Native strict verification (macOS x64) in 0s (ID 102760769952)
- Desktop strict verification (Linux arm64) in 0s (ID 102760770021)
- Desktop, Kotlin Native, and Android resources strict verification (Windows x64) (ID 102760770083)
Refreshing run status every 30 seconds. Press Ctrl+C to quit.

* fix/local-readiness-2026-09-07 Production verification · 34442662032
Triggered via workflow_dispatch about 1 hour ago

JOBS
* iOS tests, release frameworks, and Swift wrapper (ID 102760768928)
  ✓ Set up job
  ✓ Start focused native job clock
  ✓ Check out source
  ✓ Validate verification scope
  ✓ Set up JDK 21
  * Run focused native continuation
  * Upload focused native evidence
  * Verify focused native cleanup and uploaded custody
  * Upload native continuation cleanup receipt
  * Observe hosted native processes without an app build
  * Upload bounded process-probe evidence
  * Verify process-probe cleanup and uploaded custody
  * Upload process-probe cleanup receipt
  * Claim fresh verification output ownership
  * Claim apple-aggregate native resource ownership
  * Record Xcode toolchain and exact source
  * Run iOS simulator tests, Apple static analysis, and release linkage gates
  * Stop Gradle after apple-aggregate and retire owned Apple resources
  * Validate iOS plist and privacy manifest
  * Claim apple-ui native resource ownership
  * Verify effective Debug and Release application identities
  * Launch Swift host and Compose root on iOS Simulator
  * Stop Gradle after apple-ui and retire owned Apple resources
  * Claim apple-wrapper native resource ownership
  * Build unsigned Swift Release wrapper
  * Stop Gradle after apple-wrapper and retire owned Apple resources
  * Inspect complete unsigned iOS Release package
  * Upload Apple verification evidence
  * Clean only attested verification outputs
  * Upload verification cleanup receipt
  * Post Set up JDK 21
  * Post Check out source
- Common, desktop, and Android release in 0s (ID 102760769810)
- Desktop and Kotlin Native strict verification (macOS x64) in 0s (ID 102760769952)
- Desktop strict verification (Linux arm64) in 0s (ID 102760770021)
- Desktop, Kotlin Native, and Android resources strict verification (Windows x64) (ID 102760770083)
Refreshing run status every 30 seconds. Press Ctrl+C to quit.

* fix/local-readiness-2026-09-07 Production verification · 34442662032
Triggered via workflow_dispatch about 1 hour ago

JOBS
* iOS tests, release frameworks, and Swift wrapper (ID 102760768928)
  ✓ Set up job
  ✓ Start focused native job clock
  ✓ Check out source
  ✓ Validate verification scope
  ✓ Set up JDK 21
  * Run focused native continuation
  * Upload focused native evidence
  * Verify focused native cleanup and uploaded custody
  * Upload native continuation cleanup receipt
  * Observe hosted native processes without an app build
  * Upload bounded process-probe evidence
  * Verify process-probe cleanup and uploaded custody
  * Upload process-probe cleanup receipt
  * Claim fresh verification output ownership
  * Claim apple-aggregate native resource ownership
  * Record Xcode toolchain and exact source
  * Run iOS simulator tests, Apple static analysis, and release linkage gates
  * Stop Gradle after apple-aggregate and retire owned Apple resources
  * Validate iOS plist and privacy manifest
  * Claim apple-ui native resource ownership
  * Verify effective Debug and Release application identities
  * Launch Swift host and Compose root on iOS Simulator
  * Stop Gradle after apple-ui and retire owned Apple resources
  * Claim apple-wrapper native resource ownership
  * Build unsigned Swift Release wrapper
  * Stop Gradle after apple-wrapper and retire owned Apple resources
  * Inspect complete unsigned iOS Release package
  * Upload Apple verification evidence
  * Clean only attested verification outputs
  * Upload verification cleanup receipt
  * Post Set up JDK 21
  * Post Check out source
- Common, desktop, and Android release in 0s (ID 102760769810)
- Desktop and Kotlin Native strict verification (macOS x64) in 0s (ID 102760769952)
- Desktop strict verification (Linux arm64) in 0s (ID 102760770021)
- Desktop, Kotlin Native, and Android resources strict verification (Windows x64) (ID 102760770083)
Refreshing run status every 30 seconds. Press Ctrl+C to quit.

* fix/local-readiness-2026-09-07 Production verification · 34442662032
Triggered via workflow_dispatch about 1 hour ago

JOBS
* iOS tests, release frameworks, and Swift wrapper (ID 102760768928)
  ✓ Set up job
  ✓ Start focused native job clock
  ✓ Check out source
  ✓ Validate verification scope
  ✓ Set up JDK 21
  * Run focused native continuation
  * Upload focused native evidence
  * Verify focused native cleanup and uploaded custody
  * Upload native continuation cleanup receipt
  * Observe hosted native processes without an app build
  * Upload bounded process-probe evidence
  * Verify process-probe cleanup and uploaded custody
  * Upload process-probe cleanup receipt
  * Claim fresh verification output ownership
  * Claim apple-aggregate native resource ownership
  * Record Xcode toolchain and exact source
  * Run iOS simulator tests, Apple static analysis, and release linkage gates
  * Stop Gradle after apple-aggregate and retire owned Apple resources
  * Validate iOS plist and privacy manifest
  * Claim apple-ui native resource ownership
  * Verify effective Debug and Release application identities
  * Launch Swift host and Compose root on iOS Simulator
  * Stop Gradle after apple-ui and retire owned Apple resources
  * Claim apple-wrapper native resource ownership
  * Build unsigned Swift Release wrapper
  * Stop Gradle after apple-wrapper and retire owned Apple resources
  * Inspect complete unsigned iOS Release package
  * Upload Apple verification evidence
  * Clean only attested verification outputs
  * Upload verification cleanup receipt
  * Post Set up JDK 21
  * Post Check out source
- Common, desktop, and Android release in 0s (ID 102760769810)
- Desktop and Kotlin Native strict verification (macOS x64) in 0s (ID 102760769952)
- Desktop strict verification (Linux arm64) in 0s (ID 102760770021)
- Desktop, Kotlin Native, and Android resources strict verification (Windows x64) (ID 102760770083)
Refreshing run status every 30 seconds. Press Ctrl+C to quit.

* fix/local-readiness-2026-09-07 Production verification · 34442662032
Triggered via workflow_dispatch about 1 hour ago

JOBS
* iOS tests, release frameworks, and Swift wrapper (ID 102760768928)
  ✓ Set up job
  ✓ Start focused native job clock
  ✓ Check out source
  ✓ Validate verification scope
  ✓ Set up JDK 21
  * Run focused native continuation
  * Upload focused native evidence
  * Verify focused native cleanup and uploaded custody
  * Upload native continuation cleanup receipt
  * Observe hosted native processes without an app build
  * Upload bounded process-probe evidence
  * Verify process-probe cleanup and uploaded custody
  * Upload process-probe cleanup receipt
  * Claim fresh verification output ownership
  * Claim apple-aggregate native resource ownership
  * Record Xcode toolchain and exact source
  * Run iOS simulator tests, Apple static analysis, and release linkage gates
  * Stop Gradle after apple-aggregate and retire owned Apple resources
  * Validate iOS plist and privacy manifest
  * Claim apple-ui native resource ownership
  * Verify effective Debug and Release application identities
  * Launch Swift host and Compose root on iOS Simulator
  * Stop Gradle after apple-ui and retire owned Apple resources
  * Claim apple-wrapper native resource ownership
  * Build unsigned Swift Release wrapper
  * Stop Gradle after apple-wrapper and retire owned Apple resources
  * Inspect complete unsigned iOS Release package
  * Upload Apple verification evidence
  * Clean only attested verification outputs
  * Upload verification cleanup receipt
  * Post Set up JDK 21
  * Post Check out source
- Common, desktop, and Android release in 0s (ID 102760769810)
- Desktop and Kotlin Native strict verification (macOS x64) in 0s (ID 102760769952)
- Desktop strict verification (Linux arm64) in 0s (ID 102760770021)
- Desktop, Kotlin Native, and Android resources strict verification (Windows x64) (ID 102760770083)
Refreshing run status every 30 seconds. Press Ctrl+C to quit.

* fix/local-readiness-2026-09-07 Production verification · 34442662032
Triggered via workflow_dispatch about 1 hour ago

JOBS
* iOS tests, release frameworks, and Swift wrapper (ID 102760768928)
  ✓ Set up job
  ✓ Start focused native job clock
  ✓ Check out source
  ✓ Validate verification scope
  ✓ Set up JDK 21
  * Run focused native continuation
  * Upload focused native evidence
  * Verify focused native cleanup and uploaded custody
  * Upload native continuation cleanup receipt
  * Observe hosted native processes without an app build
  * Upload bounded process-probe evidence
  * Verify process-probe cleanup and uploaded custody
  * Upload process-probe cleanup receipt
  * Claim fresh verification output ownership
  * Claim apple-aggregate native resource ownership
  * Record Xcode toolchain and exact source
  * Run iOS simulator tests, Apple static analysis, and release linkage gates
  * Stop Gradle after apple-aggregate and retire owned Apple resources
  * Validate iOS plist and privacy manifest
  * Claim apple-ui native resource ownership
  * Verify effective Debug and Release application identities
  * Launch Swift host and Compose root on iOS Simulator
  * Stop Gradle after apple-ui and retire owned Apple resources
  * Claim apple-wrapper native resource ownership
  * Build unsigned Swift Release wrapper
  * Stop Gradle after apple-wrapper and retire owned Apple resources
  * Inspect complete unsigned iOS Release package
  * Upload Apple verification evidence
  * Clean only attested verification outputs
  * Upload verification cleanup receipt
  * Post Set up JDK 21
  * Post Check out source
- Common, desktop, and Android release in 0s (ID 102760769810)
- Desktop and Kotlin Native strict verification (macOS x64) in 0s (ID 102760769952)
- Desktop strict verification (Linux arm64) in 0s (ID 102760770021)
- Desktop, Kotlin Native, and Android resources strict verification (Windows x64) (ID 102760770083)
Refreshing run status every 30 seconds. Press Ctrl+C to quit.

* fix/local-readiness-2026-09-07 Production verification · 34442662032
Triggered via workflow_dispatch about 1 hour ago

JOBS
* iOS tests, release frameworks, and Swift wrapper (ID 102760768928)
  ✓ Set up job
  ✓ Start focused native job clock
  ✓ Check out source
  ✓ Validate verification scope
  ✓ Set up JDK 21
  * Run focused native continuation
  * Upload focused native evidence
  * Verify focused native cleanup and uploaded custody
  * Upload native continuation cleanup receipt
  * Observe hosted native processes without an app build
  * Upload bounded process-probe evidence
  * Verify process-probe cleanup and uploaded custody
  * Upload process-probe cleanup receipt
  * Claim fresh verification output ownership
  * Claim apple-aggregate native resource ownership
  * Record Xcode toolchain and exact source
  * Run iOS simulator tests, Apple static analysis, and release linkage gates
  * Stop Gradle after apple-aggregate and retire owned Apple resources
  * Validate iOS plist and privacy manifest
  * Claim apple-ui native resource ownership
  * Verify effective Debug and Release application identities
  * Launch Swift host and Compose root on iOS Simulator
  * Stop Gradle after apple-ui and retire owned Apple resources
  * Claim apple-wrapper native resource ownership
  * Build unsigned Swift Release wrapper
  * Stop Gradle after apple-wrapper and retire owned Apple resources
  * Inspect complete unsigned iOS Release package
  * Upload Apple verification evidence
  * Clean only attested verification outputs
  * Upload verification cleanup receipt
  * Post Set up JDK 21
  * Post Check out source
- Common, desktop, and Android release in 0s (ID 102760769810)
- Desktop and Kotlin Native strict verification (macOS x64) in 0s (ID 102760769952)
- Desktop strict verification (Linux arm64) in 0s (ID 102760770021)
- Desktop, Kotlin Native, and Android resources strict verification (Windows x64) (ID 102760770083)
Refreshing run status every 30 seconds. Press Ctrl+C to quit.

* fix/local-readiness-2026-09-07 Production verification · 34442662032
Triggered via workflow_dispatch about 1 hour ago

JOBS
* iOS tests, release frameworks, and Swift wrapper (ID 102760768928)
  ✓ Set up job
  ✓ Start focused native job clock
  ✓ Check out source
  ✓ Validate verification scope
  ✓ Set up JDK 21
  * Run focused native continuation
  * Upload focused native evidence
  * Verify focused native cleanup and uploaded custody
  * Upload native continuation cleanup receipt
  * Observe hosted native processes without an app build
  * Upload bounded process-probe evidence
  * Verify process-probe cleanup and uploaded custody
  * Upload process-probe cleanup receipt
  * Claim fresh verification output ownership
  * Claim apple-aggregate native resource ownership
  * Record Xcode toolchain and exact source
  * Run iOS simulator tests, Apple static analysis, and release linkage gates
  * Stop Gradle after apple-aggregate and retire owned Apple resources
  * Validate iOS plist and privacy manifest
  * Claim apple-ui native resource ownership
  * Verify effective Debug and Release application identities
  * Launch Swift host and Compose root on iOS Simulator
  * Stop Gradle after apple-ui and retire owned Apple resources
  * Claim apple-wrapper native resource ownership
  * Build unsigned Swift Release wrapper
  * Stop Gradle after apple-wrapper and retire owned Apple resources
  * Inspect complete unsigned iOS Release package
  * Upload Apple verification evidence
  * Clean only attested verification outputs
  * Upload verification cleanup receipt
  * Post Set up JDK 21
  * Post Check out source
- Common, desktop, and Android release in 0s (ID 102760769810)
- Desktop and Kotlin Native strict verification (macOS x64) in 0s (ID 102760769952)
- Desktop strict verification (Linux arm64) in 0s (ID 102760770021)
- Desktop, Kotlin Native, and Android resources strict verification (Windows x64) (ID 102760770083)
Refreshing run status every 30 seconds. Press Ctrl+C to quit.

* fix/local-readiness-2026-09-07 Production verification · 34442662032
Triggered via workflow_dispatch about 1 hour ago

JOBS
* iOS tests, release frameworks, and Swift wrapper (ID 102760768928)
  ✓ Set up job
  ✓ Start focused native job clock
  ✓ Check out source
  ✓ Validate verification scope
  ✓ Set up JDK 21
  * Run focused native continuation
  * Upload focused native evidence
  * Verify focused native cleanup and uploaded custody
  * Upload native continuation cleanup receipt
  * Observe hosted native processes without an app build
  * Upload bounded process-probe evidence
  * Verify process-probe cleanup and uploaded custody
  * Upload process-probe cleanup receipt
  * Claim fresh verification output ownership
  * Claim apple-aggregate native resource ownership
  * Record Xcode toolchain and exact source
  * Run iOS simulator tests, Apple static analysis, and release linkage gates
  * Stop Gradle after apple-aggregate and retire owned Apple resources
  * Validate iOS plist and privacy manifest
  * Claim apple-ui native resource ownership
  * Verify effective Debug and Release application identities
  * Launch Swift host and Compose root on iOS Simulator
  * Stop Gradle after apple-ui and retire owned Apple resources
  * Claim apple-wrapper native resource ownership
  * Build unsigned Swift Release wrapper
  * Stop Gradle after apple-wrapper and retire owned Apple resources
  * Inspect complete unsigned iOS Release package
  * Upload Apple verification evidence
  * Clean only attested verification outputs
  * Upload verification cleanup receipt
  * Post Set up JDK 21
  * Post Check out source
- Common, desktop, and Android release in 0s (ID 102760769810)
- Desktop and Kotlin Native strict verification (macOS x64) in 0s (ID 102760769952)
- Desktop strict verification (Linux arm64) in 0s (ID 102760770021)
- Desktop, Kotlin Native, and Android resources strict verification (Windows x64) (ID 102760770083)
Refreshing run status every 30 seconds. Press Ctrl+C to quit.

* fix/local-readiness-2026-09-07 Production verification · 34442662032
Triggered via workflow_dispatch about 1 hour ago

JOBS
* iOS tests, release frameworks, and Swift wrapper (ID 102760768928)
  ✓ Set up job
  ✓ Start focused native job clock
  ✓ Check out source
  ✓ Validate verification scope
  ✓ Set up JDK 21
  * Run focused native continuation
  * Upload focused native evidence
  * Verify focused native cleanup and uploaded custody
  * Upload native continuation cleanup receipt
  * Observe hosted native processes without an app build
  * Upload bounded process-probe evidence
  * Verify process-probe cleanup and uploaded custody
  * Upload process-probe cleanup receipt
  * Claim fresh verification output ownership
  * Claim apple-aggregate native resource ownership
  * Record Xcode toolchain and exact source
  * Run iOS simulator tests, Apple static analysis, and release linkage gates
  * Stop Gradle after apple-aggregate and retire owned Apple resources
  * Validate iOS plist and privacy manifest
  * Claim apple-ui native resource ownership
  * Verify effective Debug and Release application identities
  * Launch Swift host and Compose root on iOS Simulator
  * Stop Gradle after apple-ui and retire owned Apple resources
  * Claim apple-wrapper native resource ownership
  * Build unsigned Swift Release wrapper
  * Stop Gradle after apple-wrapper and retire owned Apple resources
  * Inspect complete unsigned iOS Release package
  * Upload Apple verification evidence
  * Clean only attested verification outputs
  * Upload verification cleanup receipt
  * Post Set up JDK 21
  * Post Check out source
- Common, desktop, and Android release in 0s (ID 102760769810)
- Desktop and Kotlin Native strict verification (macOS x64) in 0s (ID 102760769952)
- Desktop strict verification (Linux arm64) in 0s (ID 102760770021)
- Desktop, Kotlin Native, and Android resources strict verification (Windows x64) (ID 102760770083)
Refreshing run status every 30 seconds. Press Ctrl+C to quit.

* fix/local-readiness-2026-09-07 Production verification · 34442662032
Triggered via workflow_dispatch about 1 hour ago

JOBS
* iOS tests, release frameworks, and Swift wrapper (ID 102760768928)
  ✓ Set up job
  ✓ Start focused native job clock
  ✓ Check out source
  ✓ Validate verification scope
  ✓ Set up JDK 21
  * Run focused native continuation
  * Upload focused native evidence
  * Verify focused native cleanup and uploaded custody
  * Upload native continuation cleanup receipt
  * Observe hosted native processes without an app build
  * Upload bounded process-probe evidence
  * Verify process-probe cleanup and uploaded custody
  * Upload process-probe cleanup receipt
  * Claim fresh verification output ownership
  * Claim apple-aggregate native resource ownership
  * Record Xcode toolchain and exact source
  * Run iOS simulator tests, Apple static analysis, and release linkage gates
  * Stop Gradle after apple-aggregate and retire owned Apple resources
  * Validate iOS plist and privacy manifest
  * Claim apple-ui native resource ownership
  * Verify effective Debug and Release application identities
  * Launch Swift host and Compose root on iOS Simulator
  * Stop Gradle after apple-ui and retire owned Apple resources
  * Claim apple-wrapper native resource ownership
  * Build unsigned Swift Release wrapper
  * Stop Gradle after apple-wrapper and retire owned Apple resources
  * Inspect complete unsigned iOS Release package
  * Upload Apple verification evidence
  * Clean only attested verification outputs
  * Upload verification cleanup receipt
  * Post Set up JDK 21
  * Post Check out source
- Common, desktop, and Android release in 0s (ID 102760769810)
- Desktop and Kotlin Native strict verification (macOS x64) in 0s (ID 102760769952)
- Desktop strict verification (Linux arm64) in 0s (ID 102760770021)
- Desktop, Kotlin Native, and Android resources strict verification (Windows x64) (ID 102760770083)
Refreshing run status every 30 seconds. Press Ctrl+C to quit.

* fix/local-readiness-2026-09-07 Production verification · 34442662032
Triggered via workflow_dispatch about 1 hour ago

JOBS
* iOS tests, release frameworks, and Swift wrapper (ID 102760768928)
  ✓ Set up job
  ✓ Start focused native job clock
  ✓ Check out source
  ✓ Validate verification scope
  ✓ Set up JDK 21
  * Run focused native continuation
  * Upload focused native evidence
  * Verify focused native cleanup and uploaded custody
  * Upload native continuation cleanup receipt
  * Observe hosted native processes without an app build
  * Upload bounded process-probe evidence
  * Verify process-probe cleanup and uploaded custody
  * Upload process-probe cleanup receipt
  * Claim fresh verification output ownership
  * Claim apple-aggregate native resource ownership
  * Record Xcode toolchain and exact source
  * Run iOS simulator tests, Apple static analysis, and release linkage gates
  * Stop Gradle after apple-aggregate and retire owned Apple resources
  * Validate iOS plist and privacy manifest
  * Claim apple-ui native resource ownership
  * Verify effective Debug and Release application identities
  * Launch Swift host and Compose root on iOS Simulator
  * Stop Gradle after apple-ui and retire owned Apple resources
  * Claim apple-wrapper native resource ownership
  * Build unsigned Swift Release wrapper
  * Stop Gradle after apple-wrapper and retire owned Apple resources
  * Inspect complete unsigned iOS Release package
  * Upload Apple verification evidence
  * Clean only attested verification outputs
  * Upload verification cleanup receipt
  * Post Set up JDK 21
  * Post Check out source
- Common, desktop, and Android release in 0s (ID 102760769810)
- Desktop and Kotlin Native strict verification (macOS x64) in 0s (ID 102760769952)
- Desktop strict verification (Linux arm64) in 0s (ID 102760770021)
- Desktop, Kotlin Native, and Android resources strict verification (Windows x64) (ID 102760770083)
Refreshing run status every 30 seconds. Press Ctrl+C to quit.

* fix/local-readiness-2026-09-07 Production verification · 34442662032
Triggered via workflow_dispatch about 1 hour ago

JOBS
* iOS tests, release frameworks, and Swift wrapper (ID 102760768928)
  ✓ Set up job
  ✓ Start focused native job clock
  ✓ Check out source
  ✓ Validate verification scope
  ✓ Set up JDK 21
  * Run focused native continuation
  * Upload focused native evidence
  * Verify focused native cleanup and uploaded custody
  * Upload native continuation cleanup receipt
  * Observe hosted native processes without an app build
  * Upload bounded process-probe evidence
  * Verify process-probe cleanup and uploaded custody
  * Upload process-probe cleanup receipt
  * Claim fresh verification output ownership
  * Claim apple-aggregate native resource ownership
  * Record Xcode toolchain and exact source
  * Run iOS simulator tests, Apple static analysis, and release linkage gates
  * Stop Gradle after apple-aggregate and retire owned Apple resources
  * Validate iOS plist and privacy manifest
  * Claim apple-ui native resource ownership
  * Verify effective Debug and Release application identities
  * Launch Swift host and Compose root on iOS Simulator
  * Stop Gradle after apple-ui and retire owned Apple resources
  * Claim apple-wrapper native resource ownership
  * Build unsigned Swift Release wrapper
  * Stop Gradle after apple-wrapper and retire owned Apple resources
  * Inspect complete unsigned iOS Release package
  * Upload Apple verification evidence
  * Clean only attested verification outputs
  * Upload verification cleanup receipt
  * Post Set up JDK 21
  * Post Check out source
- Common, desktop, and Android release in 0s (ID 102760769810)
- Desktop and Kotlin Native strict verification (macOS x64) in 0s (ID 102760769952)
- Desktop strict verification (Linux arm64) in 0s (ID 102760770021)
- Desktop, Kotlin Native, and Android resources strict verification (Windows x64) (ID 102760770083)
Refreshing run status every 30 seconds. Press Ctrl+C to quit.

* fix/local-readiness-2026-09-07 Production verification · 34442662032
Triggered via workflow_dispatch about 1 hour ago

JOBS
* iOS tests, release frameworks, and Swift wrapper (ID 102760768928)
  ✓ Set up job
  ✓ Start focused native job clock
  ✓ Check out source
  ✓ Validate verification scope
  ✓ Set up JDK 21
  * Run focused native continuation
  * Upload focused native evidence
  * Verify focused native cleanup and uploaded custody
  * Upload native continuation cleanup receipt
  * Observe hosted native processes without an app build
  * Upload bounded process-probe evidence
  * Verify process-probe cleanup and uploaded custody
  * Upload process-probe cleanup receipt
  * Claim fresh verification output ownership
  * Claim apple-aggregate native resource ownership
  * Record Xcode toolchain and exact source
  * Run iOS simulator tests, Apple static analysis, and release linkage gates
  * Stop Gradle after apple-aggregate and retire owned Apple resources
  * Validate iOS plist and privacy manifest
  * Claim apple-ui native resource ownership
  * Verify effective Debug and Release application identities
  * Launch Swift host and Compose root on iOS Simulator
  * Stop Gradle after apple-ui and retire owned Apple resources
  * Claim apple-wrapper native resource ownership
  * Build unsigned Swift Release wrapper
  * Stop Gradle after apple-wrapper and retire owned Apple resources
  * Inspect complete unsigned iOS Release package
  * Upload Apple verification evidence
  * Clean only attested verification outputs
  * Upload verification cleanup receipt
  * Post Set up JDK 21
  * Post Check out source
- Common, desktop, and Android release in 0s (ID 102760769810)
- Desktop and Kotlin Native strict verification (macOS x64) in 0s (ID 102760769952)
- Desktop strict verification (Linux arm64) in 0s (ID 102760770021)
- Desktop, Kotlin Native, and Android resources strict verification (Windows x64) (ID 102760770083)
Refreshing run status every 30 seconds. Press Ctrl+C to quit.

* fix/local-readiness-2026-09-07 Production verification · 34442662032
Triggered via workflow_dispatch about 1 hour ago

JOBS
* iOS tests, release frameworks, and Swift wrapper (ID 102760768928)
  ✓ Set up job
  ✓ Start focused native job clock
  ✓ Check out source
  ✓ Validate verification scope
  ✓ Set up JDK 21
  * Run focused native continuation
  * Upload focused native evidence
  * Verify focused native cleanup and uploaded custody
  * Upload native continuation cleanup receipt
  * Observe hosted native processes without an app build
  * Upload bounded process-probe evidence
  * Verify process-probe cleanup and uploaded custody
  * Upload process-probe cleanup receipt
  * Claim fresh verification output ownership
  * Claim apple-aggregate native resource ownership
  * Record Xcode toolchain and exact source
  * Run iOS simulator tests, Apple static analysis, and release linkage gates
  * Stop Gradle after apple-aggregate and retire owned Apple resources
  * Validate iOS plist and privacy manifest
  * Claim apple-ui native resource ownership
  * Verify effective Debug and Release application identities
  * Launch Swift host and Compose root on iOS Simulator
  * Stop Gradle after apple-ui and retire owned Apple resources
  * Claim apple-wrapper native resource ownership
  * Build unsigned Swift Release wrapper
  * Stop Gradle after apple-wrapper and retire owned Apple resources
  * Inspect complete unsigned iOS Release package
  * Upload Apple verification evidence
  * Clean only attested verification outputs
  * Upload verification cleanup receipt
  * Post Set up JDK 21
  * Post Check out source
- Common, desktop, and Android release in 0s (ID 102760769810)
- Desktop and Kotlin Native strict verification (macOS x64) in 0s (ID 102760769952)
- Desktop strict verification (Linux arm64) in 0s (ID 102760770021)
- Desktop, Kotlin Native, and Android resources strict verification (Windows x64) (ID 102760770083)
Refreshing run status every 30 seconds. Press Ctrl+C to quit.

* fix/local-readiness-2026-09-07 Production verification · 34442662032
Triggered via workflow_dispatch about 1 hour ago

JOBS
* iOS tests, release frameworks, and Swift wrapper (ID 102760768928)
  ✓ Set up job
  ✓ Start focused native job clock
  ✓ Check out source
  ✓ Validate verification scope
  ✓ Set up JDK 21
  * Run focused native continuation
  * Upload focused native evidence
  * Verify focused native cleanup and uploaded custody
  * Upload native continuation cleanup receipt
  * Observe hosted native processes without an app build
  * Upload bounded process-probe evidence
  * Verify process-probe cleanup and uploaded custody
  * Upload process-probe cleanup receipt
  * Claim fresh verification output ownership
  * Claim apple-aggregate native resource ownership
  * Record Xcode toolchain and exact source
  * Run iOS simulator tests, Apple static analysis, and release linkage gates
  * Stop Gradle after apple-aggregate and retire owned Apple resources
  * Validate iOS plist and privacy manifest
  * Claim apple-ui native resource ownership
  * Verify effective Debug and Release application identities
  * Launch Swift host and Compose root on iOS Simulator
  * Stop Gradle after apple-ui and retire owned Apple resources
  * Claim apple-wrapper native resource ownership
  * Build unsigned Swift Release wrapper
  * Stop Gradle after apple-wrapper and retire owned Apple resources
  * Inspect complete unsigned iOS Release package
  * Upload Apple verification evidence
  * Clean only attested verification outputs
  * Upload verification cleanup receipt
  * Post Set up JDK 21
  * Post Check out source
- Common, desktop, and Android release in 0s (ID 102760769810)
- Desktop and Kotlin Native strict verification (macOS x64) in 0s (ID 102760769952)
- Desktop strict verification (Linux arm64) in 0s (ID 102760770021)
- Desktop, Kotlin Native, and Android resources strict verification (Windows x64) (ID 102760770083)
Refreshing run status every 30 seconds. Press Ctrl+C to quit.

* fix/local-readiness-2026-09-07 Production verification · 34442662032
Triggered via workflow_dispatch about 1 hour ago

JOBS
* iOS tests, release frameworks, and Swift wrapper (ID 102760768928)
  ✓ Set up job
  ✓ Start focused native job clock
  ✓ Check out source
  ✓ Validate verification scope
  ✓ Set up JDK 21
  * Run focused native continuation
  * Upload focused native evidence
  * Verify focused native cleanup and uploaded custody
  * Upload native continuation cleanup receipt
  * Observe hosted native processes without an app build
  * Upload bounded process-probe evidence
  * Verify process-probe cleanup and uploaded custody
  * Upload process-probe cleanup receipt
  * Claim fresh verification output ownership
  * Claim apple-aggregate native resource ownership
  * Record Xcode toolchain and exact source
  * Run iOS simulator tests, Apple static analysis, and release linkage gates
  * Stop Gradle after apple-aggregate and retire owned Apple resources
  * Validate iOS plist and privacy manifest
  * Claim apple-ui native resource ownership
  * Verify effective Debug and Release application identities
  * Launch Swift host and Compose root on iOS Simulator
  * Stop Gradle after apple-ui and retire owned Apple resources
  * Claim apple-wrapper native resource ownership
  * Build unsigned Swift Release wrapper
  * Stop Gradle after apple-wrapper and retire owned Apple resources
  * Inspect complete unsigned iOS Release package
  * Upload Apple verification evidence
  * Clean only attested verification outputs
  * Upload verification cleanup receipt
  * Post Set up JDK 21
  * Post Check out source
- Common, desktop, and Android release in 0s (ID 102760769810)
- Desktop and Kotlin Native strict verification (macOS x64) in 0s (ID 102760769952)
- Desktop strict verification (Linux arm64) in 0s (ID 102760770021)
- Desktop, Kotlin Native, and Android resources strict verification (Windows x64) (ID 102760770083)
Refreshing run status every 30 seconds. Press Ctrl+C to quit.

* fix/local-readiness-2026-09-07 Production verification · 34442662032
Triggered via workflow_dispatch about 1 hour ago

JOBS
* iOS tests, release frameworks, and Swift wrapper (ID 102760768928)
  ✓ Set up job
  ✓ Start focused native job clock
  ✓ Check out source
  ✓ Validate verification scope
  ✓ Set up JDK 21
  * Run focused native continuation
  * Upload focused native evidence
  * Verify focused native cleanup and uploaded custody
  * Upload native continuation cleanup receipt
  * Observe hosted native processes without an app build
  * Upload bounded process-probe evidence
  * Verify process-probe cleanup and uploaded custody
  * Upload process-probe cleanup receipt
  * Claim fresh verification output ownership
  * Claim apple-aggregate native resource ownership
  * Record Xcode toolchain and exact source
  * Run iOS simulator tests, Apple static analysis, and release linkage gates
  * Stop Gradle after apple-aggregate and retire owned Apple resources
  * Validate iOS plist and privacy manifest
  * Claim apple-ui native resource ownership
  * Verify effective Debug and Release application identities
  * Launch Swift host and Compose root on iOS Simulator
  * Stop Gradle after apple-ui and retire owned Apple resources
  * Claim apple-wrapper native resource ownership
  * Build unsigned Swift Release wrapper
  * Stop Gradle after apple-wrapper and retire owned Apple resources
  * Inspect complete unsigned iOS Release package
  * Upload Apple verification evidence
  * Clean only attested verification outputs
  * Upload verification cleanup receipt
  * Post Set up JDK 21
  * Post Check out source
- Common, desktop, and Android release in 0s (ID 102760769810)
- Desktop and Kotlin Native strict verification (macOS x64) in 0s (ID 102760769952)
- Desktop strict verification (Linux arm64) in 0s (ID 102760770021)
- Desktop, Kotlin Native, and Android resources strict verification (Windows x64) (ID 102760770083)
Refreshing run status every 30 seconds. Press Ctrl+C to quit.

* fix/local-readiness-2026-09-07 Production verification · 34442662032
Triggered via workflow_dispatch about 1 hour ago

JOBS
* iOS tests, release frameworks, and Swift wrapper (ID 102760768928)
  ✓ Set up job
  ✓ Start focused native job clock
  ✓ Check out source
  ✓ Validate verification scope
  ✓ Set up JDK 21
  * Run focused native continuation
  * Upload focused native evidence
  * Verify focused native cleanup and uploaded custody
  * Upload native continuation cleanup receipt
  * Observe hosted native processes without an app build
  * Upload bounded process-probe evidence
  * Verify process-probe cleanup and uploaded custody
  * Upload process-probe cleanup receipt
  * Claim fresh verification output ownership
  * Claim apple-aggregate native resource ownership
  * Record Xcode toolchain and exact source
  * Run iOS simulator tests, Apple static analysis, and release linkage gates
  * Stop Gradle after apple-aggregate and retire owned Apple resources
  * Validate iOS plist and privacy manifest
  * Claim apple-ui native resource ownership
  * Verify effective Debug and Release application identities
  * Launch Swift host and Compose root on iOS Simulator
  * Stop Gradle after apple-ui and retire owned Apple resources
  * Claim apple-wrapper native resource ownership
  * Build unsigned Swift Release wrapper
  * Stop Gradle after apple-wrapper and retire owned Apple resources
  * Inspect complete unsigned iOS Release package
  * Upload Apple verification evidence
  * Clean only attested verification outputs
  * Upload verification cleanup receipt
  * Post Set up JDK 21
  * Post Check out source
- Common, desktop, and Android release in 0s (ID 102760769810)
- Desktop and Kotlin Native strict verification (macOS x64) in 0s (ID 102760769952)
- Desktop strict verification (Linux arm64) in 0s (ID 102760770021)
- Desktop, Kotlin Native, and Android resources strict verification (Windows x64) (ID 102760770083)
Refreshing run status every 30 seconds. Press Ctrl+C to quit.

* fix/local-readiness-2026-09-07 Production verification · 34442662032
Triggered via workflow_dispatch about 1 hour ago

JOBS
* iOS tests, release frameworks, and Swift wrapper (ID 102760768928)
  ✓ Set up job
  ✓ Start focused native job clock
  ✓ Check out source
  ✓ Validate verification scope
  ✓ Set up JDK 21
  * Run focused native continuation
  * Upload focused native evidence
  * Verify focused native cleanup and uploaded custody
  * Upload native continuation cleanup receipt
  * Observe hosted native processes without an app build
  * Upload bounded process-probe evidence
  * Verify process-probe cleanup and uploaded custody
  * Upload process-probe cleanup receipt
  * Claim fresh verification output ownership
  * Claim apple-aggregate native resource ownership
  * Record Xcode toolchain and exact source
  * Run iOS simulator tests, Apple static analysis, and release linkage gates
  * Stop Gradle after apple-aggregate and retire owned Apple resources
  * Validate iOS plist and privacy manifest
  * Claim apple-ui native resource ownership
  * Verify effective Debug and Release application identities
  * Launch Swift host and Compose root on iOS Simulator
  * Stop Gradle after apple-ui and retire owned Apple resources
  * Claim apple-wrapper native resource ownership
  * Build unsigned Swift Release wrapper
  * Stop Gradle after apple-wrapper and retire owned Apple resources
  * Inspect complete unsigned iOS Release package
  * Upload Apple verification evidence
  * Clean only attested verification outputs
  * Upload verification cleanup receipt
  * Post Set up JDK 21
  * Post Check out source
- Common, desktop, and Android release in 0s (ID 102760769810)
- Desktop and Kotlin Native strict verification (macOS x64) in 0s (ID 102760769952)
- Desktop strict verification (Linux arm64) in 0s (ID 102760770021)
- Desktop, Kotlin Native, and Android resources strict verification (Windows x64) (ID 102760770083)
X fix/local-readiness-2026-09-07 Production verification · 34442662032
Triggered via workflow_dispatch about 1 hour ago

JOBS
X iOS tests, release frameworks, and Swift wrapper in 1h10m57s (ID 102760768928)
  ✓ Set up job
  ✓ Start focused native job clock
  ✓ Check out source
  ✓ Validate verification scope
  ✓ Set up JDK 21
  X Run focused native continuation
  ✓ Upload focused native evidence
  ✓ Verify focused native cleanup and uploaded custody
  ✓ Upload native continuation cleanup receipt
  - Observe hosted native processes without an app build
  - Upload bounded process-probe evidence
  - Verify process-probe cleanup and uploaded custody
  - Upload process-probe cleanup receipt
  - Claim fresh verification output ownership
  - Claim apple-aggregate native resource ownership
  - Record Xcode toolchain and exact source
  - Run iOS simulator tests, Apple static analysis, and release linkage gates
  - Stop Gradle after apple-aggregate and retire owned Apple resources
  - Validate iOS plist and privacy manifest
  - Claim apple-ui native resource ownership
  - Verify effective Debug and Release application identities
  - Launch Swift host and Compose root on iOS Simulator
  - Stop Gradle after apple-ui and retire owned Apple resources
  - Claim apple-wrapper native resource ownership
  - Build unsigned Swift Release wrapper
  - Stop Gradle after apple-wrapper and retire owned Apple resources
  - Inspect complete unsigned iOS Release package
  - Upload Apple verification evidence
  - Clean only attested verification outputs
  - Upload verification cleanup receipt
  ✓ Post Set up JDK 21
  ✓ Post Check out source
  ✓ Complete job
- Common, desktop, and Android release in 0s (ID 102760769810)
- Desktop and Kotlin Native strict verification (macOS x64) in 0s (ID 102760769952)
- Desktop strict verification (Linux arm64) in 0s (ID 102760770021)
- Desktop, Kotlin Native, and Android resources strict verification (Windows x64) (ID 102760770083)
