Command line invocation:
    /Applications/Xcode.app/Contents/Developer/usr/bin/xcodebuild -project /private/var/folders/6m/vxwlbjsn7vs6h80_98w6x7p40000gn/T/parlor-audit-ios-readiness-07-3vbx7ig_/copy/iosApp/iosApp.xcodeproj -scheme iosApp -configuration Debug -sdk iphonesimulator26.5 -destination id=F96D4E03-A451-44EC-B3F6-C6475E684D0E -derivedDataPath /private/var/folders/6m/vxwlbjsn7vs6h80_98w6x7p40000gn/T/parlor-audit-ios-readiness-07-3vbx7ig_/DerivedData -resultBundlePath /private/var/folders/6m/vxwlbjsn7vs6h80_98w6x7p40000gn/T/parlor-audit-ios-readiness-07-3vbx7ig_/Results.xcresult -parallel-testing-enabled NO -maximum-concurrent-test-simulator-destinations 1 -disable-concurrent-destination-testing -jobs 1 -test-timeouts-enabled YES -default-test-execution-time-allowance 1200 -maximum-test-execution-time-allowance 1500 CODE_SIGNING_ALLOWED=YES CODE_SIGNING_REQUIRED=YES CODE_SIGN_IDENTITY=- CODE_SIGN_STYLE=Manual DEVELOPMENT_TEAM= PROVISIONING_PROFILE= PROVISIONING_PROFILE_SPECIFIER= CODE_SIGN_ENTITLEMENTS= OTHER_CODE_SIGN_FLAGS= ONLY_ACTIVE_ARCH=YES COMPILER_INDEX_STORE_ENABLE=NO test

Build settings from command line:
    CODE_SIGN_ENTITLEMENTS = 
    CODE_SIGN_IDENTITY = -
    CODE_SIGN_STYLE = Manual
    CODE_SIGNING_ALLOWED = YES
    CODE_SIGNING_REQUIRED = YES
    COMPILER_INDEX_STORE_ENABLE = NO
    DEVELOPMENT_TEAM = 
    ONLY_ACTIVE_ARCH = YES
    OTHER_CODE_SIGN_FLAGS = 
    PROVISIONING_PROFILE = 
    PROVISIONING_PROFILE_SPECIFIER = 
    SDKROOT = iphonesimulator26.5

Writing result bundle at path:
	/private/var/folders/6m/vxwlbjsn7vs6h80_98w6x7p40000gn/T/parlor-audit-ios-readiness-07-3vbx7ig_/Results.xcresult

Build Preparation
Build task concurrency set to 1 via user default IDEBuildOperationMaxNumberOfConcurrentCompileTasks

note: Using codesigning identity override: -
ComputePackagePrebuildTargetDependencyGraph

Prepare packages

CreateBuildRequest

SendProjectDescription

CreateBuildOperation

ComputeTargetDependencyGraph
note: Building targets in dependency order
note: Target dependency graph (2 targets)
    Target 'iosAppUITests' in project 'iosApp'
        ➜ Explicit dependency on target 'iosApp' in project 'iosApp'
    Target 'iosApp' in project 'iosApp' (no dependencies)

GatherProvisioningInputs

CreateBuildDescription

ExecuteExternalTool /Applications/Xcode.app/Contents/Developer/Toolchains/XcodeDefault.xctoolchain/usr/bin/clang -v -E -dM -isysroot /Applications/Xcode.app/Contents/Developer/Platforms/iPhoneSimulator.platform/Developer/SDKs/iPhoneSimulator26.5.sdk -x c -c /dev/null

ExecuteExternalTool /Applications/Xcode.app/Contents/Developer/Toolchains/XcodeDefault.xctoolchain/usr/bin/swiftc --version

ExecuteExternalTool /Applications/Xcode.app/Contents/Developer/usr/bin/actool --print-asset-tag-combinations --output-format xml1 /var/folders/6m/vxwlbjsn7vs6h80_98w6x7p40000gn/T/parlor-audit-ios-readiness-07-3vbx7ig_/copy/iosApp/iosApp/Assets.xcassets

ExecuteExternalTool /Applications/Xcode.app/Contents/Developer/Toolchains/XcodeDefault.xctoolchain/usr/bin/ld -version_details

ExecuteExternalTool /Applications/Xcode.app/Contents/Developer/usr/bin/actool --version --output-format xml1

Build description signature: 7fea6b5603375301fa9445eb7cca7e96
Build description path: /var/folders/6m/vxwlbjsn7vs6h80_98w6x7p40000gn/T/parlor-audit-ios-readiness-07-3vbx7ig_/DerivedData/Build/Intermediates.noindex/XCBuildData/7fea6b5603375301fa9445eb7cca7e96.xcbuilddata
CreateBuildDirectory /var/folders/6m/vxwlbjsn7vs6h80_98w6x7p40000gn/T/parlor-audit-ios-readiness-07-3vbx7ig_/DerivedData/Build/Products
    cd /var/folders/6m/vxwlbjsn7vs6h80_98w6x7p40000gn/T/parlor-audit-ios-readiness-07-3vbx7ig_/copy/iosApp/iosApp.xcodeproj
    builtin-create-build-directory /var/folders/6m/vxwlbjsn7vs6h80_98w6x7p40000gn/T/parlor-audit-ios-readiness-07-3vbx7ig_/DerivedData/Build/Products

CreateBuildDirectory /var/folders/6m/vxwlbjsn7vs6h80_98w6x7p40000gn/T/parlor-audit-ios-readiness-07-3vbx7ig_/DerivedData/Build/Intermediates.noindex
    cd /var/folders/6m/vxwlbjsn7vs6h80_98w6x7p40000gn/T/parlor-audit-ios-readiness-07-3vbx7ig_/copy/iosApp/iosApp.xcodeproj
    builtin-create-build-directory /var/folders/6m/vxwlbjsn7vs6h80_98w6x7p40000gn/T/parlor-audit-ios-readiness-07-3vbx7ig_/DerivedData/Build/Intermediates.noindex

ClangStatCache /Applications/Xcode.app/Contents/Developer/Toolchains/XcodeDefault.xctoolchain/usr/bin/clang-stat-cache /Applications/Xcode.app/Contents/Developer/Platforms/iPhoneSimulator.platform/Developer/SDKs/iPhoneSimulator26.5.sdk /var/folders/6m/vxwlbjsn7vs6h80_98w6x7p40000gn/T/parlor-audit-ios-readiness-07-3vbx7ig_/DerivedData/SDKStatCaches.noindex/iphonesimulator26.5-23F73-6cfe768891a92b912361537c460fe42b.sdkstatcache
    cd /var/folders/6m/vxwlbjsn7vs6h80_98w6x7p40000gn/T/parlor-audit-ios-readiness-07-3vbx7ig_/copy/iosApp/iosApp.xcodeproj
    /Applications/Xcode.app/Contents/Developer/Toolchains/XcodeDefault.xctoolchain/usr/bin/clang-stat-cache /Applications/Xcode.app/Contents/Developer/Platforms/iPhoneSimulator.platform/Developer/SDKs/iPhoneSimulator26.5.sdk -o /var/folders/6m/vxwlbjsn7vs6h80_98w6x7p40000gn/T/parlor-audit-ios-readiness-07-3vbx7ig_/DerivedData/SDKStatCaches.noindex/iphonesimulator26.5-23F73-6cfe768891a92b912361537c460fe42b.sdkstatcache

WriteAuxiliaryFile /var/folders/6m/vxwlbjsn7vs6h80_98w6x7p40000gn/T/parlor-audit-ios-readiness-07-3vbx7ig_/DerivedData/Build/Intermediates.noindex/iosApp.build/Debug-iphonesimulator/iosApp-7b79493a8b7fc1f2fff3c51cd12ba024-VFS-iphonesimulator/all-product-headers.yaml
    cd /var/folders/6m/vxwlbjsn7vs6h80_98w6x7p40000gn/T/parlor-audit-ios-readiness-07-3vbx7ig_/copy/iosApp/iosApp.xcodeproj
    write-file /var/folders/6m/vxwlbjsn7vs6h80_98w6x7p40000gn/T/parlor-audit-ios-readiness-07-3vbx7ig_/DerivedData/Build/Intermediates.noindex/iosApp.build/Debug-iphonesimulator/iosApp-7b79493a8b7fc1f2fff3c51cd12ba024-VFS-iphonesimulator/all-product-headers.yaml

CreateBuildDirectory /var/folders/6m/vxwlbjsn7vs6h80_98w6x7p40000gn/T/parlor-audit-ios-readiness-07-3vbx7ig_/DerivedData/Build/Products/Debug-iphonesimulator
    cd /var/folders/6m/vxwlbjsn7vs6h80_98w6x7p40000gn/T/parlor-audit-ios-readiness-07-3vbx7ig_/copy/iosApp/iosApp.xcodeproj
    builtin-create-build-directory /var/folders/6m/vxwlbjsn7vs6h80_98w6x7p40000gn/T/parlor-audit-ios-readiness-07-3vbx7ig_/DerivedData/Build/Products/Debug-iphonesimulator

CreateBuildDirectory /var/folders/6m/vxwlbjsn7vs6h80_98w6x7p40000gn/T/parlor-audit-ios-readiness-07-3vbx7ig_/DerivedData/Build/Intermediates.noindex/SwiftExplicitPrecompiledModules
    cd /var/folders/6m/vxwlbjsn7vs6h80_98w6x7p40000gn/T/parlor-audit-ios-readiness-07-3vbx7ig_/copy/iosApp/iosApp.xcodeproj
    builtin-create-build-directory /var/folders/6m/vxwlbjsn7vs6h80_98w6x7p40000gn/T/parlor-audit-ios-readiness-07-3vbx7ig_/DerivedData/Build/Intermediates.noindex/SwiftExplicitPrecompiledModules

CreateBuildDirectory /var/folders/6m/vxwlbjsn7vs6h80_98w6x7p40000gn/T/parlor-audit-ios-readiness-07-3vbx7ig_/DerivedData/Build/Intermediates.noindex/ExplicitPrecompiledModules
    cd /var/folders/6m/vxwlbjsn7vs6h80_98w6x7p40000gn/T/parlor-audit-ios-readiness-07-3vbx7ig_/copy/iosApp/iosApp.xcodeproj
    builtin-create-build-directory /var/folders/6m/vxwlbjsn7vs6h80_98w6x7p40000gn/T/parlor-audit-ios-readiness-07-3vbx7ig_/DerivedData/Build/Intermediates.noindex/ExplicitPrecompiledModules

CreateBuildDirectory /var/folders/6m/vxwlbjsn7vs6h80_98w6x7p40000gn/T/parlor-audit-ios-readiness-07-3vbx7ig_/DerivedData/Build/Intermediates.noindex/EagerLinkingTBDs/Debug-iphonesimulator
    cd /var/folders/6m/vxwlbjsn7vs6h80_98w6x7p40000gn/T/parlor-audit-ios-readiness-07-3vbx7ig_/copy/iosApp/iosApp.xcodeproj
    builtin-create-build-directory /var/folders/6m/vxwlbjsn7vs6h80_98w6x7p40000gn/T/parlor-audit-ios-readiness-07-3vbx7ig_/DerivedData/Build/Intermediates.noindex/EagerLinkingTBDs/Debug-iphonesimulator

WriteAuxiliaryFile /var/folders/6m/vxwlbjsn7vs6h80_98w6x7p40000gn/T/parlor-audit-ios-readiness-07-3vbx7ig_/DerivedData/Build/Intermediates.noindex/iosApp.build/Debug-iphonesimulator/iosAppUITests.build/iosAppUITests.hmap (in target 'iosAppUITests' from project 'iosApp')
    cd /var/folders/6m/vxwlbjsn7vs6h80_98w6x7p40000gn/T/parlor-audit-ios-readiness-07-3vbx7ig_/copy/iosApp
    write-file /var/folders/6m/vxwlbjsn7vs6h80_98w6x7p40000gn/T/parlor-audit-ios-readiness-07-3vbx7ig_/DerivedData/Build/Intermediates.noindex/iosApp.build/Debug-iphonesimulator/iosAppUITests.build/iosAppUITests.hmap

WriteAuxiliaryFile /var/folders/6m/vxwlbjsn7vs6h80_98w6x7p40000gn/T/parlor-audit-ios-readiness-07-3vbx7ig_/DerivedData/Build/Intermediates.noindex/iosApp.build/Debug-iphonesimulator/iosAppUITests.build/iosAppUITests.DependencyStaticMetadataFileList (in target 'iosAppUITests' from project 'iosApp')
    cd /var/folders/6m/vxwlbjsn7vs6h80_98w6x7p40000gn/T/parlor-audit-ios-readiness-07-3vbx7ig_/copy/iosApp
    write-file /var/folders/6m/vxwlbjsn7vs6h80_98w6x7p40000gn/T/parlor-audit-ios-readiness-07-3vbx7ig_/DerivedData/Build/Intermediates.noindex/iosApp.build/Debug-iphonesimulator/iosAppUITests.build/iosAppUITests.DependencyStaticMetadataFileList

WriteAuxiliaryFile /var/folders/6m/vxwlbjsn7vs6h80_98w6x7p40000gn/T/parlor-audit-ios-readiness-07-3vbx7ig_/DerivedData/Build/Intermediates.noindex/iosApp.build/Debug-iphonesimulator/iosAppUITests.build/iosAppUITests.DependencyMetadataFileList (in target 'iosAppUITests' from project 'iosApp')
    cd /var/folders/6m/vxwlbjsn7vs6h80_98w6x7p40000gn/T/parlor-audit-ios-readiness-07-3vbx7ig_/copy/iosApp
    write-file /var/folders/6m/vxwlbjsn7vs6h80_98w6x7p40000gn/T/parlor-audit-ios-readiness-07-3vbx7ig_/DerivedData/Build/Intermediates.noindex/iosApp.build/Debug-iphonesimulator/iosAppUITests.build/iosAppUITests.DependencyMetadataFileList

WriteAuxiliaryFile /var/folders/6m/vxwlbjsn7vs6h80_98w6x7p40000gn/T/parlor-audit-ios-readiness-07-3vbx7ig_/DerivedData/Build/Intermediates.noindex/iosApp.build/Debug-iphonesimulator/iosAppUITests.build/iosAppUITests-project-headers.hmap (in target 'iosAppUITests' from project 'iosApp')
    cd /var/folders/6m/vxwlbjsn7vs6h80_98w6x7p40000gn/T/parlor-audit-ios-readiness-07-3vbx7ig_/copy/iosApp
    write-file /var/folders/6m/vxwlbjsn7vs6h80_98w6x7p40000gn/T/parlor-audit-ios-readiness-07-3vbx7ig_/DerivedData/Build/Intermediates.noindex/iosApp.build/Debug-iphonesimulator/iosAppUITests.build/iosAppUITests-project-headers.hmap

WriteAuxiliaryFile /var/folders/6m/vxwlbjsn7vs6h80_98w6x7p40000gn/T/parlor-audit-ios-readiness-07-3vbx7ig_/DerivedData/Build/Intermediates.noindex/iosApp.build/Debug-iphonesimulator/iosAppUITests.build/iosAppUITests-own-target-headers.hmap (in target 'iosAppUITests' from project 'iosApp')
    cd /var/folders/6m/vxwlbjsn7vs6h80_98w6x7p40000gn/T/parlor-audit-ios-readiness-07-3vbx7ig_/copy/iosApp
    write-file /var/folders/6m/vxwlbjsn7vs6h80_98w6x7p40000gn/T/parlor-audit-ios-readiness-07-3vbx7ig_/DerivedData/Build/Intermediates.noindex/iosApp.build/Debug-iphonesimulator/iosAppUITests.build/iosAppUITests-own-target-headers.hmap

WriteAuxiliaryFile /var/folders/6m/vxwlbjsn7vs6h80_98w6x7p40000gn/T/parlor-audit-ios-readiness-07-3vbx7ig_/DerivedData/Build/Intermediates.noindex/iosApp.build/Debug-iphonesimulator/iosAppUITests.build/iosAppUITests-generated-files.hmap (in target 'iosAppUITests' from project 'iosApp')
    cd /var/folders/6m/vxwlbjsn7vs6h80_98w6x7p40000gn/T/parlor-audit-ios-readiness-07-3vbx7ig_/copy/iosApp
    write-file /var/folders/6m/vxwlbjsn7vs6h80_98w6x7p40000gn/T/parlor-audit-ios-readiness-07-3vbx7ig_/DerivedData/Build/Intermediates.noindex/iosApp.build/Debug-iphonesimulator/iosAppUITests.build/iosAppUITests-generated-files.hmap

WriteAuxiliaryFile /var/folders/6m/vxwlbjsn7vs6h80_98w6x7p40000gn/T/parlor-audit-ios-readiness-07-3vbx7ig_/DerivedData/Build/Intermediates.noindex/iosApp.build/Debug-iphonesimulator/iosAppUITests.build/iosAppUITests-all-target-headers.hmap (in target 'iosAppUITests' from project 'iosApp')
    cd /var/folders/6m/vxwlbjsn7vs6h80_98w6x7p40000gn/T/parlor-audit-ios-readiness-07-3vbx7ig_/copy/iosApp
    write-file /var/folders/6m/vxwlbjsn7vs6h80_98w6x7p40000gn/T/parlor-audit-ios-readiness-07-3vbx7ig_/DerivedData/Build/Intermediates.noindex/iosApp.build/Debug-iphonesimulator/iosAppUITests.build/iosAppUITests-all-target-headers.hmap

WriteAuxiliaryFile /var/folders/6m/vxwlbjsn7vs6h80_98w6x7p40000gn/T/parlor-audit-ios-readiness-07-3vbx7ig_/DerivedData/Build/Intermediates.noindex/iosApp.build/Debug-iphonesimulator/iosAppUITests.build/iosAppUITests-all-non-framework-target-headers.hmap (in target 'iosAppUITests' from project 'iosApp')
    cd /var/folders/6m/vxwlbjsn7vs6h80_98w6x7p40000gn/T/parlor-audit-ios-readiness-07-3vbx7ig_/copy/iosApp
    write-file /var/folders/6m/vxwlbjsn7vs6h80_98w6x7p40000gn/T/parlor-audit-ios-readiness-07-3vbx7ig_/DerivedData/Build/Intermediates.noindex/iosApp.build/Debug-iphonesimulator/iosAppUITests.build/iosAppUITests-all-non-framework-target-headers.hmap

WriteAuxiliaryFile /var/folders/6m/vxwlbjsn7vs6h80_98w6x7p40000gn/T/parlor-audit-ios-readiness-07-3vbx7ig_/DerivedData/Build/Intermediates.noindex/iosApp.build/Debug-iphonesimulator/iosAppUITests.build/empty-iosAppUITests.plist (in target 'iosAppUITests' from project 'iosApp')
    cd /var/folders/6m/vxwlbjsn7vs6h80_98w6x7p40000gn/T/parlor-audit-ios-readiness-07-3vbx7ig_/copy/iosApp
    write-file /var/folders/6m/vxwlbjsn7vs6h80_98w6x7p40000gn/T/parlor-audit-ios-readiness-07-3vbx7ig_/DerivedData/Build/Intermediates.noindex/iosApp.build/Debug-iphonesimulator/iosAppUITests.build/empty-iosAppUITests.plist

WriteAuxiliaryFile /var/folders/6m/vxwlbjsn7vs6h80_98w6x7p40000gn/T/parlor-audit-ios-readiness-07-3vbx7ig_/DerivedData/Build/Intermediates.noindex/iosApp.build/Debug-iphonesimulator/iosAppUITests.build/ProductTypeInfoPlistAdditions.plist (in target 'iosAppUITests' from project 'iosApp')
    cd /var/folders/6m/vxwlbjsn7vs6h80_98w6x7p40000gn/T/parlor-audit-ios-readiness-07-3vbx7ig_/copy/iosApp
    write-file /var/folders/6m/vxwlbjsn7vs6h80_98w6x7p40000gn/T/parlor-audit-ios-readiness-07-3vbx7ig_/DerivedData/Build/Intermediates.noindex/iosApp.build/Debug-iphonesimulator/iosAppUITests.build/ProductTypeInfoPlistAdditions.plist

WriteAuxiliaryFile /var/folders/6m/vxwlbjsn7vs6h80_98w6x7p40000gn/T/parlor-audit-ios-readiness-07-3vbx7ig_/DerivedData/Build/Intermediates.noindex/iosApp.build/Debug-iphonesimulator/iosAppUITests.build/Objects-normal/arm64/iosAppUITests_const_extract_protocols.json (in target 'iosAppUITests' from project 'iosApp')
    cd /var/folders/6m/vxwlbjsn7vs6h80_98w6x7p40000gn/T/parlor-audit-ios-readiness-07-3vbx7ig_/copy/iosApp
    write-file /var/folders/6m/vxwlbjsn7vs6h80_98w6x7p40000gn/T/parlor-audit-ios-readiness-07-3vbx7ig_/DerivedData/Build/Intermediates.noindex/iosApp.build/Debug-iphonesimulator/iosAppUITests.build/Objects-normal/arm64/iosAppUITests_const_extract_protocols.json

WriteAuxiliaryFile /var/folders/6m/vxwlbjsn7vs6h80_98w6x7p40000gn/T/parlor-audit-ios-readiness-07-3vbx7ig_/DerivedData/Build/Intermediates.noindex/iosApp.build/Debug-iphonesimulator/iosAppUITests.build/Objects-normal/arm64/iosAppUITests.SwiftFileList (in target 'iosAppUITests' from project 'iosApp')
    cd /var/folders/6m/vxwlbjsn7vs6h80_98w6x7p40000gn/T/parlor-audit-ios-readiness-07-3vbx7ig_/copy/iosApp
    write-file /var/folders/6m/vxwlbjsn7vs6h80_98w6x7p40000gn/T/parlor-audit-ios-readiness-07-3vbx7ig_/DerivedData/Build/Intermediates.noindex/iosApp.build/Debug-iphonesimulator/iosAppUITests.build/Objects-normal/arm64/iosAppUITests.SwiftFileList

WriteAuxiliaryFile /var/folders/6m/vxwlbjsn7vs6h80_98w6x7p40000gn/T/parlor-audit-ios-readiness-07-3vbx7ig_/DerivedData/Build/Intermediates.noindex/iosApp.build/Debug-iphonesimulator/iosAppUITests.build/Objects-normal/arm64/iosAppUITests.SwiftConstValuesFileList (in target 'iosAppUITests' from project 'iosApp')
    cd /var/folders/6m/vxwlbjsn7vs6h80_98w6x7p40000gn/T/parlor-audit-ios-readiness-07-3vbx7ig_/copy/iosApp
    write-file /var/folders/6m/vxwlbjsn7vs6h80_98w6x7p40000gn/T/parlor-audit-ios-readiness-07-3vbx7ig_/DerivedData/Build/Intermediates.noindex/iosApp.build/Debug-iphonesimulator/iosAppUITests.build/Objects-normal/arm64/iosAppUITests.SwiftConstValuesFileList

WriteAuxiliaryFile /var/folders/6m/vxwlbjsn7vs6h80_98w6x7p40000gn/T/parlor-audit-ios-readiness-07-3vbx7ig_/DerivedData/Build/Intermediates.noindex/iosApp.build/Debug-iphonesimulator/iosAppUITests.build/Objects-normal/arm64/iosAppUITests.LinkFileList (in target 'iosAppUITests' from project 'iosApp')
    cd /var/folders/6m/vxwlbjsn7vs6h80_98w6x7p40000gn/T/parlor-audit-ios-readiness-07-3vbx7ig_/copy/iosApp
    write-file /var/folders/6m/vxwlbjsn7vs6h80_98w6x7p40000gn/T/parlor-audit-ios-readiness-07-3vbx7ig_/DerivedData/Build/Intermediates.noindex/iosApp.build/Debug-iphonesimulator/iosAppUITests.build/Objects-normal/arm64/iosAppUITests.LinkFileList

WriteAuxiliaryFile /var/folders/6m/vxwlbjsn7vs6h80_98w6x7p40000gn/T/parlor-audit-ios-readiness-07-3vbx7ig_/DerivedData/Build/Intermediates.noindex/iosApp.build/Debug-iphonesimulator/iosAppUITests.build/Objects-normal/arm64/iosAppUITests-OutputFileMap.json (in target 'iosAppUITests' from project 'iosApp')
    cd /var/folders/6m/vxwlbjsn7vs6h80_98w6x7p40000gn/T/parlor-audit-ios-readiness-07-3vbx7ig_/copy/iosApp
    write-file /var/folders/6m/vxwlbjsn7vs6h80_98w6x7p40000gn/T/parlor-audit-ios-readiness-07-3vbx7ig_/DerivedData/Build/Intermediates.noindex/iosApp.build/Debug-iphonesimulator/iosAppUITests.build/Objects-normal/arm64/iosAppUITests-OutputFileMap.json

WriteAuxiliaryFile /var/folders/6m/vxwlbjsn7vs6h80_98w6x7p40000gn/T/parlor-audit-ios-readiness-07-3vbx7ig_/DerivedData/Build/Intermediates.noindex/iosApp.build/Debug-iphonesimulator/iosAppUITests.build/DerivedSources/Entitlements-Simulated.plist (in target 'iosAppUITests' from project 'iosApp')
    cd /var/folders/6m/vxwlbjsn7vs6h80_98w6x7p40000gn/T/parlor-audit-ios-readiness-07-3vbx7ig_/copy/iosApp
    write-file /var/folders/6m/vxwlbjsn7vs6h80_98w6x7p40000gn/T/parlor-audit-ios-readiness-07-3vbx7ig_/DerivedData/Build/Intermediates.noindex/iosApp.build/Debug-iphonesimulator/iosAppUITests.build/DerivedSources/Entitlements-Simulated.plist

note: Run script build phase 'Compile Kotlin Framework' will be run during every build because the option to run the script phase "Based on dependency analysis" is unchecked. (in target 'iosApp' from project 'iosApp')
WriteAuxiliaryFile /var/folders/6m/vxwlbjsn7vs6h80_98w6x7p40000gn/T/parlor-audit-ios-readiness-07-3vbx7ig_/DerivedData/Build/Intermediates.noindex/iosApp.build/Debug-iphonesimulator/iosApp.build/Script-F7AC9D762B0E10F7008B8A48.sh (in target 'iosApp' from project 'iosApp')
    cd /var/folders/6m/vxwlbjsn7vs6h80_98w6x7p40000gn/T/parlor-audit-ios-readiness-07-3vbx7ig_/copy/iosApp
    write-file /var/folders/6m/vxwlbjsn7vs6h80_98w6x7p40000gn/T/parlor-audit-ios-readiness-07-3vbx7ig_/DerivedData/Build/Intermediates.noindex/iosApp.build/Debug-iphonesimulator/iosApp.build/Script-F7AC9D762B0E10F7008B8A48.sh

WriteAuxiliaryFile /var/folders/6m/vxwlbjsn7vs6h80_98w6x7p40000gn/T/parlor-audit-ios-readiness-07-3vbx7ig_/DerivedData/Build/Intermediates.noindex/iosApp.build/Debug-iphonesimulator/iosApp.build/Parlor.hmap (in target 'iosApp' from project 'iosApp')
    cd /var/folders/6m/vxwlbjsn7vs6h80_98w6x7p40000gn/T/parlor-audit-ios-readiness-07-3vbx7ig_/copy/iosApp
    write-file /var/folders/6m/vxwlbjsn7vs6h80_98w6x7p40000gn/T/parlor-audit-ios-readiness-07-3vbx7ig_/DerivedData/Build/Intermediates.noindex/iosApp.build/Debug-iphonesimulator/iosApp.build/Parlor.hmap

WriteAuxiliaryFile /var/folders/6m/vxwlbjsn7vs6h80_98w6x7p40000gn/T/parlor-audit-ios-readiness-07-3vbx7ig_/DerivedData/Build/Intermediates.noindex/iosApp.build/Debug-iphonesimulator/iosApp.build/Parlor.DependencyStaticMetadataFileList (in target 'iosApp' from project 'iosApp')
    cd /var/folders/6m/vxwlbjsn7vs6h80_98w6x7p40000gn/T/parlor-audit-ios-readiness-07-3vbx7ig_/copy/iosApp
    write-file /var/folders/6m/vxwlbjsn7vs6h80_98w6x7p40000gn/T/parlor-audit-ios-readiness-07-3vbx7ig_/DerivedData/Build/Intermediates.noindex/iosApp.build/Debug-iphonesimulator/iosApp.build/Parlor.DependencyStaticMetadataFileList

WriteAuxiliaryFile /var/folders/6m/vxwlbjsn7vs6h80_98w6x7p40000gn/T/parlor-audit-ios-readiness-07-3vbx7ig_/DerivedData/Build/Intermediates.noindex/iosApp.build/Debug-iphonesimulator/iosApp.build/Parlor.DependencyMetadataFileList (in target 'iosApp' from project 'iosApp')
    cd /var/folders/6m/vxwlbjsn7vs6h80_98w6x7p40000gn/T/parlor-audit-ios-readiness-07-3vbx7ig_/copy/iosApp
    write-file /var/folders/6m/vxwlbjsn7vs6h80_98w6x7p40000gn/T/parlor-audit-ios-readiness-07-3vbx7ig_/DerivedData/Build/Intermediates.noindex/iosApp.build/Debug-iphonesimulator/iosApp.build/Parlor.DependencyMetadataFileList

WriteAuxiliaryFile /var/folders/6m/vxwlbjsn7vs6h80_98w6x7p40000gn/T/parlor-audit-ios-readiness-07-3vbx7ig_/DerivedData/Build/Intermediates.noindex/iosApp.build/Debug-iphonesimulator/iosApp.build/Parlor-project-headers.hmap (in target 'iosApp' from project 'iosApp')
    cd /var/folders/6m/vxwlbjsn7vs6h80_98w6x7p40000gn/T/parlor-audit-ios-readiness-07-3vbx7ig_/copy/iosApp
    write-file /var/folders/6m/vxwlbjsn7vs6h80_98w6x7p40000gn/T/parlor-audit-ios-readiness-07-3vbx7ig_/DerivedData/Build/Intermediates.noindex/iosApp.build/Debug-iphonesimulator/iosApp.build/Parlor-project-headers.hmap

WriteAuxiliaryFile /var/folders/6m/vxwlbjsn7vs6h80_98w6x7p40000gn/T/parlor-audit-ios-readiness-07-3vbx7ig_/DerivedData/Build/Intermediates.noindex/iosApp.build/Debug-iphonesimulator/iosApp.build/Parlor-own-target-headers.hmap (in target 'iosApp' from project 'iosApp')
    cd /var/folders/6m/vxwlbjsn7vs6h80_98w6x7p40000gn/T/parlor-audit-ios-readiness-07-3vbx7ig_/copy/iosApp
    write-file /var/folders/6m/vxwlbjsn7vs6h80_98w6x7p40000gn/T/parlor-audit-ios-readiness-07-3vbx7ig_/DerivedData/Build/Intermediates.noindex/iosApp.build/Debug-iphonesimulator/iosApp.build/Parlor-own-target-headers.hmap

WriteAuxiliaryFile /var/folders/6m/vxwlbjsn7vs6h80_98w6x7p40000gn/T/parlor-audit-ios-readiness-07-3vbx7ig_/DerivedData/Build/Intermediates.noindex/iosApp.build/Debug-iphonesimulator/iosApp.build/Parlor-generated-files.hmap (in target 'iosApp' from project 'iosApp')
    cd /var/folders/6m/vxwlbjsn7vs6h80_98w6x7p40000gn/T/parlor-audit-ios-readiness-07-3vbx7ig_/copy/iosApp
    write-file /var/folders/6m/vxwlbjsn7vs6h80_98w6x7p40000gn/T/parlor-audit-ios-readiness-07-3vbx7ig_/DerivedData/Build/Intermediates.noindex/iosApp.build/Debug-iphonesimulator/iosApp.build/Parlor-generated-files.hmap

WriteAuxiliaryFile /var/folders/6m/vxwlbjsn7vs6h80_98w6x7p40000gn/T/parlor-audit-ios-readiness-07-3vbx7ig_/DerivedData/Build/Intermediates.noindex/iosApp.build/Debug-iphonesimulator/iosApp.build/Parlor-all-target-headers.hmap (in target 'iosApp' from project 'iosApp')
    cd /var/folders/6m/vxwlbjsn7vs6h80_98w6x7p40000gn/T/parlor-audit-ios-readiness-07-3vbx7ig_/copy/iosApp
    write-file /var/folders/6m/vxwlbjsn7vs6h80_98w6x7p40000gn/T/parlor-audit-ios-readiness-07-3vbx7ig_/DerivedData/Build/Intermediates.noindex/iosApp.build/Debug-iphonesimulator/iosApp.build/Parlor-all-target-headers.hmap

WriteAuxiliaryFile /var/folders/6m/vxwlbjsn7vs6h80_98w6x7p40000gn/T/parlor-audit-ios-readiness-07-3vbx7ig_/DerivedData/Build/Intermediates.noindex/iosApp.build/Debug-iphonesimulator/iosApp.build/Parlor-all-non-framework-target-headers.hmap (in target 'iosApp' from project 'iosApp')
    cd /var/folders/6m/vxwlbjsn7vs6h80_98w6x7p40000gn/T/parlor-audit-ios-readiness-07-3vbx7ig_/copy/iosApp
    write-file /var/folders/6m/vxwlbjsn7vs6h80_98w6x7p40000gn/T/parlor-audit-ios-readiness-07-3vbx7ig_/DerivedData/Build/Intermediates.noindex/iosApp.build/Debug-iphonesimulator/iosApp.build/Parlor-all-non-framework-target-headers.hmap

WriteAuxiliaryFile /var/folders/6m/vxwlbjsn7vs6h80_98w6x7p40000gn/T/parlor-audit-ios-readiness-07-3vbx7ig_/DerivedData/Build/Intermediates.noindex/iosApp.build/Debug-iphonesimulator/iosApp.build/Parlor-DebugDylibPath-normal-arm64.txt (in target 'iosApp' from project 'iosApp')
    cd /var/folders/6m/vxwlbjsn7vs6h80_98w6x7p40000gn/T/parlor-audit-ios-readiness-07-3vbx7ig_/copy/iosApp
    write-file /var/folders/6m/vxwlbjsn7vs6h80_98w6x7p40000gn/T/parlor-audit-ios-readiness-07-3vbx7ig_/DerivedData/Build/Intermediates.noindex/iosApp.build/Debug-iphonesimulator/iosApp.build/Parlor-DebugDylibPath-normal-arm64.txt

WriteAuxiliaryFile /var/folders/6m/vxwlbjsn7vs6h80_98w6x7p40000gn/T/parlor-audit-ios-readiness-07-3vbx7ig_/DerivedData/Build/Intermediates.noindex/iosApp.build/Debug-iphonesimulator/iosApp.build/Parlor-DebugDylibInstallName-normal-arm64.txt (in target 'iosApp' from project 'iosApp')
    cd /var/folders/6m/vxwlbjsn7vs6h80_98w6x7p40000gn/T/parlor-audit-ios-readiness-07-3vbx7ig_/copy/iosApp
    write-file /var/folders/6m/vxwlbjsn7vs6h80_98w6x7p40000gn/T/parlor-audit-ios-readiness-07-3vbx7ig_/DerivedData/Build/Intermediates.noindex/iosApp.build/Debug-iphonesimulator/iosApp.build/Parlor-DebugDylibInstallName-normal-arm64.txt

WriteAuxiliaryFile /var/folders/6m/vxwlbjsn7vs6h80_98w6x7p40000gn/T/parlor-audit-ios-readiness-07-3vbx7ig_/DerivedData/Build/Intermediates.noindex/iosApp.build/Debug-iphonesimulator/iosApp.build/Objects-normal/arm64/iosApp_const_extract_protocols.json (in target 'iosApp' from project 'iosApp')
    cd /var/folders/6m/vxwlbjsn7vs6h80_98w6x7p40000gn/T/parlor-audit-ios-readiness-07-3vbx7ig_/copy/iosApp
    write-file /var/folders/6m/vxwlbjsn7vs6h80_98w6x7p40000gn/T/parlor-audit-ios-readiness-07-3vbx7ig_/DerivedData/Build/Intermediates.noindex/iosApp.build/Debug-iphonesimulator/iosApp.build/Objects-normal/arm64/iosApp_const_extract_protocols.json

WriteAuxiliaryFile /var/folders/6m/vxwlbjsn7vs6h80_98w6x7p40000gn/T/parlor-audit-ios-readiness-07-3vbx7ig_/DerivedData/Build/Intermediates.noindex/iosApp.build/Debug-iphonesimulator/iosApp.build/Objects-normal/arm64/iosApp-OutputFileMap.json (in target 'iosApp' from project 'iosApp')
    cd /var/folders/6m/vxwlbjsn7vs6h80_98w6x7p40000gn/T/parlor-audit-ios-readiness-07-3vbx7ig_/copy/iosApp
    write-file /var/folders/6m/vxwlbjsn7vs6h80_98w6x7p40000gn/T/parlor-audit-ios-readiness-07-3vbx7ig_/DerivedData/Build/Intermediates.noindex/iosApp.build/Debug-iphonesimulator/iosApp.build/Objects-normal/arm64/iosApp-OutputFileMap.json

WriteAuxiliaryFile /var/folders/6m/vxwlbjsn7vs6h80_98w6x7p40000gn/T/parlor-audit-ios-readiness-07-3vbx7ig_/DerivedData/Build/Intermediates.noindex/iosApp.build/Debug-iphonesimulator/iosApp.build/Objects-normal/arm64/Parlor.SwiftFileList (in target 'iosApp' from project 'iosApp')
    cd /var/folders/6m/vxwlbjsn7vs6h80_98w6x7p40000gn/T/parlor-audit-ios-readiness-07-3vbx7ig_/copy/iosApp
    write-file /var/folders/6m/vxwlbjsn7vs6h80_98w6x7p40000gn/T/parlor-audit-ios-readiness-07-3vbx7ig_/DerivedData/Build/Intermediates.noindex/iosApp.build/Debug-iphonesimulator/iosApp.build/Objects-normal/arm64/Parlor.SwiftFileList

WriteAuxiliaryFile /var/folders/6m/vxwlbjsn7vs6h80_98w6x7p40000gn/T/parlor-audit-ios-readiness-07-3vbx7ig_/DerivedData/Build/Intermediates.noindex/iosApp.build/Debug-iphonesimulator/iosApp.build/Objects-normal/arm64/Parlor.SwiftConstValuesFileList (in target 'iosApp' from project 'iosApp')
    cd /var/folders/6m/vxwlbjsn7vs6h80_98w6x7p40000gn/T/parlor-audit-ios-readiness-07-3vbx7ig_/copy/iosApp
    write-file /var/folders/6m/vxwlbjsn7vs6h80_98w6x7p40000gn/T/parlor-audit-ios-readiness-07-3vbx7ig_/DerivedData/Build/Intermediates.noindex/iosApp.build/Debug-iphonesimulator/iosApp.build/Objects-normal/arm64/Parlor.SwiftConstValuesFileList

WriteAuxiliaryFile /var/folders/6m/vxwlbjsn7vs6h80_98w6x7p40000gn/T/parlor-audit-ios-readiness-07-3vbx7ig_/DerivedData/Build/Intermediates.noindex/iosApp.build/Debug-iphonesimulator/iosApp.build/Objects-normal/arm64/Parlor.LinkFileList (in target 'iosApp' from project 'iosApp')
    cd /var/folders/6m/vxwlbjsn7vs6h80_98w6x7p40000gn/T/parlor-audit-ios-readiness-07-3vbx7ig_/copy/iosApp
    write-file /var/folders/6m/vxwlbjsn7vs6h80_98w6x7p40000gn/T/parlor-audit-ios-readiness-07-3vbx7ig_/DerivedData/Build/Intermediates.noindex/iosApp.build/Debug-iphonesimulator/iosApp.build/Objects-normal/arm64/Parlor.LinkFileList

WriteAuxiliaryFile /var/folders/6m/vxwlbjsn7vs6h80_98w6x7p40000gn/T/parlor-audit-ios-readiness-07-3vbx7ig_/DerivedData/Build/Intermediates.noindex/iosApp.build/Debug-iphonesimulator/iosApp.build/DerivedSources/Entitlements-Simulated.plist (in target 'iosApp' from project 'iosApp')
    cd /var/folders/6m/vxwlbjsn7vs6h80_98w6x7p40000gn/T/parlor-audit-ios-readiness-07-3vbx7ig_/copy/iosApp
    write-file /var/folders/6m/vxwlbjsn7vs6h80_98w6x7p40000gn/T/parlor-audit-ios-readiness-07-3vbx7ig_/DerivedData/Build/Intermediates.noindex/iosApp.build/Debug-iphonesimulator/iosApp.build/DerivedSources/Entitlements-Simulated.plist

MkDir /var/folders/6m/vxwlbjsn7vs6h80_98w6x7p40000gn/T/parlor-audit-ios-readiness-07-3vbx7ig_/DerivedData/Build/Products/Debug-iphonesimulator/iosAppUITests-Runner.app/PlugIns/iosAppUITests.xctest (in target 'iosAppUITests' from project 'iosApp')
    cd /var/folders/6m/vxwlbjsn7vs6h80_98w6x7p40000gn/T/parlor-audit-ios-readiness-07-3vbx7ig_/copy/iosApp
    /bin/mkdir -p /var/folders/6m/vxwlbjsn7vs6h80_98w6x7p40000gn/T/parlor-audit-ios-readiness-07-3vbx7ig_/DerivedData/Build/Products/Debug-iphonesimulator/iosAppUITests-Runner.app/PlugIns/iosAppUITests.xctest

MkDir /var/folders/6m/vxwlbjsn7vs6h80_98w6x7p40000gn/T/parlor-audit-ios-readiness-07-3vbx7ig_/DerivedData/Build/Products/Debug-iphonesimulator/Parlor.app (in target 'iosApp' from project 'iosApp')
    cd /var/folders/6m/vxwlbjsn7vs6h80_98w6x7p40000gn/T/parlor-audit-ios-readiness-07-3vbx7ig_/copy/iosApp
    /bin/mkdir -p /var/folders/6m/vxwlbjsn7vs6h80_98w6x7p40000gn/T/parlor-audit-ios-readiness-07-3vbx7ig_/DerivedData/Build/Products/Debug-iphonesimulator/Parlor.app

ValidateDevelopmentAssets /var/folders/6m/vxwlbjsn7vs6h80_98w6x7p40000gn/T/parlor-audit-ios-readiness-07-3vbx7ig_/DerivedData/Build/Intermediates.noindex/iosApp.build/Debug-iphonesimulator/iosApp.build (in target 'iosApp' from project 'iosApp')
    cd /var/folders/6m/vxwlbjsn7vs6h80_98w6x7p40000gn/T/parlor-audit-ios-readiness-07-3vbx7ig_/copy/iosApp
    builtin-validate-development-assets --validate YES_ERROR /var/folders/6m/vxwlbjsn7vs6h80_98w6x7p40000gn/T/parlor-audit-ios-readiness-07-3vbx7ig_/copy/iosApp/iosApp/Preview\ Content

ProcessProductPackaging "" /var/folders/6m/vxwlbjsn7vs6h80_98w6x7p40000gn/T/parlor-audit-ios-readiness-07-3vbx7ig_/DerivedData/Build/Intermediates.noindex/iosApp.build/Debug-iphonesimulator/iosApp.build/Parlor.app-Simulated.xcent (in target 'iosApp' from project 'iosApp')
    cd /var/folders/6m/vxwlbjsn7vs6h80_98w6x7p40000gn/T/parlor-audit-ios-readiness-07-3vbx7ig_/copy/iosApp
    
    Entitlements:
    
    {
    "application-identifier" = "7CGZ2343AA.com.parlor.app.debug";
}
    
    builtin-productPackagingUtility -entitlements -format xml -o /var/folders/6m/vxwlbjsn7vs6h80_98w6x7p40000gn/T/parlor-audit-ios-readiness-07-3vbx7ig_/DerivedData/Build/Intermediates.noindex/iosApp.build/Debug-iphonesimulator/iosApp.build/Parlor.app-Simulated.xcent

ProcessProductPackagingDER /var/folders/6m/vxwlbjsn7vs6h80_98w6x7p40000gn/T/parlor-audit-ios-readiness-07-3vbx7ig_/DerivedData/Build/Intermediates.noindex/iosApp.build/Debug-iphonesimulator/iosApp.build/Parlor.app-Simulated.xcent /var/folders/6m/vxwlbjsn7vs6h80_98w6x7p40000gn/T/parlor-audit-ios-readiness-07-3vbx7ig_/DerivedData/Build/Intermediates.noindex/iosApp.build/Debug-iphonesimulator/iosApp.build/Parlor.app-Simulated.xcent.der (in target 'iosApp' from project 'iosApp')
    cd /var/folders/6m/vxwlbjsn7vs6h80_98w6x7p40000gn/T/parlor-audit-ios-readiness-07-3vbx7ig_/copy/iosApp
    /usr/bin/derq query -f xml -i /var/folders/6m/vxwlbjsn7vs6h80_98w6x7p40000gn/T/parlor-audit-ios-readiness-07-3vbx7ig_/DerivedData/Build/Intermediates.noindex/iosApp.build/Debug-iphonesimulator/iosApp.build/Parlor.app-Simulated.xcent -o /var/folders/6m/vxwlbjsn7vs6h80_98w6x7p40000gn/T/parlor-audit-ios-readiness-07-3vbx7ig_/DerivedData/Build/Intermediates.noindex/iosApp.build/Debug-iphonesimulator/iosApp.build/Parlor.app-Simulated.xcent.der --raw

PhaseScriptExecution Compile\ Kotlin\ Framework /var/folders/6m/vxwlbjsn7vs6h80_98w6x7p40000gn/T/parlor-audit-ios-readiness-07-3vbx7ig_/DerivedData/Build/Intermediates.noindex/iosApp.build/Debug-iphonesimulator/iosApp.build/Script-F7AC9D762B0E10F7008B8A48.sh (in target 'iosApp' from project 'iosApp')
    cd /var/folders/6m/vxwlbjsn7vs6h80_98w6x7p40000gn/T/parlor-audit-ios-readiness-07-3vbx7ig_/copy/iosApp
    export ACTION\=build
    export AD_HOC_CODE_SIGNING_ALLOWED\=YES
    export AGGREGATE_TRACKED_DOMAINS\=YES
    export ALLOW_BUILD_REQUEST_OVERRIDES\=NO
    export ALLOW_TARGET_PLATFORM_SPECIALIZATION\=NO
    export ALTERNATE_GROUP\=staff
    export ALTERNATE_MODE\=u+w,go-w,a+rX
    export ALTERNATE_OWNER\=abdelrahman
    export ALTERNATIVE_DISTRIBUTION_WEB\=NO
    export ALWAYS_EMBED_SWIFT_STANDARD_LIBRARIES\=NO
    export ALWAYS_SEARCH_USER_PATHS\=NO
    export ALWAYS_USE_SEPARATE_HEADERMAPS\=NO
    export APPLICATION_EXTENSION_API_ONLY\=NO
    export APPLY_RULES_IN_COPY_FILES\=NO
    export APPLY_RULES_IN_COPY_HEADERS\=NO
    export APP_NAME\=Parlor
    export APP_SHORTCUTS_ENABLE_FLEXIBLE_MATCHING\=YES
    export ARCHS\=arm64
    export ARCHS_BASE\=arm64
    export ARCHS_STANDARD\=arm64\ x86_64
    export ARCHS_STANDARD_32_64_BIT\=arm64\ x86_64
    export ARCHS_STANDARD_64_BIT\=arm64\ x86_64
    export ARCHS_STANDARD_INCLUDING_64_BIT\=arm64\ x86_64
    export ARCHS_UNIVERSAL_IPHONE_OS\=arm64\ x86_64
    export ASSETCATALOG_COMPILER_APPICON_NAME\=AppIcon
    export ASSETCATALOG_COMPILER_GLOBAL_ACCENT_COLOR_NAME\=AccentColor
    export ASSETCATALOG_FILTER_FOR_DEVICE_MODEL\=iPhone18,1
    export ASSETCATALOG_FILTER_FOR_DEVICE_OS_VERSION\=26.5
    export ASSETCATALOG_FILTER_FOR_THINNING_DEVICE_CONFIGURATION\=iPhone18,1
    export AUTOMATICALLY_MERGE_DEPENDENCIES\=NO
    export AUTOMATION_APPLE_EVENTS\=NO
    export AVAILABLE_PLATFORMS\=android\ appletvos\ appletvsimulator\ driverkit\ freebsd\ iphoneos\ iphonesimulator\ linux\ macosx\ none\ openbsd\ qnx\ watchos\ watchsimulator\ webassembly\ xros\ xrsimulator
    export AppIdentifierPrefix\=7CGZ2343AA.
    export BUILD_ACTIVE_RESOURCES_ONLY\=YES
    export BUILD_COMPONENTS\=headers\ build
    export BUILD_DIR\=/var/folders/6m/vxwlbjsn7vs6h80_98w6x7p40000gn/T/parlor-audit-ios-readiness-07-3vbx7ig_/DerivedData/Build/Products
    export BUILD_LIBRARY_FOR_DISTRIBUTION\=NO
    export BUILD_ONLY_KNOWN_LOCALIZATIONS\=NO
    export BUILD_ROOT\=/var/folders/6m/vxwlbjsn7vs6h80_98w6x7p40000gn/T/parlor-audit-ios-readiness-07-3vbx7ig_/DerivedData/Build/Products
    export BUILD_STYLE\=
    export BUILD_VARIANTS\=normal
    export BUILT_PRODUCTS_DIR\=/var/folders/6m/vxwlbjsn7vs6h80_98w6x7p40000gn/T/parlor-audit-ios-readiness-07-3vbx7ig_/DerivedData/Build/Products/Debug-iphonesimulator
    export BUNDLE_CONTENTS_FOLDER_PATH_deep\=Contents/
    export BUNDLE_EXECUTABLE_FOLDER_NAME_deep\=MacOS
    export BUNDLE_EXTENSIONS_FOLDER_PATH\=Extensions
    export BUNDLE_FORMAT\=shallow
    export BUNDLE_FRAMEWORKS_FOLDER_PATH\=Frameworks
    export BUNDLE_ID\=com.parlor.app
    export BUNDLE_PLUGINS_FOLDER_PATH\=PlugIns
    export BUNDLE_PRIVATE_HEADERS_FOLDER_PATH\=PrivateHeaders
    export BUNDLE_PUBLIC_HEADERS_FOLDER_PATH\=Headers
    export CACHE_ROOT\=/var/folders/6m/vxwlbjsn7vs6h80_98w6x7p40000gn/C/com.apple.DeveloperTools/26.5-17F42/Xcode
    export CCHROOT\=/var/folders/6m/vxwlbjsn7vs6h80_98w6x7p40000gn/C/com.apple.DeveloperTools/26.5-17F42/Xcode
    export CHMOD\=/bin/chmod
    export CHOWN\=chown
    export CLANG_ANALYZER_NONNULL\=YES
    export CLANG_ANALYZER_NUMBER_OBJECT_CONVERSION\=YES_AGGRESSIVE
    export CLANG_CACHE_FINE_GRAINED_OUTPUTS\=YES
    export CLANG_CXX_LANGUAGE_STANDARD\=gnu++14
    export CLANG_CXX_LIBRARY\=libc++
    export CLANG_ENABLE_EXPLICIT_MODULES\=YES
    export CLANG_ENABLE_MODULES\=YES
    export CLANG_ENABLE_OBJC_ARC\=YES
    export CLANG_ENABLE_OBJC_WEAK\=YES
    export CLANG_MODULES_BUILD_SESSION_FILE\=/var/folders/6m/vxwlbjsn7vs6h80_98w6x7p40000gn/T/parlor-audit-ios-readiness-07-3vbx7ig_/DerivedData/ModuleCache.noindex/Session.modulevalidation
    export CLANG_WARN_BLOCK_CAPTURE_AUTORELEASING\=YES
    export CLANG_WARN_BOOL_CONVERSION\=YES
    export CLANG_WARN_COMMA\=YES
    export CLANG_WARN_CONSTANT_CONVERSION\=YES
    export CLANG_WARN_DEPRECATED_OBJC_IMPLEMENTATIONS\=YES
    export CLANG_WARN_DIRECT_OBJC_ISA_USAGE\=YES_ERROR
    export CLANG_WARN_DOCUMENTATION_COMMENTS\=YES
    export CLANG_WARN_EMPTY_BODY\=YES
    export CLANG_WARN_ENUM_CONVERSION\=YES
    export CLANG_WARN_INFINITE_RECURSION\=YES
    export CLANG_WARN_INT_CONVERSION\=YES
    export CLANG_WARN_NON_LITERAL_NULL_CONVERSION\=YES
    export CLANG_WARN_OBJC_IMPLICIT_RETAIN_SELF\=YES
    export CLANG_WARN_OBJC_LITERAL_CONVERSION\=YES
    export CLANG_WARN_OBJC_ROOT_CLASS\=YES_ERROR
    export CLANG_WARN_QUOTED_INCLUDE_IN_FRAMEWORK_HEADER\=YES
    export CLANG_WARN_RANGE_LOOP_ANALYSIS\=YES
    export CLANG_WARN_STRICT_PROTOTYPES\=YES
    export CLANG_WARN_SUSPICIOUS_MOVE\=YES
    export CLANG_WARN_UNGUARDED_AVAILABILITY\=YES_AGGRESSIVE
    export CLANG_WARN_UNREACHABLE_CODE\=YES
    export CLANG_WARN__DUPLICATE_METHOD_MATCH\=YES
    export CLASS_FILE_DIR\=/var/folders/6m/vxwlbjsn7vs6h80_98w6x7p40000gn/T/parlor-audit-ios-readiness-07-3vbx7ig_/DerivedData/Build/Intermediates.noindex/iosApp.build/Debug-iphonesimulator/iosApp.build/JavaClasses
    export CLEAN_PRECOMPS\=YES
    export CLONE_HEADERS\=NO
    export CODESIGNING_FOLDER_PATH\=/var/folders/6m/vxwlbjsn7vs6h80_98w6x7p40000gn/T/parlor-audit-ios-readiness-07-3vbx7ig_/DerivedData/Build/Products/Debug-iphonesimulator/Parlor.app
    export CODE_SIGNING_ALLOWED\=YES
    export CODE_SIGNING_REQUIRED\=YES
    export CODE_SIGN_CONTEXT_CLASS\=XCiPhoneSimulatorCodeSignContext
    export CODE_SIGN_IDENTITY\=-
    export CODE_SIGN_INJECT_BASE_ENTITLEMENTS\=YES
    export CODE_SIGN_STYLE\=Manual
    export COLOR_DIAGNOSTICS\=NO
    export COMBINE_HIDPI_IMAGES\=NO
    export COMPILATION_CACHE_CAS_PATH\=/var/folders/6m/vxwlbjsn7vs6h80_98w6x7p40000gn/T/parlor-audit-ios-readiness-07-3vbx7ig_/DerivedData/CompilationCache.noindex
    export COMPILATION_CACHE_KEEP_CAS_DIRECTORY\=YES
    export COMPILER_INDEX_STORE_ENABLE\=NO
    export COMPOSITE_SDK_DIRS\=/var/folders/6m/vxwlbjsn7vs6h80_98w6x7p40000gn/T/parlor-audit-ios-readiness-07-3vbx7ig_/DerivedData/Build/Intermediates.noindex/CompositeSDKs
    export COMPRESS_PNG_FILES\=YES
    export CONFIGURATION\=Debug
    export CONFIGURATION_BUILD_DIR\=/var/folders/6m/vxwlbjsn7vs6h80_98w6x7p40000gn/T/parlor-audit-ios-readiness-07-3vbx7ig_/DerivedData/Build/Products/Debug-iphonesimulator
    export CONFIGURATION_TEMP_DIR\=/var/folders/6m/vxwlbjsn7vs6h80_98w6x7p40000gn/T/parlor-audit-ios-readiness-07-3vbx7ig_/DerivedData/Build/Intermediates.noindex/iosApp.build/Debug-iphonesimulator
    export CONTENTS_FOLDER_PATH\=Parlor.app
    export CONTENTS_FOLDER_PATH_SHALLOW_BUNDLE_NO\=Parlor.app/Contents
    export CONTENTS_FOLDER_PATH_SHALLOW_BUNDLE_YES\=Parlor.app
    export COPYING_PRESERVES_HFS_DATA\=NO
    export COPY_HEADERS_RUN_UNIFDEF\=NO
    export COPY_PHASE_STRIP\=NO
    export CORRESPONDING_DEVICE_PLATFORM_DIR\=/Applications/Xcode.app/Contents/Developer/Platforms/iPhoneOS.platform
    export CORRESPONDING_DEVICE_PLATFORM_NAME\=iphoneos
    export CORRESPONDING_DEVICE_SDK_DIR\=/Applications/Xcode.app/Contents/Developer/Platforms/iPhoneOS.platform/Developer/SDKs/iPhoneOS26.5.sdk
    export CORRESPONDING_DEVICE_SDK_NAME\=iphoneos26.5
    export CP\=/bin/cp
    export CREATE_INFOPLIST_SECTION_IN_BINARY\=NO
    export CURRENT_ARCH\=undefined_arch
    export CURRENT_PROJECT_VERSION\=1
    export CURRENT_VARIANT\=normal
    export DEAD_CODE_STRIPPING\=YES
    export DEBUGGING_SYMBOLS\=YES
    export DEBUG_INFORMATION_FORMAT\=dwarf
    export DEBUG_INFORMATION_VERSION\=compiler-default
    export DEFAULT_COMPILER\=com.apple.compilers.llvm.clang.1_0
    export DEFAULT_DEXT_INSTALL_PATH\=/System/Library/DriverExtensions
    export DEFAULT_KEXT_INSTALL_PATH\=/System/Library/Extensions
    export DEFINES_MODULE\=NO
    export DEPLOYMENT_LOCATION\=NO
    export DEPLOYMENT_POSTPROCESSING\=NO
    export DEPLOYMENT_TARGET_SETTING_NAME\=IPHONEOS_DEPLOYMENT_TARGET
    export DEPLOYMENT_TARGET_SUGGESTED_VALUES\=12.0\ 12.1\ 12.2\ 12.3\ 12.4\ 13.0\ 13.1\ 13.2\ 13.3\ 13.4\ 13.5\ 13.6\ 14.0\ 14.1\ 14.2\ 14.3\ 14.4\ 14.5\ 14.6\ 14.7\ 15.0\ 15.1\ 15.2\ 15.3\ 15.4\ 15.5\ 15.6\ 16.0\ 16.1\ 16.2\ 16.3\ 16.4\ 16.5\ 16.6\ 17.0\ 17.1\ 17.2\ 17.3\ 17.4\ 17.5\ 17.6\ 18.0\ 18.1\ 18.2\ 18.3\ 18.4\ 18.5\ 18.6\ 26.0\ 26.2\ 26.3\ 26.4\ 26.5
    export DERIVED_FILES_DIR\=/var/folders/6m/vxwlbjsn7vs6h80_98w6x7p40000gn/T/parlor-audit-ios-readiness-07-3vbx7ig_/DerivedData/Build/Intermediates.noindex/iosApp.build/Debug-iphonesimulator/iosApp.build/DerivedSources
    export DERIVED_FILE_DIR\=/var/folders/6m/vxwlbjsn7vs6h80_98w6x7p40000gn/T/parlor-audit-ios-readiness-07-3vbx7ig_/DerivedData/Build/Intermediates.noindex/iosApp.build/Debug-iphonesimulator/iosApp.build/DerivedSources
    export DERIVED_SOURCES_DIR\=/var/folders/6m/vxwlbjsn7vs6h80_98w6x7p40000gn/T/parlor-audit-ios-readiness-07-3vbx7ig_/DerivedData/Build/Intermediates.noindex/iosApp.build/Debug-iphonesimulator/iosApp.build/DerivedSources
    export DEVELOPER_APPLICATIONS_DIR\=/Applications/Xcode.app/Contents/Developer/Applications
    export DEVELOPER_BIN_DIR\=/Applications/Xcode.app/Contents/Developer/usr/bin
    export DEVELOPER_DIR\=/Applications/Xcode.app/Contents/Developer
    export DEVELOPER_FRAMEWORKS_DIR\=/Applications/Xcode.app/Contents/Developer/Library/Frameworks
    export DEVELOPER_FRAMEWORKS_DIR_QUOTED\=/Applications/Xcode.app/Contents/Developer/Library/Frameworks
    export DEVELOPER_LIBRARY_DIR\=/Applications/Xcode.app/Contents/Developer/Library
    export DEVELOPER_SDK_DIR\=/Applications/Xcode.app/Contents/Developer/Platforms/MacOSX.platform/Developer/SDKs
    export DEVELOPER_TOOLS_DIR\=/Applications/Xcode.app/Contents/Developer/Tools
    export DEVELOPER_USR_DIR\=/Applications/Xcode.app/Contents/Developer/usr
    export DEVELOPMENT_ASSET_PATHS\=\"iosApp/Preview\ Content\"
    export DEVELOPMENT_LANGUAGE\=en
    export DIAGNOSE_MISSING_TARGET_DEPENDENCIES\=YES
    export DIFF\=/usr/bin/diff
    export DOCUMENTATION_FOLDER_PATH\=Parlor.app/en.lproj/Documentation
    export DONT_GENERATE_INFOPLIST_FILE\=NO
    export DSTROOT\=/tmp/iosApp.dst
    export DT_TOOLCHAIN_DIR\=/Applications/Xcode.app/Contents/Developer/Toolchains/XcodeDefault.xctoolchain
    export DUMP_DEPENDENCIES\=NO
    export DUMP_DEPENDENCIES_OUTPUT_PATH\=/var/folders/6m/vxwlbjsn7vs6h80_98w6x7p40000gn/T/parlor-audit-ios-readiness-07-3vbx7ig_/DerivedData/Build/Intermediates.noindex/iosApp.build/Debug-iphonesimulator/iosApp.build/iosApp-BuildDependencyInfo.json
    export DWARF_DSYM_FILE_NAME\=Parlor.app.dSYM
    export DWARF_DSYM_FILE_SHOULD_ACCOMPANY_PRODUCT\=NO
    export DWARF_DSYM_FOLDER_PATH\=/var/folders/6m/vxwlbjsn7vs6h80_98w6x7p40000gn/T/parlor-audit-ios-readiness-07-3vbx7ig_/DerivedData/Build/Products/Debug-iphonesimulator
    export DYNAMIC_LIBRARY_EXTENSION\=dylib
    export EAGER_COMPILATION_ALLOW_SCRIPTS\=NO
    export EAGER_LINKING\=NO
    export EFFECTIVE_PLATFORM_NAME\=-iphonesimulator
    export EFFECTIVE_SWIFT_VERSION\=5
    export EMBEDDED_CONTENT_CONTAINS_SWIFT\=NO
    export EMBED_ASSET_PACKS_IN_PRODUCT_BUNDLE\=NO
    export ENABLE_APP_SANDBOX\=NO
    export ENABLE_CODE_COVERAGE\=YES
    export ENABLE_COHORT_ARCHS\=NO
    export ENABLE_CPLUSPLUS_BOUNDS_SAFE_BUFFERS\=NO
    export ENABLE_C_BOUNDS_SAFETY\=NO
    export ENABLE_DEBUG_DYLIB\=YES
    export ENABLE_DEFAULT_HEADER_SEARCH_PATHS\=YES
    export ENABLE_DEFAULT_SEARCH_PATHS\=YES
    export ENABLE_ENHANCED_SECURITY\=NO
    export ENABLE_HARDENED_RUNTIME\=NO
    export ENABLE_HEADER_DEPENDENCIES\=YES
    export ENABLE_INCOMING_NETWORK_CONNECTIONS\=NO
    export ENABLE_ON_DEMAND_RESOURCES\=YES
    export ENABLE_OUTGOING_NETWORK_CONNECTIONS\=NO
    export ENABLE_POINTER_AUTHENTICATION\=NO
    export ENABLE_PREVIEWS\=NO
    export ENABLE_RESOURCE_ACCESS_AUDIO_INPUT\=NO
    export ENABLE_RESOURCE_ACCESS_BLUETOOTH\=NO
    export ENABLE_RESOURCE_ACCESS_CALENDARS\=NO
    export ENABLE_RESOURCE_ACCESS_CAMERA\=NO
    export ENABLE_RESOURCE_ACCESS_CONTACTS\=NO
    export ENABLE_RESOURCE_ACCESS_LOCATION\=NO
    export ENABLE_RESOURCE_ACCESS_PHOTO_LIBRARY\=NO
    export ENABLE_RESOURCE_ACCESS_PRINTING\=NO
    export ENABLE_RESOURCE_ACCESS_USB\=NO
    export ENABLE_SDK_IMPORTS\=NO
    export ENABLE_SECURITY_COMPILER_WARNINGS\=NO
    export ENABLE_STRICT_OBJC_MSGSEND\=YES
    export ENABLE_TESTABILITY\=YES
    export ENABLE_TESTING_SEARCH_PATHS\=NO
    export ENABLE_USER_SCRIPT_SANDBOXING\=NO
    export ENABLE_XOJIT_PREVIEWS\=YES
    export ENFORCE_VALID_ARCHS\=YES
    export ENTITLEMENTS_ALLOWED\=NO
    export ENTITLEMENTS_DESTINATION\=__entitlements
    export ENTITLEMENTS_REQUIRED\=NO
    export EXCLUDED_INSTALLSRC_SUBDIRECTORY_PATTERNS\=.DS_Store\ .svn\ .git\ .hg\ CVS
    export EXCLUDED_RECURSIVE_SEARCH_PATH_SUBDIRECTORIES\=\*.nib\ \*.lproj\ \*.framework\ \*.gch\ \*.xcode\*\ \*.xcassets\ \*.icon\ \(\*\)\ .DS_Store\ CVS\ .svn\ .git\ .hg\ \*.pbproj\ \*.pbxproj
    export EXECUTABLES_FOLDER_PATH\=Parlor.app/Executables
    export EXECUTABLE_BLANK_INJECTION_DYLIB_PATH\=Parlor.app/__preview.dylib
    export EXECUTABLE_DEBUG_DYLIB_INSTALL_NAME\=@rpath/Parlor.debug.dylib
    export EXECUTABLE_DEBUG_DYLIB_PATH\=Parlor.app/Parlor.debug.dylib
    export EXECUTABLE_FOLDER_PATH\=Parlor.app
    export EXECUTABLE_FOLDER_PATH_SHALLOW_BUNDLE_NO\=Parlor.app/MacOS
    export EXECUTABLE_FOLDER_PATH_SHALLOW_BUNDLE_YES\=Parlor.app
    export EXECUTABLE_NAME\=Parlor
    export EXECUTABLE_PATH\=Parlor.app/Parlor
    export EXPANDED_CODE_SIGN_IDENTITY\=-
    export EXPANDED_CODE_SIGN_IDENTITY_NAME\=Sign\ to\ Run\ Locally
    export EXTENSIONS_FOLDER_PATH\=Parlor.app/Extensions
    export FILE_LIST\=/var/folders/6m/vxwlbjsn7vs6h80_98w6x7p40000gn/T/parlor-audit-ios-readiness-07-3vbx7ig_/DerivedData/Build/Intermediates.noindex/iosApp.build/Debug-iphonesimulator/iosApp.build/Objects/LinkFileList
    export FIXED_FILES_DIR\=/var/folders/6m/vxwlbjsn7vs6h80_98w6x7p40000gn/T/parlor-audit-ios-readiness-07-3vbx7ig_/DerivedData/Build/Intermediates.noindex/iosApp.build/Debug-iphonesimulator/iosApp.build/FixedFiles
    export FRAMEWORKS_FOLDER_PATH\=Parlor.app/Frameworks
    export FRAMEWORK_FLAG_PREFIX\=-framework
    export FRAMEWORK_SEARCH_PATHS\=/var/folders/6m/vxwlbjsn7vs6h80_98w6x7p40000gn/T/parlor-audit-ios-readiness-07-3vbx7ig_/DerivedData/Build/Products/Debug-iphonesimulator\ \ /var/folders/6m/vxwlbjsn7vs6h80_98w6x7p40000gn/T/parlor-audit-ios-readiness-07-3vbx7ig_/copy/iosApp/../composeApp/build/xcode-frameworks/Debug/iphonesimulator26.5
    export FRAMEWORK_VERSION\=A
    export FULL_PRODUCT_NAME\=Parlor.app
    export FUSE_BUILD_PHASES\=YES
    export FUSE_BUILD_SCRIPT_PHASES\=NO
    export GCC3_VERSION\=3.3
    export GCC_C_LANGUAGE_STANDARD\=gnu11
    export GCC_DYNAMIC_NO_PIC\=NO
    export GCC_INLINES_ARE_PRIVATE_EXTERN\=YES
    export GCC_NO_COMMON_BLOCKS\=YES
    export GCC_OBJC_LEGACY_DISPATCH\=YES
    export GCC_OPTIMIZATION_LEVEL\=0
    export GCC_PFE_FILE_C_DIALECTS\=c\ objective-c\ c++\ objective-c++
    export GCC_PREPROCESSOR_DEFINITIONS\=DEBUG\=1\ 
    export GCC_SYMBOLS_PRIVATE_EXTERN\=NO
    export GCC_TREAT_WARNINGS_AS_ERRORS\=NO
    export GCC_VERSION\=com.apple.compilers.llvm.clang.1_0
    export GCC_VERSION_IDENTIFIER\=com_apple_compilers_llvm_clang_1_0
    export GCC_WARN_64_TO_32_BIT_CONVERSION\=YES
    export GCC_WARN_ABOUT_RETURN_TYPE\=YES_ERROR
    export GCC_WARN_UNDECLARED_SELECTOR\=YES
    export GCC_WARN_UNINITIALIZED_AUTOS\=YES_AGGRESSIVE
    export GCC_WARN_UNUSED_FUNCTION\=YES
    export GCC_WARN_UNUSED_VARIABLE\=YES
    export GENERATED_MODULEMAP_DIR\=/var/folders/6m/vxwlbjsn7vs6h80_98w6x7p40000gn/T/parlor-audit-ios-readiness-07-3vbx7ig_/DerivedData/Build/Intermediates.noindex/GeneratedModuleMaps-iphonesimulator
    export GENERATE_INFOPLIST_FILE\=NO
    export GENERATE_INTERMEDIATE_TEXT_BASED_STUBS\=YES
    export GENERATE_PKGINFO_FILE\=YES
    export GENERATE_PRELINK_OBJECT_FILE\=NO
    export GENERATE_PROFILING_CODE\=NO
    export GENERATE_TEXT_BASED_STUBS\=NO
    export GID\=20
    export GROUP\=staff
    export HEADERMAP_INCLUDES_FLAT_ENTRIES_FOR_TARGET_BEING_BUILT\=YES
    export HEADERMAP_INCLUDES_FRAMEWORK_ENTRIES_FOR_ALL_PRODUCT_TYPES\=YES
    export HEADERMAP_INCLUDES_FRAMEWORK_ENTRIES_FOR_TARGETS_NOT_BEING_BUILT\=YES
    export HEADERMAP_INCLUDES_NONPUBLIC_NONPRIVATE_HEADERS\=YES
    export HEADERMAP_INCLUDES_PROJECT_HEADERS\=YES
    export HEADERMAP_USES_FRAMEWORK_PREFIX_ENTRIES\=YES
    export HEADERMAP_USES_VFS\=NO
    export HEADER_SEARCH_PATHS\=/var/folders/6m/vxwlbjsn7vs6h80_98w6x7p40000gn/T/parlor-audit-ios-readiness-07-3vbx7ig_/DerivedData/Build/Products/Debug-iphonesimulator/include\ 
    export HOME\=/Users/abdelrahman
    export HOST_ARCH\=arm64
    export HOST_PLATFORM\=macosx
    export ICONV\=/usr/bin/iconv
    export IMPLICIT_DEPENDENCY_DOMAIN\=default
    export INDEX_STORE_COMPRESS\=NO
    export INDEX_STORE_ONLY_PROJECT_FILES\=NO
    export INFOPLIST_ENABLE_CFBUNDLEICONS_MERGE\=YES
    export INFOPLIST_EXPAND_BUILD_SETTINGS\=YES
    export INFOPLIST_FILE\=iosApp/Info.plist
    export INFOPLIST_OUTPUT_FORMAT\=binary
    export INFOPLIST_PATH\=Parlor.app/Info.plist
    export INFOPLIST_PREPROCESS\=NO
    export INFOSTRINGS_PATH\=Parlor.app/en.lproj/InfoPlist.strings
    export INLINE_PRIVATE_FRAMEWORKS\=NO
    export INSTALLAPI_IGNORE_SKIP_INSTALL\=YES
    export INSTALLHDRS_COPY_PHASE\=NO
    export INSTALLHDRS_SCRIPT_PHASE\=NO
    export INSTALL_DIR\=/tmp/iosApp.dst/Applications
    export INSTALL_GROUP\=staff
    export INSTALL_MODE_FLAG\=u+w,go-w,a+rX
    export INSTALL_OWNER\=abdelrahman
    export INSTALL_PATH\=/Applications
    export INSTALL_ROOT\=/tmp/iosApp.dst
    export IPHONEOS_DEPLOYMENT_TARGET\=16.0
    export IS_UNOPTIMIZED_BUILD\=YES
    export JAVAC_DEFAULT_FLAGS\=-J-Xms64m\ -J-XX:NewSize\=4M\ -J-Dfile.encoding\=UTF8
    export JAVA_APP_STUB\=/System/Library/Frameworks/JavaVM.framework/Resources/MacOS/JavaApplicationStub
    export JAVA_ARCHIVE_CLASSES\=YES
    export JAVA_ARCHIVE_TYPE\=JAR
    export JAVA_COMPILER\=/usr/bin/javac
    export JAVA_FOLDER_PATH\=Parlor.app/Java
    export JAVA_FRAMEWORK_RESOURCES_DIRS\=Resources
    export JAVA_JAR_FLAGS\=cv
    export JAVA_SOURCE_SUBDIR\=.
    export JAVA_USE_DEPENDENCIES\=YES
    export JAVA_ZIP_FLAGS\=-urg
    export JIKES_DEFAULT_FLAGS\=+E\ +OLDCSO
    export KEEP_PRIVATE_EXTERNS\=NO
    export LD_DEPENDENCY_INFO_FILE\=/var/folders/6m/vxwlbjsn7vs6h80_98w6x7p40000gn/T/parlor-audit-ios-readiness-07-3vbx7ig_/DerivedData/Build/Intermediates.noindex/iosApp.build/Debug-iphonesimulator/iosApp.build/Objects-normal/undefined_arch/Parlor_dependency_info.dat
    export LD_ENTITLEMENTS_SECTION\=/var/folders/6m/vxwlbjsn7vs6h80_98w6x7p40000gn/T/parlor-audit-ios-readiness-07-3vbx7ig_/DerivedData/Build/Intermediates.noindex/iosApp.build/Debug-iphonesimulator/iosApp.build/Parlor.app-Simulated.xcent
    export LD_ENTITLEMENTS_SECTION_DER\=/var/folders/6m/vxwlbjsn7vs6h80_98w6x7p40000gn/T/parlor-audit-ios-readiness-07-3vbx7ig_/DerivedData/Build/Intermediates.noindex/iosApp.build/Debug-iphonesimulator/iosApp.build/Parlor.app-Simulated.xcent.der
    export LD_EXPORT_SYMBOLS\=YES
    export LD_GENERATE_MAP_FILE\=NO
    export LD_MAP_FILE_PATH\=/var/folders/6m/vxwlbjsn7vs6h80_98w6x7p40000gn/T/parlor-audit-ios-readiness-07-3vbx7ig_/DerivedData/Build/Intermediates.noindex/iosApp.build/Debug-iphonesimulator/iosApp.build/Parlor-LinkMap-normal-undefined_arch.txt
    export LD_NO_PIE\=NO
    export LD_QUOTE_LINKER_ARGUMENTS_FOR_COMPILER_DRIVER\=YES
    export LD_RUNPATH_SEARCH_PATHS\=\ @executable_path/Frameworks
    export LD_RUNPATH_SEARCH_PATHS_YES\=@loader_path/../Frameworks
    export LD_SHARED_CACHE_ELIGIBLE\=Automatic
    export LD_WARN_DUPLICATE_LIBRARIES\=NO
    export LD_WARN_UNUSED_DYLIBS\=NO
    export LEGACY_DEVELOPER_DIR\=/Applications/Xcode.app/Contents/PlugIns/Xcode3Core.ideplugin/Contents/SharedSupport/Developer
    export LEX\=lex
    export LIBRARY_DEXT_INSTALL_PATH\=/Library/DriverExtensions
    export LIBRARY_FLAG_NOSPACE\=YES
    export LIBRARY_FLAG_PREFIX\=-l
    export LIBRARY_KEXT_INSTALL_PATH\=/Library/Extensions
    export LIBRARY_SEARCH_PATHS\=/var/folders/6m/vxwlbjsn7vs6h80_98w6x7p40000gn/T/parlor-audit-ios-readiness-07-3vbx7ig_/DerivedData/Build/Products/Debug-iphonesimulator\ 
    export LINKER_DISPLAYS_MANGLED_NAMES\=NO
    export LINK_FILE_LIST_normal_arm64\=/var/folders/6m/vxwlbjsn7vs6h80_98w6x7p40000gn/T/parlor-audit-ios-readiness-07-3vbx7ig_/DerivedData/Build/Intermediates.noindex/iosApp.build/Debug-iphonesimulator/iosApp.build/Objects-normal/arm64/Parlor.LinkFileList
    export LINK_OBJC_RUNTIME\=YES
    export LINK_WITH_STANDARD_LIBRARIES\=YES
    export LLVM_TARGET_TRIPLE_OS_VERSION\=ios16.0
    export LLVM_TARGET_TRIPLE_SUFFIX\=-simulator
    export LLVM_TARGET_TRIPLE_VENDOR\=apple
    export LM_AUX_CONST_METADATA_LIST_PATH_normal_arm64\=/var/folders/6m/vxwlbjsn7vs6h80_98w6x7p40000gn/T/parlor-audit-ios-readiness-07-3vbx7ig_/DerivedData/Build/Intermediates.noindex/iosApp.build/Debug-iphonesimulator/iosApp.build/Objects-normal/arm64/Parlor.SwiftConstValuesFileList
    export LOCALIZATION_EXPORT_SUPPORTED\=YES
    export LOCALIZATION_PREFERS_STRING_CATALOGS\=NO
    export LOCALIZED_RESOURCES_FOLDER_PATH\=Parlor.app/en.lproj
    export LOCALIZED_STRING_CODE_COMMENTS\=NO
    export LOCALIZED_STRING_MACRO_NAMES\=NSLocalizedString\ CFCopyLocalizedString
    export LOCALIZED_STRING_SWIFTUI_SUPPORT\=YES
    export LOCAL_ADMIN_APPS_DIR\=/Applications/Utilities
    export LOCAL_APPS_DIR\=/Applications
    export LOCAL_DEVELOPER_DIR\=/Library/Developer
    export LOCAL_LIBRARY_DIR\=/Library
    export LOCROOT\=/var/folders/6m/vxwlbjsn7vs6h80_98w6x7p40000gn/T/parlor-audit-ios-readiness-07-3vbx7ig_/copy/iosApp
    export LOCSYMROOT\=/var/folders/6m/vxwlbjsn7vs6h80_98w6x7p40000gn/T/parlor-audit-ios-readiness-07-3vbx7ig_/copy/iosApp
    export MACH_O_TYPE\=mh_execute
    export MAC_OS_X_PRODUCT_BUILD_VERSION\=25C56
    export MAC_OS_X_VERSION_ACTUAL\=260200
    export MAC_OS_X_VERSION_MAJOR\=260000
    export MAC_OS_X_VERSION_MINOR\=260200
    export MAKE_MERGEABLE\=NO
    export MARKETING_VERSION\=1.0.0
    export MERGEABLE_LIBRARY\=NO
    export MERGED_BINARY_TYPE\=none
    export MERGE_LINKED_LIBRARIES\=NO
    export METAL_LIBRARY_FILE_BASE\=default
    export METAL_LIBRARY_OUTPUT_DIR\=/var/folders/6m/vxwlbjsn7vs6h80_98w6x7p40000gn/T/parlor-audit-ios-readiness-07-3vbx7ig_/DerivedData/Build/Products/Debug-iphonesimulator/Parlor.app
    export MOBILE_RELEASE_IOS_CODE_SIGN_STYLE\=Automatic
    export MODULES_FOLDER_PATH\=Parlor.app/Modules
    export MODULE_CACHE_DIR\=/var/folders/6m/vxwlbjsn7vs6h80_98w6x7p40000gn/T/parlor-audit-ios-readiness-07-3vbx7ig_/DerivedData/ModuleCache.noindex
    export MTL_ENABLE_DEBUG_INFO\=INCLUDE_SOURCE
    export MTL_FAST_MATH\=YES
    export NATIVE_ARCH\=arm64
    export NATIVE_ARCH_32_BIT\=arm
    export NATIVE_ARCH_64_BIT\=arm64
    export NATIVE_ARCH_ACTUAL\=arm64
    export NO_COMMON\=YES
    export OBJC_ABI_VERSION\=2
    export OBJECT_FILE_DIR\=/var/folders/6m/vxwlbjsn7vs6h80_98w6x7p40000gn/T/parlor-audit-ios-readiness-07-3vbx7ig_/DerivedData/Build/Intermediates.noindex/iosApp.build/Debug-iphonesimulator/iosApp.build/Objects
    export OBJECT_FILE_DIR_normal\=/var/folders/6m/vxwlbjsn7vs6h80_98w6x7p40000gn/T/parlor-audit-ios-readiness-07-3vbx7ig_/DerivedData/Build/Intermediates.noindex/iosApp.build/Debug-iphonesimulator/iosApp.build/Objects-normal
    export OBJROOT\=/var/folders/6m/vxwlbjsn7vs6h80_98w6x7p40000gn/T/parlor-audit-ios-readiness-07-3vbx7ig_/DerivedData/Build/Intermediates.noindex
    export ONLY_ACTIVE_ARCH\=YES
    export OS\=MACOS
    export OSAC\=/usr/bin/osacompile
    export PACKAGE_TYPE\=com.apple.package-type.wrapper.application
    export PARLOR_BUILD_NUMBER\=1
    export PARLOR_VERSION_NAME\=1.0.0
    export PASCAL_STRINGS\=YES
    export PATH\=/Applications/Xcode.app/Contents/SharedFrameworks/SwiftBuild.framework/Versions/A/PlugIns/SWBBuildService.bundle/Contents/PlugIns/SWBUniversalPlatformPlugin.bundle/Contents/Frameworks/SWBUniversalPlatform.framework/Resources:/Applications/Xcode.app/Contents/Developer/Toolchains/XcodeDefault.xctoolchain/usr/bin:/Applications/Xcode.app/Contents/Developer/Toolchains/XcodeDefault.xctoolchain/usr/local/bin:/Applications/Xcode.app/Contents/Developer/Toolchains/XcodeDefault.xctoolchain/usr/libexec:/Applications/Xcode.app/Contents/Developer/Platforms/iPhoneSimulator.platform/usr/bin:/Applications/Xcode.app/Contents/Developer/Platforms/iPhoneSimulator.platform/usr/local/bin:/Applications/Xcode.app/Contents/Developer/Platforms/iPhoneSimulator.platform/Developer/usr/bin:/Applications/Xcode.app/Contents/Developer/Platforms/iPhoneSimulator.platform/Developer/usr/local/bin:/Applications/Xcode.app/Contents/Developer/usr/bin:/Applications/Xcode.app/Contents/Developer/usr/local/bin:/opt/homebrew/Cellar/openjdk@21/21.0.11/libexec/openjdk.jdk/Contents/Home/bin:/usr/bin:/bin:/usr/sbin:/sbin
    export PATH_PREFIXES_EXCLUDED_FROM_HEADER_DEPENDENCIES\=/usr/include\ /usr/local/include\ /System/Library/Frameworks\ /System/Library/PrivateFrameworks\ /Applications/Xcode.app/Contents/Developer/Headers\ /Applications/Xcode.app/Contents/Developer/SDKs\ /Applications/Xcode.app/Contents/Developer/Platforms
    export PBDEVELOPMENTPLIST_PATH\=Parlor.app/pbdevelopment.plist
    export PER_ARCH_MODULE_FILE_DIR\=/var/folders/6m/vxwlbjsn7vs6h80_98w6x7p40000gn/T/parlor-audit-ios-readiness-07-3vbx7ig_/DerivedData/Build/Intermediates.noindex/iosApp.build/Debug-iphonesimulator/iosApp.build/Objects-normal/undefined_arch
    export PER_ARCH_OBJECT_FILE_DIR\=/var/folders/6m/vxwlbjsn7vs6h80_98w6x7p40000gn/T/parlor-audit-ios-readiness-07-3vbx7ig_/DerivedData/Build/Intermediates.noindex/iosApp.build/Debug-iphonesimulator/iosApp.build/Objects-normal/undefined_arch
    export PER_VARIANT_OBJECT_FILE_DIR\=/var/folders/6m/vxwlbjsn7vs6h80_98w6x7p40000gn/T/parlor-audit-ios-readiness-07-3vbx7ig_/DerivedData/Build/Intermediates.noindex/iosApp.build/Debug-iphonesimulator/iosApp.build/Objects-normal
    export PKGINFO_FILE_PATH\=/var/folders/6m/vxwlbjsn7vs6h80_98w6x7p40000gn/T/parlor-audit-ios-readiness-07-3vbx7ig_/DerivedData/Build/Intermediates.noindex/iosApp.build/Debug-iphonesimulator/iosApp.build/PkgInfo
    export PKGINFO_PATH\=Parlor.app/PkgInfo
    export PLATFORM_DEVELOPER_APPLICATIONS_DIR\=/Applications/Xcode.app/Contents/Developer/Platforms/iPhoneSimulator.platform/Developer/Applications
    export PLATFORM_DEVELOPER_BIN_DIR\=/Applications/Xcode.app/Contents/Developer/Platforms/iPhoneSimulator.platform/Developer/usr/bin
    export PLATFORM_DEVELOPER_LIBRARY_DIR\=/Applications/Xcode.app/Contents/Developer/Platforms/iPhoneSimulator.platform/Developer/Library
    export PLATFORM_DEVELOPER_SDK_DIR\=/Applications/Xcode.app/Contents/Developer/Platforms/iPhoneSimulator.platform/Developer/SDKs
    export PLATFORM_DEVELOPER_TOOLS_DIR\=/Applications/Xcode.app/Contents/Developer/Platforms/iPhoneSimulator.platform/Developer/Tools
    export PLATFORM_DEVELOPER_USR_DIR\=/Applications/Xcode.app/Contents/Developer/Platforms/iPhoneSimulator.platform/Developer/usr
    export PLATFORM_DIR\=/Applications/Xcode.app/Contents/Developer/Platforms/iPhoneSimulator.platform
    export PLATFORM_DISPLAY_NAME\=iOS\ Simulator
    export PLATFORM_FAMILY_NAME\=iOS
    export PLATFORM_NAME\=iphonesimulator
    export PLATFORM_PREFERRED_ARCH\=x86_64
    export PLATFORM_PRODUCT_BUILD_VERSION\=23F73
    export PLATFORM_REQUIRES_SWIFT_AUTOLINK_EXTRACT\=NO
    export PLATFORM_REQUIRES_SWIFT_MODULEWRAP\=NO
    export PLATFORM_USES_DSYMS\=YES
    export PLIST_FILE_OUTPUT_FORMAT\=binary
    export PLUGINS_FOLDER_PATH\=Parlor.app/PlugIns
    export PRECOMPS_INCLUDE_HEADERS_FROM_BUILT_PRODUCTS_DIR\=YES
    export PRECOMP_DESTINATION_DIR\=/var/folders/6m/vxwlbjsn7vs6h80_98w6x7p40000gn/T/parlor-audit-ios-readiness-07-3vbx7ig_/DerivedData/Build/Intermediates.noindex/iosApp.build/Debug-iphonesimulator/iosApp.build/PrefixHeaders
    export PRIVATE_HEADERS_FOLDER_PATH\=Parlor.app/PrivateHeaders
    export PROCESSED_INFOPLIST_PATH\=/var/folders/6m/vxwlbjsn7vs6h80_98w6x7p40000gn/T/parlor-audit-ios-readiness-07-3vbx7ig_/DerivedData/Build/Intermediates.noindex/iosApp.build/Debug-iphonesimulator/iosApp.build/Objects-normal/undefined_arch/Processed-Info.plist
    export PRODUCT_BUNDLE_IDENTIFIER\=com.parlor.app.debug
    export PRODUCT_BUNDLE_PACKAGE_TYPE\=APPL
    export PRODUCT_MODULE_NAME\=Parlor
    export PRODUCT_NAME\=Parlor
    export PRODUCT_SETTINGS_PATH\=/var/folders/6m/vxwlbjsn7vs6h80_98w6x7p40000gn/T/parlor-audit-ios-readiness-07-3vbx7ig_/copy/iosApp/iosApp/Info.plist
    export PRODUCT_TYPE\=com.apple.product-type.application
    export PROFILING_CODE\=NO
    export PROJECT\=iosApp
    export PROJECT_DERIVED_FILE_DIR\=/var/folders/6m/vxwlbjsn7vs6h80_98w6x7p40000gn/T/parlor-audit-ios-readiness-07-3vbx7ig_/DerivedData/Build/Intermediates.noindex/iosApp.build/DerivedSources
    export PROJECT_DIR\=/var/folders/6m/vxwlbjsn7vs6h80_98w6x7p40000gn/T/parlor-audit-ios-readiness-07-3vbx7ig_/copy/iosApp
    export PROJECT_FILE_PATH\=/var/folders/6m/vxwlbjsn7vs6h80_98w6x7p40000gn/T/parlor-audit-ios-readiness-07-3vbx7ig_/copy/iosApp/iosApp.xcodeproj
    export PROJECT_GUID\=7b79493a8b7fc1f2fff3c51cd12ba024
    export PROJECT_NAME\=iosApp
    export PROJECT_TEMP_DIR\=/var/folders/6m/vxwlbjsn7vs6h80_98w6x7p40000gn/T/parlor-audit-ios-readiness-07-3vbx7ig_/DerivedData/Build/Intermediates.noindex/iosApp.build
    export PROJECT_TEMP_ROOT\=/var/folders/6m/vxwlbjsn7vs6h80_98w6x7p40000gn/T/parlor-audit-ios-readiness-07-3vbx7ig_/DerivedData/Build/Intermediates.noindex
    export PROVISIONING_PROFILE_REQUIRED\=NO
    export PROVISIONING_PROFILE_REQUIRED_YES_YES\=YES
    export PROVISIONING_PROFILE_SUPPORTED\=YES
    export PUBLIC_HEADERS_FOLDER_PATH\=Parlor.app/Headers
    export RECOMMENDED_IPHONEOS_DEPLOYMENT_TARGET\=15.0
    export RECURSIVE_SEARCH_PATHS_FOLLOW_SYMLINKS\=YES
    export REMOVE_CVS_FROM_RESOURCES\=YES
    export REMOVE_GIT_FROM_RESOURCES\=YES
    export REMOVE_HEADERS_FROM_EMBEDDED_BUNDLES\=YES
    export REMOVE_HG_FROM_RESOURCES\=YES
    export REMOVE_STATIC_EXECUTABLES_FROM_EMBEDDED_BUNDLES\=YES
    export REMOVE_SVN_FROM_RESOURCES\=YES
    export RESCHEDULE_INDEPENDENT_HEADERS_PHASES\=YES
    export REZ_COLLECTOR_DIR\=/var/folders/6m/vxwlbjsn7vs6h80_98w6x7p40000gn/T/parlor-audit-ios-readiness-07-3vbx7ig_/DerivedData/Build/Intermediates.noindex/iosApp.build/Debug-iphonesimulator/iosApp.build/ResourceManagerResources
    export REZ_OBJECTS_DIR\=/var/folders/6m/vxwlbjsn7vs6h80_98w6x7p40000gn/T/parlor-audit-ios-readiness-07-3vbx7ig_/DerivedData/Build/Intermediates.noindex/iosApp.build/Debug-iphonesimulator/iosApp.build/ResourceManagerResources/Objects
    export REZ_SEARCH_PATHS\=/var/folders/6m/vxwlbjsn7vs6h80_98w6x7p40000gn/T/parlor-audit-ios-readiness-07-3vbx7ig_/DerivedData/Build/Products/Debug-iphonesimulator\ 
    export RPATH_ORIGIN\=@loader_path
    export RUNTIME_EXCEPTION_ALLOW_DYLD_ENVIRONMENT_VARIABLES\=NO
    export RUNTIME_EXCEPTION_ALLOW_JIT\=NO
    export RUNTIME_EXCEPTION_ALLOW_UNSIGNED_EXECUTABLE_MEMORY\=NO
    export RUNTIME_EXCEPTION_DEBUGGING_TOOL\=NO
    export RUNTIME_EXCEPTION_DISABLE_EXECUTABLE_PAGE_PROTECTION\=NO
    export RUNTIME_EXCEPTION_DISABLE_LIBRARY_VALIDATION\=NO
    export SCANNING_PCM_KEEP_CACHE_DIRECTORY\=YES
    export SCAN_ALL_SOURCE_FILES_FOR_INCLUDES\=NO
    export SCRIPTS_FOLDER_PATH\=Parlor.app/Scripts
    export SCRIPT_INPUT_FILE_COUNT\=0
    export SCRIPT_INPUT_FILE_LIST_COUNT\=0
    export SCRIPT_OUTPUT_FILE_COUNT\=0
    export SCRIPT_OUTPUT_FILE_LIST_COUNT\=0
    export SDKROOT\=/Applications/Xcode.app/Contents/Developer/Platforms/iPhoneSimulator.platform/Developer/SDKs/iPhoneSimulator26.5.sdk
    export SDK_DIR\=/Applications/Xcode.app/Contents/Developer/Platforms/iPhoneSimulator.platform/Developer/SDKs/iPhoneSimulator26.5.sdk
    export SDK_DIR_iphonesimulator\=/Applications/Xcode.app/Contents/Developer/Platforms/iPhoneSimulator.platform/Developer/SDKs/iPhoneSimulator26.5.sdk
    export SDK_DIR_iphonesimulator26_5\=/Applications/Xcode.app/Contents/Developer/Platforms/iPhoneSimulator.platform/Developer/SDKs/iPhoneSimulator26.5.sdk
    export SDK_NAME\=iphonesimulator26.5
    export SDK_NAMES\=iphonesimulator26.5
    export SDK_PRODUCT_BUILD_VERSION\=23F73
    export SDK_STAT_CACHE_DIR\=/var/folders/6m/vxwlbjsn7vs6h80_98w6x7p40000gn/T/parlor-audit-ios-readiness-07-3vbx7ig_/DerivedData
    export SDK_STAT_CACHE_ENABLE\=YES
    export SDK_STAT_CACHE_PATH\=/var/folders/6m/vxwlbjsn7vs6h80_98w6x7p40000gn/T/parlor-audit-ios-readiness-07-3vbx7ig_/DerivedData/SDKStatCaches.noindex/iphonesimulator26.5-23F73-6cfe768891a92b912361537c460fe42b.sdkstatcache
    export SDK_VERSION\=26.5
    export SDK_VERSION_ACTUAL\=260500
    export SDK_VERSION_MAJOR\=260000
    export SDK_VERSION_MINOR\=260500
    export SED\=/usr/bin/sed
    export SEPARATE_STRIP\=NO
    export SEPARATE_SYMBOL_EDIT\=NO
    export SET_DIR_MODE_OWNER_GROUP\=YES
    export SET_FILE_MODE_OWNER_GROUP\=NO
    export SHALLOW_BUNDLE\=YES
    export SHALLOW_BUNDLE_TRIPLE\=ios-simulator
    export SHALLOW_BUNDLE_ios_macabi\=NO
    export SHALLOW_BUNDLE_macos\=NO
    export SHARED_DERIVED_FILE_DIR\=/var/folders/6m/vxwlbjsn7vs6h80_98w6x7p40000gn/T/parlor-audit-ios-readiness-07-3vbx7ig_/DerivedData/Build/Products/Debug-iphonesimulator/DerivedSources
    export SHARED_FRAMEWORKS_FOLDER_PATH\=Parlor.app/SharedFrameworks
    export SHARED_PRECOMPS_DIR\=/var/folders/6m/vxwlbjsn7vs6h80_98w6x7p40000gn/T/parlor-audit-ios-readiness-07-3vbx7ig_/DerivedData/Build/Intermediates.noindex/PrecompiledHeaders
    export SHARED_SUPPORT_FOLDER_PATH\=Parlor.app/SharedSupport
    export SKIP_INSTALL\=NO
    export SKIP_MERGEABLE_LIBRARY_BUNDLE_HOOK\=NO
    export SOURCE_ROOT\=/var/folders/6m/vxwlbjsn7vs6h80_98w6x7p40000gn/T/parlor-audit-ios-readiness-07-3vbx7ig_/copy/iosApp
    export SRCROOT\=/var/folders/6m/vxwlbjsn7vs6h80_98w6x7p40000gn/T/parlor-audit-ios-readiness-07-3vbx7ig_/copy/iosApp
    export STRINGSDATA_DIR\=/var/folders/6m/vxwlbjsn7vs6h80_98w6x7p40000gn/T/parlor-audit-ios-readiness-07-3vbx7ig_/DerivedData/Build/Intermediates.noindex/iosApp.build/Debug-iphonesimulator/iosApp.build/Objects-normal/undefined_arch
    export STRINGSDATA_ROOT\=/var/folders/6m/vxwlbjsn7vs6h80_98w6x7p40000gn/T/parlor-audit-ios-readiness-07-3vbx7ig_/DerivedData/Build/Intermediates.noindex/iosApp.build/Debug-iphonesimulator/iosApp.build
    export STRINGS_FILE_INFOPLIST_RENAME\=YES
    export STRINGS_FILE_OUTPUT_ENCODING\=binary
    export STRING_CATALOG_GENERATE_SYMBOLS\=NO
    export STRIP_BITCODE_FROM_COPIED_FILES\=NO
    export STRIP_INSTALLED_PRODUCT\=NO
    export STRIP_STYLE\=all
    export STRIP_SWIFT_SYMBOLS\=YES
    export SUPPORTED_DEVICE_FAMILIES\=1,2
    export SUPPORTED_PLATFORMS\=iphoneos\ iphonesimulator
    export SUPPORTS_MACCATALYST\=NO
    export SUPPORTS_ON_DEMAND_RESOURCES\=YES
    export SUPPORTS_TEXT_BASED_API\=NO
    export SUPPRESS_WARNINGS\=NO
    export SWIFT_ACTIVE_COMPILATION_CONDITIONS\=DEBUG
    export SWIFT_EMIT_CONST_VALUE_PROTOCOLS\=AnyResolverProviding\ AppEntity\ AppEnum\ AppExtension\ AppIntent\ AppIntentsPackage\ AppShortcutProviding\ AppShortcutsProvider\ AppUnionValue\ AppUnionValueCasesProviding\ DynamicOptionsProvider\ EntityQuery\ ExtensionPointDefining\ IntentValueQuery\ Resolver\ TransientEntity\ _AssistantIntentsProvider\ _GenerativeFunctionExtractable\ _IntentValueRepresentable
    export SWIFT_EMIT_LOC_STRINGS\=YES
    export SWIFT_ENABLE_EXPLICIT_MODULES\=YES
    export SWIFT_OPTIMIZATION_LEVEL\=-Onone
    export SWIFT_PLATFORM_TARGET_PREFIX\=ios
    export SWIFT_RESPONSE_FILE_PATH_normal_arm64\=/var/folders/6m/vxwlbjsn7vs6h80_98w6x7p40000gn/T/parlor-audit-ios-readiness-07-3vbx7ig_/DerivedData/Build/Intermediates.noindex/iosApp.build/Debug-iphonesimulator/iosApp.build/Objects-normal/arm64/Parlor.SwiftFileList
    export SWIFT_VERSION\=5.0
    export SYMROOT\=/var/folders/6m/vxwlbjsn7vs6h80_98w6x7p40000gn/T/parlor-audit-ios-readiness-07-3vbx7ig_/DerivedData/Build/Products
    export SYSTEM_ADMIN_APPS_DIR\=/Applications/Utilities
    export SYSTEM_APPS_DIR\=/Applications
    export SYSTEM_CORE_SERVICES_DIR\=/System/Library/CoreServices
    export SYSTEM_DEMOS_DIR\=/Applications/Extras
    export SYSTEM_DEVELOPER_APPS_DIR\=/Applications/Xcode.app/Contents/Developer/Applications
    export SYSTEM_DEVELOPER_BIN_DIR\=/Applications/Xcode.app/Contents/Developer/usr/bin
    export SYSTEM_DEVELOPER_DEMOS_DIR\=/Applications/Xcode.app/Contents/Developer/Applications/Utilities/Built\ Examples
    export SYSTEM_DEVELOPER_DIR\=/Applications/Xcode.app/Contents/Developer
    export SYSTEM_DEVELOPER_DOC_DIR\=/Applications/Xcode.app/Contents/Developer/ADC\ Reference\ Library
    export SYSTEM_DEVELOPER_GRAPHICS_TOOLS_DIR\=/Applications/Xcode.app/Contents/Developer/Applications/Graphics\ Tools
    export SYSTEM_DEVELOPER_JAVA_TOOLS_DIR\=/Applications/Xcode.app/Contents/Developer/Applications/Java\ Tools
    export SYSTEM_DEVELOPER_PERFORMANCE_TOOLS_DIR\=/Applications/Xcode.app/Contents/Developer/Applications/Performance\ Tools
    export SYSTEM_DEVELOPER_RELEASENOTES_DIR\=/Applications/Xcode.app/Contents/Developer/ADC\ Reference\ Library/releasenotes
    export SYSTEM_DEVELOPER_TOOLS\=/Applications/Xcode.app/Contents/Developer/Tools
    export SYSTEM_DEVELOPER_TOOLS_DOC_DIR\=/Applications/Xcode.app/Contents/Developer/ADC\ Reference\ Library/documentation/DeveloperTools
    export SYSTEM_DEVELOPER_TOOLS_RELEASENOTES_DIR\=/Applications/Xcode.app/Contents/Developer/ADC\ Reference\ Library/releasenotes/DeveloperTools
    export SYSTEM_DEVELOPER_USR_DIR\=/Applications/Xcode.app/Contents/Developer/usr
    export SYSTEM_DEVELOPER_UTILITIES_DIR\=/Applications/Xcode.app/Contents/Developer/Applications/Utilities
    export SYSTEM_DEXT_INSTALL_PATH\=/System/Library/DriverExtensions
    export SYSTEM_DOCUMENTATION_DIR\=/Library/Documentation
    export SYSTEM_EXTENSIONS_FOLDER_PATH\=Parlor.app/SystemExtensions
    export SYSTEM_EXTENSIONS_FOLDER_PATH_SHALLOW_BUNDLE_NO\=Parlor.app/Library/SystemExtensions
    export SYSTEM_EXTENSIONS_FOLDER_PATH_SHALLOW_BUNDLE_YES\=Parlor.app/SystemExtensions
    export SYSTEM_KEXT_INSTALL_PATH\=/System/Library/Extensions
    export SYSTEM_LIBRARY_DIR\=/System/Library
    export TAPI_DEMANGLE\=YES
    export TAPI_ENABLE_PROJECT_HEADERS\=NO
    export TAPI_LANGUAGE\=objective-c
    export TAPI_LANGUAGE_STANDARD\=compiler-default
    export TAPI_USE_SRCROOT\=YES
    export TAPI_VERIFY_MODE\=Pedantic
    export TARGETED_DEVICE_FAMILY\=1,2
    export TARGETNAME\=iosApp
    export TARGET_BUILD_DIR\=/var/folders/6m/vxwlbjsn7vs6h80_98w6x7p40000gn/T/parlor-audit-ios-readiness-07-3vbx7ig_/DerivedData/Build/Products/Debug-iphonesimulator
    export TARGET_DEVICE_IDENTIFIER\=F96D4E03-A451-44EC-B3F6-C6475E684D0E
    export TARGET_DEVICE_MODEL\=iPhone18,1
    export TARGET_DEVICE_OS_VERSION\=26.5
    export TARGET_DEVICE_PLATFORM_NAME\=iphonesimulator
    export TARGET_NAME\=iosApp
    export TARGET_TEMP_DIR\=/var/folders/6m/vxwlbjsn7vs6h80_98w6x7p40000gn/T/parlor-audit-ios-readiness-07-3vbx7ig_/DerivedData/Build/Intermediates.noindex/iosApp.build/Debug-iphonesimulator/iosApp.build
    export TEMP_DIR\=/var/folders/6m/vxwlbjsn7vs6h80_98w6x7p40000gn/T/parlor-audit-ios-readiness-07-3vbx7ig_/DerivedData/Build/Intermediates.noindex/iosApp.build/Debug-iphonesimulator/iosApp.build
    export TEMP_FILES_DIR\=/var/folders/6m/vxwlbjsn7vs6h80_98w6x7p40000gn/T/parlor-audit-ios-readiness-07-3vbx7ig_/DerivedData/Build/Intermediates.noindex/iosApp.build/Debug-iphonesimulator/iosApp.build
    export TEMP_FILE_DIR\=/var/folders/6m/vxwlbjsn7vs6h80_98w6x7p40000gn/T/parlor-audit-ios-readiness-07-3vbx7ig_/DerivedData/Build/Intermediates.noindex/iosApp.build/Debug-iphonesimulator/iosApp.build
    export TEMP_ROOT\=/var/folders/6m/vxwlbjsn7vs6h80_98w6x7p40000gn/T/parlor-audit-ios-readiness-07-3vbx7ig_/DerivedData/Build/Intermediates.noindex
    export TEMP_SANDBOX_DIR\=/var/folders/6m/vxwlbjsn7vs6h80_98w6x7p40000gn/T/parlor-audit-ios-readiness-07-3vbx7ig_/DerivedData/Build/Intermediates.noindex/TemporaryTaskSandboxes
    export TEST_FRAMEWORK_SEARCH_PATHS\=\ /Applications/Xcode.app/Contents/Developer/Platforms/iPhoneSimulator.platform/Developer/Library/Frameworks\ /Applications/Xcode.app/Contents/Developer/Platforms/iPhoneSimulator.platform/Developer/SDKs/iPhoneSimulator26.5.sdk/Developer/Library/Frameworks
    export TEST_LIBRARY_SEARCH_PATHS\=\ /Applications/Xcode.app/Contents/Developer/Platforms/iPhoneSimulator.platform/Developer/usr/lib
    export TOOLCHAINS\=com.apple.dt.toolchain.XcodeDefault
    export TOOLCHAIN_DIR\=/Applications/Xcode.app/Contents/Developer/Toolchains/XcodeDefault.xctoolchain
    export TREAT_MISSING_BASELINES_AS_TEST_FAILURES\=NO
    export TREAT_MISSING_SCRIPT_PHASE_OUTPUTS_AS_ERRORS\=NO
    export TeamIdentifierPrefix\=7CGZ2343AA.
    export UID\=501
    export UNINSTALLED_PRODUCTS_DIR\=/var/folders/6m/vxwlbjsn7vs6h80_98w6x7p40000gn/T/parlor-audit-ios-readiness-07-3vbx7ig_/DerivedData/Build/Intermediates.noindex/UninstalledProducts
    export UNLOCALIZED_RESOURCES_FOLDER_PATH\=Parlor.app
    export UNLOCALIZED_RESOURCES_FOLDER_PATH_SHALLOW_BUNDLE_NO\=Parlor.app/Resources
    export UNLOCALIZED_RESOURCES_FOLDER_PATH_SHALLOW_BUNDLE_YES\=Parlor.app
    export UNSTRIPPED_PRODUCT\=NO
    export USER\=abdelrahman
    export USER_APPS_DIR\=/Users/abdelrahman/Applications
    export USER_LIBRARY_DIR\=/Users/abdelrahman/Library
    export USE_DYNAMIC_NO_PIC\=YES
    export USE_HEADERMAP\=YES
    export USE_HEADER_SYMLINKS\=NO
    export VALIDATE_DEVELOPMENT_ASSET_PATHS\=YES_ERROR
    export VALIDATE_PRODUCT\=NO
    export VALID_ARCHS\=arm64\ x86_64
    export VERBOSE_PBXCP\=NO
    export VERSIONPLIST_PATH\=Parlor.app/version.plist
    export VERSION_INFO_BUILDER\=abdelrahman
    export VERSION_INFO_FILE\=Parlor_vers.c
    export VERSION_INFO_STRING\=\"@\(\#\)PROGRAM:Parlor\ \ PROJECT:iosApp-1\"
    export WORKSPACE_DIR\=/var/folders/6m/vxwlbjsn7vs6h80_98w6x7p40000gn/T/parlor-audit-ios-readiness-07-3vbx7ig_/copy/iosApp/iosApp.xcodeproj
    export WRAPPER_EXTENSION\=app
    export WRAPPER_NAME\=Parlor.app
    export WRAPPER_SUFFIX\=.app
    export WRAP_ASSET_PACKS_IN_SEPARATE_DIRECTORIES\=NO
    export XCODE_APP_SUPPORT_DIR\=/Applications/Xcode.app/Contents/Developer/Library/Xcode
    export XCODE_PRODUCT_BUILD_VERSION\=17F42
    export XCODE_VERSION_ACTUAL\=2650
    export XCODE_VERSION_MAJOR\=2600
    export XCODE_VERSION_MINOR\=2650
    export XPCSERVICES_FOLDER_PATH\=Parlor.app/XPCServices
    export YACC\=yacc
    export _DISCOVER_COMMAND_LINE_LINKER_INPUTS\=YES
    export _DISCOVER_COMMAND_LINE_LINKER_INPUTS_INCLUDE_WL\=YES
    export _LD_MULTIARCH\=YES
    export _WRAPPER_CONTENTS_DIR_SHALLOW_BUNDLE_NO\=/Contents
    export _WRAPPER_PARENT_PATH_SHALLOW_BUNDLE_NO\=/..
    export _WRAPPER_RESOURCES_DIR_SHALLOW_BUNDLE_NO\=/Resources
    export __DIAGNOSE_DEPRECATED_ARCHS\=YES
    export __IS_NOT_MACOS\=YES
    export __IS_NOT_MACOS_macosx\=NO
    export __IS_NOT_SIMULATOR\=NO
    export __IS_NOT_SIMULATOR_simulator\=NO
    export __ORIGINAL_SDK_DEFINED_LLVM_TARGET_TRIPLE_SYS\=ios
    export arch\=undefined_arch
    export variant\=normal
    /bin/sh -c /var/folders/6m/vxwlbjsn7vs6h80_98w6x7p40000gn/T/parlor-audit-ios-readiness-07-3vbx7ig_/DerivedData/Build/Intermediates.noindex/iosApp.build/Debug-iphonesimulator/iosApp.build/Script-F7AC9D762B0E10F7008B8A48.sh

Welcome to Gradle 8.13!

Here are the highlights of this release:
 - Daemon JVM auto-provisioning
 - Enhancements for Scala plugin and JUnit testing
 - Improvements for build authors and plugin developers

For more details see https://docs.gradle.org/8.13/release-notes.html

To honour the JVM settings for this build a single-use Daemon process will be forked. For more on this, please refer to https://docs.gradle.org/8.13/userguide/gradle_daemon.html#sec:disabling_the_daemon in the Gradle documentation.
Daemon will be stopped at the end of the build 
Type-safe project accessors is an incubating feature.
> Task :build-logic:convention:checkKotlinGradlePluginConfigurationErrors SKIPPED
> Task :build-logic:convention:compileKotlin
> Task :build-logic:convention:compileJava NO-SOURCE
> Task :build-logic:convention:pluginDescriptors
> Task :build-logic:convention:processResources
> Task :build-logic:convention:classes
> Task :build-logic:convention:jar

> Configure project :composeApp
WARNING: The option setting 'android.experimental.lint.version=9.1.1' is experimental.
w: ⚠️ Deprecated Gradle Version
The used Gradle version (Gradle 8.13) is deprecated and will not be supported in future Kotlin Gradle Plugin releases.
The minimum supported Gradle version will become Gradle 8.14.4 in Kotlin 2.5.0.

This warning can be suppressed in 'gradle.properties':
    kotlin.suppressGradlePluginWarnings=DeprecatedGradleVersionWarning
Solution: Please update the Gradle version to at least Gradle 8.14.4.

w: ⚠️ Native task 'iosX64Test' is disabled
Task 'iosX64Test' for target 'ios_x64' cannot run on the current host (macos-aarch64).
Reason: architecture mismatch - target requires X64, current host is ARM64
Solution: To suppress this warning, add 'kotlin.native.ignoreDisabledTargets=true' to gradle.properties.


> Task :composeApp:checkSandboxAndWriteProtection
> Task :composeApp:checkSyntheticImportProjectIsCorrectlyIntegrated SKIPPED
> Task :composeApp:generateSyntheticLinkageSwiftPMImportProjectForEmbedAndSignLinkage SKIPPED
> Task :composeApp:kmpPartiallyResolvedDependenciesChecker
> Task :composeApp:checkKotlinGradlePluginConfigurationErrors SKIPPED
> Task :composeApp:downloadKotlinNativeDistribution
> Task :composeApp:convertXmlValueResourcesForAppleMain NO-SOURCE
> Task :composeApp:copyNonXmlValueResourcesForAppleMain NO-SOURCE
> Task :composeApp:prepareComposeResourcesTaskForAppleMain NO-SOURCE
> Task :composeApp:generateResourceAccessorsForAppleMain NO-SOURCE
> Task :composeApp:convertXmlValueResourcesForCommonMain
> Task :composeApp:copyNonXmlValueResourcesForCommonMain
> Task :composeApp:prepareComposeResourcesTaskForCommonMain
> Task :composeApp:generateResourceAccessorsForCommonMain
> Task :composeApp:convertXmlValueResourcesForIosMain NO-SOURCE
> Task :composeApp:copyNonXmlValueResourcesForIosMain NO-SOURCE
> Task :composeApp:prepareComposeResourcesTaskForIosMain NO-SOURCE
> Task :composeApp:generateResourceAccessorsForIosMain NO-SOURCE
> Task :composeApp:convertXmlValueResourcesForIosSimulatorArm64Main NO-SOURCE
> Task :composeApp:copyNonXmlValueResourcesForIosSimulatorArm64Main NO-SOURCE
> Task :composeApp:prepareComposeResourcesTaskForIosSimulatorArm64Main NO-SOURCE
> Task :composeApp:generateResourceAccessorsForIosSimulatorArm64Main NO-SOURCE
> Task :composeApp:convertXmlValueResourcesForNativeMain NO-SOURCE
> Task :composeApp:copyNonXmlValueResourcesForNativeMain NO-SOURCE
> Task :composeApp:prepareComposeResourcesTaskForNativeMain NO-SOURCE
> Task :composeApp:generateResourceAccessorsForNativeMain NO-SOURCE
> Task :composeApp:generateActualResourceCollectorsForIosSimulatorArm64Main
> Task :composeApp:generateComposeResClass
> Task :composeApp:generateExpectResourceCollectorsForCommonMain
> Task :composeApp:generateParlorVersion
> Task :game-modes:mafia:kmpPartiallyResolvedDependenciesChecker
> Task :game-modes:mafia:checkKotlinGradlePluginConfigurationErrors SKIPPED
> Task :game-modes:mafia:downloadKotlinNativeDistribution
> Task :game-modes:mafia:convertXmlValueResourcesForAppleMain NO-SOURCE
> Task :game-modes:mafia:copyNonXmlValueResourcesForAppleMain NO-SOURCE
> Task :game-modes:mafia:prepareComposeResourcesTaskForAppleMain NO-SOURCE
> Task :game-modes:mafia:generateResourceAccessorsForAppleMain NO-SOURCE
> Task :game-modes:mafia:convertXmlValueResourcesForCommonMain
> Task :game-modes:mafia:copyNonXmlValueResourcesForCommonMain NO-SOURCE
> Task :game-modes:mafia:prepareComposeResourcesTaskForCommonMain
> Task :game-modes:mafia:generateResourceAccessorsForCommonMain
> Task :game-modes:mafia:convertXmlValueResourcesForIosMain NO-SOURCE
> Task :game-modes:mafia:copyNonXmlValueResourcesForIosMain NO-SOURCE
> Task :game-modes:mafia:prepareComposeResourcesTaskForIosMain NO-SOURCE
> Task :game-modes:mafia:generateResourceAccessorsForIosMain NO-SOURCE
> Task :game-modes:mafia:convertXmlValueResourcesForIosSimulatorArm64Main NO-SOURCE
> Task :game-modes:mafia:copyNonXmlValueResourcesForIosSimulatorArm64Main NO-SOURCE
> Task :game-modes:mafia:prepareComposeResourcesTaskForIosSimulatorArm64Main NO-SOURCE
> Task :game-modes:mafia:generateResourceAccessorsForIosSimulatorArm64Main NO-SOURCE
> Task :game-modes:mafia:convertXmlValueResourcesForNativeMain NO-SOURCE
> Task :game-modes:mafia:copyNonXmlValueResourcesForNativeMain NO-SOURCE
> Task :game-modes:mafia:prepareComposeResourcesTaskForNativeMain NO-SOURCE
> Task :game-modes:mafia:generateResourceAccessorsForNativeMain NO-SOURCE
> Task :game-modes:mafia:generateActualResourceCollectorsForIosSimulatorArm64Main
> Task :game-modes:mafia:generateComposeResClass
> Task :game-modes:mafia:generateExpectResourceCollectorsForCommonMain
> Task :shared:content:kmpPartiallyResolvedDependenciesChecker
> Task :shared:content:checkKotlinGradlePluginConfigurationErrors SKIPPED
> Task :shared:content:downloadKotlinNativeDistribution
> Task :shared:core:kmpPartiallyResolvedDependenciesChecker
> Task :shared:core:checkKotlinGradlePluginConfigurationErrors SKIPPED
> Task :shared:core:downloadKotlinNativeDistribution
> Task :shared:core:compileKotlinIosSimulatorArm64
> Task :shared:core:exportCrossCompilationMetadataForIosSimulatorArm64ApiElements
> Task :shared:engine:kmpPartiallyResolvedDependenciesChecker
> Task :shared:engine:checkKotlinGradlePluginConfigurationErrors SKIPPED
> Task :shared:engine:downloadKotlinNativeDistribution
> Task :shared:engine:compileKotlinIosSimulatorArm64
> Task :shared:engine:exportCrossCompilationMetadataForIosSimulatorArm64ApiElements
> Task :shared:content:compileKotlinIosSimulatorArm64
> Task :shared:content:exportCrossCompilationMetadataForIosSimulatorArm64ApiElements
> Task :shared:design-system:kmpPartiallyResolvedDependenciesChecker
> Task :shared:design-system:checkKotlinGradlePluginConfigurationErrors SKIPPED
> Task :shared:design-system:downloadKotlinNativeDistribution
> Task :shared:design-system:convertXmlValueResourcesForAppleMain NO-SOURCE
> Task :shared:design-system:copyNonXmlValueResourcesForAppleMain NO-SOURCE
> Task :shared:design-system:prepareComposeResourcesTaskForAppleMain NO-SOURCE
> Task :shared:design-system:generateResourceAccessorsForAppleMain NO-SOURCE
> Task :shared:design-system:convertXmlValueResourcesForCommonMain
> Task :shared:design-system:copyNonXmlValueResourcesForCommonMain
> Task :shared:design-system:prepareComposeResourcesTaskForCommonMain
> Task :shared:design-system:generateResourceAccessorsForCommonMain
> Task :shared:design-system:convertXmlValueResourcesForIosMain NO-SOURCE
> Task :shared:design-system:copyNonXmlValueResourcesForIosMain NO-SOURCE
> Task :shared:design-system:prepareComposeResourcesTaskForIosMain NO-SOURCE
> Task :shared:design-system:generateResourceAccessorsForIosMain NO-SOURCE
> Task :shared:design-system:convertXmlValueResourcesForIosSimulatorArm64Main NO-SOURCE
> Task :shared:design-system:copyNonXmlValueResourcesForIosSimulatorArm64Main NO-SOURCE
> Task :shared:design-system:prepareComposeResourcesTaskForIosSimulatorArm64Main NO-SOURCE
> Task :shared:design-system:generateResourceAccessorsForIosSimulatorArm64Main NO-SOURCE
> Task :shared:design-system:convertXmlValueResourcesForNativeMain NO-SOURCE
> Task :shared:design-system:copyNonXmlValueResourcesForNativeMain NO-SOURCE
> Task :shared:design-system:prepareComposeResourcesTaskForNativeMain NO-SOURCE
> Task :shared:design-system:generateResourceAccessorsForNativeMain NO-SOURCE
> Task :shared:design-system:generateActualResourceCollectorsForIosSimulatorArm64Main
> Task :shared:design-system:generateComposeResClass
> Task :shared:design-system:generateExpectResourceCollectorsForCommonMain
> Task :shared:design-system:compileKotlinIosSimulatorArm64
> Task :shared:design-system:exportCrossCompilationMetadataForIosSimulatorArm64ApiElements
> Task :shared:networking:kmpPartiallyResolvedDependenciesChecker
> Task :shared:networking:checkKotlinGradlePluginConfigurationErrors SKIPPED
> Task :shared:networking:downloadKotlinNativeDistribution
> Task :shared:networking:compileKotlinIosSimulatorArm64
> Task :shared:networking:exportCrossCompilationMetadataForIosSimulatorArm64ApiElements
> Task :shared:session:kmpPartiallyResolvedDependenciesChecker
> Task :shared:session:checkKotlinGradlePluginConfigurationErrors SKIPPED
> Task :shared:session:downloadKotlinNativeDistribution
> Task :shared:session:compileKotlinIosSimulatorArm64
> Task :shared:session:exportCrossCompilationMetadataForIosSimulatorArm64ApiElements
> Task :shared:storage:kmpPartiallyResolvedDependenciesChecker
> Task :shared:storage:checkKotlinGradlePluginConfigurationErrors SKIPPED
> Task :shared:storage:downloadKotlinNativeDistribution
> Task :shared:storage:compileKotlinIosSimulatorArm64
> Task :shared:storage:exportCrossCompilationMetadataForIosSimulatorArm64ApiElements
> Task :game-modes:mafia:compileKotlinIosSimulatorArm64
> Task :game-modes:mafia:exportCrossCompilationMetadataForIosSimulatorArm64ApiElements
> Task :game-modes:whodunit:kmpPartiallyResolvedDependenciesChecker
> Task :game-modes:whodunit:checkKotlinGradlePluginConfigurationErrors SKIPPED
> Task :game-modes:whodunit:downloadKotlinNativeDistribution
> Task :game-modes:whodunit:convertXmlValueResourcesForAppleMain NO-SOURCE
> Task :game-modes:whodunit:copyNonXmlValueResourcesForAppleMain NO-SOURCE
> Task :game-modes:whodunit:prepareComposeResourcesTaskForAppleMain NO-SOURCE
> Task :game-modes:whodunit:generateResourceAccessorsForAppleMain NO-SOURCE
> Task :game-modes:whodunit:convertXmlValueResourcesForCommonMain
> Task :game-modes:whodunit:copyNonXmlValueResourcesForCommonMain
> Task :game-modes:whodunit:prepareComposeResourcesTaskForCommonMain
> Task :game-modes:whodunit:generateResourceAccessorsForCommonMain
> Task :game-modes:whodunit:convertXmlValueResourcesForIosMain NO-SOURCE
> Task :game-modes:whodunit:copyNonXmlValueResourcesForIosMain NO-SOURCE
> Task :game-modes:whodunit:prepareComposeResourcesTaskForIosMain NO-SOURCE
> Task :game-modes:whodunit:generateResourceAccessorsForIosMain NO-SOURCE
> Task :game-modes:whodunit:convertXmlValueResourcesForIosSimulatorArm64Main NO-SOURCE
> Task :game-modes:whodunit:copyNonXmlValueResourcesForIosSimulatorArm64Main NO-SOURCE
> Task :game-modes:whodunit:prepareComposeResourcesTaskForIosSimulatorArm64Main NO-SOURCE
> Task :game-modes:whodunit:generateResourceAccessorsForIosSimulatorArm64Main NO-SOURCE
> Task :game-modes:whodunit:convertXmlValueResourcesForNativeMain NO-SOURCE
> Task :game-modes:whodunit:copyNonXmlValueResourcesForNativeMain NO-SOURCE
> Task :game-modes:whodunit:prepareComposeResourcesTaskForNativeMain NO-SOURCE
> Task :game-modes:whodunit:generateResourceAccessorsForNativeMain NO-SOURCE
> Task :game-modes:whodunit:generateActualResourceCollectorsForIosSimulatorArm64Main
> Task :game-modes:whodunit:generateComposeResClass
> Task :game-modes:whodunit:generateExpectResourceCollectorsForCommonMain
> Task :game-modes:whodunit:compileKotlinIosSimulatorArm64
> Task :game-modes:whodunit:exportCrossCompilationMetadataForIosSimulatorArm64ApiElements
> Task :shared:transport-p2p:kmpPartiallyResolvedDependenciesChecker
> Task :shared:transport-p2p:checkKotlinGradlePluginConfigurationErrors SKIPPED
> Task :shared:transport-p2p:downloadKotlinNativeDistribution
> Task :shared:transport-p2p:compileKotlinIosSimulatorArm64
> Task :shared:transport-p2p:exportCrossCompilationMetadataForIosSimulatorArm64ApiElements
> Task :composeApp:compileKotlinIosSimulatorArm64
> Task :composeApp:computeLocalPackageDependencyInputFiles
> Task :composeApp:generateSyntheticLinkageSwiftPMImportProjectForCinteropsAndLdDump SKIPPED
> Task :composeApp:serializeSwiftPMDependenciesMetadataForLockFiles
> Task :game-modes:mafia:serializeSwiftPMDependenciesMetadataForLockFiles
> Task :game-modes:whodunit:serializeSwiftPMDependenciesMetadataForLockFiles
> Task :shared:content:serializeSwiftPMDependenciesMetadataForLockFiles
> Task :shared:core:serializeSwiftPMDependenciesMetadataForLockFiles
> Task :shared:design-system:serializeSwiftPMDependenciesMetadataForLockFiles
> Task :shared:engine:serializeSwiftPMDependenciesMetadataForLockFiles
> Task :shared:engine-testing:serializeSwiftPMDependenciesMetadataForLockFiles
> Task :shared:networking:serializeSwiftPMDependenciesMetadataForLockFiles
> Task :shared:networking-testing:serializeSwiftPMDependenciesMetadataForLockFiles
> Task :shared:session:serializeSwiftPMDependenciesMetadataForLockFiles
> Task :shared:storage:serializeSwiftPMDependenciesMetadataForLockFiles
> Task :shared:transport-p2p:serializeSwiftPMDependenciesMetadataForLockFiles
> Task :composeApp:generateUmbrellaPackageIdentifierBasedResolutionForDefault SKIPPED
> Task :composeApp:fetchUmbrellaPackageIdentifierForDefault SKIPPED
> Task :composeApp:syncPersistedPackageResolvedToSynthetic SKIPPED
> Task :composeApp:fetchSyntheticImportProjectPackages SKIPPED
> Task :composeApp:convertSyntheticImportProjectIntoDefFileIphonesimulator
> Task :composeApp:linkDebugFrameworkIosSimulatorArm64
> Task :composeApp:assembleDebugAppleFrameworkForXcodeIosSimulatorArm64
> Task :composeApp:createBuildSystemDirectory
> Task :composeApp:symbolicLinkToAssembleDebugAppleFrameworkForXcodeIosSimulatorArm64
> Task :composeApp:copyDsymForEmbedAndSignAppleFrameworkForXcode SKIPPED
> Task :composeApp:checkCanSyncComposeResourcesForIos
> Task :game-modes:mafia:convertXmlValueResourcesForIosArm64Main NO-SOURCE
> Task :game-modes:mafia:copyNonXmlValueResourcesForIosArm64Main NO-SOURCE
> Task :game-modes:mafia:prepareComposeResourcesTaskForIosArm64Main NO-SOURCE
> Task :game-modes:mafia:assembleIosArm64MainResources
> Task :game-modes:mafia:iosArm64CopyHierarchicalMultiplatformResources
> Task :game-modes:mafia:iosArm64ZipMultiplatformResourcesForPublication
> Task :game-modes:whodunit:convertXmlValueResourcesForIosArm64Main NO-SOURCE
> Task :game-modes:whodunit:copyNonXmlValueResourcesForIosArm64Main NO-SOURCE
> Task :game-modes:whodunit:prepareComposeResourcesTaskForIosArm64Main NO-SOURCE
> Task :game-modes:whodunit:assembleIosArm64MainResources
> Task :game-modes:whodunit:iosArm64CopyHierarchicalMultiplatformResources
> Task :game-modes:whodunit:iosArm64ZipMultiplatformResourcesForPublication
> Task :shared:design-system:convertXmlValueResourcesForIosArm64Main NO-SOURCE
> Task :shared:design-system:copyNonXmlValueResourcesForIosArm64Main NO-SOURCE
> Task :shared:design-system:prepareComposeResourcesTaskForIosArm64Main NO-SOURCE
> Task :shared:design-system:assembleIosArm64MainResources
> Task :shared:design-system:iosArm64CopyHierarchicalMultiplatformResources
> Task :shared:design-system:iosArm64ZipMultiplatformResourcesForPublication
> Task :composeApp:iosArm64ResolveResourcesFromDependencies
> Task :composeApp:convertXmlValueResourcesForIosArm64Main NO-SOURCE
> Task :composeApp:copyNonXmlValueResourcesForIosArm64Main NO-SOURCE
> Task :composeApp:prepareComposeResourcesTaskForIosArm64Main NO-SOURCE
> Task :composeApp:assembleIosArm64MainResources
> Task :composeApp:iosArm64ResolveSelfResourcesCopyHierarchicalMultiplatformResources
> Task :composeApp:iosArm64AggregateResources
> Task :game-modes:mafia:assembleIosSimulatorArm64MainResources
> Task :game-modes:mafia:iosSimulatorArm64CopyHierarchicalMultiplatformResources
> Task :game-modes:mafia:iosSimulatorArm64ZipMultiplatformResourcesForPublication
> Task :game-modes:whodunit:assembleIosSimulatorArm64MainResources
> Task :game-modes:whodunit:iosSimulatorArm64CopyHierarchicalMultiplatformResources
> Task :game-modes:whodunit:iosSimulatorArm64ZipMultiplatformResourcesForPublication
> Task :shared:design-system:assembleIosSimulatorArm64MainResources
> Task :shared:design-system:iosSimulatorArm64CopyHierarchicalMultiplatformResources
> Task :shared:design-system:iosSimulatorArm64ZipMultiplatformResourcesForPublication
> Task :composeApp:iosSimulatorArm64ResolveResourcesFromDependencies
> Task :composeApp:assembleIosSimulatorArm64MainResources
> Task :composeApp:iosSimulatorArm64ResolveSelfResourcesCopyHierarchicalMultiplatformResources
> Task :composeApp:iosSimulatorArm64AggregateResources
> Task :game-modes:mafia:convertXmlValueResourcesForIosX64Main NO-SOURCE
> Task :game-modes:mafia:copyNonXmlValueResourcesForIosX64Main NO-SOURCE
> Task :game-modes:mafia:prepareComposeResourcesTaskForIosX64Main NO-SOURCE
> Task :game-modes:mafia:assembleIosX64MainResources
> Task :game-modes:mafia:iosX64CopyHierarchicalMultiplatformResources
> Task :game-modes:mafia:iosX64ZipMultiplatformResourcesForPublication
> Task :game-modes:whodunit:convertXmlValueResourcesForIosX64Main NO-SOURCE
> Task :game-modes:whodunit:copyNonXmlValueResourcesForIosX64Main NO-SOURCE
> Task :game-modes:whodunit:prepareComposeResourcesTaskForIosX64Main NO-SOURCE
> Task :game-modes:whodunit:assembleIosX64MainResources
> Task :game-modes:whodunit:iosX64CopyHierarchicalMultiplatformResources
> Task :game-modes:whodunit:iosX64ZipMultiplatformResourcesForPublication
> Task :shared:design-system:convertXmlValueResourcesForIosX64Main NO-SOURCE
> Task :shared:design-system:copyNonXmlValueResourcesForIosX64Main NO-SOURCE
> Task :shared:design-system:prepareComposeResourcesTaskForIosX64Main NO-SOURCE
> Task :shared:design-system:assembleIosX64MainResources
> Task :shared:design-system:iosX64CopyHierarchicalMultiplatformResources
> Task :shared:design-system:iosX64ZipMultiplatformResourcesForPublication
> Task :composeApp:iosX64ResolveResourcesFromDependencies
> Task :composeApp:convertXmlValueResourcesForIosX64Main NO-SOURCE
> Task :composeApp:copyNonXmlValueResourcesForIosX64Main NO-SOURCE
> Task :composeApp:prepareComposeResourcesTaskForIosX64Main NO-SOURCE
> Task :composeApp:assembleIosX64MainResources
> Task :composeApp:iosX64ResolveSelfResourcesCopyHierarchicalMultiplatformResources
> Task :composeApp:iosX64AggregateResources
> Task :composeApp:syncComposeResourcesForIos
> Task :composeApp:validateArchitecturesForEmbedAndSignAppleFrameworkForXcode

> Task :composeApp:embedAndSignAppleFrameworkForXcode
/var/folders/6m/vxwlbjsn7vs6h80_98w6x7p40000gn/T/parlor-audit-ios-readiness-07-3vbx7ig_/DerivedData/Build/Products/Debug-iphonesimulator/Parlor.app/Frameworks/composeApp.framework/composeApp: replacing existing signature

[Incubating] Problems report is available at: file:///private/var/folders/6m/vxwlbjsn7vs6h80_98w6x7p40000gn/T/parlor-audit-ios-readiness-07-3vbx7ig_/copy/build/reports/problems/problems-report.html

BUILD SUCCESSFUL in 2m 8s
138 actionable tasks: 138 executed
No Gradle daemons are running.

Ld /var/folders/6m/vxwlbjsn7vs6h80_98w6x7p40000gn/T/parlor-audit-ios-readiness-07-3vbx7ig_/DerivedData/Build/Products/Debug-iphonesimulator/Parlor.app/__preview.dylib normal (in target 'iosApp' from project 'iosApp')
    cd /var/folders/6m/vxwlbjsn7vs6h80_98w6x7p40000gn/T/parlor-audit-ios-readiness-07-3vbx7ig_/copy/iosApp
    /Applications/Xcode.app/Contents/Developer/Toolchains/XcodeDefault.xctoolchain/usr/bin/clang -Xlinker -reproducible -target arm64-apple-ios16.0-simulator -dynamiclib -isysroot /Applications/Xcode.app/Contents/Developer/Platforms/iPhoneSimulator.platform/Developer/SDKs/iPhoneSimulator26.5.sdk -O0 -L/var/folders/6m/vxwlbjsn7vs6h80_98w6x7p40000gn/T/parlor-audit-ios-readiness-07-3vbx7ig_/DerivedData/Build/Products/Debug-iphonesimulator -F/var/folders/6m/vxwlbjsn7vs6h80_98w6x7p40000gn/T/parlor-audit-ios-readiness-07-3vbx7ig_/DerivedData/Build/Products/Debug-iphonesimulator -F/var/folders/6m/vxwlbjsn7vs6h80_98w6x7p40000gn/T/parlor-audit-ios-readiness-07-3vbx7ig_/copy/composeApp/build/xcode-frameworks/Debug/iphonesimulator26.5 -install_name @rpath/Parlor.debug.dylib -Xlinker -dead_strip -rdynamic -Xlinker -no_deduplicate -Xlinker -objc_abi_version -Xlinker 2 -Xlinker -dependency_info -Xlinker /var/folders/6m/vxwlbjsn7vs6h80_98w6x7p40000gn/T/parlor-audit-ios-readiness-07-3vbx7ig_/DerivedData/Build/Intermediates.noindex/iosApp.build/Debug-iphonesimulator/iosApp.build/Objects-normal/arm64/Parlor_dependency_info.dat -Xlinker -sectcreate -Xlinker __TEXT -Xlinker __entitlements -Xlinker /var/folders/6m/vxwlbjsn7vs6h80_98w6x7p40000gn/T/parlor-audit-ios-readiness-07-3vbx7ig_/DerivedData/Build/Intermediates.noindex/iosApp.build/Debug-iphonesimulator/iosApp.build/Parlor.app-Simulated.xcent -Xlinker -sectcreate -Xlinker __TEXT -Xlinker __ents_der -Xlinker /var/folders/6m/vxwlbjsn7vs6h80_98w6x7p40000gn/T/parlor-audit-ios-readiness-07-3vbx7ig_/DerivedData/Build/Intermediates.noindex/iosApp.build/Debug-iphonesimulator/iosApp.build/Parlor.app-Simulated.xcent.der -Xlinker -no_adhoc_codesign -o /var/folders/6m/vxwlbjsn7vs6h80_98w6x7p40000gn/T/parlor-audit-ios-readiness-07-3vbx7ig_/DerivedData/Build/Products/Debug-iphonesimulator/Parlor.app/__preview.dylib

MkDir /var/folders/6m/vxwlbjsn7vs6h80_98w6x7p40000gn/T/parlor-audit-ios-readiness-07-3vbx7ig_/DerivedData/Build/Intermediates.noindex/iosApp.build/Debug-iphonesimulator/iosApp.build/assetcatalog_output/unthinned (in target 'iosApp' from project 'iosApp')
    cd /var/folders/6m/vxwlbjsn7vs6h80_98w6x7p40000gn/T/parlor-audit-ios-readiness-07-3vbx7ig_/copy/iosApp
    /bin/mkdir -p /var/folders/6m/vxwlbjsn7vs6h80_98w6x7p40000gn/T/parlor-audit-ios-readiness-07-3vbx7ig_/DerivedData/Build/Intermediates.noindex/iosApp.build/Debug-iphonesimulator/iosApp.build/assetcatalog_output/unthinned

MkDir /var/folders/6m/vxwlbjsn7vs6h80_98w6x7p40000gn/T/parlor-audit-ios-readiness-07-3vbx7ig_/DerivedData/Build/Intermediates.noindex/iosApp.build/Debug-iphonesimulator/iosApp.build/assetcatalog_output/thinned (in target 'iosApp' from project 'iosApp')
    cd /var/folders/6m/vxwlbjsn7vs6h80_98w6x7p40000gn/T/parlor-audit-ios-readiness-07-3vbx7ig_/copy/iosApp
    /bin/mkdir -p /var/folders/6m/vxwlbjsn7vs6h80_98w6x7p40000gn/T/parlor-audit-ios-readiness-07-3vbx7ig_/DerivedData/Build/Intermediates.noindex/iosApp.build/Debug-iphonesimulator/iosApp.build/assetcatalog_output/thinned

GenerateAssetSymbols /var/folders/6m/vxwlbjsn7vs6h80_98w6x7p40000gn/T/parlor-audit-ios-readiness-07-3vbx7ig_/copy/iosApp/iosApp/Assets.xcassets (in target 'iosApp' from project 'iosApp')
    cd /var/folders/6m/vxwlbjsn7vs6h80_98w6x7p40000gn/T/parlor-audit-ios-readiness-07-3vbx7ig_/copy/iosApp
    /Applications/Xcode.app/Contents/Developer/usr/bin/actool /var/folders/6m/vxwlbjsn7vs6h80_98w6x7p40000gn/T/parlor-audit-ios-readiness-07-3vbx7ig_/copy/iosApp/iosApp/Assets.xcassets --compile /var/folders/6m/vxwlbjsn7vs6h80_98w6x7p40000gn/T/parlor-audit-ios-readiness-07-3vbx7ig_/DerivedData/Build/Products/Debug-iphonesimulator/Parlor.app --output-format human-readable-text --notices --warnings --export-dependency-info /var/folders/6m/vxwlbjsn7vs6h80_98w6x7p40000gn/T/parlor-audit-ios-readiness-07-3vbx7ig_/DerivedData/Build/Intermediates.noindex/iosApp.build/Debug-iphonesimulator/iosApp.build/assetcatalog_dependencies --output-partial-info-plist /var/folders/6m/vxwlbjsn7vs6h80_98w6x7p40000gn/T/parlor-audit-ios-readiness-07-3vbx7ig_/DerivedData/Build/Intermediates.noindex/iosApp.build/Debug-iphonesimulator/iosApp.build/assetcatalog_generated_info.plist --app-icon AppIcon --accent-color AccentColor --compress-pngs --enable-on-demand-resources YES --development-region en --target-device iphone --target-device ipad --minimum-deployment-target 16.0 --platform iphonesimulator --bundle-identifier com.parlor.app.debug --generate-swift-asset-symbol-extensions NO --generate-swift-asset-symbols /var/folders/6m/vxwlbjsn7vs6h80_98w6x7p40000gn/T/parlor-audit-ios-readiness-07-3vbx7ig_/DerivedData/Build/Intermediates.noindex/iosApp.build/Debug-iphonesimulator/iosApp.build/DerivedSources/GeneratedAssetSymbols.swift --generate-objc-asset-symbols /var/folders/6m/vxwlbjsn7vs6h80_98w6x7p40000gn/T/parlor-audit-ios-readiness-07-3vbx7ig_/DerivedData/Build/Intermediates.noindex/iosApp.build/Debug-iphonesimulator/iosApp.build/DerivedSources/GeneratedAssetSymbols.h --generate-asset-symbol-index /var/folders/6m/vxwlbjsn7vs6h80_98w6x7p40000gn/T/parlor-audit-ios-readiness-07-3vbx7ig_/DerivedData/Build/Intermediates.noindex/iosApp.build/Debug-iphonesimulator/iosApp.build/DerivedSources/GeneratedAssetSymbols-Index.plist
/* com.apple.actool.compilation-results */
/var/folders/6m/vxwlbjsn7vs6h80_98w6x7p40000gn/T/parlor-audit-ios-readiness-07-3vbx7ig_/DerivedData/Build/Intermediates.noindex/iosApp.build/Debug-iphonesimulator/iosApp.build/DerivedSources/GeneratedAssetSymbols-Index.plist
/var/folders/6m/vxwlbjsn7vs6h80_98w6x7p40000gn/T/parlor-audit-ios-readiness-07-3vbx7ig_/DerivedData/Build/Intermediates.noindex/iosApp.build/Debug-iphonesimulator/iosApp.build/DerivedSources/GeneratedAssetSymbols.h
/var/folders/6m/vxwlbjsn7vs6h80_98w6x7p40000gn/T/parlor-audit-ios-readiness-07-3vbx7ig_/DerivedData/Build/Intermediates.noindex/iosApp.build/Debug-iphonesimulator/iosApp.build/DerivedSources/GeneratedAssetSymbols.swift


CpResource /var/folders/6m/vxwlbjsn7vs6h80_98w6x7p40000gn/T/parlor-audit-ios-readiness-07-3vbx7ig_/DerivedData/Build/Products/Debug-iphonesimulator/Parlor.app/PrivacyInfo.xcprivacy /var/folders/6m/vxwlbjsn7vs6h80_98w6x7p40000gn/T/parlor-audit-ios-readiness-07-3vbx7ig_/copy/iosApp/iosApp/PrivacyInfo.xcprivacy (in target 'iosApp' from project 'iosApp')
    cd /var/folders/6m/vxwlbjsn7vs6h80_98w6x7p40000gn/T/parlor-audit-ios-readiness-07-3vbx7ig_/copy/iosApp
    builtin-copy -exclude .DS_Store -exclude CVS -exclude .svn -exclude .git -exclude .hg -resolve-src-symlinks /var/folders/6m/vxwlbjsn7vs6h80_98w6x7p40000gn/T/parlor-audit-ios-readiness-07-3vbx7ig_/copy/iosApp/iosApp/PrivacyInfo.xcprivacy /var/folders/6m/vxwlbjsn7vs6h80_98w6x7p40000gn/T/parlor-audit-ios-readiness-07-3vbx7ig_/DerivedData/Build/Products/Debug-iphonesimulator/Parlor.app

CopyStringsFile /var/folders/6m/vxwlbjsn7vs6h80_98w6x7p40000gn/T/parlor-audit-ios-readiness-07-3vbx7ig_/DerivedData/Build/Products/Debug-iphonesimulator/Parlor.app/en.lproj/InfoPlist.strings /var/folders/6m/vxwlbjsn7vs6h80_98w6x7p40000gn/T/parlor-audit-ios-readiness-07-3vbx7ig_/copy/iosApp/iosApp/en.lproj/InfoPlist.strings (in target 'iosApp' from project 'iosApp')
    cd /var/folders/6m/vxwlbjsn7vs6h80_98w6x7p40000gn/T/parlor-audit-ios-readiness-07-3vbx7ig_/copy/iosApp
    builtin-copyStrings --validate --outputencoding binary --outfilename InfoPlist.strings --outdir /var/folders/6m/vxwlbjsn7vs6h80_98w6x7p40000gn/T/parlor-audit-ios-readiness-07-3vbx7ig_/DerivedData/Build/Products/Debug-iphonesimulator/Parlor.app/en.lproj -- /var/folders/6m/vxwlbjsn7vs6h80_98w6x7p40000gn/T/parlor-audit-ios-readiness-07-3vbx7ig_/copy/iosApp/iosApp/en.lproj/InfoPlist.strings
/var/folders/6m/vxwlbjsn7vs6h80_98w6x7p40000gn/T/parlor-audit-ios-readiness-07-3vbx7ig_/copy/iosApp/iosApp/en.lproj/InfoPlist.strings:1:1: note: detected encoding of input file as Unicode (UTF-8) (in target 'iosApp' from project 'iosApp')

CopyStringsFile /var/folders/6m/vxwlbjsn7vs6h80_98w6x7p40000gn/T/parlor-audit-ios-readiness-07-3vbx7ig_/DerivedData/Build/Products/Debug-iphonesimulator/Parlor.app/ar.lproj/InfoPlist.strings /var/folders/6m/vxwlbjsn7vs6h80_98w6x7p40000gn/T/parlor-audit-ios-readiness-07-3vbx7ig_/copy/iosApp/iosApp/ar.lproj/InfoPlist.strings (in target 'iosApp' from project 'iosApp')
    cd /var/folders/6m/vxwlbjsn7vs6h80_98w6x7p40000gn/T/parlor-audit-ios-readiness-07-3vbx7ig_/copy/iosApp
    builtin-copyStrings --validate --outputencoding binary --outfilename InfoPlist.strings --outdir /var/folders/6m/vxwlbjsn7vs6h80_98w6x7p40000gn/T/parlor-audit-ios-readiness-07-3vbx7ig_/DerivedData/Build/Products/Debug-iphonesimulator/Parlor.app/ar.lproj -- /var/folders/6m/vxwlbjsn7vs6h80_98w6x7p40000gn/T/parlor-audit-ios-readiness-07-3vbx7ig_/copy/iosApp/iosApp/ar.lproj/InfoPlist.strings
/var/folders/6m/vxwlbjsn7vs6h80_98w6x7p40000gn/T/parlor-audit-ios-readiness-07-3vbx7ig_/copy/iosApp/iosApp/ar.lproj/InfoPlist.strings:1:1: note: detected encoding of input file as Unicode (UTF-8) (in target 'iosApp' from project 'iosApp')

CompileAssetCatalogVariant thinned /var/folders/6m/vxwlbjsn7vs6h80_98w6x7p40000gn/T/parlor-audit-ios-readiness-07-3vbx7ig_/DerivedData/Build/Products/Debug-iphonesimulator/Parlor.app /var/folders/6m/vxwlbjsn7vs6h80_98w6x7p40000gn/T/parlor-audit-ios-readiness-07-3vbx7ig_/copy/iosApp/iosApp/Assets.xcassets (in target 'iosApp' from project 'iosApp')
    cd /var/folders/6m/vxwlbjsn7vs6h80_98w6x7p40000gn/T/parlor-audit-ios-readiness-07-3vbx7ig_/copy/iosApp
    /Applications/Xcode.app/Contents/Developer/usr/bin/actool /var/folders/6m/vxwlbjsn7vs6h80_98w6x7p40000gn/T/parlor-audit-ios-readiness-07-3vbx7ig_/copy/iosApp/iosApp/Assets.xcassets --compile /var/folders/6m/vxwlbjsn7vs6h80_98w6x7p40000gn/T/parlor-audit-ios-readiness-07-3vbx7ig_/DerivedData/Build/Intermediates.noindex/iosApp.build/Debug-iphonesimulator/iosApp.build/assetcatalog_output/thinned --output-format human-readable-text --notices --warnings --export-dependency-info /var/folders/6m/vxwlbjsn7vs6h80_98w6x7p40000gn/T/parlor-audit-ios-readiness-07-3vbx7ig_/DerivedData/Build/Intermediates.noindex/iosApp.build/Debug-iphonesimulator/iosApp.build/assetcatalog_dependencies_thinned --output-partial-info-plist /var/folders/6m/vxwlbjsn7vs6h80_98w6x7p40000gn/T/parlor-audit-ios-readiness-07-3vbx7ig_/DerivedData/Build/Intermediates.noindex/iosApp.build/Debug-iphonesimulator/iosApp.build/assetcatalog_generated_info.plist_thinned --app-icon AppIcon --accent-color AccentColor --compress-pngs --enable-on-demand-resources YES --filter-for-thinning-device-configuration iPhone18,1 --filter-for-device-os-version 26.5 --development-region en --target-device iphone --target-device ipad --minimum-deployment-target 16.0 --platform iphonesimulator
/* com.apple.actool.compilation-results */
/var/folders/6m/vxwlbjsn7vs6h80_98w6x7p40000gn/T/parlor-audit-ios-readiness-07-3vbx7ig_/DerivedData/Build/Intermediates.noindex/iosApp.build/Debug-iphonesimulator/iosApp.build/assetcatalog_generated_info.plist_thinned
/var/folders/6m/vxwlbjsn7vs6h80_98w6x7p40000gn/T/parlor-audit-ios-readiness-07-3vbx7ig_/DerivedData/Build/Intermediates.noindex/iosApp.build/Debug-iphonesimulator/iosApp.build/assetcatalog_output/thinned/AppIcon60x60@2x.png
/var/folders/6m/vxwlbjsn7vs6h80_98w6x7p40000gn/T/parlor-audit-ios-readiness-07-3vbx7ig_/DerivedData/Build/Intermediates.noindex/iosApp.build/Debug-iphonesimulator/iosApp.build/assetcatalog_output/thinned/AppIcon76x76@2x~ipad.png
/var/folders/6m/vxwlbjsn7vs6h80_98w6x7p40000gn/T/parlor-audit-ios-readiness-07-3vbx7ig_/DerivedData/Build/Intermediates.noindex/iosApp.build/Debug-iphonesimulator/iosApp.build/assetcatalog_output/thinned/Assets.car


SwiftDriver iosApp normal arm64 com.apple.xcode.tools.swift.compiler (in target 'iosApp' from project 'iosApp')
    cd /var/folders/6m/vxwlbjsn7vs6h80_98w6x7p40000gn/T/parlor-audit-ios-readiness-07-3vbx7ig_/copy/iosApp
    builtin-SwiftDriver -- /Applications/Xcode.app/Contents/Developer/Toolchains/XcodeDefault.xctoolchain/usr/bin/swiftc -module-name Parlor -Onone @/var/folders/6m/vxwlbjsn7vs6h80_98w6x7p40000gn/T/parlor-audit-ios-readiness-07-3vbx7ig_/DerivedData/Build/Intermediates.noindex/iosApp.build/Debug-iphonesimulator/iosApp.build/Objects-normal/arm64/Parlor.SwiftFileList -DDEBUG -enable-bare-slash-regex -enable-experimental-feature DebugDescriptionMacro -sdk /Applications/Xcode.app/Contents/Developer/Platforms/iPhoneSimulator.platform/Developer/SDKs/iPhoneSimulator26.5.sdk -target arm64-apple-ios16.0-simulator -g -module-cache-path /var/folders/6m/vxwlbjsn7vs6h80_98w6x7p40000gn/T/parlor-audit-ios-readiness-07-3vbx7ig_/DerivedData/ModuleCache.noindex -Xfrontend -serialize-debugging-options -enable-testing -Xcc -D_LIBCPP_HARDENING_MODE\=_LIBCPP_HARDENING_MODE_DEBUG -swift-version 5 -I /var/folders/6m/vxwlbjsn7vs6h80_98w6x7p40000gn/T/parlor-audit-ios-readiness-07-3vbx7ig_/DerivedData/Build/Products/Debug-iphonesimulator -F /var/folders/6m/vxwlbjsn7vs6h80_98w6x7p40000gn/T/parlor-audit-ios-readiness-07-3vbx7ig_/DerivedData/Build/Products/Debug-iphonesimulator -F /var/folders/6m/vxwlbjsn7vs6h80_98w6x7p40000gn/T/parlor-audit-ios-readiness-07-3vbx7ig_/copy/composeApp/build/xcode-frameworks/Debug/iphonesimulator26.5 -emit-localized-strings -emit-localized-strings-path /var/folders/6m/vxwlbjsn7vs6h80_98w6x7p40000gn/T/parlor-audit-ios-readiness-07-3vbx7ig_/DerivedData/Build/Intermediates.noindex/iosApp.build/Debug-iphonesimulator/iosApp.build/Objects-normal/arm64 -c -j10 -enable-batch-mode -incremental -Xcc -ivfsstatcache -Xcc /var/folders/6m/vxwlbjsn7vs6h80_98w6x7p40000gn/T/parlor-audit-ios-readiness-07-3vbx7ig_/DerivedData/SDKStatCaches.noindex/iphonesimulator26.5-23F73-6cfe768891a92b912361537c460fe42b.sdkstatcache -output-file-map /var/folders/6m/vxwlbjsn7vs6h80_98w6x7p40000gn/T/parlor-audit-ios-readiness-07-3vbx7ig_/DerivedData/Build/Intermediates.noindex/iosApp.build/Debug-iphonesimulator/iosApp.build/Objects-normal/arm64/iosApp-OutputFileMap.json -use-frontend-parseable-output -save-temps -no-color-diagnostics -explicit-module-build -module-cache-path /var/folders/6m/vxwlbjsn7vs6h80_98w6x7p40000gn/T/parlor-audit-ios-readiness-07-3vbx7ig_/DerivedData/Build/Intermediates.noindex/SwiftExplicitPrecompiledModules -clang-scanner-module-cache-path /var/folders/6m/vxwlbjsn7vs6h80_98w6x7p40000gn/T/parlor-audit-ios-readiness-07-3vbx7ig_/DerivedData/ModuleCache.noindex -sdk-module-cache-path /var/folders/6m/vxwlbjsn7vs6h80_98w6x7p40000gn/T/parlor-audit-ios-readiness-07-3vbx7ig_/DerivedData/ModuleCache.noindex -serialize-diagnostics -emit-dependencies -emit-module -emit-module-path /var/folders/6m/vxwlbjsn7vs6h80_98w6x7p40000gn/T/parlor-audit-ios-readiness-07-3vbx7ig_/DerivedData/Build/Intermediates.noindex/iosApp.build/Debug-iphonesimulator/iosApp.build/Objects-normal/arm64/Parlor.swiftmodule -validate-clang-modules-once -clang-build-session-file /var/folders/6m/vxwlbjsn7vs6h80_98w6x7p40000gn/T/parlor-audit-ios-readiness-07-3vbx7ig_/DerivedData/ModuleCache.noindex/Session.modulevalidation -Xcc -I/var/folders/6m/vxwlbjsn7vs6h80_98w6x7p40000gn/T/parlor-audit-ios-readiness-07-3vbx7ig_/DerivedData/Build/Intermediates.noindex/iosApp.build/Debug-iphonesimulator/iosApp.build/swift-overrides.hmap -emit-const-values -Xfrontend -const-gather-protocols-file -Xfrontend /var/folders/6m/vxwlbjsn7vs6h80_98w6x7p40000gn/T/parlor-audit-ios-readiness-07-3vbx7ig_/DerivedData/Build/Intermediates.noindex/iosApp.build/Debug-iphonesimulator/iosApp.build/Objects-normal/arm64/iosApp_const_extract_protocols.json -Xcc -iquote -Xcc /var/folders/6m/vxwlbjsn7vs6h80_98w6x7p40000gn/T/parlor-audit-ios-readiness-07-3vbx7ig_/DerivedData/Build/Intermediates.noindex/iosApp.build/Debug-iphonesimulator/iosApp.build/Parlor-generated-files.hmap -Xcc -I/var/folders/6m/vxwlbjsn7vs6h80_98w6x7p40000gn/T/parlor-audit-ios-readiness-07-3vbx7ig_/DerivedData/Build/Intermediates.noindex/iosApp.build/Debug-iphonesimulator/iosApp.build/Parlor-own-target-headers.hmap -Xcc -I/var/folders/6m/vxwlbjsn7vs6h80_98w6x7p40000gn/T/parlor-audit-ios-readiness-07-3vbx7ig_/DerivedData/Build/Intermediates.noindex/iosApp.build/Debug-iphonesimulator/iosApp.build/Parlor-all-target-headers.hmap -Xcc -iquote -Xcc /var/folders/6m/vxwlbjsn7vs6h80_98w6x7p40000gn/T/parlor-audit-ios-readiness-07-3vbx7ig_/DerivedData/Build/Intermediates.noindex/iosApp.build/Debug-iphonesimulator/iosApp.build/Parlor-project-headers.hmap -Xcc -I/var/folders/6m/vxwlbjsn7vs6h80_98w6x7p40000gn/T/parlor-audit-ios-readiness-07-3vbx7ig_/DerivedData/Build/Products/Debug-iphonesimulator/include -Xcc -I/var/folders/6m/vxwlbjsn7vs6h80_98w6x7p40000gn/T/parlor-audit-ios-readiness-07-3vbx7ig_/DerivedData/Build/Intermediates.noindex/iosApp.build/Debug-iphonesimulator/iosApp.build/DerivedSources-normal/arm64 -Xcc -I/var/folders/6m/vxwlbjsn7vs6h80_98w6x7p40000gn/T/parlor-audit-ios-readiness-07-3vbx7ig_/DerivedData/Build/Intermediates.noindex/iosApp.build/Debug-iphonesimulator/iosApp.build/DerivedSources/arm64 -Xcc -I/var/folders/6m/vxwlbjsn7vs6h80_98w6x7p40000gn/T/parlor-audit-ios-readiness-07-3vbx7ig_/DerivedData/Build/Intermediates.noindex/iosApp.build/Debug-iphonesimulator/iosApp.build/DerivedSources -Xcc -DDEBUG\=1 -emit-objc-header -emit-objc-header-path /var/folders/6m/vxwlbjsn7vs6h80_98w6x7p40000gn/T/parlor-audit-ios-readiness-07-3vbx7ig_/DerivedData/Build/Intermediates.noindex/iosApp.build/Debug-iphonesimulator/iosApp.build/Objects-normal/arm64/Parlor-Swift.h -working-directory /var/folders/6m/vxwlbjsn7vs6h80_98w6x7p40000gn/T/parlor-audit-ios-readiness-07-3vbx7ig_/copy/iosApp -experimental-emit-module-separately -disable-cmo

LinkAssetCatalog /var/folders/6m/vxwlbjsn7vs6h80_98w6x7p40000gn/T/parlor-audit-ios-readiness-07-3vbx7ig_/copy/iosApp/iosApp/Assets.xcassets (in target 'iosApp' from project 'iosApp')
    cd /var/folders/6m/vxwlbjsn7vs6h80_98w6x7p40000gn/T/parlor-audit-ios-readiness-07-3vbx7ig_/copy/iosApp
    builtin-linkAssetCatalog --thinned /var/folders/6m/vxwlbjsn7vs6h80_98w6x7p40000gn/T/parlor-audit-ios-readiness-07-3vbx7ig_/DerivedData/Build/Intermediates.noindex/iosApp.build/Debug-iphonesimulator/iosApp.build/assetcatalog_output/thinned --thinned-dependencies /var/folders/6m/vxwlbjsn7vs6h80_98w6x7p40000gn/T/parlor-audit-ios-readiness-07-3vbx7ig_/DerivedData/Build/Intermediates.noindex/iosApp.build/Debug-iphonesimulator/iosApp.build/assetcatalog_dependencies_thinned --thinned-info-plist-content /var/folders/6m/vxwlbjsn7vs6h80_98w6x7p40000gn/T/parlor-audit-ios-readiness-07-3vbx7ig_/DerivedData/Build/Intermediates.noindex/iosApp.build/Debug-iphonesimulator/iosApp.build/assetcatalog_generated_info.plist_thinned --unthinned /var/folders/6m/vxwlbjsn7vs6h80_98w6x7p40000gn/T/parlor-audit-ios-readiness-07-3vbx7ig_/DerivedData/Build/Intermediates.noindex/iosApp.build/Debug-iphonesimulator/iosApp.build/assetcatalog_output/unthinned --unthinned-dependencies /var/folders/6m/vxwlbjsn7vs6h80_98w6x7p40000gn/T/parlor-audit-ios-readiness-07-3vbx7ig_/DerivedData/Build/Intermediates.noindex/iosApp.build/Debug-iphonesimulator/iosApp.build/assetcatalog_dependencies_unthinned --unthinned-info-plist-content /var/folders/6m/vxwlbjsn7vs6h80_98w6x7p40000gn/T/parlor-audit-ios-readiness-07-3vbx7ig_/DerivedData/Build/Intermediates.noindex/iosApp.build/Debug-iphonesimulator/iosApp.build/assetcatalog_generated_info.plist_unthinned --output /var/folders/6m/vxwlbjsn7vs6h80_98w6x7p40000gn/T/parlor-audit-ios-readiness-07-3vbx7ig_/DerivedData/Build/Products/Debug-iphonesimulator/Parlor.app --plist-output /var/folders/6m/vxwlbjsn7vs6h80_98w6x7p40000gn/T/parlor-audit-ios-readiness-07-3vbx7ig_/DerivedData/Build/Intermediates.noindex/iosApp.build/Debug-iphonesimulator/iosApp.build/assetcatalog_generated_info.plist
note: Emplaced /var/folders/6m/vxwlbjsn7vs6h80_98w6x7p40000gn/T/parlor-audit-ios-readiness-07-3vbx7ig_/DerivedData/Build/Products/Debug-iphonesimulator/Parlor.app/AppIcon76x76@2x~ipad.png (in target 'iosApp' from project 'iosApp')
note: Emplaced /var/folders/6m/vxwlbjsn7vs6h80_98w6x7p40000gn/T/parlor-audit-ios-readiness-07-3vbx7ig_/DerivedData/Build/Products/Debug-iphonesimulator/Parlor.app/Assets.car (in target 'iosApp' from project 'iosApp')
note: Emplaced /var/folders/6m/vxwlbjsn7vs6h80_98w6x7p40000gn/T/parlor-audit-ios-readiness-07-3vbx7ig_/DerivedData/Build/Products/Debug-iphonesimulator/Parlor.app/AppIcon60x60@2x.png (in target 'iosApp' from project 'iosApp')

SwiftExplicitDependencyGeneratePcm arm64 /var/folders/6m/vxwlbjsn7vs6h80_98w6x7p40000gn/T/parlor-audit-ios-readiness-07-3vbx7ig_/DerivedData/ModuleCache.noindex/ptrauth-DZEQDNX7TNCE20YSQ8Z64S081.pcm

SwiftExplicitDependencyGeneratePcm arm64 /var/folders/6m/vxwlbjsn7vs6h80_98w6x7p40000gn/T/parlor-audit-ios-readiness-07-3vbx7ig_/DerivedData/ModuleCache.noindex/_Builtin_float-ATVVFVH167VUXR7M1D59AEBUJ.pcm

SwiftExplicitDependencyGeneratePcm arm64 /var/folders/6m/vxwlbjsn7vs6h80_98w6x7p40000gn/T/parlor-audit-ios-readiness-07-3vbx7ig_/DerivedData/ModuleCache.noindex/_Builtin_stdbool-4KIT0RF4MDG4L9XTCGAFGRORJ.pcm

SwiftExplicitDependencyGeneratePcm arm64 /var/folders/6m/vxwlbjsn7vs6h80_98w6x7p40000gn/T/parlor-audit-ios-readiness-07-3vbx7ig_/DerivedData/ModuleCache.noindex/_Builtin_stdarg-93AORE5Y3ZPNPTOXAA71XCXWL.pcm

SwiftExplicitDependencyGeneratePcm arm64 /var/folders/6m/vxwlbjsn7vs6h80_98w6x7p40000gn/T/parlor-audit-ios-readiness-07-3vbx7ig_/DerivedData/ModuleCache.noindex/SwiftShims-AKP976QY5PI2UV5JI07Z2WWCF.pcm

SwiftExplicitDependencyGeneratePcm arm64 /var/folders/6m/vxwlbjsn7vs6h80_98w6x7p40000gn/T/parlor-audit-ios-readiness-07-3vbx7ig_/DerivedData/ModuleCache.noindex/_AvailabilityInternal-DWOGXNPKRD13WLH2836M940K.pcm

SwiftExplicitDependencyGeneratePcm arm64 /var/folders/6m/vxwlbjsn7vs6h80_98w6x7p40000gn/T/parlor-audit-ios-readiness-07-3vbx7ig_/DerivedData/ModuleCache.noindex/DeveloperToolsSupport-97AE5CNR18IRXRTOIDGJGT3IR.pcm

SwiftExplicitDependencyGeneratePcm arm64 /var/folders/6m/vxwlbjsn7vs6h80_98w6x7p40000gn/T/parlor-audit-ios-readiness-07-3vbx7ig_/DerivedData/ModuleCache.noindex/_Builtin_stddef-CUBAPVGNUAOSNGB3CXXNRXR6.pcm

SwiftExplicitDependencyGeneratePcm arm64 /var/folders/6m/vxwlbjsn7vs6h80_98w6x7p40000gn/T/parlor-audit-ios-readiness-07-3vbx7ig_/DerivedData/ModuleCache.noindex/ptrcheck-BF2PB6YS2N4TH0END2LR98PXW.pcm

SwiftExplicitDependencyGeneratePcm arm64 /var/folders/6m/vxwlbjsn7vs6h80_98w6x7p40000gn/T/parlor-audit-ios-readiness-07-3vbx7ig_/DerivedData/ModuleCache.noindex/_SwiftConcurrencyShims-EUNYBU5E4OMIE2P7EG39NKC7C.pcm

SwiftExplicitDependencyGeneratePcm arm64 /var/folders/6m/vxwlbjsn7vs6h80_98w6x7p40000gn/T/parlor-audit-ios-readiness-07-3vbx7ig_/DerivedData/ModuleCache.noindex/_DarwinFoundation1-5NWTZF7XVPB2ASVE4924JV6SA.pcm

ProcessInfoPlistFile /var/folders/6m/vxwlbjsn7vs6h80_98w6x7p40000gn/T/parlor-audit-ios-readiness-07-3vbx7ig_/DerivedData/Build/Products/Debug-iphonesimulator/Parlor.app/Info.plist /var/folders/6m/vxwlbjsn7vs6h80_98w6x7p40000gn/T/parlor-audit-ios-readiness-07-3vbx7ig_/copy/iosApp/iosApp/Info.plist (in target 'iosApp' from project 'iosApp')
    cd /var/folders/6m/vxwlbjsn7vs6h80_98w6x7p40000gn/T/parlor-audit-ios-readiness-07-3vbx7ig_/copy/iosApp
    builtin-infoPlistUtility /var/folders/6m/vxwlbjsn7vs6h80_98w6x7p40000gn/T/parlor-audit-ios-readiness-07-3vbx7ig_/copy/iosApp/iosApp/Info.plist -producttype com.apple.product-type.application -genpkginfo /var/folders/6m/vxwlbjsn7vs6h80_98w6x7p40000gn/T/parlor-audit-ios-readiness-07-3vbx7ig_/DerivedData/Build/Products/Debug-iphonesimulator/Parlor.app/PkgInfo -expandbuildsettings -format binary -platform iphonesimulator -additionalcontentfile /var/folders/6m/vxwlbjsn7vs6h80_98w6x7p40000gn/T/parlor-audit-ios-readiness-07-3vbx7ig_/DerivedData/Build/Intermediates.noindex/iosApp.build/Debug-iphonesimulator/iosApp.build/assetcatalog_generated_info.plist -o /var/folders/6m/vxwlbjsn7vs6h80_98w6x7p40000gn/T/parlor-audit-ios-readiness-07-3vbx7ig_/DerivedData/Build/Products/Debug-iphonesimulator/Parlor.app/Info.plist

SwiftExplicitDependencyGeneratePcm arm64 /var/folders/6m/vxwlbjsn7vs6h80_98w6x7p40000gn/T/parlor-audit-ios-readiness-07-3vbx7ig_/DerivedData/ModuleCache.noindex/_DarwinFoundation2-5DSKPD7JE220RR0BMH50OZNVE.pcm

SwiftExplicitDependencyGeneratePcm arm64 /var/folders/6m/vxwlbjsn7vs6h80_98w6x7p40000gn/T/parlor-audit-ios-readiness-07-3vbx7ig_/DerivedData/ModuleCache.noindex/_Builtin_limits-99Z1RHCOUHNH80B1H5RZCD4XL.pcm

SwiftExplicitDependencyGeneratePcm arm64 /var/folders/6m/vxwlbjsn7vs6h80_98w6x7p40000gn/T/parlor-audit-ios-readiness-07-3vbx7ig_/DerivedData/ModuleCache.noindex/_Builtin_stdint-8J0Q6PTAF4MOB6TL8O23MCESL.pcm

SwiftExplicitDependencyGeneratePcm arm64 /var/folders/6m/vxwlbjsn7vs6h80_98w6x7p40000gn/T/parlor-audit-ios-readiness-07-3vbx7ig_/DerivedData/ModuleCache.noindex/_Builtin_tgmath-BU5FBBIKITV82LRF6WC19VR7N.pcm

SwiftExplicitDependencyGeneratePcm arm64 /var/folders/6m/vxwlbjsn7vs6h80_98w6x7p40000gn/T/parlor-audit-ios-readiness-07-3vbx7ig_/DerivedData/ModuleCache.noindex/sys_types-EAMYDOY823CT6G8PEMTE48X85.pcm

SwiftExplicitDependencyGeneratePcm arm64 /var/folders/6m/vxwlbjsn7vs6h80_98w6x7p40000gn/T/parlor-audit-ios-readiness-07-3vbx7ig_/DerivedData/ModuleCache.noindex/_Builtin_intrinsics-EFN402RYM2PRL3M15S776K2XW.pcm

SwiftExplicitDependencyGeneratePcm arm64 /var/folders/6m/vxwlbjsn7vs6h80_98w6x7p40000gn/T/parlor-audit-ios-readiness-07-3vbx7ig_/DerivedData/ModuleCache.noindex/_DarwinFoundation3-L7J0OVVM9WBNUPCMZMLE1M9J.pcm

SwiftExplicitDependencyGeneratePcm arm64 /var/folders/6m/vxwlbjsn7vs6h80_98w6x7p40000gn/T/parlor-audit-ios-readiness-07-3vbx7ig_/DerivedData/ModuleCache.noindex/simd-6THYNC07ZASW54Y7E3ZFME7UY.pcm

SwiftExplicitDependencyGeneratePcm arm64 /var/folders/6m/vxwlbjsn7vs6h80_98w6x7p40000gn/T/parlor-audit-ios-readiness-07-3vbx7ig_/DerivedData/ModuleCache.noindex/_Builtin_inttypes-8VGFH8PDU4GC9LKVUSXNMO6C5.pcm

SwiftExplicitDependencyGeneratePcm arm64 /var/folders/6m/vxwlbjsn7vs6h80_98w6x7p40000gn/T/parlor-audit-ios-readiness-07-3vbx7ig_/DerivedData/ModuleCache.noindex/Spatial-50ZKZWBBK8KD9JPDD8Q2BN127.pcm

SwiftExplicitDependencyGeneratePcm arm64 /var/folders/6m/vxwlbjsn7vs6h80_98w6x7p40000gn/T/parlor-audit-ios-readiness-07-3vbx7ig_/DerivedData/ModuleCache.noindex/Darwin-B8XXDRLM3OVEX8P8KPIYGS8XZ.pcm

SwiftExplicitDependencyGeneratePcm arm64 /var/folders/6m/vxwlbjsn7vs6h80_98w6x7p40000gn/T/parlor-audit-ios-readiness-07-3vbx7ig_/DerivedData/ModuleCache.noindex/_Builtin_stdatomic-3YMZRU0T7WUSKG6ARLVVG4Q32.pcm

SwiftExplicitDependencyGeneratePcm arm64 /var/folders/6m/vxwlbjsn7vs6h80_98w6x7p40000gn/T/parlor-audit-ios-readiness-07-3vbx7ig_/DerivedData/ModuleCache.noindex/ObjectiveC-E4K4108Q9X55JD28IEPY348KM.pcm

SwiftExplicitDependencyGeneratePcm arm64 /var/folders/6m/vxwlbjsn7vs6h80_98w6x7p40000gn/T/parlor-audit-ios-readiness-07-3vbx7ig_/DerivedData/ModuleCache.noindex/MachO-832SUWTSLUXN94LEEHOB6C11.pcm

SwiftExplicitDependencyGeneratePcm arm64 /var/folders/6m/vxwlbjsn7vs6h80_98w6x7p40000gn/T/parlor-audit-ios-readiness-07-3vbx7ig_/DerivedData/ModuleCache.noindex/os_object-7H3NI9FI36ND4KOV9T6WQNYPM.pcm

SwiftExplicitDependencyGeneratePcm arm64 /var/folders/6m/vxwlbjsn7vs6h80_98w6x7p40000gn/T/parlor-audit-ios-readiness-07-3vbx7ig_/DerivedData/ModuleCache.noindex/os_workgroup-ZONVHSOBZ64MH92BSWTZMXCT.pcm

SwiftExplicitDependencyGeneratePcm arm64 /var/folders/6m/vxwlbjsn7vs6h80_98w6x7p40000gn/T/parlor-audit-ios-readiness-07-3vbx7ig_/DerivedData/ModuleCache.noindex/Dispatch-AWBDPARL2O7QF7XXZJTP8FW0L.pcm

SwiftExplicitDependencyGeneratePcm arm64 /var/folders/6m/vxwlbjsn7vs6h80_98w6x7p40000gn/T/parlor-audit-ios-readiness-07-3vbx7ig_/DerivedData/ModuleCache.noindex/XPC-5SS9804HVLXWSU9M9IVSKS49E.pcm

SwiftExplicitDependencyGeneratePcm arm64 /var/folders/6m/vxwlbjsn7vs6h80_98w6x7p40000gn/T/parlor-audit-ios-readiness-07-3vbx7ig_/DerivedData/ModuleCache.noindex/CoreFoundation-9YJ5JTSNPUWBF9QZUI2ISQIXZ.pcm

SwiftExplicitDependencyGeneratePcm arm64 /var/folders/6m/vxwlbjsn7vs6h80_98w6x7p40000gn/T/parlor-audit-ios-readiness-07-3vbx7ig_/DerivedData/ModuleCache.noindex/os-EYJLGQS3A9HVNMC8L36P2JHUU.pcm

SwiftExplicitDependencyGeneratePcm arm64 /var/folders/6m/vxwlbjsn7vs6h80_98w6x7p40000gn/T/parlor-audit-ios-readiness-07-3vbx7ig_/DerivedData/ModuleCache.noindex/Security-EIQRNJ5ECMMB35O9NKRGDF63H.pcm

SwiftExplicitDependencyGeneratePcm arm64 /var/folders/6m/vxwlbjsn7vs6h80_98w6x7p40000gn/T/parlor-audit-ios-readiness-07-3vbx7ig_/DerivedData/ModuleCache.noindex/CFNetwork-5FIQBM8XT6RONAISP10M5J40J.pcm

SwiftExplicitDependencyGeneratePcm arm64 /var/folders/6m/vxwlbjsn7vs6h80_98w6x7p40000gn/T/parlor-audit-ios-readiness-07-3vbx7ig_/DerivedData/ModuleCache.noindex/CoreGraphics-68QPZWG9J5XB70D8IMFK1LRP8.pcm

SwiftExplicitDependencyGeneratePcm arm64 /var/folders/6m/vxwlbjsn7vs6h80_98w6x7p40000gn/T/parlor-audit-ios-readiness-07-3vbx7ig_/DerivedData/ModuleCache.noindex/Foundation-9GN7BEUDC3S1TWKH8JJENM3Z.pcm

SwiftExplicitDependencyGeneratePcm arm64 /var/folders/6m/vxwlbjsn7vs6h80_98w6x7p40000gn/T/parlor-audit-ios-readiness-07-3vbx7ig_/DerivedData/ModuleCache.noindex/ImageIO-DKXMU2YXGMYJ97GTHJQ6TVNWM.pcm

SwiftExplicitDependencyGeneratePcm arm64 /var/folders/6m/vxwlbjsn7vs6h80_98w6x7p40000gn/T/parlor-audit-ios-readiness-07-3vbx7ig_/DerivedData/ModuleCache.noindex/OpenGLES-DUDMFVDZI5SJDARDK5Q0FN2ZN.pcm

SwiftExplicitDependencyGeneratePcm arm64 /var/folders/6m/vxwlbjsn7vs6h80_98w6x7p40000gn/T/parlor-audit-ios-readiness-07-3vbx7ig_/DerivedData/ModuleCache.noindex/UniformTypeIdentifiers-CJL2ZD0RFUMK62Y5TNZDZ7UP1.pcm

SwiftExplicitDependencyGeneratePcm arm64 /var/folders/6m/vxwlbjsn7vs6h80_98w6x7p40000gn/T/parlor-audit-ios-readiness-07-3vbx7ig_/DerivedData/ModuleCache.noindex/UserNotifications-CHCZSK8H6P0C4KYLF352HQRIL.pcm

SwiftExplicitDependencyGeneratePcm arm64 /var/folders/6m/vxwlbjsn7vs6h80_98w6x7p40000gn/T/parlor-audit-ios-readiness-07-3vbx7ig_/DerivedData/ModuleCache.noindex/IOSurface-18RG4PIATVDIHDZGR0JEXNUB3.pcm

SwiftExplicitDependencyGeneratePcm arm64 /var/folders/6m/vxwlbjsn7vs6h80_98w6x7p40000gn/T/parlor-audit-ios-readiness-07-3vbx7ig_/DerivedData/ModuleCache.noindex/FileProvider-9D1RWERZUJQVWU8HK84DYT7ML.pcm

SwiftExplicitDependencyGeneratePcm arm64 /var/folders/6m/vxwlbjsn7vs6h80_98w6x7p40000gn/T/parlor-audit-ios-readiness-07-3vbx7ig_/DerivedData/ModuleCache.noindex/Metal-7E0W9CK0A12L50SA08R7WN54C.pcm

SwiftExplicitDependencyGeneratePcm arm64 /var/folders/6m/vxwlbjsn7vs6h80_98w6x7p40000gn/T/parlor-audit-ios-readiness-07-3vbx7ig_/DerivedData/ModuleCache.noindex/DataDetection-8W50TV7OJNZT5R5C8BROVYCPR.pcm

SwiftExplicitDependencyGeneratePcm arm64 /var/folders/6m/vxwlbjsn7vs6h80_98w6x7p40000gn/T/parlor-audit-ios-readiness-07-3vbx7ig_/DerivedData/ModuleCache.noindex/CoreTransferable-3F6KL1T3ZH1ASIQXZUO3JE98A.pcm

SwiftExplicitDependencyGeneratePcm arm64 /var/folders/6m/vxwlbjsn7vs6h80_98w6x7p40000gn/T/parlor-audit-ios-readiness-07-3vbx7ig_/DerivedData/ModuleCache.noindex/UIUtilities-8ZI16W5H6M8PF7WQ5TBSYV5EV.pcm

SwiftExplicitDependencyGeneratePcm arm64 /var/folders/6m/vxwlbjsn7vs6h80_98w6x7p40000gn/T/parlor-audit-ios-readiness-07-3vbx7ig_/DerivedData/ModuleCache.noindex/CoreText-9EQ251GKDL1SYQ5A9R7L7C1HS.pcm

SwiftExplicitDependencyGeneratePcm arm64 /var/folders/6m/vxwlbjsn7vs6h80_98w6x7p40000gn/T/parlor-audit-ios-readiness-07-3vbx7ig_/DerivedData/ModuleCache.noindex/Symbols-L1MHIB7ESWTOO0SYJ9VEK3R.pcm

SwiftExplicitDependencyGeneratePcm arm64 /var/folders/6m/vxwlbjsn7vs6h80_98w6x7p40000gn/T/parlor-audit-ios-readiness-07-3vbx7ig_/DerivedData/ModuleCache.noindex/LocalAuthentication-9CG6O3M8CZH7EGFOHY03XW41U.pcm

SwiftExplicitDependencyGeneratePcm arm64 /var/folders/6m/vxwlbjsn7vs6h80_98w6x7p40000gn/T/parlor-audit-ios-readiness-07-3vbx7ig_/DerivedData/ModuleCache.noindex/Accessibility-D416YTXWTPS2C2VX54L7DHEW8.pcm

SwiftExplicitDependencyGeneratePcm arm64 /var/folders/6m/vxwlbjsn7vs6h80_98w6x7p40000gn/T/parlor-audit-ios-readiness-07-3vbx7ig_/DerivedData/Build/Intermediates.noindex/SwiftExplicitPrecompiledModules/ComposeApp-46IBCN8V5ICECQCX40PER74H9.pcm
/private/var/folders/6m/vxwlbjsn7vs6h80_98w6x7p40000gn/T/parlor-audit-ios-readiness-07-3vbx7ig_/copy/composeApp/build/xcode-frameworks/Debug/iphonesimulator26.5/ComposeApp.framework/Headers/ComposeApp.h:2501:16: warning: imported declaration 'ComposeAppNetworkingRoomInfoStatus' could not be mapped to 'NetworkingRoomInfo.Status' [#ClangDeclarationImport]
2499 | 
2500 | __attribute__((objc_subclassing_restricted))
2501 | __attribute__((swift_name("NetworkingRoomInfo.Status")))
     |                |- warning: imported declaration 'ComposeAppNetworkingRoomInfoStatus' could not be mapped to 'NetworkingRoomInfo.Status' [#ClangDeclarationImport]
     |                `- note: please report this issue to the owners of 'ComposeApp'
2502 | @interface ComposeAppNetworkingRoomInfoStatus : ComposeAppKotlinEnum<ComposeAppNetworkingRoomInfoStatus *>
2503 | + (instancetype)alloc __attribute__((unavailable));

[#ClangDeclarationImport]: <https://docs.swift.org/compiler/documentation/diagnostics/clang-declaration-import>

SwiftExplicitDependencyGeneratePcm arm64 /var/folders/6m/vxwlbjsn7vs6h80_98w6x7p40000gn/T/parlor-audit-ios-readiness-07-3vbx7ig_/DerivedData/ModuleCache.noindex/CoreVideo-4PN2PBSJWUYKSHRVI8NLIKRY3.pcm

SwiftExplicitDependencyGeneratePcm arm64 /var/folders/6m/vxwlbjsn7vs6h80_98w6x7p40000gn/T/parlor-audit-ios-readiness-07-3vbx7ig_/DerivedData/ModuleCache.noindex/CoreData-3WQC7NBJEAG34D3VHG1Q9BHHE.pcm

SwiftExplicitDependencyGeneratePcm arm64 /var/folders/6m/vxwlbjsn7vs6h80_98w6x7p40000gn/T/parlor-audit-ios-readiness-07-3vbx7ig_/DerivedData/ModuleCache.noindex/CoreImage-90YENZL4NIQB48GJSC5NKAKDL.pcm

SwiftExplicitDependencyGeneratePcm arm64 /var/folders/6m/vxwlbjsn7vs6h80_98w6x7p40000gn/T/parlor-audit-ios-readiness-07-3vbx7ig_/DerivedData/ModuleCache.noindex/QuartzCore-CSIUOSE6UCWPUPCX9APU8BAIP.pcm

SwiftExplicitDependencyGeneratePcm arm64 /var/folders/6m/vxwlbjsn7vs6h80_98w6x7p40000gn/T/parlor-audit-ios-readiness-07-3vbx7ig_/DerivedData/ModuleCache.noindex/OSLog-9CNA1HT0MSGTTKIFPH8232AJU.pcm

SwiftExplicitDependencyGeneratePcm arm64 /var/folders/6m/vxwlbjsn7vs6h80_98w6x7p40000gn/T/parlor-audit-ios-readiness-07-3vbx7ig_/DerivedData/ModuleCache.noindex/SwiftUICore-D5BWJ73AV7CRRJT2GJ299Y7RF.pcm

SwiftExplicitDependencyGeneratePcm arm64 /var/folders/6m/vxwlbjsn7vs6h80_98w6x7p40000gn/T/parlor-audit-ios-readiness-07-3vbx7ig_/DerivedData/ModuleCache.noindex/UIKit-9JR6LILM7HFY45AEQETVBT8PX.pcm

SwiftExplicitDependencyGeneratePcm arm64 /var/folders/6m/vxwlbjsn7vs6h80_98w6x7p40000gn/T/parlor-audit-ios-readiness-07-3vbx7ig_/DerivedData/ModuleCache.noindex/SwiftUI-EQ5PN7T55OZDNDQQ0X69L8SXV.pcm

SwiftEmitModule normal arm64 Emitting\ module\ for\ Parlor (in target 'iosApp' from project 'iosApp')

EmitSwiftModule normal arm64 (in target 'iosApp' from project 'iosApp')
    cd /var/folders/6m/vxwlbjsn7vs6h80_98w6x7p40000gn/T/parlor-audit-ios-readiness-07-3vbx7ig_/copy/iosApp
    

SwiftCompile normal arm64 Compiling\ ContentView.swift /var/folders/6m/vxwlbjsn7vs6h80_98w6x7p40000gn/T/parlor-audit-ios-readiness-07-3vbx7ig_/copy/iosApp/iosApp/ContentView.swift (in target 'iosApp' from project 'iosApp')

SwiftCompile normal arm64 /var/folders/6m/vxwlbjsn7vs6h80_98w6x7p40000gn/T/parlor-audit-ios-readiness-07-3vbx7ig_/copy/iosApp/iosApp/ContentView.swift (in target 'iosApp' from project 'iosApp')
    cd /var/folders/6m/vxwlbjsn7vs6h80_98w6x7p40000gn/T/parlor-audit-ios-readiness-07-3vbx7ig_/copy/iosApp
    

SwiftDriverJobDiscovery normal arm64 Emitting module for Parlor (in target 'iosApp' from project 'iosApp')

SwiftDriver\ Compilation\ Requirements iosApp normal arm64 com.apple.xcode.tools.swift.compiler (in target 'iosApp' from project 'iosApp')
    cd /var/folders/6m/vxwlbjsn7vs6h80_98w6x7p40000gn/T/parlor-audit-ios-readiness-07-3vbx7ig_/copy/iosApp
    builtin-Swift-Compilation-Requirements -- /Applications/Xcode.app/Contents/Developer/Toolchains/XcodeDefault.xctoolchain/usr/bin/swiftc -module-name Parlor -Onone @/var/folders/6m/vxwlbjsn7vs6h80_98w6x7p40000gn/T/parlor-audit-ios-readiness-07-3vbx7ig_/DerivedData/Build/Intermediates.noindex/iosApp.build/Debug-iphonesimulator/iosApp.build/Objects-normal/arm64/Parlor.SwiftFileList -DDEBUG -enable-bare-slash-regex -enable-experimental-feature DebugDescriptionMacro -sdk /Applications/Xcode.app/Contents/Developer/Platforms/iPhoneSimulator.platform/Developer/SDKs/iPhoneSimulator26.5.sdk -target arm64-apple-ios16.0-simulator -g -module-cache-path /var/folders/6m/vxwlbjsn7vs6h80_98w6x7p40000gn/T/parlor-audit-ios-readiness-07-3vbx7ig_/DerivedData/ModuleCache.noindex -Xfrontend -serialize-debugging-options -enable-testing -Xcc -D_LIBCPP_HARDENING_MODE\=_LIBCPP_HARDENING_MODE_DEBUG -swift-version 5 -I /var/folders/6m/vxwlbjsn7vs6h80_98w6x7p40000gn/T/parlor-audit-ios-readiness-07-3vbx7ig_/DerivedData/Build/Products/Debug-iphonesimulator -F /var/folders/6m/vxwlbjsn7vs6h80_98w6x7p40000gn/T/parlor-audit-ios-readiness-07-3vbx7ig_/DerivedData/Build/Products/Debug-iphonesimulator -F /var/folders/6m/vxwlbjsn7vs6h80_98w6x7p40000gn/T/parlor-audit-ios-readiness-07-3vbx7ig_/copy/composeApp/build/xcode-frameworks/Debug/iphonesimulator26.5 -emit-localized-strings -emit-localized-strings-path /var/folders/6m/vxwlbjsn7vs6h80_98w6x7p40000gn/T/parlor-audit-ios-readiness-07-3vbx7ig_/DerivedData/Build/Intermediates.noindex/iosApp.build/Debug-iphonesimulator/iosApp.build/Objects-normal/arm64 -c -j10 -enable-batch-mode -incremental -Xcc -ivfsstatcache -Xcc /var/folders/6m/vxwlbjsn7vs6h80_98w6x7p40000gn/T/parlor-audit-ios-readiness-07-3vbx7ig_/DerivedData/SDKStatCaches.noindex/iphonesimulator26.5-23F73-6cfe768891a92b912361537c460fe42b.sdkstatcache -output-file-map /var/folders/6m/vxwlbjsn7vs6h80_98w6x7p40000gn/T/parlor-audit-ios-readiness-07-3vbx7ig_/DerivedData/Build/Intermediates.noindex/iosApp.build/Debug-iphonesimulator/iosApp.build/Objects-normal/arm64/iosApp-OutputFileMap.json -use-frontend-parseable-output -save-temps -no-color-diagnostics -explicit-module-build -module-cache-path /var/folders/6m/vxwlbjsn7vs6h80_98w6x7p40000gn/T/parlor-audit-ios-readiness-07-3vbx7ig_/DerivedData/Build/Intermediates.noindex/SwiftExplicitPrecompiledModules -clang-scanner-module-cache-path /var/folders/6m/vxwlbjsn7vs6h80_98w6x7p40000gn/T/parlor-audit-ios-readiness-07-3vbx7ig_/DerivedData/ModuleCache.noindex -sdk-module-cache-path /var/folders/6m/vxwlbjsn7vs6h80_98w6x7p40000gn/T/parlor-audit-ios-readiness-07-3vbx7ig_/DerivedData/ModuleCache.noindex -serialize-diagnostics -emit-dependencies -emit-module -emit-module-path /var/folders/6m/vxwlbjsn7vs6h80_98w6x7p40000gn/T/parlor-audit-ios-readiness-07-3vbx7ig_/DerivedData/Build/Intermediates.noindex/iosApp.build/Debug-iphonesimulator/iosApp.build/Objects-normal/arm64/Parlor.swiftmodule -validate-clang-modules-once -clang-build-session-file /var/folders/6m/vxwlbjsn7vs6h80_98w6x7p40000gn/T/parlor-audit-ios-readiness-07-3vbx7ig_/DerivedData/ModuleCache.noindex/Session.modulevalidation -Xcc -I/var/folders/6m/vxwlbjsn7vs6h80_98w6x7p40000gn/T/parlor-audit-ios-readiness-07-3vbx7ig_/DerivedData/Build/Intermediates.noindex/iosApp.build/Debug-iphonesimulator/iosApp.build/swift-overrides.hmap -emit-const-values -Xfrontend -const-gather-protocols-file -Xfrontend /var/folders/6m/vxwlbjsn7vs6h80_98w6x7p40000gn/T/parlor-audit-ios-readiness-07-3vbx7ig_/DerivedData/Build/Intermediates.noindex/iosApp.build/Debug-iphonesimulator/iosApp.build/Objects-normal/arm64/iosApp_const_extract_protocols.json -Xcc -iquote -Xcc /var/folders/6m/vxwlbjsn7vs6h80_98w6x7p40000gn/T/parlor-audit-ios-readiness-07-3vbx7ig_/DerivedData/Build/Intermediates.noindex/iosApp.build/Debug-iphonesimulator/iosApp.build/Parlor-generated-files.hmap -Xcc -I/var/folders/6m/vxwlbjsn7vs6h80_98w6x7p40000gn/T/parlor-audit-ios-readiness-07-3vbx7ig_/DerivedData/Build/Intermediates.noindex/iosApp.build/Debug-iphonesimulator/iosApp.build/Parlor-own-target-headers.hmap -Xcc -I/var/folders/6m/vxwlbjsn7vs6h80_98w6x7p40000gn/T/parlor-audit-ios-readiness-07-3vbx7ig_/DerivedData/Build/Intermediates.noindex/iosApp.build/Debug-iphonesimulator/iosApp.build/Parlor-all-target-headers.hmap -Xcc -iquote -Xcc /var/folders/6m/vxwlbjsn7vs6h80_98w6x7p40000gn/T/parlor-audit-ios-readiness-07-3vbx7ig_/DerivedData/Build/Intermediates.noindex/iosApp.build/Debug-iphonesimulator/iosApp.build/Parlor-project-headers.hmap -Xcc -I/var/folders/6m/vxwlbjsn7vs6h80_98w6x7p40000gn/T/parlor-audit-ios-readiness-07-3vbx7ig_/DerivedData/Build/Products/Debug-iphonesimulator/include -Xcc -I/var/folders/6m/vxwlbjsn7vs6h80_98w6x7p40000gn/T/parlor-audit-ios-readiness-07-3vbx7ig_/DerivedData/Build/Intermediates.noindex/iosApp.build/Debug-iphonesimulator/iosApp.build/DerivedSources-normal/arm64 -Xcc -I/var/folders/6m/vxwlbjsn7vs6h80_98w6x7p40000gn/T/parlor-audit-ios-readiness-07-3vbx7ig_/DerivedData/Build/Intermediates.noindex/iosApp.build/Debug-iphonesimulator/iosApp.build/DerivedSources/arm64 -Xcc -I/var/folders/6m/vxwlbjsn7vs6h80_98w6x7p40000gn/T/parlor-audit-ios-readiness-07-3vbx7ig_/DerivedData/Build/Intermediates.noindex/iosApp.build/Debug-iphonesimulator/iosApp.build/DerivedSources -Xcc -DDEBUG\=1 -emit-objc-header -emit-objc-header-path /var/folders/6m/vxwlbjsn7vs6h80_98w6x7p40000gn/T/parlor-audit-ios-readiness-07-3vbx7ig_/DerivedData/Build/Intermediates.noindex/iosApp.build/Debug-iphonesimulator/iosApp.build/Objects-normal/arm64/Parlor-Swift.h -working-directory /var/folders/6m/vxwlbjsn7vs6h80_98w6x7p40000gn/T/parlor-audit-ios-readiness-07-3vbx7ig_/copy/iosApp -experimental-emit-module-separately -disable-cmo

SwiftDriverJobDiscovery normal arm64 Compiling ContentView.swift (in target 'iosApp' from project 'iosApp')

SwiftCompile normal arm64 Compiling\ iOSApp.swift /var/folders/6m/vxwlbjsn7vs6h80_98w6x7p40000gn/T/parlor-audit-ios-readiness-07-3vbx7ig_/copy/iosApp/iosApp/iOSApp.swift (in target 'iosApp' from project 'iosApp')

SwiftCompile normal arm64 /var/folders/6m/vxwlbjsn7vs6h80_98w6x7p40000gn/T/parlor-audit-ios-readiness-07-3vbx7ig_/copy/iosApp/iosApp/iOSApp.swift (in target 'iosApp' from project 'iosApp')
    cd /var/folders/6m/vxwlbjsn7vs6h80_98w6x7p40000gn/T/parlor-audit-ios-readiness-07-3vbx7ig_/copy/iosApp
    

SwiftMergeGeneratedHeaders /var/folders/6m/vxwlbjsn7vs6h80_98w6x7p40000gn/T/parlor-audit-ios-readiness-07-3vbx7ig_/DerivedData/Build/Intermediates.noindex/iosApp.build/Debug-iphonesimulator/iosApp.build/DerivedSources/Parlor-Swift.h /var/folders/6m/vxwlbjsn7vs6h80_98w6x7p40000gn/T/parlor-audit-ios-readiness-07-3vbx7ig_/DerivedData/Build/Intermediates.noindex/iosApp.build/Debug-iphonesimulator/iosApp.build/Objects-normal/arm64/Parlor-Swift.h (in target 'iosApp' from project 'iosApp')
    cd /var/folders/6m/vxwlbjsn7vs6h80_98w6x7p40000gn/T/parlor-audit-ios-readiness-07-3vbx7ig_/copy/iosApp
    builtin-swiftHeaderTool -arch arm64 /var/folders/6m/vxwlbjsn7vs6h80_98w6x7p40000gn/T/parlor-audit-ios-readiness-07-3vbx7ig_/DerivedData/Build/Intermediates.noindex/iosApp.build/Debug-iphonesimulator/iosApp.build/Objects-normal/arm64/Parlor-Swift.h -o /var/folders/6m/vxwlbjsn7vs6h80_98w6x7p40000gn/T/parlor-audit-ios-readiness-07-3vbx7ig_/DerivedData/Build/Intermediates.noindex/iosApp.build/Debug-iphonesimulator/iosApp.build/DerivedSources/Parlor-Swift.h

SwiftDriverJobDiscovery normal arm64 Compiling iOSApp.swift (in target 'iosApp' from project 'iosApp')

Copy /var/folders/6m/vxwlbjsn7vs6h80_98w6x7p40000gn/T/parlor-audit-ios-readiness-07-3vbx7ig_/DerivedData/Build/Products/Debug-iphonesimulator/Parlor.swiftmodule/arm64-apple-ios-simulator.swiftmodule /var/folders/6m/vxwlbjsn7vs6h80_98w6x7p40000gn/T/parlor-audit-ios-readiness-07-3vbx7ig_/DerivedData/Build/Intermediates.noindex/iosApp.build/Debug-iphonesimulator/iosApp.build/Objects-normal/arm64/Parlor.swiftmodule (in target 'iosApp' from project 'iosApp')
    cd /var/folders/6m/vxwlbjsn7vs6h80_98w6x7p40000gn/T/parlor-audit-ios-readiness-07-3vbx7ig_/copy/iosApp
    builtin-copy -exclude .DS_Store -exclude CVS -exclude .svn -exclude .git -exclude .hg -resolve-src-symlinks -rename /var/folders/6m/vxwlbjsn7vs6h80_98w6x7p40000gn/T/parlor-audit-ios-readiness-07-3vbx7ig_/DerivedData/Build/Intermediates.noindex/iosApp.build/Debug-iphonesimulator/iosApp.build/Objects-normal/arm64/Parlor.swiftmodule /var/folders/6m/vxwlbjsn7vs6h80_98w6x7p40000gn/T/parlor-audit-ios-readiness-07-3vbx7ig_/DerivedData/Build/Products/Debug-iphonesimulator/Parlor.swiftmodule/arm64-apple-ios-simulator.swiftmodule

Copy /var/folders/6m/vxwlbjsn7vs6h80_98w6x7p40000gn/T/parlor-audit-ios-readiness-07-3vbx7ig_/DerivedData/Build/Products/Debug-iphonesimulator/Parlor.swiftmodule/arm64-apple-ios-simulator.swiftdoc /var/folders/6m/vxwlbjsn7vs6h80_98w6x7p40000gn/T/parlor-audit-ios-readiness-07-3vbx7ig_/DerivedData/Build/Intermediates.noindex/iosApp.build/Debug-iphonesimulator/iosApp.build/Objects-normal/arm64/Parlor.swiftdoc (in target 'iosApp' from project 'iosApp')
    cd /var/folders/6m/vxwlbjsn7vs6h80_98w6x7p40000gn/T/parlor-audit-ios-readiness-07-3vbx7ig_/copy/iosApp
    builtin-copy -exclude .DS_Store -exclude CVS -exclude .svn -exclude .git -exclude .hg -resolve-src-symlinks -rename /var/folders/6m/vxwlbjsn7vs6h80_98w6x7p40000gn/T/parlor-audit-ios-readiness-07-3vbx7ig_/DerivedData/Build/Intermediates.noindex/iosApp.build/Debug-iphonesimulator/iosApp.build/Objects-normal/arm64/Parlor.swiftdoc /var/folders/6m/vxwlbjsn7vs6h80_98w6x7p40000gn/T/parlor-audit-ios-readiness-07-3vbx7ig_/DerivedData/Build/Products/Debug-iphonesimulator/Parlor.swiftmodule/arm64-apple-ios-simulator.swiftdoc

Copy /var/folders/6m/vxwlbjsn7vs6h80_98w6x7p40000gn/T/parlor-audit-ios-readiness-07-3vbx7ig_/DerivedData/Build/Products/Debug-iphonesimulator/Parlor.swiftmodule/arm64-apple-ios-simulator.abi.json /var/folders/6m/vxwlbjsn7vs6h80_98w6x7p40000gn/T/parlor-audit-ios-readiness-07-3vbx7ig_/DerivedData/Build/Intermediates.noindex/iosApp.build/Debug-iphonesimulator/iosApp.build/Objects-normal/arm64/Parlor.abi.json (in target 'iosApp' from project 'iosApp')
    cd /var/folders/6m/vxwlbjsn7vs6h80_98w6x7p40000gn/T/parlor-audit-ios-readiness-07-3vbx7ig_/copy/iosApp
    builtin-copy -exclude .DS_Store -exclude CVS -exclude .svn -exclude .git -exclude .hg -resolve-src-symlinks -rename /var/folders/6m/vxwlbjsn7vs6h80_98w6x7p40000gn/T/parlor-audit-ios-readiness-07-3vbx7ig_/DerivedData/Build/Intermediates.noindex/iosApp.build/Debug-iphonesimulator/iosApp.build/Objects-normal/arm64/Parlor.abi.json /var/folders/6m/vxwlbjsn7vs6h80_98w6x7p40000gn/T/parlor-audit-ios-readiness-07-3vbx7ig_/DerivedData/Build/Products/Debug-iphonesimulator/Parlor.swiftmodule/arm64-apple-ios-simulator.abi.json

Copy /var/folders/6m/vxwlbjsn7vs6h80_98w6x7p40000gn/T/parlor-audit-ios-readiness-07-3vbx7ig_/DerivedData/Build/Products/Debug-iphonesimulator/Parlor.swiftmodule/Project/arm64-apple-ios-simulator.swiftsourceinfo /var/folders/6m/vxwlbjsn7vs6h80_98w6x7p40000gn/T/parlor-audit-ios-readiness-07-3vbx7ig_/DerivedData/Build/Intermediates.noindex/iosApp.build/Debug-iphonesimulator/iosApp.build/Objects-normal/arm64/Parlor.swiftsourceinfo (in target 'iosApp' from project 'iosApp')
    cd /var/folders/6m/vxwlbjsn7vs6h80_98w6x7p40000gn/T/parlor-audit-ios-readiness-07-3vbx7ig_/copy/iosApp
    builtin-copy -exclude .DS_Store -exclude CVS -exclude .svn -exclude .git -exclude .hg -resolve-src-symlinks -rename /var/folders/6m/vxwlbjsn7vs6h80_98w6x7p40000gn/T/parlor-audit-ios-readiness-07-3vbx7ig_/DerivedData/Build/Intermediates.noindex/iosApp.build/Debug-iphonesimulator/iosApp.build/Objects-normal/arm64/Parlor.swiftsourceinfo /var/folders/6m/vxwlbjsn7vs6h80_98w6x7p40000gn/T/parlor-audit-ios-readiness-07-3vbx7ig_/DerivedData/Build/Products/Debug-iphonesimulator/Parlor.swiftmodule/Project/arm64-apple-ios-simulator.swiftsourceinfo

SwiftCompile normal arm64 Compiling\ ComposeContainerViewController.swift /var/folders/6m/vxwlbjsn7vs6h80_98w6x7p40000gn/T/parlor-audit-ios-readiness-07-3vbx7ig_/copy/iosApp/iosApp/ComposeContainerViewController.swift (in target 'iosApp' from project 'iosApp')

SwiftCompile normal arm64 /var/folders/6m/vxwlbjsn7vs6h80_98w6x7p40000gn/T/parlor-audit-ios-readiness-07-3vbx7ig_/copy/iosApp/iosApp/ComposeContainerViewController.swift (in target 'iosApp' from project 'iosApp')
    cd /var/folders/6m/vxwlbjsn7vs6h80_98w6x7p40000gn/T/parlor-audit-ios-readiness-07-3vbx7ig_/copy/iosApp
    

SwiftDriverJobDiscovery normal arm64 Compiling ComposeContainerViewController.swift (in target 'iosApp' from project 'iosApp')

SwiftCompile normal arm64 Compiling\ GeneratedAssetSymbols.swift /var/folders/6m/vxwlbjsn7vs6h80_98w6x7p40000gn/T/parlor-audit-ios-readiness-07-3vbx7ig_/DerivedData/Build/Intermediates.noindex/iosApp.build/Debug-iphonesimulator/iosApp.build/DerivedSources/GeneratedAssetSymbols.swift (in target 'iosApp' from project 'iosApp')

SwiftCompile normal arm64 /var/folders/6m/vxwlbjsn7vs6h80_98w6x7p40000gn/T/parlor-audit-ios-readiness-07-3vbx7ig_/DerivedData/Build/Intermediates.noindex/iosApp.build/Debug-iphonesimulator/iosApp.build/DerivedSources/GeneratedAssetSymbols.swift (in target 'iosApp' from project 'iosApp')
    cd /var/folders/6m/vxwlbjsn7vs6h80_98w6x7p40000gn/T/parlor-audit-ios-readiness-07-3vbx7ig_/copy/iosApp
    

SwiftDriverJobDiscovery normal arm64 Compiling GeneratedAssetSymbols.swift (in target 'iosApp' from project 'iosApp')

SwiftDriver\ Compilation iosApp normal arm64 com.apple.xcode.tools.swift.compiler (in target 'iosApp' from project 'iosApp')
    cd /var/folders/6m/vxwlbjsn7vs6h80_98w6x7p40000gn/T/parlor-audit-ios-readiness-07-3vbx7ig_/copy/iosApp
    builtin-Swift-Compilation -- /Applications/Xcode.app/Contents/Developer/Toolchains/XcodeDefault.xctoolchain/usr/bin/swiftc -module-name Parlor -Onone @/var/folders/6m/vxwlbjsn7vs6h80_98w6x7p40000gn/T/parlor-audit-ios-readiness-07-3vbx7ig_/DerivedData/Build/Intermediates.noindex/iosApp.build/Debug-iphonesimulator/iosApp.build/Objects-normal/arm64/Parlor.SwiftFileList -DDEBUG -enable-bare-slash-regex -enable-experimental-feature DebugDescriptionMacro -sdk /Applications/Xcode.app/Contents/Developer/Platforms/iPhoneSimulator.platform/Developer/SDKs/iPhoneSimulator26.5.sdk -target arm64-apple-ios16.0-simulator -g -module-cache-path /var/folders/6m/vxwlbjsn7vs6h80_98w6x7p40000gn/T/parlor-audit-ios-readiness-07-3vbx7ig_/DerivedData/ModuleCache.noindex -Xfrontend -serialize-debugging-options -enable-testing -Xcc -D_LIBCPP_HARDENING_MODE\=_LIBCPP_HARDENING_MODE_DEBUG -swift-version 5 -I /var/folders/6m/vxwlbjsn7vs6h80_98w6x7p40000gn/T/parlor-audit-ios-readiness-07-3vbx7ig_/DerivedData/Build/Products/Debug-iphonesimulator -F /var/folders/6m/vxwlbjsn7vs6h80_98w6x7p40000gn/T/parlor-audit-ios-readiness-07-3vbx7ig_/DerivedData/Build/Products/Debug-iphonesimulator -F /var/folders/6m/vxwlbjsn7vs6h80_98w6x7p40000gn/T/parlor-audit-ios-readiness-07-3vbx7ig_/copy/composeApp/build/xcode-frameworks/Debug/iphonesimulator26.5 -emit-localized-strings -emit-localized-strings-path /var/folders/6m/vxwlbjsn7vs6h80_98w6x7p40000gn/T/parlor-audit-ios-readiness-07-3vbx7ig_/DerivedData/Build/Intermediates.noindex/iosApp.build/Debug-iphonesimulator/iosApp.build/Objects-normal/arm64 -c -j10 -enable-batch-mode -incremental -Xcc -ivfsstatcache -Xcc /var/folders/6m/vxwlbjsn7vs6h80_98w6x7p40000gn/T/parlor-audit-ios-readiness-07-3vbx7ig_/DerivedData/SDKStatCaches.noindex/iphonesimulator26.5-23F73-6cfe768891a92b912361537c460fe42b.sdkstatcache -output-file-map /var/folders/6m/vxwlbjsn7vs6h80_98w6x7p40000gn/T/parlor-audit-ios-readiness-07-3vbx7ig_/DerivedData/Build/Intermediates.noindex/iosApp.build/Debug-iphonesimulator/iosApp.build/Objects-normal/arm64/iosApp-OutputFileMap.json -use-frontend-parseable-output -save-temps -no-color-diagnostics -explicit-module-build -module-cache-path /var/folders/6m/vxwlbjsn7vs6h80_98w6x7p40000gn/T/parlor-audit-ios-readiness-07-3vbx7ig_/DerivedData/Build/Intermediates.noindex/SwiftExplicitPrecompiledModules -clang-scanner-module-cache-path /var/folders/6m/vxwlbjsn7vs6h80_98w6x7p40000gn/T/parlor-audit-ios-readiness-07-3vbx7ig_/DerivedData/ModuleCache.noindex -sdk-module-cache-path /var/folders/6m/vxwlbjsn7vs6h80_98w6x7p40000gn/T/parlor-audit-ios-readiness-07-3vbx7ig_/DerivedData/ModuleCache.noindex -serialize-diagnostics -emit-dependencies -emit-module -emit-module-path /var/folders/6m/vxwlbjsn7vs6h80_98w6x7p40000gn/T/parlor-audit-ios-readiness-07-3vbx7ig_/DerivedData/Build/Intermediates.noindex/iosApp.build/Debug-iphonesimulator/iosApp.build/Objects-normal/arm64/Parlor.swiftmodule -validate-clang-modules-once -clang-build-session-file /var/folders/6m/vxwlbjsn7vs6h80_98w6x7p40000gn/T/parlor-audit-ios-readiness-07-3vbx7ig_/DerivedData/ModuleCache.noindex/Session.modulevalidation -Xcc -I/var/folders/6m/vxwlbjsn7vs6h80_98w6x7p40000gn/T/parlor-audit-ios-readiness-07-3vbx7ig_/DerivedData/Build/Intermediates.noindex/iosApp.build/Debug-iphonesimulator/iosApp.build/swift-overrides.hmap -emit-const-values -Xfrontend -const-gather-protocols-file -Xfrontend /var/folders/6m/vxwlbjsn7vs6h80_98w6x7p40000gn/T/parlor-audit-ios-readiness-07-3vbx7ig_/DerivedData/Build/Intermediates.noindex/iosApp.build/Debug-iphonesimulator/iosApp.build/Objects-normal/arm64/iosApp_const_extract_protocols.json -Xcc -iquote -Xcc /var/folders/6m/vxwlbjsn7vs6h80_98w6x7p40000gn/T/parlor-audit-ios-readiness-07-3vbx7ig_/DerivedData/Build/Intermediates.noindex/iosApp.build/Debug-iphonesimulator/iosApp.build/Parlor-generated-files.hmap -Xcc -I/var/folders/6m/vxwlbjsn7vs6h80_98w6x7p40000gn/T/parlor-audit-ios-readiness-07-3vbx7ig_/DerivedData/Build/Intermediates.noindex/iosApp.build/Debug-iphonesimulator/iosApp.build/Parlor-own-target-headers.hmap -Xcc -I/var/folders/6m/vxwlbjsn7vs6h80_98w6x7p40000gn/T/parlor-audit-ios-readiness-07-3vbx7ig_/DerivedData/Build/Intermediates.noindex/iosApp.build/Debug-iphonesimulator/iosApp.build/Parlor-all-target-headers.hmap -Xcc -iquote -Xcc /var/folders/6m/vxwlbjsn7vs6h80_98w6x7p40000gn/T/parlor-audit-ios-readiness-07-3vbx7ig_/DerivedData/Build/Intermediates.noindex/iosApp.build/Debug-iphonesimulator/iosApp.build/Parlor-project-headers.hmap -Xcc -I/var/folders/6m/vxwlbjsn7vs6h80_98w6x7p40000gn/T/parlor-audit-ios-readiness-07-3vbx7ig_/DerivedData/Build/Products/Debug-iphonesimulator/include -Xcc -I/var/folders/6m/vxwlbjsn7vs6h80_98w6x7p40000gn/T/parlor-audit-ios-readiness-07-3vbx7ig_/DerivedData/Build/Intermediates.noindex/iosApp.build/Debug-iphonesimulator/iosApp.build/DerivedSources-normal/arm64 -Xcc -I/var/folders/6m/vxwlbjsn7vs6h80_98w6x7p40000gn/T/parlor-audit-ios-readiness-07-3vbx7ig_/DerivedData/Build/Intermediates.noindex/iosApp.build/Debug-iphonesimulator/iosApp.build/DerivedSources/arm64 -Xcc -I/var/folders/6m/vxwlbjsn7vs6h80_98w6x7p40000gn/T/parlor-audit-ios-readiness-07-3vbx7ig_/DerivedData/Build/Intermediates.noindex/iosApp.build/Debug-iphonesimulator/iosApp.build/DerivedSources -Xcc -DDEBUG\=1 -emit-objc-header -emit-objc-header-path /var/folders/6m/vxwlbjsn7vs6h80_98w6x7p40000gn/T/parlor-audit-ios-readiness-07-3vbx7ig_/DerivedData/Build/Intermediates.noindex/iosApp.build/Debug-iphonesimulator/iosApp.build/Objects-normal/arm64/Parlor-Swift.h -working-directory /var/folders/6m/vxwlbjsn7vs6h80_98w6x7p40000gn/T/parlor-audit-ios-readiness-07-3vbx7ig_/copy/iosApp -experimental-emit-module-separately -disable-cmo

Ld /var/folders/6m/vxwlbjsn7vs6h80_98w6x7p40000gn/T/parlor-audit-ios-readiness-07-3vbx7ig_/DerivedData/Build/Products/Debug-iphonesimulator/Parlor.app/Parlor.debug.dylib normal (in target 'iosApp' from project 'iosApp')
    cd /var/folders/6m/vxwlbjsn7vs6h80_98w6x7p40000gn/T/parlor-audit-ios-readiness-07-3vbx7ig_/copy/iosApp
    /Applications/Xcode.app/Contents/Developer/Toolchains/XcodeDefault.xctoolchain/usr/bin/clang -Xlinker -reproducible -target arm64-apple-ios16.0-simulator -dynamiclib -isysroot /Applications/Xcode.app/Contents/Developer/Platforms/iPhoneSimulator.platform/Developer/SDKs/iPhoneSimulator26.5.sdk -O0 -L/var/folders/6m/vxwlbjsn7vs6h80_98w6x7p40000gn/T/parlor-audit-ios-readiness-07-3vbx7ig_/DerivedData/Build/Intermediates.noindex/EagerLinkingTBDs/Debug-iphonesimulator -L/var/folders/6m/vxwlbjsn7vs6h80_98w6x7p40000gn/T/parlor-audit-ios-readiness-07-3vbx7ig_/DerivedData/Build/Products/Debug-iphonesimulator -F/var/folders/6m/vxwlbjsn7vs6h80_98w6x7p40000gn/T/parlor-audit-ios-readiness-07-3vbx7ig_/DerivedData/Build/Intermediates.noindex/EagerLinkingTBDs/Debug-iphonesimulator -F/var/folders/6m/vxwlbjsn7vs6h80_98w6x7p40000gn/T/parlor-audit-ios-readiness-07-3vbx7ig_/DerivedData/Build/Products/Debug-iphonesimulator -F/var/folders/6m/vxwlbjsn7vs6h80_98w6x7p40000gn/T/parlor-audit-ios-readiness-07-3vbx7ig_/copy/composeApp/build/xcode-frameworks/Debug/iphonesimulator26.5 -filelist /var/folders/6m/vxwlbjsn7vs6h80_98w6x7p40000gn/T/parlor-audit-ios-readiness-07-3vbx7ig_/DerivedData/Build/Intermediates.noindex/iosApp.build/Debug-iphonesimulator/iosApp.build/Objects-normal/arm64/Parlor.LinkFileList -install_name @rpath/Parlor.debug.dylib -Xlinker -rpath -Xlinker /usr/lib/swift -Xlinker -rpath -Xlinker @executable_path/Frameworks -Xlinker -dead_strip -Xlinker -object_path_lto -Xlinker /var/folders/6m/vxwlbjsn7vs6h80_98w6x7p40000gn/T/parlor-audit-ios-readiness-07-3vbx7ig_/DerivedData/Build/Intermediates.noindex/iosApp.build/Debug-iphonesimulator/iosApp.build/Objects-normal/arm64/Parlor_lto.o -rdynamic -Xlinker -no_deduplicate -Xlinker -objc_abi_version -Xlinker 2 -Xlinker -dependency_info -Xlinker /var/folders/6m/vxwlbjsn7vs6h80_98w6x7p40000gn/T/parlor-audit-ios-readiness-07-3vbx7ig_/DerivedData/Build/Intermediates.noindex/iosApp.build/Debug-iphonesimulator/iosApp.build/Objects-normal/arm64/Parlor_dependency_info.dat -fobjc-link-runtime -L/Applications/Xcode.app/Contents/Developer/Toolchains/XcodeDefault.xctoolchain/usr/lib/swift/iphonesimulator -L/usr/lib/swift -Xlinker -add_ast_path -Xlinker /var/folders/6m/vxwlbjsn7vs6h80_98w6x7p40000gn/T/parlor-audit-ios-readiness-07-3vbx7ig_/DerivedData/Build/Intermediates.noindex/iosApp.build/Debug-iphonesimulator/iosApp.build/Objects-normal/arm64/Parlor.swiftmodule @/var/folders/6m/vxwlbjsn7vs6h80_98w6x7p40000gn/T/parlor-audit-ios-readiness-07-3vbx7ig_/DerivedData/Build/Intermediates.noindex/iosApp.build/Debug-iphonesimulator/iosApp.build/Objects-normal/arm64/Parlor-linker-args.resp -Xlinker -alias -Xlinker _main -Xlinker ___debug_main_executable_dylib_entry_point -Xlinker -no_adhoc_codesign -o /var/folders/6m/vxwlbjsn7vs6h80_98w6x7p40000gn/T/parlor-audit-ios-readiness-07-3vbx7ig_/DerivedData/Build/Products/Debug-iphonesimulator/Parlor.app/Parlor.debug.dylib

ProcessProductPackaging "" /var/folders/6m/vxwlbjsn7vs6h80_98w6x7p40000gn/T/parlor-audit-ios-readiness-07-3vbx7ig_/DerivedData/Build/Intermediates.noindex/iosApp.build/Debug-iphonesimulator/iosAppUITests.build/iosAppUITests.xctest-Simulated.xcent (in target 'iosAppUITests' from project 'iosApp')
    cd /var/folders/6m/vxwlbjsn7vs6h80_98w6x7p40000gn/T/parlor-audit-ios-readiness-07-3vbx7ig_/copy/iosApp
    
    Entitlements:
    
    {
    "application-identifier" = "7CGZ2343AA.com.parlor.app.uitests.xctrunner";
    "keychain-access-groups" =     (
        "7CGZ2343AA.com.parlor.app.uitests.xctrunner"
    );
}
    
    builtin-productPackagingUtility -entitlements -format xml -o /var/folders/6m/vxwlbjsn7vs6h80_98w6x7p40000gn/T/parlor-audit-ios-readiness-07-3vbx7ig_/DerivedData/Build/Intermediates.noindex/iosApp.build/Debug-iphonesimulator/iosAppUITests.build/iosAppUITests.xctest-Simulated.xcent

ConstructStubExecutorLinkFileList /var/folders/6m/vxwlbjsn7vs6h80_98w6x7p40000gn/T/parlor-audit-ios-readiness-07-3vbx7ig_/DerivedData/Build/Intermediates.noindex/iosApp.build/Debug-iphonesimulator/iosApp.build/Parlor-ExecutorLinkFileList-normal-arm64.txt (in target 'iosApp' from project 'iosApp')
    cd /var/folders/6m/vxwlbjsn7vs6h80_98w6x7p40000gn/T/parlor-audit-ios-readiness-07-3vbx7ig_/copy/iosApp
    construct-stub-executor-link-file-list /var/folders/6m/vxwlbjsn7vs6h80_98w6x7p40000gn/T/parlor-audit-ios-readiness-07-3vbx7ig_/DerivedData/Build/Products/Debug-iphonesimulator/Parlor.app/Parlor.debug.dylib /Applications/Xcode.app/Contents/Developer/Platforms/iPhoneSimulator.platform/Developer/usr/lib/libPreviewsJITStubExecutor_no_swift_entry_point.a /Applications/Xcode.app/Contents/Developer/Platforms/iPhoneSimulator.platform/Developer/usr/lib/libPreviewsJITStubExecutor.a --output /var/folders/6m/vxwlbjsn7vs6h80_98w6x7p40000gn/T/parlor-audit-ios-readiness-07-3vbx7ig_/DerivedData/Build/Intermediates.noindex/iosApp.build/Debug-iphonesimulator/iosApp.build/Parlor-ExecutorLinkFileList-normal-arm64.txt
note: Using stub executor library with Swift entry point. (in target 'iosApp' from project 'iosApp')

ProcessProductPackagingDER /var/folders/6m/vxwlbjsn7vs6h80_98w6x7p40000gn/T/parlor-audit-ios-readiness-07-3vbx7ig_/DerivedData/Build/Intermediates.noindex/iosApp.build/Debug-iphonesimulator/iosAppUITests.build/iosAppUITests.xctest-Simulated.xcent /var/folders/6m/vxwlbjsn7vs6h80_98w6x7p40000gn/T/parlor-audit-ios-readiness-07-3vbx7ig_/DerivedData/Build/Intermediates.noindex/iosApp.build/Debug-iphonesimulator/iosAppUITests.build/iosAppUITests.xctest-Simulated.xcent.der (in target 'iosAppUITests' from project 'iosApp')
    cd /var/folders/6m/vxwlbjsn7vs6h80_98w6x7p40000gn/T/parlor-audit-ios-readiness-07-3vbx7ig_/copy/iosApp
    /usr/bin/derq query -f xml -i /var/folders/6m/vxwlbjsn7vs6h80_98w6x7p40000gn/T/parlor-audit-ios-readiness-07-3vbx7ig_/DerivedData/Build/Intermediates.noindex/iosApp.build/Debug-iphonesimulator/iosAppUITests.build/iosAppUITests.xctest-Simulated.xcent -o /var/folders/6m/vxwlbjsn7vs6h80_98w6x7p40000gn/T/parlor-audit-ios-readiness-07-3vbx7ig_/DerivedData/Build/Intermediates.noindex/iosApp.build/Debug-iphonesimulator/iosAppUITests.build/iosAppUITests.xctest-Simulated.xcent.der --raw

Ld /var/folders/6m/vxwlbjsn7vs6h80_98w6x7p40000gn/T/parlor-audit-ios-readiness-07-3vbx7ig_/DerivedData/Build/Products/Debug-iphonesimulator/Parlor.app/Parlor normal (in target 'iosApp' from project 'iosApp')
    cd /var/folders/6m/vxwlbjsn7vs6h80_98w6x7p40000gn/T/parlor-audit-ios-readiness-07-3vbx7ig_/copy/iosApp
    /Applications/Xcode.app/Contents/Developer/Toolchains/XcodeDefault.xctoolchain/usr/bin/clang -Xlinker -reproducible -target arm64-apple-ios16.0-simulator -isysroot /Applications/Xcode.app/Contents/Developer/Platforms/iPhoneSimulator.platform/Developer/SDKs/iPhoneSimulator26.5.sdk -O0 -L/var/folders/6m/vxwlbjsn7vs6h80_98w6x7p40000gn/T/parlor-audit-ios-readiness-07-3vbx7ig_/DerivedData/Build/Products/Debug-iphonesimulator -F/var/folders/6m/vxwlbjsn7vs6h80_98w6x7p40000gn/T/parlor-audit-ios-readiness-07-3vbx7ig_/DerivedData/Build/Products/Debug-iphonesimulator -F/var/folders/6m/vxwlbjsn7vs6h80_98w6x7p40000gn/T/parlor-audit-ios-readiness-07-3vbx7ig_/copy/composeApp/build/xcode-frameworks/Debug/iphonesimulator26.5 -Xlinker -rpath -Xlinker @executable_path -Xlinker -rpath -Xlinker @executable_path/Frameworks -rdynamic -Xlinker -no_deduplicate -Xlinker -objc_abi_version -Xlinker 2 -e ___debug_blank_executor_main -Xlinker -sectcreate -Xlinker __TEXT -Xlinker __debug_dylib -Xlinker /var/folders/6m/vxwlbjsn7vs6h80_98w6x7p40000gn/T/parlor-audit-ios-readiness-07-3vbx7ig_/DerivedData/Build/Intermediates.noindex/iosApp.build/Debug-iphonesimulator/iosApp.build/Parlor-DebugDylibPath-normal-arm64.txt -Xlinker -sectcreate -Xlinker __TEXT -Xlinker __debug_instlnm -Xlinker /var/folders/6m/vxwlbjsn7vs6h80_98w6x7p40000gn/T/parlor-audit-ios-readiness-07-3vbx7ig_/DerivedData/Build/Intermediates.noindex/iosApp.build/Debug-iphonesimulator/iosApp.build/Parlor-DebugDylibInstallName-normal-arm64.txt -Xlinker -filelist -Xlinker /var/folders/6m/vxwlbjsn7vs6h80_98w6x7p40000gn/T/parlor-audit-ios-readiness-07-3vbx7ig_/DerivedData/Build/Intermediates.noindex/iosApp.build/Debug-iphonesimulator/iosApp.build/Parlor-ExecutorLinkFileList-normal-arm64.txt -Xlinker -sectcreate -Xlinker __TEXT -Xlinker __entitlements -Xlinker /var/folders/6m/vxwlbjsn7vs6h80_98w6x7p40000gn/T/parlor-audit-ios-readiness-07-3vbx7ig_/DerivedData/Build/Intermediates.noindex/iosApp.build/Debug-iphonesimulator/iosApp.build/Parlor.app-Simulated.xcent -Xlinker -sectcreate -Xlinker __TEXT -Xlinker __ents_der -Xlinker /var/folders/6m/vxwlbjsn7vs6h80_98w6x7p40000gn/T/parlor-audit-ios-readiness-07-3vbx7ig_/DerivedData/Build/Intermediates.noindex/iosApp.build/Debug-iphonesimulator/iosApp.build/Parlor.app-Simulated.xcent.der /var/folders/6m/vxwlbjsn7vs6h80_98w6x7p40000gn/T/parlor-audit-ios-readiness-07-3vbx7ig_/DerivedData/Build/Products/Debug-iphonesimulator/Parlor.app/Parlor.debug.dylib -Xlinker -no_adhoc_codesign -o /var/folders/6m/vxwlbjsn7vs6h80_98w6x7p40000gn/T/parlor-audit-ios-readiness-07-3vbx7ig_/DerivedData/Build/Products/Debug-iphonesimulator/Parlor.app/Parlor

ExtractAppIntentsMetadata (in target 'iosApp' from project 'iosApp')
    cd /var/folders/6m/vxwlbjsn7vs6h80_98w6x7p40000gn/T/parlor-audit-ios-readiness-07-3vbx7ig_/copy/iosApp
    /Applications/Xcode.app/Contents/Developer/Toolchains/XcodeDefault.xctoolchain/usr/bin/appintentsmetadataprocessor --toolchain-dir /Applications/Xcode.app/Contents/Developer/Toolchains/XcodeDefault.xctoolchain --module-name Parlor --sdk-root /Applications/Xcode.app/Contents/Developer/Platforms/iPhoneSimulator.platform/Developer/SDKs/iPhoneSimulator26.5.sdk --xcode-version 17F42 --platform-family iOS --deployment-target 16.0 --bundle-identifier com.parlor.app.debug --output /var/folders/6m/vxwlbjsn7vs6h80_98w6x7p40000gn/T/parlor-audit-ios-readiness-07-3vbx7ig_/DerivedData/Build/Products/Debug-iphonesimulator/Parlor.app --target-triple arm64-apple-ios16.0-simulator --binary-file /var/folders/6m/vxwlbjsn7vs6h80_98w6x7p40000gn/T/parlor-audit-ios-readiness-07-3vbx7ig_/DerivedData/Build/Products/Debug-iphonesimulator/Parlor.app/Parlor --dependency-file /var/folders/6m/vxwlbjsn7vs6h80_98w6x7p40000gn/T/parlor-audit-ios-readiness-07-3vbx7ig_/DerivedData/Build/Intermediates.noindex/iosApp.build/Debug-iphonesimulator/iosApp.build/Objects-normal/arm64/Parlor_dependency_info.dat --stringsdata-file /var/folders/6m/vxwlbjsn7vs6h80_98w6x7p40000gn/T/parlor-audit-ios-readiness-07-3vbx7ig_/DerivedData/Build/Intermediates.noindex/iosApp.build/Debug-iphonesimulator/iosApp.build/Objects-normal/arm64/ExtractedAppShortcutsMetadata.stringsdata --source-file-list /var/folders/6m/vxwlbjsn7vs6h80_98w6x7p40000gn/T/parlor-audit-ios-readiness-07-3vbx7ig_/DerivedData/Build/Intermediates.noindex/iosApp.build/Debug-iphonesimulator/iosApp.build/Objects-normal/arm64/Parlor.SwiftFileList --metadata-file-list /var/folders/6m/vxwlbjsn7vs6h80_98w6x7p40000gn/T/parlor-audit-ios-readiness-07-3vbx7ig_/DerivedData/Build/Intermediates.noindex/iosApp.build/Debug-iphonesimulator/iosApp.build/Parlor.DependencyMetadataFileList --static-metadata-file-list /var/folders/6m/vxwlbjsn7vs6h80_98w6x7p40000gn/T/parlor-audit-ios-readiness-07-3vbx7ig_/DerivedData/Build/Intermediates.noindex/iosApp.build/Debug-iphonesimulator/iosApp.build/Parlor.DependencyStaticMetadataFileList --swift-const-vals-list /var/folders/6m/vxwlbjsn7vs6h80_98w6x7p40000gn/T/parlor-audit-ios-readiness-07-3vbx7ig_/DerivedData/Build/Intermediates.noindex/iosApp.build/Debug-iphonesimulator/iosApp.build/Objects-normal/arm64/Parlor.SwiftConstValuesFileList --compile-time-extraction --deployment-aware-processing --validate-assistant-intents --no-app-shortcuts-localization
2026-09-08 00:02:01.367 appintentsmetadataprocessor[8643:4210524] Starting appintentsmetadataprocessor export
2026-09-08 00:02:01.372 appintentsmetadataprocessor[8643:4210524] warning: Metadata extraction skipped. No AppIntents.framework dependency found.

CopySwiftLibs /var/folders/6m/vxwlbjsn7vs6h80_98w6x7p40000gn/T/parlor-audit-ios-readiness-07-3vbx7ig_/DerivedData/Build/Products/Debug-iphonesimulator/Parlor.app (in target 'iosApp' from project 'iosApp')
    cd /var/folders/6m/vxwlbjsn7vs6h80_98w6x7p40000gn/T/parlor-audit-ios-readiness-07-3vbx7ig_/copy/iosApp
    builtin-swiftStdLibTool --copy --verbose --sign - --scan-executable /var/folders/6m/vxwlbjsn7vs6h80_98w6x7p40000gn/T/parlor-audit-ios-readiness-07-3vbx7ig_/DerivedData/Build/Products/Debug-iphonesimulator/Parlor.app/Parlor.debug.dylib --scan-folder /var/folders/6m/vxwlbjsn7vs6h80_98w6x7p40000gn/T/parlor-audit-ios-readiness-07-3vbx7ig_/DerivedData/Build/Products/Debug-iphonesimulator/Parlor.app/Frameworks --scan-folder /var/folders/6m/vxwlbjsn7vs6h80_98w6x7p40000gn/T/parlor-audit-ios-readiness-07-3vbx7ig_/DerivedData/Build/Products/Debug-iphonesimulator/Parlor.app/PlugIns --scan-folder /var/folders/6m/vxwlbjsn7vs6h80_98w6x7p40000gn/T/parlor-audit-ios-readiness-07-3vbx7ig_/DerivedData/Build/Products/Debug-iphonesimulator/Parlor.app/SystemExtensions --scan-folder /var/folders/6m/vxwlbjsn7vs6h80_98w6x7p40000gn/T/parlor-audit-ios-readiness-07-3vbx7ig_/DerivedData/Build/Products/Debug-iphonesimulator/Parlor.app/Extensions --platform iphonesimulator --toolchain /Applications/Xcode.app/Contents/Developer/Toolchains/XcodeDefault.xctoolchain --destination /var/folders/6m/vxwlbjsn7vs6h80_98w6x7p40000gn/T/parlor-audit-ios-readiness-07-3vbx7ig_/DerivedData/Build/Products/Debug-iphonesimulator/Parlor.app/Frameworks --strip-bitcode --strip-bitcode-tool /Applications/Xcode.app/Contents/Developer/Toolchains/XcodeDefault.xctoolchain/usr/bin/bitcode_strip --emit-dependency-info /var/folders/6m/vxwlbjsn7vs6h80_98w6x7p40000gn/T/parlor-audit-ios-readiness-07-3vbx7ig_/DerivedData/Build/Intermediates.noindex/iosApp.build/Debug-iphonesimulator/iosApp.build/SwiftStdLibToolInputDependencies.dep --filter-for-swift-os

AppIntentsSSUTraining (in target 'iosApp' from project 'iosApp')
    cd /var/folders/6m/vxwlbjsn7vs6h80_98w6x7p40000gn/T/parlor-audit-ios-readiness-07-3vbx7ig_/copy/iosApp
    /Applications/Xcode.app/Contents/Developer/Toolchains/XcodeDefault.xctoolchain/usr/bin/appintentsnltrainingprocessor --infoplist-path /var/folders/6m/vxwlbjsn7vs6h80_98w6x7p40000gn/T/parlor-audit-ios-readiness-07-3vbx7ig_/DerivedData/Build/Products/Debug-iphonesimulator/Parlor.app/Info.plist --temp-dir-path /var/folders/6m/vxwlbjsn7vs6h80_98w6x7p40000gn/T/parlor-audit-ios-readiness-07-3vbx7ig_/DerivedData/Build/Intermediates.noindex/iosApp.build/Debug-iphonesimulator/iosApp.build/ssu --bundle-id com.parlor.app.debug --product-path /var/folders/6m/vxwlbjsn7vs6h80_98w6x7p40000gn/T/parlor-audit-ios-readiness-07-3vbx7ig_/DerivedData/Build/Products/Debug-iphonesimulator/Parlor.app --extracted-metadata-path /var/folders/6m/vxwlbjsn7vs6h80_98w6x7p40000gn/T/parlor-audit-ios-readiness-07-3vbx7ig_/DerivedData/Build/Products/Debug-iphonesimulator/Parlor.app/Metadata.appintents --metadata-file-list /var/folders/6m/vxwlbjsn7vs6h80_98w6x7p40000gn/T/parlor-audit-ios-readiness-07-3vbx7ig_/DerivedData/Build/Intermediates.noindex/iosApp.build/Debug-iphonesimulator/iosApp.build/Parlor.DependencyMetadataFileList --source-file /var/folders/6m/vxwlbjsn7vs6h80_98w6x7p40000gn/T/parlor-audit-ios-readiness-07-3vbx7ig_/DerivedData/Build/Products/Debug-iphonesimulator/Parlor.app/Info.plist --archive-ssu-assets
2026-09-08 00:02:01.441 appintentsnltrainingprocessor[8645:4210537] Parsing options for appintentsnltrainingprocessor
2026-09-08 00:02:01.441 appintentsnltrainingprocessor[8645:4210537] Starting AppIntents SSU YAML Generation
2026-09-08 00:02:01.443 appintentsnltrainingprocessor[8645:4210537] No AppShortcuts found - Skipping.

SwiftDriver iosAppUITests normal arm64 com.apple.xcode.tools.swift.compiler (in target 'iosAppUITests' from project 'iosApp')
    cd /var/folders/6m/vxwlbjsn7vs6h80_98w6x7p40000gn/T/parlor-audit-ios-readiness-07-3vbx7ig_/copy/iosApp
    builtin-SwiftDriver -- /Applications/Xcode.app/Contents/Developer/Toolchains/XcodeDefault.xctoolchain/usr/bin/swiftc -module-name iosAppUITests -Onone @/var/folders/6m/vxwlbjsn7vs6h80_98w6x7p40000gn/T/parlor-audit-ios-readiness-07-3vbx7ig_/DerivedData/Build/Intermediates.noindex/iosApp.build/Debug-iphonesimulator/iosAppUITests.build/Objects-normal/arm64/iosAppUITests.SwiftFileList -DDEBUG -module-alias Testing\=_Testing_Unavailable -plugin-path /Applications/Xcode.app/Contents/Developer/Toolchains/XcodeDefault.xctoolchain/usr/lib/swift/host/plugins/testing -enable-bare-slash-regex -enable-experimental-feature DebugDescriptionMacro -sdk /Applications/Xcode.app/Contents/Developer/Platforms/iPhoneSimulator.platform/Developer/SDKs/iPhoneSimulator26.5.sdk -target arm64-apple-ios16.0-simulator -g -module-cache-path /var/folders/6m/vxwlbjsn7vs6h80_98w6x7p40000gn/T/parlor-audit-ios-readiness-07-3vbx7ig_/DerivedData/ModuleCache.noindex -Xfrontend -serialize-debugging-options -enable-testing -Xcc -D_LIBCPP_HARDENING_MODE\=_LIBCPP_HARDENING_MODE_DEBUG -swift-version 5 -I /var/folders/6m/vxwlbjsn7vs6h80_98w6x7p40000gn/T/parlor-audit-ios-readiness-07-3vbx7ig_/DerivedData/Build/Products/Debug-iphonesimulator -Isystem /Applications/Xcode.app/Contents/Developer/Platforms/iPhoneSimulator.platform/Developer/usr/lib -F /var/folders/6m/vxwlbjsn7vs6h80_98w6x7p40000gn/T/parlor-audit-ios-readiness-07-3vbx7ig_/DerivedData/Build/Products/Debug-iphonesimulator -F /Applications/Xcode.app/Contents/Developer/Platforms/iPhoneSimulator.platform/Developer/Library/Frameworks -F /Applications/Xcode.app/Contents/Developer/Platforms/iPhoneSimulator.platform/Developer/SDKs/iPhoneSimulator26.5.sdk/Developer/Library/Frameworks -c -j10 -enable-batch-mode -incremental -Xcc -ivfsstatcache -Xcc /var/folders/6m/vxwlbjsn7vs6h80_98w6x7p40000gn/T/parlor-audit-ios-readiness-07-3vbx7ig_/DerivedData/SDKStatCaches.noindex/iphonesimulator26.5-23F73-6cfe768891a92b912361537c460fe42b.sdkstatcache -output-file-map /var/folders/6m/vxwlbjsn7vs6h80_98w6x7p40000gn/T/parlor-audit-ios-readiness-07-3vbx7ig_/DerivedData/Build/Intermediates.noindex/iosApp.build/Debug-iphonesimulator/iosAppUITests.build/Objects-normal/arm64/iosAppUITests-OutputFileMap.json -use-frontend-parseable-output -save-temps -no-color-diagnostics -explicit-module-build -module-cache-path /var/folders/6m/vxwlbjsn7vs6h80_98w6x7p40000gn/T/parlor-audit-ios-readiness-07-3vbx7ig_/DerivedData/Build/Intermediates.noindex/SwiftExplicitPrecompiledModules -clang-scanner-module-cache-path /var/folders/6m/vxwlbjsn7vs6h80_98w6x7p40000gn/T/parlor-audit-ios-readiness-07-3vbx7ig_/DerivedData/ModuleCache.noindex -sdk-module-cache-path /var/folders/6m/vxwlbjsn7vs6h80_98w6x7p40000gn/T/parlor-audit-ios-readiness-07-3vbx7ig_/DerivedData/ModuleCache.noindex -serialize-diagnostics -emit-dependencies -emit-module -emit-module-path /var/folders/6m/vxwlbjsn7vs6h80_98w6x7p40000gn/T/parlor-audit-ios-readiness-07-3vbx7ig_/DerivedData/Build/Intermediates.noindex/iosApp.build/Debug-iphonesimulator/iosAppUITests.build/Objects-normal/arm64/iosAppUITests.swiftmodule -validate-clang-modules-once -clang-build-session-file /var/folders/6m/vxwlbjsn7vs6h80_98w6x7p40000gn/T/parlor-audit-ios-readiness-07-3vbx7ig_/DerivedData/ModuleCache.noindex/Session.modulevalidation -Xcc -I/var/folders/6m/vxwlbjsn7vs6h80_98w6x7p40000gn/T/parlor-audit-ios-readiness-07-3vbx7ig_/DerivedData/Build/Intermediates.noindex/iosApp.build/Debug-iphonesimulator/iosAppUITests.build/swift-overrides.hmap -emit-const-values -Xfrontend -const-gather-protocols-file -Xfrontend /var/folders/6m/vxwlbjsn7vs6h80_98w6x7p40000gn/T/parlor-audit-ios-readiness-07-3vbx7ig_/DerivedData/Build/Intermediates.noindex/iosApp.build/Debug-iphonesimulator/iosAppUITests.build/Objects-normal/arm64/iosAppUITests_const_extract_protocols.json -Xcc -iquote -Xcc /var/folders/6m/vxwlbjsn7vs6h80_98w6x7p40000gn/T/parlor-audit-ios-readiness-07-3vbx7ig_/DerivedData/Build/Intermediates.noindex/iosApp.build/Debug-iphonesimulator/iosAppUITests.build/iosAppUITests-generated-files.hmap -Xcc -I/var/folders/6m/vxwlbjsn7vs6h80_98w6x7p40000gn/T/parlor-audit-ios-readiness-07-3vbx7ig_/DerivedData/Build/Intermediates.noindex/iosApp.build/Debug-iphonesimulator/iosAppUITests.build/iosAppUITests-own-target-headers.hmap -Xcc -I/var/folders/6m/vxwlbjsn7vs6h80_98w6x7p40000gn/T/parlor-audit-ios-readiness-07-3vbx7ig_/DerivedData/Build/Intermediates.noindex/iosApp.build/Debug-iphonesimulator/iosAppUITests.build/iosAppUITests-all-target-headers.hmap -Xcc -iquote -Xcc /var/folders/6m/vxwlbjsn7vs6h80_98w6x7p40000gn/T/parlor-audit-ios-readiness-07-3vbx7ig_/DerivedData/Build/Intermediates.noindex/iosApp.build/Debug-iphonesimulator/iosAppUITests.build/iosAppUITests-project-headers.hmap -Xcc -I/var/folders/6m/vxwlbjsn7vs6h80_98w6x7p40000gn/T/parlor-audit-ios-readiness-07-3vbx7ig_/DerivedData/Build/Products/Debug-iphonesimulator/include -Xcc -I/var/folders/6m/vxwlbjsn7vs6h80_98w6x7p40000gn/T/parlor-audit-ios-readiness-07-3vbx7ig_/DerivedData/Build/Intermediates.noindex/iosApp.build/Debug-iphonesimulator/iosAppUITests.build/DerivedSources-normal/arm64 -Xcc -I/var/folders/6m/vxwlbjsn7vs6h80_98w6x7p40000gn/T/parlor-audit-ios-readiness-07-3vbx7ig_/DerivedData/Build/Intermediates.noindex/iosApp.build/Debug-iphonesimulator/iosAppUITests.build/DerivedSources/arm64 -Xcc -I/var/folders/6m/vxwlbjsn7vs6h80_98w6x7p40000gn/T/parlor-audit-ios-readiness-07-3vbx7ig_/DerivedData/Build/Intermediates.noindex/iosApp.build/Debug-iphonesimulator/iosAppUITests.build/DerivedSources -Xcc -DDEBUG\=1 -emit-objc-header -emit-objc-header-path /var/folders/6m/vxwlbjsn7vs6h80_98w6x7p40000gn/T/parlor-audit-ios-readiness-07-3vbx7ig_/DerivedData/Build/Intermediates.noindex/iosApp.build/Debug-iphonesimulator/iosAppUITests.build/Objects-normal/arm64/iosAppUITests-Swift.h -working-directory /var/folders/6m/vxwlbjsn7vs6h80_98w6x7p40000gn/T/parlor-audit-ios-readiness-07-3vbx7ig_/copy/iosApp -experimental-emit-module-separately -disable-cmo

SwiftExplicitDependencyGeneratePcm arm64 /var/folders/6m/vxwlbjsn7vs6h80_98w6x7p40000gn/T/parlor-audit-ios-readiness-07-3vbx7ig_/DerivedData/Build/Intermediates.noindex/SwiftExplicitPrecompiledModules/XCUIAutomation-ATFCGQVJH0672QK0XWUBXTMB0.pcm

SwiftExplicitDependencyGeneratePcm arm64 /var/folders/6m/vxwlbjsn7vs6h80_98w6x7p40000gn/T/parlor-audit-ios-readiness-07-3vbx7ig_/DerivedData/Build/Intermediates.noindex/SwiftExplicitPrecompiledModules/XCTest-9VQVK2JRPXQDOEKKEJ8NKY02V.pcm

SwiftExplicitDependencyCompileModuleFromInterface arm64 /var/folders/6m/vxwlbjsn7vs6h80_98w6x7p40000gn/T/parlor-audit-ios-readiness-07-3vbx7ig_/DerivedData/Build/Intermediates.noindex/SwiftExplicitPrecompiledModules/XCUIAutomation-352RIMCEA6FOQ.swiftmodule

SwiftExplicitDependencyCompileModuleFromInterface arm64 /var/folders/6m/vxwlbjsn7vs6h80_98w6x7p40000gn/T/parlor-audit-ios-readiness-07-3vbx7ig_/DerivedData/Build/Intermediates.noindex/SwiftExplicitPrecompiledModules/XCTest-3DRTG5MH77T05.swiftmodule

SwiftEmitModule normal arm64 Emitting\ module\ for\ iosAppUITests (in target 'iosAppUITests' from project 'iosApp')

EmitSwiftModule normal arm64 (in target 'iosAppUITests' from project 'iosApp')
    cd /var/folders/6m/vxwlbjsn7vs6h80_98w6x7p40000gn/T/parlor-audit-ios-readiness-07-3vbx7ig_/copy/iosApp
    

SwiftCompile normal arm64 Compiling\ ComposeContainerViewController.swift /var/folders/6m/vxwlbjsn7vs6h80_98w6x7p40000gn/T/parlor-audit-ios-readiness-07-3vbx7ig_/copy/iosApp/iosApp/ComposeContainerViewController.swift (in target 'iosAppUITests' from project 'iosApp')

SwiftCompile normal arm64 /var/folders/6m/vxwlbjsn7vs6h80_98w6x7p40000gn/T/parlor-audit-ios-readiness-07-3vbx7ig_/copy/iosApp/iosApp/ComposeContainerViewController.swift (in target 'iosAppUITests' from project 'iosApp')
    cd /var/folders/6m/vxwlbjsn7vs6h80_98w6x7p40000gn/T/parlor-audit-ios-readiness-07-3vbx7ig_/copy/iosApp
    

SwiftDriverJobDiscovery normal arm64 Emitting module for iosAppUITests (in target 'iosAppUITests' from project 'iosApp')

SwiftDriver\ Compilation\ Requirements iosAppUITests normal arm64 com.apple.xcode.tools.swift.compiler (in target 'iosAppUITests' from project 'iosApp')
    cd /var/folders/6m/vxwlbjsn7vs6h80_98w6x7p40000gn/T/parlor-audit-ios-readiness-07-3vbx7ig_/copy/iosApp
    builtin-Swift-Compilation-Requirements -- /Applications/Xcode.app/Contents/Developer/Toolchains/XcodeDefault.xctoolchain/usr/bin/swiftc -module-name iosAppUITests -Onone @/var/folders/6m/vxwlbjsn7vs6h80_98w6x7p40000gn/T/parlor-audit-ios-readiness-07-3vbx7ig_/DerivedData/Build/Intermediates.noindex/iosApp.build/Debug-iphonesimulator/iosAppUITests.build/Objects-normal/arm64/iosAppUITests.SwiftFileList -DDEBUG -module-alias Testing\=_Testing_Unavailable -plugin-path /Applications/Xcode.app/Contents/Developer/Toolchains/XcodeDefault.xctoolchain/usr/lib/swift/host/plugins/testing -enable-bare-slash-regex -enable-experimental-feature DebugDescriptionMacro -sdk /Applications/Xcode.app/Contents/Developer/Platforms/iPhoneSimulator.platform/Developer/SDKs/iPhoneSimulator26.5.sdk -target arm64-apple-ios16.0-simulator -g -module-cache-path /var/folders/6m/vxwlbjsn7vs6h80_98w6x7p40000gn/T/parlor-audit-ios-readiness-07-3vbx7ig_/DerivedData/ModuleCache.noindex -Xfrontend -serialize-debugging-options -enable-testing -Xcc -D_LIBCPP_HARDENING_MODE\=_LIBCPP_HARDENING_MODE_DEBUG -swift-version 5 -I /var/folders/6m/vxwlbjsn7vs6h80_98w6x7p40000gn/T/parlor-audit-ios-readiness-07-3vbx7ig_/DerivedData/Build/Products/Debug-iphonesimulator -Isystem /Applications/Xcode.app/Contents/Developer/Platforms/iPhoneSimulator.platform/Developer/usr/lib -F /var/folders/6m/vxwlbjsn7vs6h80_98w6x7p40000gn/T/parlor-audit-ios-readiness-07-3vbx7ig_/DerivedData/Build/Products/Debug-iphonesimulator -F /Applications/Xcode.app/Contents/Developer/Platforms/iPhoneSimulator.platform/Developer/Library/Frameworks -F /Applications/Xcode.app/Contents/Developer/Platforms/iPhoneSimulator.platform/Developer/SDKs/iPhoneSimulator26.5.sdk/Developer/Library/Frameworks -c -j10 -enable-batch-mode -incremental -Xcc -ivfsstatcache -Xcc /var/folders/6m/vxwlbjsn7vs6h80_98w6x7p40000gn/T/parlor-audit-ios-readiness-07-3vbx7ig_/DerivedData/SDKStatCaches.noindex/iphonesimulator26.5-23F73-6cfe768891a92b912361537c460fe42b.sdkstatcache -output-file-map /var/folders/6m/vxwlbjsn7vs6h80_98w6x7p40000gn/T/parlor-audit-ios-readiness-07-3vbx7ig_/DerivedData/Build/Intermediates.noindex/iosApp.build/Debug-iphonesimulator/iosAppUITests.build/Objects-normal/arm64/iosAppUITests-OutputFileMap.json -use-frontend-parseable-output -save-temps -no-color-diagnostics -explicit-module-build -module-cache-path /var/folders/6m/vxwlbjsn7vs6h80_98w6x7p40000gn/T/parlor-audit-ios-readiness-07-3vbx7ig_/DerivedData/Build/Intermediates.noindex/SwiftExplicitPrecompiledModules -clang-scanner-module-cache-path /var/folders/6m/vxwlbjsn7vs6h80_98w6x7p40000gn/T/parlor-audit-ios-readiness-07-3vbx7ig_/DerivedData/ModuleCache.noindex -sdk-module-cache-path /var/folders/6m/vxwlbjsn7vs6h80_98w6x7p40000gn/T/parlor-audit-ios-readiness-07-3vbx7ig_/DerivedData/ModuleCache.noindex -serialize-diagnostics -emit-dependencies -emit-module -emit-module-path /var/folders/6m/vxwlbjsn7vs6h80_98w6x7p40000gn/T/parlor-audit-ios-readiness-07-3vbx7ig_/DerivedData/Build/Intermediates.noindex/iosApp.build/Debug-iphonesimulator/iosAppUITests.build/Objects-normal/arm64/iosAppUITests.swiftmodule -validate-clang-modules-once -clang-build-session-file /var/folders/6m/vxwlbjsn7vs6h80_98w6x7p40000gn/T/parlor-audit-ios-readiness-07-3vbx7ig_/DerivedData/ModuleCache.noindex/Session.modulevalidation -Xcc -I/var/folders/6m/vxwlbjsn7vs6h80_98w6x7p40000gn/T/parlor-audit-ios-readiness-07-3vbx7ig_/DerivedData/Build/Intermediates.noindex/iosApp.build/Debug-iphonesimulator/iosAppUITests.build/swift-overrides.hmap -emit-const-values -Xfrontend -const-gather-protocols-file -Xfrontend /var/folders/6m/vxwlbjsn7vs6h80_98w6x7p40000gn/T/parlor-audit-ios-readiness-07-3vbx7ig_/DerivedData/Build/Intermediates.noindex/iosApp.build/Debug-iphonesimulator/iosAppUITests.build/Objects-normal/arm64/iosAppUITests_const_extract_protocols.json -Xcc -iquote -Xcc /var/folders/6m/vxwlbjsn7vs6h80_98w6x7p40000gn/T/parlor-audit-ios-readiness-07-3vbx7ig_/DerivedData/Build/Intermediates.noindex/iosApp.build/Debug-iphonesimulator/iosAppUITests.build/iosAppUITests-generated-files.hmap -Xcc -I/var/folders/6m/vxwlbjsn7vs6h80_98w6x7p40000gn/T/parlor-audit-ios-readiness-07-3vbx7ig_/DerivedData/Build/Intermediates.noindex/iosApp.build/Debug-iphonesimulator/iosAppUITests.build/iosAppUITests-own-target-headers.hmap -Xcc -I/var/folders/6m/vxwlbjsn7vs6h80_98w6x7p40000gn/T/parlor-audit-ios-readiness-07-3vbx7ig_/DerivedData/Build/Intermediates.noindex/iosApp.build/Debug-iphonesimulator/iosAppUITests.build/iosAppUITests-all-target-headers.hmap -Xcc -iquote -Xcc /var/folders/6m/vxwlbjsn7vs6h80_98w6x7p40000gn/T/parlor-audit-ios-readiness-07-3vbx7ig_/DerivedData/Build/Intermediates.noindex/iosApp.build/Debug-iphonesimulator/iosAppUITests.build/iosAppUITests-project-headers.hmap -Xcc -I/var/folders/6m/vxwlbjsn7vs6h80_98w6x7p40000gn/T/parlor-audit-ios-readiness-07-3vbx7ig_/DerivedData/Build/Products/Debug-iphonesimulator/include -Xcc -I/var/folders/6m/vxwlbjsn7vs6h80_98w6x7p40000gn/T/parlor-audit-ios-readiness-07-3vbx7ig_/DerivedData/Build/Intermediates.noindex/iosApp.build/Debug-iphonesimulator/iosAppUITests.build/DerivedSources-normal/arm64 -Xcc -I/var/folders/6m/vxwlbjsn7vs6h80_98w6x7p40000gn/T/parlor-audit-ios-readiness-07-3vbx7ig_/DerivedData/Build/Intermediates.noindex/iosApp.build/Debug-iphonesimulator/iosAppUITests.build/DerivedSources/arm64 -Xcc -I/var/folders/6m/vxwlbjsn7vs6h80_98w6x7p40000gn/T/parlor-audit-ios-readiness-07-3vbx7ig_/DerivedData/Build/Intermediates.noindex/iosApp.build/Debug-iphonesimulator/iosAppUITests.build/DerivedSources -Xcc -DDEBUG\=1 -emit-objc-header -emit-objc-header-path /var/folders/6m/vxwlbjsn7vs6h80_98w6x7p40000gn/T/parlor-audit-ios-readiness-07-3vbx7ig_/DerivedData/Build/Intermediates.noindex/iosApp.build/Debug-iphonesimulator/iosAppUITests.build/Objects-normal/arm64/iosAppUITests-Swift.h -working-directory /var/folders/6m/vxwlbjsn7vs6h80_98w6x7p40000gn/T/parlor-audit-ios-readiness-07-3vbx7ig_/copy/iosApp -experimental-emit-module-separately -disable-cmo

SwiftDriverJobDiscovery normal arm64 Compiling ComposeContainerViewController.swift (in target 'iosAppUITests' from project 'iosApp')

SwiftCompile normal arm64 Compiling\ ComposeContainerViewControllerTests.swift /var/folders/6m/vxwlbjsn7vs6h80_98w6x7p40000gn/T/parlor-audit-ios-readiness-07-3vbx7ig_/copy/iosApp/iosAppUITests/ComposeContainerViewControllerTests.swift (in target 'iosAppUITests' from project 'iosApp')

SwiftCompile normal arm64 /var/folders/6m/vxwlbjsn7vs6h80_98w6x7p40000gn/T/parlor-audit-ios-readiness-07-3vbx7ig_/copy/iosApp/iosAppUITests/ComposeContainerViewControllerTests.swift (in target 'iosAppUITests' from project 'iosApp')
    cd /var/folders/6m/vxwlbjsn7vs6h80_98w6x7p40000gn/T/parlor-audit-ios-readiness-07-3vbx7ig_/copy/iosApp
    

SwiftMergeGeneratedHeaders /var/folders/6m/vxwlbjsn7vs6h80_98w6x7p40000gn/T/parlor-audit-ios-readiness-07-3vbx7ig_/DerivedData/Build/Intermediates.noindex/iosApp.build/Debug-iphonesimulator/iosAppUITests.build/DerivedSources/iosAppUITests-Swift.h /var/folders/6m/vxwlbjsn7vs6h80_98w6x7p40000gn/T/parlor-audit-ios-readiness-07-3vbx7ig_/DerivedData/Build/Intermediates.noindex/iosApp.build/Debug-iphonesimulator/iosAppUITests.build/Objects-normal/arm64/iosAppUITests-Swift.h (in target 'iosAppUITests' from project 'iosApp')
    cd /var/folders/6m/vxwlbjsn7vs6h80_98w6x7p40000gn/T/parlor-audit-ios-readiness-07-3vbx7ig_/copy/iosApp
    builtin-swiftHeaderTool -arch arm64 /var/folders/6m/vxwlbjsn7vs6h80_98w6x7p40000gn/T/parlor-audit-ios-readiness-07-3vbx7ig_/DerivedData/Build/Intermediates.noindex/iosApp.build/Debug-iphonesimulator/iosAppUITests.build/Objects-normal/arm64/iosAppUITests-Swift.h -o /var/folders/6m/vxwlbjsn7vs6h80_98w6x7p40000gn/T/parlor-audit-ios-readiness-07-3vbx7ig_/DerivedData/Build/Intermediates.noindex/iosApp.build/Debug-iphonesimulator/iosAppUITests.build/DerivedSources/iosAppUITests-Swift.h

SwiftDriverJobDiscovery normal arm64 Compiling ComposeContainerViewControllerTests.swift (in target 'iosAppUITests' from project 'iosApp')

Copy /var/folders/6m/vxwlbjsn7vs6h80_98w6x7p40000gn/T/parlor-audit-ios-readiness-07-3vbx7ig_/DerivedData/Build/Products/Debug-iphonesimulator/iosAppUITests.swiftmodule/arm64-apple-ios-simulator.swiftmodule /var/folders/6m/vxwlbjsn7vs6h80_98w6x7p40000gn/T/parlor-audit-ios-readiness-07-3vbx7ig_/DerivedData/Build/Intermediates.noindex/iosApp.build/Debug-iphonesimulator/iosAppUITests.build/Objects-normal/arm64/iosAppUITests.swiftmodule (in target 'iosAppUITests' from project 'iosApp')
    cd /var/folders/6m/vxwlbjsn7vs6h80_98w6x7p40000gn/T/parlor-audit-ios-readiness-07-3vbx7ig_/copy/iosApp
    builtin-copy -exclude .DS_Store -exclude CVS -exclude .svn -exclude .git -exclude .hg -resolve-src-symlinks -rename /var/folders/6m/vxwlbjsn7vs6h80_98w6x7p40000gn/T/parlor-audit-ios-readiness-07-3vbx7ig_/DerivedData/Build/Intermediates.noindex/iosApp.build/Debug-iphonesimulator/iosAppUITests.build/Objects-normal/arm64/iosAppUITests.swiftmodule /var/folders/6m/vxwlbjsn7vs6h80_98w6x7p40000gn/T/parlor-audit-ios-readiness-07-3vbx7ig_/DerivedData/Build/Products/Debug-iphonesimulator/iosAppUITests.swiftmodule/arm64-apple-ios-simulator.swiftmodule

Copy /var/folders/6m/vxwlbjsn7vs6h80_98w6x7p40000gn/T/parlor-audit-ios-readiness-07-3vbx7ig_/DerivedData/Build/Products/Debug-iphonesimulator/iosAppUITests.swiftmodule/arm64-apple-ios-simulator.swiftdoc /var/folders/6m/vxwlbjsn7vs6h80_98w6x7p40000gn/T/parlor-audit-ios-readiness-07-3vbx7ig_/DerivedData/Build/Intermediates.noindex/iosApp.build/Debug-iphonesimulator/iosAppUITests.build/Objects-normal/arm64/iosAppUITests.swiftdoc (in target 'iosAppUITests' from project 'iosApp')
    cd /var/folders/6m/vxwlbjsn7vs6h80_98w6x7p40000gn/T/parlor-audit-ios-readiness-07-3vbx7ig_/copy/iosApp
    builtin-copy -exclude .DS_Store -exclude CVS -exclude .svn -exclude .git -exclude .hg -resolve-src-symlinks -rename /var/folders/6m/vxwlbjsn7vs6h80_98w6x7p40000gn/T/parlor-audit-ios-readiness-07-3vbx7ig_/DerivedData/Build/Intermediates.noindex/iosApp.build/Debug-iphonesimulator/iosAppUITests.build/Objects-normal/arm64/iosAppUITests.swiftdoc /var/folders/6m/vxwlbjsn7vs6h80_98w6x7p40000gn/T/parlor-audit-ios-readiness-07-3vbx7ig_/DerivedData/Build/Products/Debug-iphonesimulator/iosAppUITests.swiftmodule/arm64-apple-ios-simulator.swiftdoc

Copy /var/folders/6m/vxwlbjsn7vs6h80_98w6x7p40000gn/T/parlor-audit-ios-readiness-07-3vbx7ig_/DerivedData/Build/Products/Debug-iphonesimulator/iosAppUITests.swiftmodule/arm64-apple-ios-simulator.abi.json /var/folders/6m/vxwlbjsn7vs6h80_98w6x7p40000gn/T/parlor-audit-ios-readiness-07-3vbx7ig_/DerivedData/Build/Intermediates.noindex/iosApp.build/Debug-iphonesimulator/iosAppUITests.build/Objects-normal/arm64/iosAppUITests.abi.json (in target 'iosAppUITests' from project 'iosApp')
    cd /var/folders/6m/vxwlbjsn7vs6h80_98w6x7p40000gn/T/parlor-audit-ios-readiness-07-3vbx7ig_/copy/iosApp
    builtin-copy -exclude .DS_Store -exclude CVS -exclude .svn -exclude .git -exclude .hg -resolve-src-symlinks -rename /var/folders/6m/vxwlbjsn7vs6h80_98w6x7p40000gn/T/parlor-audit-ios-readiness-07-3vbx7ig_/DerivedData/Build/Intermediates.noindex/iosApp.build/Debug-iphonesimulator/iosAppUITests.build/Objects-normal/arm64/iosAppUITests.abi.json /var/folders/6m/vxwlbjsn7vs6h80_98w6x7p40000gn/T/parlor-audit-ios-readiness-07-3vbx7ig_/DerivedData/Build/Products/Debug-iphonesimulator/iosAppUITests.swiftmodule/arm64-apple-ios-simulator.abi.json

Copy /var/folders/6m/vxwlbjsn7vs6h80_98w6x7p40000gn/T/parlor-audit-ios-readiness-07-3vbx7ig_/DerivedData/Build/Products/Debug-iphonesimulator/iosAppUITests.swiftmodule/Project/arm64-apple-ios-simulator.swiftsourceinfo /var/folders/6m/vxwlbjsn7vs6h80_98w6x7p40000gn/T/parlor-audit-ios-readiness-07-3vbx7ig_/DerivedData/Build/Intermediates.noindex/iosApp.build/Debug-iphonesimulator/iosAppUITests.build/Objects-normal/arm64/iosAppUITests.swiftsourceinfo (in target 'iosAppUITests' from project 'iosApp')
    cd /var/folders/6m/vxwlbjsn7vs6h80_98w6x7p40000gn/T/parlor-audit-ios-readiness-07-3vbx7ig_/copy/iosApp
    builtin-copy -exclude .DS_Store -exclude CVS -exclude .svn -exclude .git -exclude .hg -resolve-src-symlinks -rename /var/folders/6m/vxwlbjsn7vs6h80_98w6x7p40000gn/T/parlor-audit-ios-readiness-07-3vbx7ig_/DerivedData/Build/Intermediates.noindex/iosApp.build/Debug-iphonesimulator/iosAppUITests.build/Objects-normal/arm64/iosAppUITests.swiftsourceinfo /var/folders/6m/vxwlbjsn7vs6h80_98w6x7p40000gn/T/parlor-audit-ios-readiness-07-3vbx7ig_/DerivedData/Build/Products/Debug-iphonesimulator/iosAppUITests.swiftmodule/Project/arm64-apple-ios-simulator.swiftsourceinfo

SwiftCompile normal arm64 Compiling\ IOSAppLaunchUITests.swift /var/folders/6m/vxwlbjsn7vs6h80_98w6x7p40000gn/T/parlor-audit-ios-readiness-07-3vbx7ig_/copy/iosApp/iosAppUITests/IOSAppLaunchUITests.swift (in target 'iosAppUITests' from project 'iosApp')

SwiftCompile normal arm64 /var/folders/6m/vxwlbjsn7vs6h80_98w6x7p40000gn/T/parlor-audit-ios-readiness-07-3vbx7ig_/copy/iosApp/iosAppUITests/IOSAppLaunchUITests.swift (in target 'iosAppUITests' from project 'iosApp')
    cd /var/folders/6m/vxwlbjsn7vs6h80_98w6x7p40000gn/T/parlor-audit-ios-readiness-07-3vbx7ig_/copy/iosApp
    

SwiftDriverJobDiscovery normal arm64 Compiling IOSAppLaunchUITests.swift (in target 'iosAppUITests' from project 'iosApp')

SwiftDriver\ Compilation iosAppUITests normal arm64 com.apple.xcode.tools.swift.compiler (in target 'iosAppUITests' from project 'iosApp')
    cd /var/folders/6m/vxwlbjsn7vs6h80_98w6x7p40000gn/T/parlor-audit-ios-readiness-07-3vbx7ig_/copy/iosApp
    builtin-Swift-Compilation -- /Applications/Xcode.app/Contents/Developer/Toolchains/XcodeDefault.xctoolchain/usr/bin/swiftc -module-name iosAppUITests -Onone @/var/folders/6m/vxwlbjsn7vs6h80_98w6x7p40000gn/T/parlor-audit-ios-readiness-07-3vbx7ig_/DerivedData/Build/Intermediates.noindex/iosApp.build/Debug-iphonesimulator/iosAppUITests.build/Objects-normal/arm64/iosAppUITests.SwiftFileList -DDEBUG -module-alias Testing\=_Testing_Unavailable -plugin-path /Applications/Xcode.app/Contents/Developer/Toolchains/XcodeDefault.xctoolchain/usr/lib/swift/host/plugins/testing -enable-bare-slash-regex -enable-experimental-feature DebugDescriptionMacro -sdk /Applications/Xcode.app/Contents/Developer/Platforms/iPhoneSimulator.platform/Developer/SDKs/iPhoneSimulator26.5.sdk -target arm64-apple-ios16.0-simulator -g -module-cache-path /var/folders/6m/vxwlbjsn7vs6h80_98w6x7p40000gn/T/parlor-audit-ios-readiness-07-3vbx7ig_/DerivedData/ModuleCache.noindex -Xfrontend -serialize-debugging-options -enable-testing -Xcc -D_LIBCPP_HARDENING_MODE\=_LIBCPP_HARDENING_MODE_DEBUG -swift-version 5 -I /var/folders/6m/vxwlbjsn7vs6h80_98w6x7p40000gn/T/parlor-audit-ios-readiness-07-3vbx7ig_/DerivedData/Build/Products/Debug-iphonesimulator -Isystem /Applications/Xcode.app/Contents/Developer/Platforms/iPhoneSimulator.platform/Developer/usr/lib -F /var/folders/6m/vxwlbjsn7vs6h80_98w6x7p40000gn/T/parlor-audit-ios-readiness-07-3vbx7ig_/DerivedData/Build/Products/Debug-iphonesimulator -F /Applications/Xcode.app/Contents/Developer/Platforms/iPhoneSimulator.platform/Developer/Library/Frameworks -F /Applications/Xcode.app/Contents/Developer/Platforms/iPhoneSimulator.platform/Developer/SDKs/iPhoneSimulator26.5.sdk/Developer/Library/Frameworks -c -j10 -enable-batch-mode -incremental -Xcc -ivfsstatcache -Xcc /var/folders/6m/vxwlbjsn7vs6h80_98w6x7p40000gn/T/parlor-audit-ios-readiness-07-3vbx7ig_/DerivedData/SDKStatCaches.noindex/iphonesimulator26.5-23F73-6cfe768891a92b912361537c460fe42b.sdkstatcache -output-file-map /var/folders/6m/vxwlbjsn7vs6h80_98w6x7p40000gn/T/parlor-audit-ios-readiness-07-3vbx7ig_/DerivedData/Build/Intermediates.noindex/iosApp.build/Debug-iphonesimulator/iosAppUITests.build/Objects-normal/arm64/iosAppUITests-OutputFileMap.json -use-frontend-parseable-output -save-temps -no-color-diagnostics -explicit-module-build -module-cache-path /var/folders/6m/vxwlbjsn7vs6h80_98w6x7p40000gn/T/parlor-audit-ios-readiness-07-3vbx7ig_/DerivedData/Build/Intermediates.noindex/SwiftExplicitPrecompiledModules -clang-scanner-module-cache-path /var/folders/6m/vxwlbjsn7vs6h80_98w6x7p40000gn/T/parlor-audit-ios-readiness-07-3vbx7ig_/DerivedData/ModuleCache.noindex -sdk-module-cache-path /var/folders/6m/vxwlbjsn7vs6h80_98w6x7p40000gn/T/parlor-audit-ios-readiness-07-3vbx7ig_/DerivedData/ModuleCache.noindex -serialize-diagnostics -emit-dependencies -emit-module -emit-module-path /var/folders/6m/vxwlbjsn7vs6h80_98w6x7p40000gn/T/parlor-audit-ios-readiness-07-3vbx7ig_/DerivedData/Build/Intermediates.noindex/iosApp.build/Debug-iphonesimulator/iosAppUITests.build/Objects-normal/arm64/iosAppUITests.swiftmodule -validate-clang-modules-once -clang-build-session-file /var/folders/6m/vxwlbjsn7vs6h80_98w6x7p40000gn/T/parlor-audit-ios-readiness-07-3vbx7ig_/DerivedData/ModuleCache.noindex/Session.modulevalidation -Xcc -I/var/folders/6m/vxwlbjsn7vs6h80_98w6x7p40000gn/T/parlor-audit-ios-readiness-07-3vbx7ig_/DerivedData/Build/Intermediates.noindex/iosApp.build/Debug-iphonesimulator/iosAppUITests.build/swift-overrides.hmap -emit-const-values -Xfrontend -const-gather-protocols-file -Xfrontend /var/folders/6m/vxwlbjsn7vs6h80_98w6x7p40000gn/T/parlor-audit-ios-readiness-07-3vbx7ig_/DerivedData/Build/Intermediates.noindex/iosApp.build/Debug-iphonesimulator/iosAppUITests.build/Objects-normal/arm64/iosAppUITests_const_extract_protocols.json -Xcc -iquote -Xcc /var/folders/6m/vxwlbjsn7vs6h80_98w6x7p40000gn/T/parlor-audit-ios-readiness-07-3vbx7ig_/DerivedData/Build/Intermediates.noindex/iosApp.build/Debug-iphonesimulator/iosAppUITests.build/iosAppUITests-generated-files.hmap -Xcc -I/var/folders/6m/vxwlbjsn7vs6h80_98w6x7p40000gn/T/parlor-audit-ios-readiness-07-3vbx7ig_/DerivedData/Build/Intermediates.noindex/iosApp.build/Debug-iphonesimulator/iosAppUITests.build/iosAppUITests-own-target-headers.hmap -Xcc -I/var/folders/6m/vxwlbjsn7vs6h80_98w6x7p40000gn/T/parlor-audit-ios-readiness-07-3vbx7ig_/DerivedData/Build/Intermediates.noindex/iosApp.build/Debug-iphonesimulator/iosAppUITests.build/iosAppUITests-all-target-headers.hmap -Xcc -iquote -Xcc /var/folders/6m/vxwlbjsn7vs6h80_98w6x7p40000gn/T/parlor-audit-ios-readiness-07-3vbx7ig_/DerivedData/Build/Intermediates.noindex/iosApp.build/Debug-iphonesimulator/iosAppUITests.build/iosAppUITests-project-headers.hmap -Xcc -I/var/folders/6m/vxwlbjsn7vs6h80_98w6x7p40000gn/T/parlor-audit-ios-readiness-07-3vbx7ig_/DerivedData/Build/Products/Debug-iphonesimulator/include -Xcc -I/var/folders/6m/vxwlbjsn7vs6h80_98w6x7p40000gn/T/parlor-audit-ios-readiness-07-3vbx7ig_/DerivedData/Build/Intermediates.noindex/iosApp.build/Debug-iphonesimulator/iosAppUITests.build/DerivedSources-normal/arm64 -Xcc -I/var/folders/6m/vxwlbjsn7vs6h80_98w6x7p40000gn/T/parlor-audit-ios-readiness-07-3vbx7ig_/DerivedData/Build/Intermediates.noindex/iosApp.build/Debug-iphonesimulator/iosAppUITests.build/DerivedSources/arm64 -Xcc -I/var/folders/6m/vxwlbjsn7vs6h80_98w6x7p40000gn/T/parlor-audit-ios-readiness-07-3vbx7ig_/DerivedData/Build/Intermediates.noindex/iosApp.build/Debug-iphonesimulator/iosAppUITests.build/DerivedSources -Xcc -DDEBUG\=1 -emit-objc-header -emit-objc-header-path /var/folders/6m/vxwlbjsn7vs6h80_98w6x7p40000gn/T/parlor-audit-ios-readiness-07-3vbx7ig_/DerivedData/Build/Intermediates.noindex/iosApp.build/Debug-iphonesimulator/iosAppUITests.build/Objects-normal/arm64/iosAppUITests-Swift.h -working-directory /var/folders/6m/vxwlbjsn7vs6h80_98w6x7p40000gn/T/parlor-audit-ios-readiness-07-3vbx7ig_/copy/iosApp -experimental-emit-module-separately -disable-cmo

CodeSign /var/folders/6m/vxwlbjsn7vs6h80_98w6x7p40000gn/T/parlor-audit-ios-readiness-07-3vbx7ig_/DerivedData/Build/Products/Debug-iphonesimulator/Parlor.app/Parlor.debug.dylib (in target 'iosApp' from project 'iosApp')
    cd /var/folders/6m/vxwlbjsn7vs6h80_98w6x7p40000gn/T/parlor-audit-ios-readiness-07-3vbx7ig_/copy/iosApp
    
    Signing Identity:     "Sign to Run Locally"
    
    /usr/bin/codesign --force --sign - --timestamp\=none --generate-entitlement-der /var/folders/6m/vxwlbjsn7vs6h80_98w6x7p40000gn/T/parlor-audit-ios-readiness-07-3vbx7ig_/DerivedData/Build/Products/Debug-iphonesimulator/Parlor.app/Parlor.debug.dylib

CodeSign /var/folders/6m/vxwlbjsn7vs6h80_98w6x7p40000gn/T/parlor-audit-ios-readiness-07-3vbx7ig_/DerivedData/Build/Products/Debug-iphonesimulator/Parlor.app/__preview.dylib (in target 'iosApp' from project 'iosApp')
    cd /var/folders/6m/vxwlbjsn7vs6h80_98w6x7p40000gn/T/parlor-audit-ios-readiness-07-3vbx7ig_/copy/iosApp
    
    Signing Identity:     "Sign to Run Locally"
    
    /usr/bin/codesign --force --sign - --timestamp\=none --generate-entitlement-der /var/folders/6m/vxwlbjsn7vs6h80_98w6x7p40000gn/T/parlor-audit-ios-readiness-07-3vbx7ig_/DerivedData/Build/Products/Debug-iphonesimulator/Parlor.app/__preview.dylib

CodeSign /var/folders/6m/vxwlbjsn7vs6h80_98w6x7p40000gn/T/parlor-audit-ios-readiness-07-3vbx7ig_/DerivedData/Build/Products/Debug-iphonesimulator/Parlor.app (in target 'iosApp' from project 'iosApp')
    cd /var/folders/6m/vxwlbjsn7vs6h80_98w6x7p40000gn/T/parlor-audit-ios-readiness-07-3vbx7ig_/copy/iosApp
    
    Signing Identity:     "Sign to Run Locally"
    
    /usr/bin/codesign --force --sign - --timestamp\=none --generate-entitlement-der /var/folders/6m/vxwlbjsn7vs6h80_98w6x7p40000gn/T/parlor-audit-ios-readiness-07-3vbx7ig_/DerivedData/Build/Products/Debug-iphonesimulator/Parlor.app

RegisterExecutionPolicyException /var/folders/6m/vxwlbjsn7vs6h80_98w6x7p40000gn/T/parlor-audit-ios-readiness-07-3vbx7ig_/DerivedData/Build/Products/Debug-iphonesimulator/Parlor.app (in target 'iosApp' from project 'iosApp')
    cd /var/folders/6m/vxwlbjsn7vs6h80_98w6x7p40000gn/T/parlor-audit-ios-readiness-07-3vbx7ig_/copy/iosApp
    builtin-RegisterExecutionPolicyException /var/folders/6m/vxwlbjsn7vs6h80_98w6x7p40000gn/T/parlor-audit-ios-readiness-07-3vbx7ig_/DerivedData/Build/Products/Debug-iphonesimulator/Parlor.app

Validate /var/folders/6m/vxwlbjsn7vs6h80_98w6x7p40000gn/T/parlor-audit-ios-readiness-07-3vbx7ig_/DerivedData/Build/Products/Debug-iphonesimulator/Parlor.app (in target 'iosApp' from project 'iosApp')
    cd /var/folders/6m/vxwlbjsn7vs6h80_98w6x7p40000gn/T/parlor-audit-ios-readiness-07-3vbx7ig_/copy/iosApp
    builtin-validationUtility /var/folders/6m/vxwlbjsn7vs6h80_98w6x7p40000gn/T/parlor-audit-ios-readiness-07-3vbx7ig_/DerivedData/Build/Products/Debug-iphonesimulator/Parlor.app -shallow-bundle -infoplist-subpath Info.plist

Touch /var/folders/6m/vxwlbjsn7vs6h80_98w6x7p40000gn/T/parlor-audit-ios-readiness-07-3vbx7ig_/DerivedData/Build/Products/Debug-iphonesimulator/Parlor.app (in target 'iosApp' from project 'iosApp')
    cd /var/folders/6m/vxwlbjsn7vs6h80_98w6x7p40000gn/T/parlor-audit-ios-readiness-07-3vbx7ig_/copy/iosApp
    /usr/bin/touch -c /var/folders/6m/vxwlbjsn7vs6h80_98w6x7p40000gn/T/parlor-audit-ios-readiness-07-3vbx7ig_/DerivedData/Build/Products/Debug-iphonesimulator/Parlor.app

ProcessInfoPlistFile /var/folders/6m/vxwlbjsn7vs6h80_98w6x7p40000gn/T/parlor-audit-ios-readiness-07-3vbx7ig_/DerivedData/Build/Products/Debug-iphonesimulator/iosAppUITests-Runner.app/PlugIns/iosAppUITests.xctest/Info.plist /var/folders/6m/vxwlbjsn7vs6h80_98w6x7p40000gn/T/parlor-audit-ios-readiness-07-3vbx7ig_/DerivedData/Build/Intermediates.noindex/iosApp.build/Debug-iphonesimulator/iosAppUITests.build/empty-iosAppUITests.plist (in target 'iosAppUITests' from project 'iosApp')
    cd /var/folders/6m/vxwlbjsn7vs6h80_98w6x7p40000gn/T/parlor-audit-ios-readiness-07-3vbx7ig_/copy/iosApp
    builtin-infoPlistUtility /var/folders/6m/vxwlbjsn7vs6h80_98w6x7p40000gn/T/parlor-audit-ios-readiness-07-3vbx7ig_/DerivedData/Build/Intermediates.noindex/iosApp.build/Debug-iphonesimulator/iosAppUITests.build/empty-iosAppUITests.plist -producttype com.apple.product-type.bundle.ui-testing -expandbuildsettings -format binary -platform iphonesimulator -additionalcontentfile /var/folders/6m/vxwlbjsn7vs6h80_98w6x7p40000gn/T/parlor-audit-ios-readiness-07-3vbx7ig_/DerivedData/Build/Intermediates.noindex/iosApp.build/Debug-iphonesimulator/iosAppUITests.build/ProductTypeInfoPlistAdditions.plist -o /var/folders/6m/vxwlbjsn7vs6h80_98w6x7p40000gn/T/parlor-audit-ios-readiness-07-3vbx7ig_/DerivedData/Build/Products/Debug-iphonesimulator/iosAppUITests-Runner.app/PlugIns/iosAppUITests.xctest/Info.plist

Ld /var/folders/6m/vxwlbjsn7vs6h80_98w6x7p40000gn/T/parlor-audit-ios-readiness-07-3vbx7ig_/DerivedData/Build/Products/Debug-iphonesimulator/iosAppUITests-Runner.app/PlugIns/iosAppUITests.xctest/iosAppUITests normal (in target 'iosAppUITests' from project 'iosApp')
    cd /var/folders/6m/vxwlbjsn7vs6h80_98w6x7p40000gn/T/parlor-audit-ios-readiness-07-3vbx7ig_/copy/iosApp
    /Applications/Xcode.app/Contents/Developer/Toolchains/XcodeDefault.xctoolchain/usr/bin/clang -Xlinker -reproducible -target arm64-apple-ios16.0-simulator -bundle -isysroot /Applications/Xcode.app/Contents/Developer/Platforms/iPhoneSimulator.platform/Developer/SDKs/iPhoneSimulator26.5.sdk -O0 -L/var/folders/6m/vxwlbjsn7vs6h80_98w6x7p40000gn/T/parlor-audit-ios-readiness-07-3vbx7ig_/DerivedData/Build/Intermediates.noindex/EagerLinkingTBDs/Debug-iphonesimulator -L/var/folders/6m/vxwlbjsn7vs6h80_98w6x7p40000gn/T/parlor-audit-ios-readiness-07-3vbx7ig_/DerivedData/Build/Products/Debug-iphonesimulator -L/Applications/Xcode.app/Contents/Developer/Platforms/iPhoneSimulator.platform/Developer/usr/lib -F/var/folders/6m/vxwlbjsn7vs6h80_98w6x7p40000gn/T/parlor-audit-ios-readiness-07-3vbx7ig_/DerivedData/Build/Intermediates.noindex/EagerLinkingTBDs/Debug-iphonesimulator -F/var/folders/6m/vxwlbjsn7vs6h80_98w6x7p40000gn/T/parlor-audit-ios-readiness-07-3vbx7ig_/DerivedData/Build/Products/Debug-iphonesimulator -iframework /Applications/Xcode.app/Contents/Developer/Platforms/iPhoneSimulator.platform/Developer/Library/Frameworks -iframework /Applications/Xcode.app/Contents/Developer/Platforms/iPhoneSimulator.platform/Developer/SDKs/iPhoneSimulator26.5.sdk/Developer/Library/Frameworks -filelist /var/folders/6m/vxwlbjsn7vs6h80_98w6x7p40000gn/T/parlor-audit-ios-readiness-07-3vbx7ig_/DerivedData/Build/Intermediates.noindex/iosApp.build/Debug-iphonesimulator/iosAppUITests.build/Objects-normal/arm64/iosAppUITests.LinkFileList -Xlinker -rpath -Xlinker /usr/lib/swift -Xlinker -rpath -Xlinker @loader_path/Frameworks -Xlinker -dead_strip -Xlinker -object_path_lto -Xlinker /var/folders/6m/vxwlbjsn7vs6h80_98w6x7p40000gn/T/parlor-audit-ios-readiness-07-3vbx7ig_/DerivedData/Build/Intermediates.noindex/iosApp.build/Debug-iphonesimulator/iosAppUITests.build/Objects-normal/arm64/iosAppUITests_lto.o -rdynamic -Xlinker -no_deduplicate -Xlinker -objc_abi_version -Xlinker 2 -Xlinker -dependency_info -Xlinker /var/folders/6m/vxwlbjsn7vs6h80_98w6x7p40000gn/T/parlor-audit-ios-readiness-07-3vbx7ig_/DerivedData/Build/Intermediates.noindex/iosApp.build/Debug-iphonesimulator/iosAppUITests.build/Objects-normal/arm64/iosAppUITests_dependency_info.dat -fobjc-link-runtime -L/Applications/Xcode.app/Contents/Developer/Toolchains/XcodeDefault.xctoolchain/usr/lib/swift/iphonesimulator -L/usr/lib/swift -Xlinker -add_ast_path -Xlinker /var/folders/6m/vxwlbjsn7vs6h80_98w6x7p40000gn/T/parlor-audit-ios-readiness-07-3vbx7ig_/DerivedData/Build/Intermediates.noindex/iosApp.build/Debug-iphonesimulator/iosAppUITests.build/Objects-normal/arm64/iosAppUITests.swiftmodule @/var/folders/6m/vxwlbjsn7vs6h80_98w6x7p40000gn/T/parlor-audit-ios-readiness-07-3vbx7ig_/DerivedData/Build/Intermediates.noindex/iosApp.build/Debug-iphonesimulator/iosAppUITests.build/Objects-normal/arm64/iosAppUITests-linker-args.resp -Xlinker -needed_framework -Xlinker XCTest -framework XCTest -Xlinker -needed-lXCTestSwiftSupport -lXCTestSwiftSupport -Xlinker -sectcreate -Xlinker __TEXT -Xlinker __entitlements -Xlinker /var/folders/6m/vxwlbjsn7vs6h80_98w6x7p40000gn/T/parlor-audit-ios-readiness-07-3vbx7ig_/DerivedData/Build/Intermediates.noindex/iosApp.build/Debug-iphonesimulator/iosAppUITests.build/iosAppUITests.xctest-Simulated.xcent -Xlinker -sectcreate -Xlinker __TEXT -Xlinker __ents_der -Xlinker /var/folders/6m/vxwlbjsn7vs6h80_98w6x7p40000gn/T/parlor-audit-ios-readiness-07-3vbx7ig_/DerivedData/Build/Intermediates.noindex/iosApp.build/Debug-iphonesimulator/iosAppUITests.build/iosAppUITests.xctest-Simulated.xcent.der -Xlinker -no_adhoc_codesign -o /var/folders/6m/vxwlbjsn7vs6h80_98w6x7p40000gn/T/parlor-audit-ios-readiness-07-3vbx7ig_/DerivedData/Build/Products/Debug-iphonesimulator/iosAppUITests-Runner.app/PlugIns/iosAppUITests.xctest/iosAppUITests

ExtractAppIntentsMetadata (in target 'iosAppUITests' from project 'iosApp')
    cd /var/folders/6m/vxwlbjsn7vs6h80_98w6x7p40000gn/T/parlor-audit-ios-readiness-07-3vbx7ig_/copy/iosApp
    /Applications/Xcode.app/Contents/Developer/Toolchains/XcodeDefault.xctoolchain/usr/bin/appintentsmetadataprocessor --toolchain-dir /Applications/Xcode.app/Contents/Developer/Toolchains/XcodeDefault.xctoolchain --module-name iosAppUITests --sdk-root /Applications/Xcode.app/Contents/Developer/Platforms/iPhoneSimulator.platform/Developer/SDKs/iPhoneSimulator26.5.sdk --xcode-version 17F42 --platform-family iOS --deployment-target 16.0 --bundle-identifier com.parlor.app.uitests --output /var/folders/6m/vxwlbjsn7vs6h80_98w6x7p40000gn/T/parlor-audit-ios-readiness-07-3vbx7ig_/DerivedData/Build/Products/Debug-iphonesimulator/iosAppUITests-Runner.app/PlugIns/iosAppUITests.xctest --target-triple arm64-apple-ios16.0-simulator --binary-file /var/folders/6m/vxwlbjsn7vs6h80_98w6x7p40000gn/T/parlor-audit-ios-readiness-07-3vbx7ig_/DerivedData/Build/Products/Debug-iphonesimulator/iosAppUITests-Runner.app/PlugIns/iosAppUITests.xctest/iosAppUITests --dependency-file /var/folders/6m/vxwlbjsn7vs6h80_98w6x7p40000gn/T/parlor-audit-ios-readiness-07-3vbx7ig_/DerivedData/Build/Intermediates.noindex/iosApp.build/Debug-iphonesimulator/iosAppUITests.build/Objects-normal/arm64/iosAppUITests_dependency_info.dat --stringsdata-file /var/folders/6m/vxwlbjsn7vs6h80_98w6x7p40000gn/T/parlor-audit-ios-readiness-07-3vbx7ig_/DerivedData/Build/Intermediates.noindex/iosApp.build/Debug-iphonesimulator/iosAppUITests.build/Objects-normal/arm64/ExtractedAppShortcutsMetadata.stringsdata --source-file-list /var/folders/6m/vxwlbjsn7vs6h80_98w6x7p40000gn/T/parlor-audit-ios-readiness-07-3vbx7ig_/DerivedData/Build/Intermediates.noindex/iosApp.build/Debug-iphonesimulator/iosAppUITests.build/Objects-normal/arm64/iosAppUITests.SwiftFileList --metadata-file-list /var/folders/6m/vxwlbjsn7vs6h80_98w6x7p40000gn/T/parlor-audit-ios-readiness-07-3vbx7ig_/DerivedData/Build/Intermediates.noindex/iosApp.build/Debug-iphonesimulator/iosAppUITests.build/iosAppUITests.DependencyMetadataFileList --static-metadata-file-list /var/folders/6m/vxwlbjsn7vs6h80_98w6x7p40000gn/T/parlor-audit-ios-readiness-07-3vbx7ig_/DerivedData/Build/Intermediates.noindex/iosApp.build/Debug-iphonesimulator/iosAppUITests.build/iosAppUITests.DependencyStaticMetadataFileList --swift-const-vals-list /var/folders/6m/vxwlbjsn7vs6h80_98w6x7p40000gn/T/parlor-audit-ios-readiness-07-3vbx7ig_/DerivedData/Build/Intermediates.noindex/iosApp.build/Debug-iphonesimulator/iosAppUITests.build/Objects-normal/arm64/iosAppUITests.SwiftConstValuesFileList --compile-time-extraction --deployment-aware-processing --validate-assistant-intents --no-app-shortcuts-localization
2026-09-08 00:02:04.173 appintentsmetadataprocessor[8668:4210815] Starting appintentsmetadataprocessor export
2026-09-08 00:02:04.174 appintentsmetadataprocessor[8668:4210815] warning: Metadata extraction skipped. No AppIntents.framework dependency found.

CopySwiftLibs /var/folders/6m/vxwlbjsn7vs6h80_98w6x7p40000gn/T/parlor-audit-ios-readiness-07-3vbx7ig_/DerivedData/Build/Products/Debug-iphonesimulator/iosAppUITests-Runner.app/PlugIns/iosAppUITests.xctest (in target 'iosAppUITests' from project 'iosApp')
    cd /var/folders/6m/vxwlbjsn7vs6h80_98w6x7p40000gn/T/parlor-audit-ios-readiness-07-3vbx7ig_/copy/iosApp
    builtin-swiftStdLibTool --copy --verbose --sign - --scan-executable /var/folders/6m/vxwlbjsn7vs6h80_98w6x7p40000gn/T/parlor-audit-ios-readiness-07-3vbx7ig_/DerivedData/Build/Products/Debug-iphonesimulator/iosAppUITests-Runner.app/PlugIns/iosAppUITests.xctest/iosAppUITests --scan-folder /var/folders/6m/vxwlbjsn7vs6h80_98w6x7p40000gn/T/parlor-audit-ios-readiness-07-3vbx7ig_/DerivedData/Build/Products/Debug-iphonesimulator/iosAppUITests-Runner.app/PlugIns/iosAppUITests.xctest/Frameworks --scan-folder /var/folders/6m/vxwlbjsn7vs6h80_98w6x7p40000gn/T/parlor-audit-ios-readiness-07-3vbx7ig_/DerivedData/Build/Products/Debug-iphonesimulator/iosAppUITests-Runner.app/PlugIns/iosAppUITests.xctest/PlugIns --scan-folder /var/folders/6m/vxwlbjsn7vs6h80_98w6x7p40000gn/T/parlor-audit-ios-readiness-07-3vbx7ig_/DerivedData/Build/Products/Debug-iphonesimulator/iosAppUITests-Runner.app/PlugIns/iosAppUITests.xctest/SystemExtensions --scan-folder /var/folders/6m/vxwlbjsn7vs6h80_98w6x7p40000gn/T/parlor-audit-ios-readiness-07-3vbx7ig_/DerivedData/Build/Products/Debug-iphonesimulator/iosAppUITests-Runner.app/PlugIns/iosAppUITests.xctest/Extensions --platform iphonesimulator --toolchain /Applications/Xcode.app/Contents/Developer/Toolchains/XcodeDefault.xctoolchain --destination /var/folders/6m/vxwlbjsn7vs6h80_98w6x7p40000gn/T/parlor-audit-ios-readiness-07-3vbx7ig_/DerivedData/Build/Products/Debug-iphonesimulator/iosAppUITests-Runner.app/PlugIns/iosAppUITests.xctest/Frameworks --strip-bitcode --scan-executable /Applications/Xcode.app/Contents/Developer/Platforms/iPhoneSimulator.platform/Developer/usr/lib/libXCTestSwiftSupport.dylib --strip-bitcode-tool /Applications/Xcode.app/Contents/Developer/Toolchains/XcodeDefault.xctoolchain/usr/bin/bitcode_strip --emit-dependency-info /var/folders/6m/vxwlbjsn7vs6h80_98w6x7p40000gn/T/parlor-audit-ios-readiness-07-3vbx7ig_/DerivedData/Build/Intermediates.noindex/iosApp.build/Debug-iphonesimulator/iosAppUITests.build/SwiftStdLibToolInputDependencies.dep --filter-for-swift-os

AppIntentsSSUTraining (in target 'iosAppUITests' from project 'iosApp')
    cd /var/folders/6m/vxwlbjsn7vs6h80_98w6x7p40000gn/T/parlor-audit-ios-readiness-07-3vbx7ig_/copy/iosApp
    /Applications/Xcode.app/Contents/Developer/Toolchains/XcodeDefault.xctoolchain/usr/bin/appintentsnltrainingprocessor --infoplist-path /var/folders/6m/vxwlbjsn7vs6h80_98w6x7p40000gn/T/parlor-audit-ios-readiness-07-3vbx7ig_/DerivedData/Build/Products/Debug-iphonesimulator/iosAppUITests-Runner.app/PlugIns/iosAppUITests.xctest/Info.plist --temp-dir-path /var/folders/6m/vxwlbjsn7vs6h80_98w6x7p40000gn/T/parlor-audit-ios-readiness-07-3vbx7ig_/DerivedData/Build/Intermediates.noindex/iosApp.build/Debug-iphonesimulator/iosAppUITests.build/ssu --bundle-id com.parlor.app.uitests --product-path /var/folders/6m/vxwlbjsn7vs6h80_98w6x7p40000gn/T/parlor-audit-ios-readiness-07-3vbx7ig_/DerivedData/Build/Products/Debug-iphonesimulator/iosAppUITests-Runner.app/PlugIns/iosAppUITests.xctest --extracted-metadata-path /var/folders/6m/vxwlbjsn7vs6h80_98w6x7p40000gn/T/parlor-audit-ios-readiness-07-3vbx7ig_/DerivedData/Build/Products/Debug-iphonesimulator/iosAppUITests-Runner.app/PlugIns/iosAppUITests.xctest/Metadata.appintents --metadata-file-list /var/folders/6m/vxwlbjsn7vs6h80_98w6x7p40000gn/T/parlor-audit-ios-readiness-07-3vbx7ig_/DerivedData/Build/Intermediates.noindex/iosApp.build/Debug-iphonesimulator/iosAppUITests.build/iosAppUITests.DependencyMetadataFileList --source-file /var/folders/6m/vxwlbjsn7vs6h80_98w6x7p40000gn/T/parlor-audit-ios-readiness-07-3vbx7ig_/DerivedData/Build/Products/Debug-iphonesimulator/iosAppUITests-Runner.app/PlugIns/iosAppUITests.xctest/Info.plist --archive-ssu-assets
2026-09-08 00:02:04.196 appintentsnltrainingprocessor[8669:4210816] Parsing options for appintentsnltrainingprocessor
2026-09-08 00:02:04.196 appintentsnltrainingprocessor[8669:4210816] Starting AppIntents SSU YAML Generation
2026-09-08 00:02:04.196 appintentsnltrainingprocessor[8669:4210816] No AppShortcuts found - Skipping.

CopyPlistFile /var/folders/6m/vxwlbjsn7vs6h80_98w6x7p40000gn/T/parlor-audit-ios-readiness-07-3vbx7ig_/DerivedData/Build/Products/Debug-iphonesimulator/iosAppUITests-Runner.app/Info.plist /Applications/Xcode.app/Contents/Developer/Platforms/iPhoneSimulator.platform/Developer/Library/Xcode/Agents/XCTRunner.app/Info.plist (in target 'iosAppUITests' from project 'iosApp')
    cd /var/folders/6m/vxwlbjsn7vs6h80_98w6x7p40000gn/T/parlor-audit-ios-readiness-07-3vbx7ig_/copy/iosApp
    builtin-copyPlist --validate --convert xml1 --macro-expansion WRAPPEDPRODUCTNAME iosAppUITests-Runner --macro-expansion WRAPPEDPRODUCTBUNDLEIDENTIFIER com.parlor.app.uitests.xctrunner --macro-expansion TESTPRODUCTNAME iosAppUITests --macro-expansion TESTPRODUCTBUNDLEIDENTIFIER com.parlor.app.uitests --copy-value UIDeviceFamily /var/folders/6m/vxwlbjsn7vs6h80_98w6x7p40000gn/T/parlor-audit-ios-readiness-07-3vbx7ig_/DerivedData/Build/Products/Debug-iphonesimulator/iosAppUITests-Runner.app/PlugIns/iosAppUITests.xctest/Info.plist --outdir /var/folders/6m/vxwlbjsn7vs6h80_98w6x7p40000gn/T/parlor-audit-ios-readiness-07-3vbx7ig_/DerivedData/Build/Products/Debug-iphonesimulator/iosAppUITests-Runner.app -- /Applications/Xcode.app/Contents/Developer/Platforms/iPhoneSimulator.platform/Developer/Library/Xcode/Agents/XCTRunner.app/Info.plist

MkDir /var/folders/6m/vxwlbjsn7vs6h80_98w6x7p40000gn/T/parlor-audit-ios-readiness-07-3vbx7ig_/DerivedData/Build/Products/Debug-iphonesimulator/iosAppUITests-Runner.app (in target 'iosAppUITests' from project 'iosApp')
    cd /var/folders/6m/vxwlbjsn7vs6h80_98w6x7p40000gn/T/parlor-audit-ios-readiness-07-3vbx7ig_/copy/iosApp
    /bin/mkdir -p /var/folders/6m/vxwlbjsn7vs6h80_98w6x7p40000gn/T/parlor-audit-ios-readiness-07-3vbx7ig_/DerivedData/Build/Products/Debug-iphonesimulator/iosAppUITests-Runner.app

CopyAndPreserveArchs /var/folders/6m/vxwlbjsn7vs6h80_98w6x7p40000gn/T/parlor-audit-ios-readiness-07-3vbx7ig_/DerivedData/Build/Products/Debug-iphonesimulator/iosAppUITests-Runner.app/iosAppUITests-Runner (in target 'iosAppUITests' from project 'iosApp')
    cd /var/folders/6m/vxwlbjsn7vs6h80_98w6x7p40000gn/T/parlor-audit-ios-readiness-07-3vbx7ig_/copy/iosApp
    /Applications/Xcode.app/Contents/Developer/Toolchains/XcodeDefault.xctoolchain/usr/bin/lipo /Applications/Xcode.app/Contents/Developer/Platforms/iPhoneSimulator.platform/Developer/Library/Xcode/Agents/XCTRunner.app/XCTRunner -output /var/folders/6m/vxwlbjsn7vs6h80_98w6x7p40000gn/T/parlor-audit-ios-readiness-07-3vbx7ig_/DerivedData/Build/Products/Debug-iphonesimulator/iosAppUITests-Runner.app/iosAppUITests-Runner -extract arm64

Copy /var/folders/6m/vxwlbjsn7vs6h80_98w6x7p40000gn/T/parlor-audit-ios-readiness-07-3vbx7ig_/DerivedData/Build/Products/Debug-iphonesimulator/iosAppUITests-Runner.app/PkgInfo /Applications/Xcode.app/Contents/Developer/Platforms/iPhoneSimulator.platform/Developer/Library/Xcode/Agents/XCTRunner.app/PkgInfo (in target 'iosAppUITests' from project 'iosApp')
    cd /var/folders/6m/vxwlbjsn7vs6h80_98w6x7p40000gn/T/parlor-audit-ios-readiness-07-3vbx7ig_/copy/iosApp
    builtin-copy -exclude .DS_Store -exclude CVS -exclude .svn -exclude .git -exclude .hg -resolve-src-symlinks /Applications/Xcode.app/Contents/Developer/Platforms/iPhoneSimulator.platform/Developer/Library/Xcode/Agents/XCTRunner.app/PkgInfo /var/folders/6m/vxwlbjsn7vs6h80_98w6x7p40000gn/T/parlor-audit-ios-readiness-07-3vbx7ig_/DerivedData/Build/Products/Debug-iphonesimulator/iosAppUITests-Runner.app

Copy /var/folders/6m/vxwlbjsn7vs6h80_98w6x7p40000gn/T/parlor-audit-ios-readiness-07-3vbx7ig_/DerivedData/Build/Products/Debug-iphonesimulator/iosAppUITests-Runner.app/Frameworks/libXCTestSwiftSupport.dylib /Applications/Xcode.app/Contents/Developer/Platforms/iPhoneSimulator.platform/Developer/usr/lib/libXCTestSwiftSupport.dylib (in target 'iosAppUITests' from project 'iosApp')
    cd /var/folders/6m/vxwlbjsn7vs6h80_98w6x7p40000gn/T/parlor-audit-ios-readiness-07-3vbx7ig_/copy/iosApp
    builtin-copy -exclude .DS_Store -exclude CVS -exclude .svn -exclude .git -exclude .hg -exclude Headers -exclude PrivateHeaders -exclude Modules -exclude \*.tbd -resolve-src-symlinks /Applications/Xcode.app/Contents/Developer/Platforms/iPhoneSimulator.platform/Developer/usr/lib/libXCTestSwiftSupport.dylib /var/folders/6m/vxwlbjsn7vs6h80_98w6x7p40000gn/T/parlor-audit-ios-readiness-07-3vbx7ig_/DerivedData/Build/Products/Debug-iphonesimulator/iosAppUITests-Runner.app/Frameworks

Copy /var/folders/6m/vxwlbjsn7vs6h80_98w6x7p40000gn/T/parlor-audit-ios-readiness-07-3vbx7ig_/DerivedData/Build/Products/Debug-iphonesimulator/iosAppUITests-Runner.app/Frameworks/XCUnit.framework /Applications/Xcode.app/Contents/Developer/Platforms/iPhoneSimulator.platform/Developer/Library/PrivateFrameworks/XCUnit.framework (in target 'iosAppUITests' from project 'iosApp')
    cd /var/folders/6m/vxwlbjsn7vs6h80_98w6x7p40000gn/T/parlor-audit-ios-readiness-07-3vbx7ig_/copy/iosApp
    builtin-copy -exclude .DS_Store -exclude CVS -exclude .svn -exclude .git -exclude .hg -exclude Headers -exclude PrivateHeaders -exclude Modules -exclude \*.tbd -resolve-src-symlinks /Applications/Xcode.app/Contents/Developer/Platforms/iPhoneSimulator.platform/Developer/Library/PrivateFrameworks/XCUnit.framework /var/folders/6m/vxwlbjsn7vs6h80_98w6x7p40000gn/T/parlor-audit-ios-readiness-07-3vbx7ig_/DerivedData/Build/Products/Debug-iphonesimulator/iosAppUITests-Runner.app/Frameworks

Copy /var/folders/6m/vxwlbjsn7vs6h80_98w6x7p40000gn/T/parlor-audit-ios-readiness-07-3vbx7ig_/DerivedData/Build/Products/Debug-iphonesimulator/iosAppUITests-Runner.app/Frameworks/XCUIAutomation.framework /Applications/Xcode.app/Contents/Developer/Platforms/iPhoneSimulator.platform/Developer/Library/Frameworks/XCUIAutomation.framework (in target 'iosAppUITests' from project 'iosApp')
    cd /var/folders/6m/vxwlbjsn7vs6h80_98w6x7p40000gn/T/parlor-audit-ios-readiness-07-3vbx7ig_/copy/iosApp
    builtin-copy -exclude .DS_Store -exclude CVS -exclude .svn -exclude .git -exclude .hg -exclude Headers -exclude PrivateHeaders -exclude Modules -exclude \*.tbd -resolve-src-symlinks /Applications/Xcode.app/Contents/Developer/Platforms/iPhoneSimulator.platform/Developer/Library/Frameworks/XCUIAutomation.framework /var/folders/6m/vxwlbjsn7vs6h80_98w6x7p40000gn/T/parlor-audit-ios-readiness-07-3vbx7ig_/DerivedData/Build/Products/Debug-iphonesimulator/iosAppUITests-Runner.app/Frameworks

Copy /var/folders/6m/vxwlbjsn7vs6h80_98w6x7p40000gn/T/parlor-audit-ios-readiness-07-3vbx7ig_/DerivedData/Build/Products/Debug-iphonesimulator/iosAppUITests-Runner.app/Frameworks/XCTestSupport.framework /Applications/Xcode.app/Contents/Developer/Platforms/iPhoneSimulator.platform/Developer/Library/PrivateFrameworks/XCTestSupport.framework (in target 'iosAppUITests' from project 'iosApp')
    cd /var/folders/6m/vxwlbjsn7vs6h80_98w6x7p40000gn/T/parlor-audit-ios-readiness-07-3vbx7ig_/copy/iosApp
    builtin-copy -exclude .DS_Store -exclude CVS -exclude .svn -exclude .git -exclude .hg -exclude Headers -exclude PrivateHeaders -exclude Modules -exclude \*.tbd -resolve-src-symlinks /Applications/Xcode.app/Contents/Developer/Platforms/iPhoneSimulator.platform/Developer/Library/PrivateFrameworks/XCTestSupport.framework /var/folders/6m/vxwlbjsn7vs6h80_98w6x7p40000gn/T/parlor-audit-ios-readiness-07-3vbx7ig_/DerivedData/Build/Products/Debug-iphonesimulator/iosAppUITests-Runner.app/Frameworks

Copy /var/folders/6m/vxwlbjsn7vs6h80_98w6x7p40000gn/T/parlor-audit-ios-readiness-07-3vbx7ig_/DerivedData/Build/Products/Debug-iphonesimulator/iosAppUITests-Runner.app/Frameworks/XCTestCore.framework /Applications/Xcode.app/Contents/Developer/Platforms/iPhoneSimulator.platform/Developer/Library/PrivateFrameworks/XCTestCore.framework (in target 'iosAppUITests' from project 'iosApp')
    cd /var/folders/6m/vxwlbjsn7vs6h80_98w6x7p40000gn/T/parlor-audit-ios-readiness-07-3vbx7ig_/copy/iosApp
    builtin-copy -exclude .DS_Store -exclude CVS -exclude .svn -exclude .git -exclude .hg -exclude Headers -exclude PrivateHeaders -exclude Modules -exclude \*.tbd -resolve-src-symlinks /Applications/Xcode.app/Contents/Developer/Platforms/iPhoneSimulator.platform/Developer/Library/PrivateFrameworks/XCTestCore.framework /var/folders/6m/vxwlbjsn7vs6h80_98w6x7p40000gn/T/parlor-audit-ios-readiness-07-3vbx7ig_/DerivedData/Build/Products/Debug-iphonesimulator/iosAppUITests-Runner.app/Frameworks

Copy /var/folders/6m/vxwlbjsn7vs6h80_98w6x7p40000gn/T/parlor-audit-ios-readiness-07-3vbx7ig_/DerivedData/Build/Products/Debug-iphonesimulator/iosAppUITests-Runner.app/Frameworks/XCTest.framework /Applications/Xcode.app/Contents/Developer/Platforms/iPhoneSimulator.platform/Developer/Library/Frameworks/XCTest.framework (in target 'iosAppUITests' from project 'iosApp')
    cd /var/folders/6m/vxwlbjsn7vs6h80_98w6x7p40000gn/T/parlor-audit-ios-readiness-07-3vbx7ig_/copy/iosApp
    builtin-copy -exclude .DS_Store -exclude CVS -exclude .svn -exclude .git -exclude .hg -exclude Headers -exclude PrivateHeaders -exclude Modules -exclude \*.tbd -resolve-src-symlinks /Applications/Xcode.app/Contents/Developer/Platforms/iPhoneSimulator.platform/Developer/Library/Frameworks/XCTest.framework /var/folders/6m/vxwlbjsn7vs6h80_98w6x7p40000gn/T/parlor-audit-ios-readiness-07-3vbx7ig_/DerivedData/Build/Products/Debug-iphonesimulator/iosAppUITests-Runner.app/Frameworks

Copy /var/folders/6m/vxwlbjsn7vs6h80_98w6x7p40000gn/T/parlor-audit-ios-readiness-07-3vbx7ig_/DerivedData/Build/Products/Debug-iphonesimulator/iosAppUITests-Runner.app/Frameworks/XCTAutomationSupport.framework /Applications/Xcode.app/Contents/Developer/Platforms/iPhoneSimulator.platform/Developer/Library/PrivateFrameworks/XCTAutomationSupport.framework (in target 'iosAppUITests' from project 'iosApp')
    cd /var/folders/6m/vxwlbjsn7vs6h80_98w6x7p40000gn/T/parlor-audit-ios-readiness-07-3vbx7ig_/copy/iosApp
    builtin-copy -exclude .DS_Store -exclude CVS -exclude .svn -exclude .git -exclude .hg -exclude Headers -exclude PrivateHeaders -exclude Modules -exclude \*.tbd -resolve-src-symlinks /Applications/Xcode.app/Contents/Developer/Platforms/iPhoneSimulator.platform/Developer/Library/PrivateFrameworks/XCTAutomationSupport.framework /var/folders/6m/vxwlbjsn7vs6h80_98w6x7p40000gn/T/parlor-audit-ios-readiness-07-3vbx7ig_/DerivedData/Build/Products/Debug-iphonesimulator/iosAppUITests-Runner.app/Frameworks

Copy /var/folders/6m/vxwlbjsn7vs6h80_98w6x7p40000gn/T/parlor-audit-ios-readiness-07-3vbx7ig_/DerivedData/Build/Products/Debug-iphonesimulator/iosAppUITests-Runner.app/Frameworks/Testing.framework /Applications/Xcode.app/Contents/Developer/Platforms/iPhoneSimulator.platform/Developer/Library/Frameworks/Testing.framework (in target 'iosAppUITests' from project 'iosApp')
    cd /var/folders/6m/vxwlbjsn7vs6h80_98w6x7p40000gn/T/parlor-audit-ios-readiness-07-3vbx7ig_/copy/iosApp
    builtin-copy -exclude .DS_Store -exclude CVS -exclude .svn -exclude .git -exclude .hg -exclude Headers -exclude PrivateHeaders -exclude Modules -exclude \*.tbd -resolve-src-symlinks /Applications/Xcode.app/Contents/Developer/Platforms/iPhoneSimulator.platform/Developer/Library/Frameworks/Testing.framework /var/folders/6m/vxwlbjsn7vs6h80_98w6x7p40000gn/T/parlor-audit-ios-readiness-07-3vbx7ig_/DerivedData/Build/Products/Debug-iphonesimulator/iosAppUITests-Runner.app/Frameworks

CodeSign /var/folders/6m/vxwlbjsn7vs6h80_98w6x7p40000gn/T/parlor-audit-ios-readiness-07-3vbx7ig_/DerivedData/Build/Products/Debug-iphonesimulator/iosAppUITests-Runner.app/PlugIns/iosAppUITests.xctest (in target 'iosAppUITests' from project 'iosApp')
    cd /var/folders/6m/vxwlbjsn7vs6h80_98w6x7p40000gn/T/parlor-audit-ios-readiness-07-3vbx7ig_/copy/iosApp
    
    Signing Identity:     "Sign to Run Locally"
    
    /usr/bin/codesign --force --sign - --timestamp\=none --generate-entitlement-der /var/folders/6m/vxwlbjsn7vs6h80_98w6x7p40000gn/T/parlor-audit-ios-readiness-07-3vbx7ig_/DerivedData/Build/Products/Debug-iphonesimulator/iosAppUITests-Runner.app/PlugIns/iosAppUITests.xctest

CodeSign /var/folders/6m/vxwlbjsn7vs6h80_98w6x7p40000gn/T/parlor-audit-ios-readiness-07-3vbx7ig_/DerivedData/Build/Products/Debug-iphonesimulator/iosAppUITests-Runner.app (in target 'iosAppUITests' from project 'iosApp')
    cd /var/folders/6m/vxwlbjsn7vs6h80_98w6x7p40000gn/T/parlor-audit-ios-readiness-07-3vbx7ig_/copy/iosApp
    
    Signing Identity:     "Sign to Run Locally"
    
    /usr/bin/codesign --force --sign - --timestamp\=none --generate-entitlement-der /var/folders/6m/vxwlbjsn7vs6h80_98w6x7p40000gn/T/parlor-audit-ios-readiness-07-3vbx7ig_/DerivedData/Build/Products/Debug-iphonesimulator/iosAppUITests-Runner.app
/var/folders/6m/vxwlbjsn7vs6h80_98w6x7p40000gn/T/parlor-audit-ios-readiness-07-3vbx7ig_/DerivedData/Build/Products/Debug-iphonesimulator/iosAppUITests-Runner.app: replacing existing signature

RegisterExecutionPolicyException /var/folders/6m/vxwlbjsn7vs6h80_98w6x7p40000gn/T/parlor-audit-ios-readiness-07-3vbx7ig_/DerivedData/Build/Products/Debug-iphonesimulator/iosAppUITests-Runner.app/PlugIns/iosAppUITests.xctest (in target 'iosAppUITests' from project 'iosApp')
    cd /var/folders/6m/vxwlbjsn7vs6h80_98w6x7p40000gn/T/parlor-audit-ios-readiness-07-3vbx7ig_/copy/iosApp
    builtin-RegisterExecutionPolicyException /var/folders/6m/vxwlbjsn7vs6h80_98w6x7p40000gn/T/parlor-audit-ios-readiness-07-3vbx7ig_/DerivedData/Build/Products/Debug-iphonesimulator/iosAppUITests-Runner.app/PlugIns/iosAppUITests.xctest

Touch /var/folders/6m/vxwlbjsn7vs6h80_98w6x7p40000gn/T/parlor-audit-ios-readiness-07-3vbx7ig_/DerivedData/Build/Products/Debug-iphonesimulator/iosAppUITests-Runner.app/PlugIns/iosAppUITests.xctest (in target 'iosAppUITests' from project 'iosApp')
    cd /var/folders/6m/vxwlbjsn7vs6h80_98w6x7p40000gn/T/parlor-audit-ios-readiness-07-3vbx7ig_/copy/iosApp
    /usr/bin/touch -c /var/folders/6m/vxwlbjsn7vs6h80_98w6x7p40000gn/T/parlor-audit-ios-readiness-07-3vbx7ig_/DerivedData/Build/Products/Debug-iphonesimulator/iosAppUITests-Runner.app/PlugIns/iosAppUITests.xctest

2026-09-08 00:02:11.901346+0300 iosAppUITests-Runner[8705:4211449] [Default] Running tests...
objc[8705]: Class UIAccessibilityLoaderWebShared is implemented in both /Library/Developer/CoreSimulator/Volumes/iOS_23F77/Library/Developer/CoreSimulator/Profiles/Runtimes/iOS 26.5.simruntime/Contents/Resources/RuntimeRoot/System/Library/AccessibilityBundles/WebCore.axbundle/WebCore (0x107568310) and /Library/Developer/CoreSimulator/Volumes/iOS_23F77/Library/Developer/CoreSimulator/Profiles/Runtimes/iOS 26.5.simruntime/Contents/Resources/RuntimeRoot/System/Library/AccessibilityBundles/WebKit.axbundle/WebKit (0x105ea0398). This may cause spurious casting failures and mysterious crashes. One of the duplicates must be removed or renamed.
    t =      nans Interface orientation changed to Portrait
Test Suite 'All tests' started at 2026-09-08 00:02:15.159.
Test Suite 'iosAppUITests.xctest' started at 2026-09-08 00:02:15.159.
Test Suite 'ComposeContainerViewControllerTests' started at 2026-09-08 00:02:15.160.
Test Case '-[iosAppUITests.ComposeContainerViewControllerTests testChildUsesFullBoundsAcrossSizesAndOpposingSemanticDirections]' started.
    t =     0.00s Start Test at 2026-09-08 00:02:15.160
    t =     0.19s Set Up
    t =     0.20s Tear Down
Test Case '-[iosAppUITests.ComposeContainerViewControllerTests testChildUsesFullBoundsAcrossSizesAndOpposingSemanticDirections]' passed (0.224 seconds).
Test Case '-[iosAppUITests.ComposeContainerViewControllerTests testDefaultAppearanceForwardingReachesTheSameChildExactlyOnce]' started.
    t =     0.00s Start Test at 2026-09-08 00:02:15.385
    t =     0.01s Set Up
    t =     0.02s Tear Down
Test Case '-[iosAppUITests.ComposeContainerViewControllerTests testDefaultAppearanceForwardingReachesTheSameChildExactlyOnce]' passed (0.040 seconds).
Test Case '-[iosAppUITests.ComposeContainerViewControllerTests testOneStableChildKeepsItsExplicitSemanticsIndependentOfTheOuterView]' started.
    t =     0.00s Start Test at 2026-09-08 00:02:15.425
    t =     0.01s Set Up
    t =     0.02s Tear Down
Test Case '-[iosAppUITests.ComposeContainerViewControllerTests testOneStableChildKeepsItsExplicitSemanticsIndependentOfTheOuterView]' passed (0.036 seconds).
Test Case '-[iosAppUITests.ComposeContainerViewControllerTests testSystemDecorationAndOrientationPoliciesStillBelongToTheChild]' started.
    t =     0.00s Start Test at 2026-09-08 00:02:15.461
    t =     0.02s Set Up
    t =     0.02s Tear Down
Test Case '-[iosAppUITests.ComposeContainerViewControllerTests testSystemDecorationAndOrientationPoliciesStillBelongToTheChild]' passed (0.036 seconds).
Test Suite 'ComposeContainerViewControllerTests' passed at 2026-09-08 00:02:15.497.
	 Executed 4 tests, with 0 failures (0 unexpected) in 0.336 (0.338) seconds
Test Suite 'IOSAppLaunchUITests' started at 2026-09-08 00:02:15.497.
Test Case '-[iosAppUITests.IOSAppLaunchUITests testDSC01ActualSettingsLocalSessionsAndOSInvestigation]' started.
    t =     0.00s Start Test at 2026-09-08 00:02:15.498
    t =     0.01s Set Up
DSC01_CATALOG_GEOMETRY_CONTRACT {"schemaVersion":1,"cases":14,"passed":true}
DSC01_MAFIA_START_GEOMETRY_CONTRACT {"schemaVersion":1,"cases":16,"passed":true}
    t =     0.01s Setting device orientation to Portrait
    t =     0.02s     Device orientation changed to Portrait
    t =     0.05s     Wait for com.apple.springboard to idle
    t =     0.08s Open com.parlor.app.debug
    t =     0.08s     Launch com.parlor.app.debug
2026-09-08 00:02:15.803 xcodebuild[7053:4194094] [MT] IDELaunchParametersSnapshot: The operation couldn’t be completed. (DebuggerLLDB.DebuggerVersionStore.StoreError error 0.)
2026-09-08 00:02:15.803 xcodebuild[7053:4194094] [MT] IDELaunchParametersSnapshot: no debugger version
    t =     1.34s         Setting up automation session
    t =     2.05s         Wait for com.parlor.app.debug to idle
    t =     4.90s Wait for com.parlor.app.debug to become Running Foreground
    t =     4.90s Waiting 30.0s for "parlor-home-brand" StaticText to exist
    t =     5.94s     Checking `Expect predicate `existsNoRetry == 1` for object "parlor-home-brand" StaticText`
    t =     5.94s         Checking existence of `"parlor-home-brand" StaticText`
    t =     6.02s Waiting 10.0s for "parlor-dsc01-observe" Button to exist
    t =     7.05s     Checking `Expect predicate `existsNoRetry == 1` for object "parlor-dsc01-observe" Button`
    t =     7.05s         Checking existence of `"parlor-dsc01-observe" Button`
    t =     7.07s Checking existence of `Alert (First Match)`
    t =     7.09s Waiting 10.0s for "parlor-dsc01-state" StaticText to exist
    t =     8.14s     Checking `Expect predicate `existsNoRetry == 1` for object "parlor-dsc01-state" StaticText`
    t =     8.14s         Checking existence of `"parlor-dsc01-state" StaticText`
    t =     8.16s Find the "parlor-dsc01-state" StaticText
    t =     8.18s Tap "parlor-dsc01-observe" Button
    t =     8.18s     Wait for com.parlor.app.debug to idle
    t =     8.18s     Find the "parlor-dsc01-observe" Button
    t =     8.19s     Check for interrupting elements affecting "parlor-dsc01-observe" Button
    t =     8.21s     Synthesize event
    t =     8.60s     Wait for com.parlor.app.debug to idle
    t =     9.64s Find the "parlor-dsc01-state" StaticText
    t =     9.66s Waiting 10.0s for "parlor-dsc01-state" StaticText to exist
    t =    10.69s     Checking `Expect predicate `existsNoRetry == 1` for object "parlor-dsc01-state" StaticText`
    t =    10.69s         Checking existence of `"parlor-dsc01-state" StaticText`
    t =    10.72s Find the "parlor-dsc01-state" StaticText
    t =    10.73s Waiting 15.0s for Any (First Match) to exist
    t =    11.76s     Checking `Expect predicate `existsNoRetry == 1` for object Any (First Match)`
    t =    11.76s         Checking existence of `Any (First Match)`
    t =    11.79s Get all elements bound by index for: Elements matching predicate 'label == "Open settings., SETTINGS"'
    t =    11.80s Find the Any (Element at index 0)
    t =    11.82s Tap "Open settings., SETTINGS" Button
    t =    11.82s     Wait for com.parlor.app.debug to idle
    t =    11.82s     Find the "Open settings., SETTINGS" Button
    t =    11.83s     Check for interrupting elements affecting "Open settings., SETTINGS" Button
    t =    11.84s     Synthesize event
    t =    12.13s     Wait for com.parlor.app.debug to idle
    t =    12.13s Waiting 15.0s for Any (First Match) to exist
    t =    13.17s     Checking `Expect predicate `existsNoRetry == 1` for object Any (First Match)`
    t =    13.17s         Checking existence of `Any (First Match)`
    t =    13.20s Checking existence of `Any (First Match)`
    t =    13.21s Waiting 10.0s for "parlor-dsc01-state" StaticText to exist
    t =    14.25s     Checking `Expect predicate `existsNoRetry == 1` for object "parlor-dsc01-state" StaticText`
    t =    14.25s         Checking existence of `"parlor-dsc01-state" StaticText`
    t =    14.27s Find the "parlor-dsc01-state" StaticText
    t =    14.29s Tap "parlor-dsc01-observe" Button
    t =    14.29s     Wait for com.parlor.app.debug to idle
    t =    14.30s     Find the "parlor-dsc01-observe" Button
    t =    14.31s     Check for interrupting elements affecting "parlor-dsc01-observe" Button
    t =    14.32s     Synthesize event
    t =    14.61s     Wait for com.parlor.app.debug to idle
    t =    15.65s Find the "parlor-dsc01-state" StaticText
    t =    15.66s Waiting 10.0s for "parlor-dsc01-state" StaticText to exist
    t =    16.69s     Checking `Expect predicate `existsNoRetry == 1` for object "parlor-dsc01-state" StaticText`
    t =    16.69s         Checking existence of `"parlor-dsc01-state" StaticText`
    t =    16.72s Find the "parlor-dsc01-state" StaticText
    t =    16.73s Waiting 15.0s for Any (First Match) to exist
    t =    17.76s     Checking `Expect predicate `existsNoRetry == 1` for object Any (First Match)`
    t =    17.76s         Checking existence of `Any (First Match)`
    t =    17.79s Get all elements bound by index for: Elements matching predicate 'label == "العربية"'
    t =    17.80s Find the Any (Element at index 0)
    t =    17.82s Tap "العربية" Button
    t =    17.82s     Wait for com.parlor.app.debug to idle
    t =    17.82s     Find the "العربية" Button
    t =    17.84s     Check for interrupting elements affecting "العربية" Button
    t =    17.85s     Synthesize event
    t =    18.13s     Wait for com.parlor.app.debug to idle
    t =    18.13s Waiting 15.0s for Any (First Match) to exist
    t =    19.17s     Checking `Expect predicate `existsNoRetry == 1` for object Any (First Match)`
    t =    19.17s         Checking existence of `Any (First Match)`
    t =    19.20s Checking existence of `Any (First Match)`
    t =    19.21s Waiting 10.0s for "parlor-dsc01-state" StaticText to exist
    t =    20.24s     Checking `Expect predicate `existsNoRetry == 1` for object "parlor-dsc01-state" StaticText`
    t =    20.24s         Checking existence of `"parlor-dsc01-state" StaticText`
    t =    20.27s Find the "parlor-dsc01-state" StaticText
    t =    20.29s Tap "parlor-dsc01-observe" Button
    t =    20.29s     Wait for com.parlor.app.debug to idle
    t =    20.29s     Find the "parlor-dsc01-observe" Button
    t =    20.31s     Check for interrupting elements affecting "parlor-dsc01-observe" Button
    t =    20.32s     Synthesize event
    t =    20.61s     Wait for com.parlor.app.debug to idle
    t =    21.65s Find the "parlor-dsc01-state" StaticText
    t =    21.68s Waiting 10.0s for "parlor-dsc01-state" StaticText to exist
    t =    22.71s     Checking `Expect predicate `existsNoRetry == 1` for object "parlor-dsc01-state" StaticText`
    t =    22.71s         Checking existence of `"parlor-dsc01-state" StaticText`
    t =    22.74s Find the "parlor-dsc01-state" StaticText
    t =    22.75s Waiting 10.0s for "parlor-dsc01-state" StaticText to exist
    t =    23.78s     Checking `Expect predicate `existsNoRetry == 1` for object "parlor-dsc01-state" StaticText`
    t =    23.78s         Checking existence of `"parlor-dsc01-state" StaticText`
    t =    23.79s Find the "parlor-dsc01-state" StaticText
    t =    23.81s Tap "parlor-dsc01-observe" Button
    t =    23.81s     Wait for com.parlor.app.debug to idle
    t =    23.81s     Find the "parlor-dsc01-observe" Button
    t =    23.82s     Check for interrupting elements affecting "parlor-dsc01-observe" Button
    t =    23.84s     Synthesize event
    t =    24.12s     Wait for com.parlor.app.debug to idle
    t =    25.16s Find the "parlor-dsc01-state" StaticText
    t =    25.18s Waiting 10.0s for "parlor-dsc01-state" StaticText to exist
    t =    26.22s     Checking `Expect predicate `existsNoRetry == 1` for object "parlor-dsc01-state" StaticText`
    t =    26.22s         Checking existence of `"parlor-dsc01-state" StaticText`
    t =    26.24s Find the "parlor-dsc01-state" StaticText
    t =    26.25s Terminate com.parlor.app.debug:8745
    t =    27.32s Wait for com.parlor.app.debug to become Not Running
    t =    27.32s Open com.parlor.app.debug
    t =    27.32s     Launch com.parlor.app.debug
2026-09-08 00:02:42.822 xcodebuild[7053:4194094] [MT] IDELaunchParametersSnapshot: The operation couldn’t be completed. (DebuggerLLDB.DebuggerVersionStore.StoreError error 0.)
2026-09-08 00:02:42.822 xcodebuild[7053:4194094] [MT] IDELaunchParametersSnapshot: no debugger version
    t =    27.54s         Setting up automation session
    t =    28.33s         Wait for com.parlor.app.debug to idle
    t =    29.68s Wait for com.parlor.app.debug to become Running Foreground
    t =    29.68s Waiting 30.0s for "parlor-home-brand" StaticText to exist
    t =    30.70s     Checking `Expect predicate `existsNoRetry == 1` for object "parlor-home-brand" StaticText`
    t =    30.70s         Checking existence of `"parlor-home-brand" StaticText`
    t =    30.77s Waiting 10.0s for "parlor-dsc01-observe" Button to exist
    t =    31.80s     Checking `Expect predicate `existsNoRetry == 1` for object "parlor-dsc01-observe" Button`
    t =    31.80s         Checking existence of `"parlor-dsc01-observe" Button`
    t =    31.83s Checking existence of `Alert (First Match)`
    t =    31.85s Waiting 10.0s for "parlor-dsc01-state" StaticText to exist
    t =    32.88s     Checking `Expect predicate `existsNoRetry == 1` for object "parlor-dsc01-state" StaticText`
    t =    32.88s         Checking existence of `"parlor-dsc01-state" StaticText`
    t =    32.90s Find the "parlor-dsc01-state" StaticText
    t =    32.92s Tap "parlor-dsc01-observe" Button
    t =    32.92s     Wait for com.parlor.app.debug to idle
    t =    32.92s     Find the "parlor-dsc01-observe" Button
    t =    32.94s     Check for interrupting elements affecting "parlor-dsc01-observe" Button
    t =    32.95s     Synthesize event
    t =    33.24s     Wait for com.parlor.app.debug to idle
    t =    34.28s Find the "parlor-dsc01-state" StaticText
    t =    34.30s Waiting 10.0s for "parlor-dsc01-state" StaticText to exist
    t =    35.33s     Checking `Expect predicate `existsNoRetry == 1` for object "parlor-dsc01-state" StaticText`
    t =    35.33s         Checking existence of `"parlor-dsc01-state" StaticText`
    t =    35.35s Find the "parlor-dsc01-state" StaticText
    t =    35.37s Waiting 15.0s for Any (First Match) to exist
    t =    36.39s     Checking `Expect predicate `existsNoRetry == 1` for object Any (First Match)`
    t =    36.39s         Checking existence of `Any (First Match)`
    t =    36.41s Get all elements bound by index for: Elements matching predicate 'label == "افتح الإعدادات., الإعدادات"'
    t =    36.42s Find the Any (Element at index 0)
    t =    36.44s Tap "افتح الإعدادات., الإعدادات" Button
    t =    36.44s     Wait for com.parlor.app.debug to idle
    t =    36.44s     Find the "افتح الإعدادات., الإعدادات" Button
    t =    36.45s     Check for interrupting elements affecting "افتح الإعدادات., الإعدادات" Button
    t =    36.47s     Synthesize event
    t =    36.75s     Wait for com.parlor.app.debug to idle
    t =    36.75s Waiting 15.0s for Any (First Match) to exist
    t =    37.78s     Checking `Expect predicate `existsNoRetry == 1` for object Any (First Match)`
    t =    37.79s         Checking existence of `Any (First Match)`
    t =    37.82s Checking existence of `Any (First Match)`
    t =    37.83s Waiting 10.0s for "parlor-dsc01-state" StaticText to exist
    t =    38.86s     Checking `Expect predicate `existsNoRetry == 1` for object "parlor-dsc01-state" StaticText`
    t =    38.86s         Checking existence of `"parlor-dsc01-state" StaticText`
    t =    38.89s Find the "parlor-dsc01-state" StaticText
    t =    38.91s Tap "parlor-dsc01-observe" Button
    t =    38.91s     Wait for com.parlor.app.debug to idle
    t =    38.91s     Find the "parlor-dsc01-observe" Button
    t =    38.93s     Check for interrupting elements affecting "parlor-dsc01-observe" Button
    t =    38.94s     Synthesize event
    t =    39.23s     Wait for com.parlor.app.debug to idle
    t =    40.27s Find the "parlor-dsc01-state" StaticText
    t =    40.28s Waiting 10.0s for "parlor-dsc01-state" StaticText to exist
    t =    41.31s     Checking `Expect predicate `existsNoRetry == 1` for object "parlor-dsc01-state" StaticText`
    t =    41.31s         Checking existence of `"parlor-dsc01-state" StaticText`
    t =    41.33s Find the "parlor-dsc01-state" StaticText
    t =    41.35s Waiting 15.0s for Any (First Match) to exist
    t =    42.38s     Checking `Expect predicate `existsNoRetry == 1` for object Any (First Match)`
    t =    42.38s         Checking existence of `Any (First Match)`
    t =    42.40s Get all elements bound by index for: Elements matching predicate 'label == "لغة النظام"'
    t =    42.42s Find the Any (Element at index 0)
    t =    42.44s Tap "لغة النظام" Button
    t =    42.44s     Wait for com.parlor.app.debug to idle
    t =    42.44s     Find the "لغة النظام" Button
    t =    42.45s     Check for interrupting elements affecting "لغة النظام" Button
    t =    42.47s     Synthesize event
    t =    42.75s     Wait for com.parlor.app.debug to idle
    t =    42.76s Waiting 15.0s for Any (First Match) to exist
    t =    43.79s     Checking `Expect predicate `existsNoRetry == 1` for object Any (First Match)`
    t =    43.79s         Checking existence of `Any (First Match)`
    t =    43.81s Checking existence of `Any (First Match)`
    t =    43.83s Waiting 10.0s for "parlor-dsc01-state" StaticText to exist
    t =    44.86s     Checking `Expect predicate `existsNoRetry == 1` for object "parlor-dsc01-state" StaticText`
    t =    44.86s         Checking existence of `"parlor-dsc01-state" StaticText`
    t =    44.88s Find the "parlor-dsc01-state" StaticText
    t =    44.90s Tap "parlor-dsc01-observe" Button
    t =    44.90s     Wait for com.parlor.app.debug to idle
    t =    44.90s     Find the "parlor-dsc01-observe" Button
    t =    44.91s     Check for interrupting elements affecting "parlor-dsc01-observe" Button
    t =    44.93s     Synthesize event
    t =    45.22s     Wait for com.parlor.app.debug to idle
    t =    46.25s Find the "parlor-dsc01-state" StaticText
    t =    46.26s Waiting 10.0s for "parlor-dsc01-state" StaticText to exist
    t =    47.30s     Checking `Expect predicate `existsNoRetry == 1` for object "parlor-dsc01-state" StaticText`
    t =    47.30s         Checking existence of `"parlor-dsc01-state" StaticText`
    t =    47.32s Find the "parlor-dsc01-state" StaticText
    t =    47.33s Waiting 10.0s for "parlor-dsc01-state" StaticText to exist
    t =    48.36s     Checking `Expect predicate `existsNoRetry == 1` for object "parlor-dsc01-state" StaticText`
    t =    48.36s         Checking existence of `"parlor-dsc01-state" StaticText`
    t =    48.39s Find the "parlor-dsc01-state" StaticText
    t =    48.41s Tap "parlor-dsc01-observe" Button
    t =    48.41s     Wait for com.parlor.app.debug to idle
    t =    48.41s     Find the "parlor-dsc01-observe" Button
    t =    48.43s     Check for interrupting elements affecting "parlor-dsc01-observe" Button
    t =    48.44s     Synthesize event
    t =    48.72s     Wait for com.parlor.app.debug to idle
    t =    49.76s Find the "parlor-dsc01-state" StaticText
    t =    49.79s Waiting 10.0s for "parlor-dsc01-state" StaticText to exist
    t =    50.82s     Checking `Expect predicate `existsNoRetry == 1` for object "parlor-dsc01-state" StaticText`
    t =    50.82s         Checking existence of `"parlor-dsc01-state" StaticText`
    t =    50.84s Find the "parlor-dsc01-state" StaticText
    t =    50.85s Terminate com.parlor.app.debug:9252
    t =    51.90s Wait for com.parlor.app.debug to become Not Running
    t =    51.90s Open com.parlor.app.debug
    t =    51.90s     Launch com.parlor.app.debug
2026-09-08 00:03:07.403 xcodebuild[7053:4194094] [MT] IDELaunchParametersSnapshot: The operation couldn’t be completed. (DebuggerLLDB.DebuggerVersionStore.StoreError error 0.)
2026-09-08 00:03:07.403 xcodebuild[7053:4194094] [MT] IDELaunchParametersSnapshot: no debugger version
    t =    52.11s         Setting up automation session
    t =    52.77s         Wait for com.parlor.app.debug to idle
    t =    54.04s Wait for com.parlor.app.debug to become Running Foreground
    t =    54.04s Waiting 30.0s for "parlor-home-brand" StaticText to exist
    t =    55.07s     Checking `Expect predicate `existsNoRetry == 1` for object "parlor-home-brand" StaticText`
    t =    55.07s         Checking existence of `"parlor-home-brand" StaticText`
    t =    55.14s Waiting 10.0s for "parlor-dsc01-observe" Button to exist
    t =    56.16s     Checking `Expect predicate `existsNoRetry == 1` for object "parlor-dsc01-observe" Button`
    t =    56.16s         Checking existence of `"parlor-dsc01-observe" Button`
    t =    56.19s Checking existence of `Alert (First Match)`
    t =    56.20s Waiting 10.0s for "parlor-dsc01-state" StaticText to exist
    t =    57.23s     Checking `Expect predicate `existsNoRetry == 1` for object "parlor-dsc01-state" StaticText`
    t =    57.23s         Checking existence of `"parlor-dsc01-state" StaticText`
    t =    57.25s Find the "parlor-dsc01-state" StaticText
    t =    57.26s Tap "parlor-dsc01-observe" Button
    t =    57.26s     Wait for com.parlor.app.debug to idle
    t =    57.27s     Find the "parlor-dsc01-observe" Button
    t =    57.28s     Check for interrupting elements affecting "parlor-dsc01-observe" Button
    t =    57.29s     Synthesize event
    t =    57.57s     Wait for com.parlor.app.debug to idle
    t =    58.61s Find the "parlor-dsc01-state" StaticText
    t =    58.63s Waiting 10.0s for "parlor-dsc01-state" StaticText to exist
    t =    59.67s     Checking `Expect predicate `existsNoRetry == 1` for object "parlor-dsc01-state" StaticText`
    t =    59.67s         Checking existence of `"parlor-dsc01-state" StaticText`
    t =    59.69s Find the "parlor-dsc01-state" StaticText
    t =    59.71s Waiting 15.0s for Any (First Match) to exist
    t =    60.73s     Checking `Expect predicate `existsNoRetry == 1` for object Any (First Match)`
    t =    60.73s         Checking existence of `Any (First Match)`
    t =    60.76s Get all elements bound by index for: Elements matching predicate 'label == "افتح الإعدادات., الإعدادات"'
    t =    60.77s Find the Any (Element at index 0)
    t =    60.79s Tap "افتح الإعدادات., الإعدادات" Button
    t =    60.79s     Wait for com.parlor.app.debug to idle
    t =    60.79s     Find the "افتح الإعدادات., الإعدادات" Button
    t =    60.80s     Check for interrupting elements affecting "افتح الإعدادات., الإعدادات" Button
    t =    60.81s     Synthesize event
    t =    61.10s     Wait for com.parlor.app.debug to idle
    t =    61.11s Waiting 15.0s for Any (First Match) to exist
    t =    62.13s     Checking `Expect predicate `existsNoRetry == 1` for object Any (First Match)`
    t =    62.14s         Checking existence of `Any (First Match)`
    t =    62.16s Checking existence of `Any (First Match)`
    t =    62.18s Waiting 10.0s for "parlor-dsc01-state" StaticText to exist
    t =    63.21s     Checking `Expect predicate `existsNoRetry == 1` for object "parlor-dsc01-state" StaticText`
    t =    63.21s         Checking existence of `"parlor-dsc01-state" StaticText`
    t =    63.24s Find the "parlor-dsc01-state" StaticText
    t =    63.25s Tap "parlor-dsc01-observe" Button
    t =    63.25s     Wait for com.parlor.app.debug to idle
    t =    63.25s     Find the "parlor-dsc01-observe" Button
    t =    63.27s     Check for interrupting elements affecting "parlor-dsc01-observe" Button
    t =    63.28s     Synthesize event
    t =    63.57s     Wait for com.parlor.app.debug to idle
    t =    64.62s Find the "parlor-dsc01-state" StaticText
    t =    64.63s Waiting 10.0s for "parlor-dsc01-state" StaticText to exist
    t =    65.66s     Checking `Expect predicate `existsNoRetry == 1` for object "parlor-dsc01-state" StaticText`
    t =    65.66s         Checking existence of `"parlor-dsc01-state" StaticText`
    t =    65.67s Find the "parlor-dsc01-state" StaticText
    t =    65.69s Waiting 15.0s for Any (First Match) to exist
    t =    66.72s     Checking `Expect predicate `existsNoRetry == 1` for object Any (First Match)`
    t =    66.72s         Checking existence of `Any (First Match)`
    t =    66.74s Get all elements bound by index for: Elements matching predicate 'label == "English"'
    t =    66.76s Find the Any (Element at index 0)
    t =    66.78s Tap "English" Button
    t =    66.78s     Wait for com.parlor.app.debug to idle
    t =    66.78s     Find the "English" Button
    t =    66.79s     Check for interrupting elements affecting "English" Button
    t =    66.80s     Synthesize event
    t =    67.09s     Wait for com.parlor.app.debug to idle
    t =    67.09s Waiting 15.0s for Any (First Match) to exist
    t =    68.13s     Checking `Expect predicate `existsNoRetry == 1` for object Any (First Match)`
    t =    68.13s         Checking existence of `Any (First Match)`
    t =    68.16s Checking existence of `Any (First Match)`
    t =    68.17s Waiting 10.0s for "parlor-dsc01-state" StaticText to exist
    t =    69.20s     Checking `Expect predicate `existsNoRetry == 1` for object "parlor-dsc01-state" StaticText`
    t =    69.21s         Checking existence of `"parlor-dsc01-state" StaticText`
    t =    69.23s Find the "parlor-dsc01-state" StaticText
    t =    69.24s Tap "parlor-dsc01-observe" Button
    t =    69.24s     Wait for com.parlor.app.debug to idle
    t =    69.24s     Find the "parlor-dsc01-observe" Button
    t =    69.25s     Check for interrupting elements affecting "parlor-dsc01-observe" Button
    t =    69.27s     Synthesize event
    t =    69.56s     Wait for com.parlor.app.debug to idle
    t =    70.60s Find the "parlor-dsc01-state" StaticText
    t =    70.62s Waiting 10.0s for "parlor-dsc01-state" StaticText to exist
    t =    71.66s     Checking `Expect predicate `existsNoRetry == 1` for object "parlor-dsc01-state" StaticText`
    t =    71.66s         Checking existence of `"parlor-dsc01-state" StaticText`
    t =    71.69s Find the "parlor-dsc01-state" StaticText
    t =    71.70s Waiting 10.0s for "parlor-dsc01-state" StaticText to exist
    t =    72.72s     Checking `Expect predicate `existsNoRetry == 1` for object "parlor-dsc01-state" StaticText`
    t =    72.73s         Checking existence of `"parlor-dsc01-state" StaticText`
    t =    72.75s Find the "parlor-dsc01-state" StaticText
    t =    72.77s Tap "parlor-dsc01-observe" Button
    t =    72.77s     Wait for com.parlor.app.debug to idle
    t =    72.78s     Find the "parlor-dsc01-observe" Button
    t =    72.79s     Check for interrupting elements affecting "parlor-dsc01-observe" Button
    t =    72.80s     Synthesize event
    t =    73.09s     Wait for com.parlor.app.debug to idle
    t =    74.14s Find the "parlor-dsc01-state" StaticText
    t =    74.16s Waiting 10.0s for "parlor-dsc01-state" StaticText to exist
    t =    75.18s     Checking `Expect predicate `existsNoRetry == 1` for object "parlor-dsc01-state" StaticText`
    t =    75.18s         Checking existence of `"parlor-dsc01-state" StaticText`
    t =    75.21s Find the "parlor-dsc01-state" StaticText
    t =    75.22s Terminate com.parlor.app.debug:9424
    t =    76.27s Wait for com.parlor.app.debug to become Not Running
    t =    76.27s Open com.parlor.app.debug
    t =    76.27s     Launch com.parlor.app.debug
2026-09-08 00:03:31.768 xcodebuild[7053:4194094] [MT] IDELaunchParametersSnapshot: The operation couldn’t be completed. (DebuggerLLDB.DebuggerVersionStore.StoreError error 0.)
2026-09-08 00:03:31.768 xcodebuild[7053:4194094] [MT] IDELaunchParametersSnapshot: no debugger version
    t =    76.48s         Setting up automation session
    t =    77.12s         Wait for com.parlor.app.debug to idle
    t =    78.36s Wait for com.parlor.app.debug to become Running Foreground
    t =    78.36s Waiting 30.0s for "parlor-home-brand" StaticText to exist
    t =    79.39s     Checking `Expect predicate `existsNoRetry == 1` for object "parlor-home-brand" StaticText`
    t =    79.39s         Checking existence of `"parlor-home-brand" StaticText`
    t =    79.46s Waiting 10.0s for "parlor-dsc01-observe" Button to exist
    t =    80.48s     Checking `Expect predicate `existsNoRetry == 1` for object "parlor-dsc01-observe" Button`
    t =    80.48s         Checking existence of `"parlor-dsc01-observe" Button`
    t =    80.51s Checking existence of `Alert (First Match)`
    t =    80.52s Waiting 10.0s for "parlor-dsc01-state" StaticText to exist
    t =    81.54s     Checking `Expect predicate `existsNoRetry == 1` for object "parlor-dsc01-state" StaticText`
    t =    81.54s         Checking existence of `"parlor-dsc01-state" StaticText`
    t =    81.57s Find the "parlor-dsc01-state" StaticText
    t =    81.59s Tap "parlor-dsc01-observe" Button
    t =    81.59s     Wait for com.parlor.app.debug to idle
    t =    81.59s     Find the "parlor-dsc01-observe" Button
    t =    81.60s     Check for interrupting elements affecting "parlor-dsc01-observe" Button
    t =    81.61s     Synthesize event
    t =    81.90s     Wait for com.parlor.app.debug to idle
    t =    82.93s Find the "parlor-dsc01-state" StaticText
    t =    82.96s Waiting 10.0s for "parlor-dsc01-state" StaticText to exist
    t =    83.98s     Checking `Expect predicate `existsNoRetry == 1` for object "parlor-dsc01-state" StaticText`
    t =    83.98s         Checking existence of `"parlor-dsc01-state" StaticText`
    t =    84.01s Find the "parlor-dsc01-state" StaticText
    t =    84.02s Waiting 15.0s for Any (First Match) to exist
    t =    85.05s     Checking `Expect predicate `existsNoRetry == 1` for object Any (First Match)`
    t =    85.05s         Checking existence of `Any (First Match)`
    t =    85.07s Get all elements bound by index for: Elements matching predicate 'label == "Open settings., SETTINGS"'
    t =    85.08s Find the Any (Element at index 0)
    t =    85.10s Tap "Open settings., SETTINGS" Button
    t =    85.10s     Wait for com.parlor.app.debug to idle
    t =    85.11s     Find the "Open settings., SETTINGS" Button
    t =    85.12s     Check for interrupting elements affecting "Open settings., SETTINGS" Button
    t =    85.14s     Synthesize event
    t =    85.43s     Wait for com.parlor.app.debug to idle
    t =    85.43s Waiting 15.0s for Any (First Match) to exist
    t =    86.46s     Checking `Expect predicate `existsNoRetry == 1` for object Any (First Match)`
    t =    86.47s         Checking existence of `Any (First Match)`
    t =    86.49s Checking existence of `Any (First Match)`
    t =    86.51s Waiting 10.0s for "parlor-dsc01-state" StaticText to exist
    t =    87.54s     Checking `Expect predicate `existsNoRetry == 1` for object "parlor-dsc01-state" StaticText`
    t =    87.55s         Checking existence of `"parlor-dsc01-state" StaticText`
    t =    87.57s Find the "parlor-dsc01-state" StaticText
    t =    87.58s Tap "parlor-dsc01-observe" Button
    t =    87.58s     Wait for com.parlor.app.debug to idle
    t =    87.58s     Find the "parlor-dsc01-observe" Button
    t =    87.59s     Check for interrupting elements affecting "parlor-dsc01-observe" Button
    t =    87.61s     Synthesize event
    t =    87.90s     Wait for com.parlor.app.debug to idle
    t =    88.94s Find the "parlor-dsc01-state" StaticText
    t =    88.96s Waiting 10.0s for "parlor-dsc01-state" StaticText to exist
    t =    89.99s     Checking `Expect predicate `existsNoRetry == 1` for object "parlor-dsc01-state" StaticText`
    t =    89.99s         Checking existence of `"parlor-dsc01-state" StaticText`
    t =    90.01s Find the "parlor-dsc01-state" StaticText
    t =    90.03s Waiting 15.0s for Any (First Match) to exist
    t =    91.06s     Checking `Expect predicate `existsNoRetry == 1` for object Any (First Match)`
    t =    91.06s         Checking existence of `Any (First Match)`
    t =    91.09s Get all elements bound by index for: Elements matching predicate 'label == "System language"'
    t =    91.10s Find the Any (Element at index 0)
    t =    91.12s Tap "System language" Button
    t =    91.12s     Wait for com.parlor.app.debug to idle
    t =    91.12s     Find the "System language" Button
    t =    91.13s     Check for interrupting elements affecting "System language" Button
    t =    91.14s     Synthesize event
    t =    91.43s     Wait for com.parlor.app.debug to idle
    t =    91.44s Waiting 15.0s for Any (First Match) to exist
    t =    92.47s     Checking `Expect predicate `existsNoRetry == 1` for object Any (First Match)`
    t =    92.47s         Checking existence of `Any (First Match)`
    t =    92.50s Checking existence of `Any (First Match)`
    t =    92.51s Waiting 10.0s for "parlor-dsc01-state" StaticText to exist
    t =    93.54s     Checking `Expect predicate `existsNoRetry == 1` for object "parlor-dsc01-state" StaticText`
    t =    93.54s         Checking existence of `"parlor-dsc01-state" StaticText`
    t =    93.57s Find the "parlor-dsc01-state" StaticText
    t =    93.58s Tap "parlor-dsc01-observe" Button
    t =    93.58s     Wait for com.parlor.app.debug to idle
    t =    93.58s     Find the "parlor-dsc01-observe" Button
    t =    93.59s     Check for interrupting elements affecting "parlor-dsc01-observe" Button
    t =    93.61s     Synthesize event
    t =    93.90s     Wait for com.parlor.app.debug to idle
    t =    94.94s Find the "parlor-dsc01-state" StaticText
    t =    94.95s Waiting 10.0s for "parlor-dsc01-state" StaticText to exist
    t =    95.99s     Checking `Expect predicate `existsNoRetry == 1` for object "parlor-dsc01-state" StaticText`
    t =    95.99s         Checking existence of `"parlor-dsc01-state" StaticText`
    t =    96.01s Find the "parlor-dsc01-state" StaticText
    t =    96.03s Waiting 10.0s for "parlor-dsc01-state" StaticText to exist
    t =    97.06s     Checking `Expect predicate `existsNoRetry == 1` for object "parlor-dsc01-state" StaticText`
    t =    97.06s         Checking existence of `"parlor-dsc01-state" StaticText`
    t =    97.07s Find the "parlor-dsc01-state" StaticText
    t =    97.08s Tap "parlor-dsc01-observe" Button
    t =    97.08s     Wait for com.parlor.app.debug to idle
    t =    97.08s     Find the "parlor-dsc01-observe" Button
    t =    97.09s     Check for interrupting elements affecting "parlor-dsc01-observe" Button
    t =    97.11s     Synthesize event
    t =    97.40s     Wait for com.parlor.app.debug to idle
    t =    98.44s Find the "parlor-dsc01-state" StaticText
    t =    98.46s Waiting 10.0s for "parlor-dsc01-state" StaticText to exist
    t =    99.49s     Checking `Expect predicate `existsNoRetry == 1` for object "parlor-dsc01-state" StaticText`
    t =    99.49s         Checking existence of `"parlor-dsc01-state" StaticText`
    t =    99.52s Find the "parlor-dsc01-state" StaticText
    t =    99.53s Tap "parlor-dsc01-complete" Button
    t =    99.53s     Wait for com.parlor.app.debug to idle
    t =    99.53s     Find the "parlor-dsc01-complete" Button
    t =    99.54s     Check for interrupting elements affecting "parlor-dsc01-complete" Button
    t =    99.56s     Synthesize event
    t =    99.85s     Wait for com.parlor.app.debug to idle
    t =    99.85s Waiting 10.0s for "parlor-dsc01-state" StaticText to exist
    t =   100.89s     Checking `Expect predicate `existsNoRetry == 1` for object "parlor-dsc01-state" StaticText`
    t =   100.89s         Checking existence of `"parlor-dsc01-state" StaticText`
    t =   100.92s Find the "parlor-dsc01-state" StaticText
    t =   100.93s Tap "parlor-dsc01-observe" Button
    t =   100.93s     Wait for com.parlor.app.debug to idle
    t =   100.93s     Find the "parlor-dsc01-observe" Button
    t =   100.95s     Check for interrupting elements affecting "parlor-dsc01-observe" Button
    t =   100.96s     Synthesize event
    t =   101.25s     Wait for com.parlor.app.debug to idle
    t =   102.29s Find the "parlor-dsc01-state" StaticText
    t =   102.31s Waiting 10.0s for "parlor-dsc01-state" StaticText to exist
    t =   103.33s     Checking `Expect predicate `existsNoRetry == 1` for object "parlor-dsc01-state" StaticText`
    t =   103.33s         Checking existence of `"parlor-dsc01-state" StaticText`
    t =   103.34s Find the "parlor-dsc01-state" StaticText
    t =   103.35s Terminate com.parlor.app.debug:9537
    t =   104.41s Wait for com.parlor.app.debug to become Not Running
    t =   104.41s Open com.parlor.app.debug
    t =   104.41s     Launch com.parlor.app.debug
2026-09-08 00:03:59.906 xcodebuild[7053:4194094] [MT] IDELaunchParametersSnapshot: The operation couldn’t be completed. (DebuggerLLDB.DebuggerVersionStore.StoreError error 0.)
2026-09-08 00:03:59.906 xcodebuild[7053:4194094] [MT] IDELaunchParametersSnapshot: no debugger version
    t =   104.62s         Setting up automation session
    t =   105.27s         Wait for com.parlor.app.debug to idle
    t =   106.52s Wait for com.parlor.app.debug to become Running Foreground
    t =   106.52s Waiting 30.0s for "parlor-home-brand" StaticText to exist
    t =   107.55s     Checking `Expect predicate `existsNoRetry == 1` for object "parlor-home-brand" StaticText`
    t =   107.55s         Checking existence of `"parlor-home-brand" StaticText`
    t =   107.62s Waiting 10.0s for "parlor-dsc01-observe" Button to exist
    t =   108.65s     Checking `Expect predicate `existsNoRetry == 1` for object "parlor-dsc01-observe" Button`
    t =   108.65s         Checking existence of `"parlor-dsc01-observe" Button`
    t =   108.68s Checking existence of `Alert (First Match)`
    t =   108.70s Waiting 10.0s for "parlor-dsc01-state" StaticText to exist
    t =   109.73s     Checking `Expect predicate `existsNoRetry == 1` for object "parlor-dsc01-state" StaticText`
    t =   109.73s         Checking existence of `"parlor-dsc01-state" StaticText`
    t =   109.76s Find the "parlor-dsc01-state" StaticText
    t =   109.77s Tap "parlor-dsc01-observe" Button
    t =   109.77s     Wait for com.parlor.app.debug to idle
    t =   109.77s     Find the "parlor-dsc01-observe" Button
    t =   109.79s     Check for interrupting elements affecting "parlor-dsc01-observe" Button
    t =   109.80s     Synthesize event
    t =   110.09s     Wait for com.parlor.app.debug to idle
    t =   111.12s Find the "parlor-dsc01-state" StaticText
    t =   111.14s Waiting 10.0s for "parlor-dsc01-state" StaticText to exist
    t =   112.17s     Checking `Expect predicate `existsNoRetry == 1` for object "parlor-dsc01-state" StaticText`
    t =   112.17s         Checking existence of `"parlor-dsc01-state" StaticText`
    t =   112.19s Find the "parlor-dsc01-state" StaticText
    t =   112.20s Waiting 10.0s for "parlor-dsc01-state" StaticText to exist
    t =   113.23s     Checking `Expect predicate `existsNoRetry == 1` for object "parlor-dsc01-state" StaticText`
    t =   113.23s         Checking existence of `"parlor-dsc01-state" StaticText`
    t =   113.25s Find the "parlor-dsc01-state" StaticText
    t =   113.26s Tap "parlor-dsc01-observe" Button
    t =   113.26s     Wait for com.parlor.app.debug to idle
    t =   113.27s     Find the "parlor-dsc01-observe" Button
    t =   113.28s     Check for interrupting elements affecting "parlor-dsc01-observe" Button
    t =   113.29s     Synthesize event
    t =   113.58s     Wait for com.parlor.app.debug to idle
    t =   114.61s Find the "parlor-dsc01-state" StaticText
    t =   114.63s Waiting 10.0s for "parlor-dsc01-state" StaticText to exist
    t =   115.66s     Checking `Expect predicate `existsNoRetry == 1` for object "parlor-dsc01-state" StaticText`
    t =   115.66s         Checking existence of `"parlor-dsc01-state" StaticText`
    t =   115.68s Find the "parlor-dsc01-state" StaticText
    t =   115.70s Waiting 10.0s for "parlor-native-readiness-run" Button to exist
    t =   116.73s     Checking `Expect predicate `existsNoRetry == 1` for object "parlor-native-readiness-run" Button`
    t =   116.74s         Checking existence of `"parlor-native-readiness-run" Button`
    t =   116.76s Find the "parlor-native-readiness-run" Button
    t =   116.77s Find the "parlor-native-readiness-run" Button
    t =   116.79s Tap "parlor-native-readiness-run" Button
    t =   116.79s     Wait for com.parlor.app.debug to idle
    t =   116.80s     Find the "parlor-native-readiness-run" Button
    t =   116.81s     Check for interrupting elements affecting "parlor-native-readiness-run" Button
    t =   116.82s     Synthesize event
    t =   117.11s     Wait for com.parlor.app.debug to idle
    t =   117.11s Waiting 10.0s for "parlor-native-readiness-state" StaticText to exist
    t =   118.13s     Checking `Expect predicate `existsNoRetry == 1` for object "parlor-native-readiness-state" StaticText`
    t =   118.13s         Checking existence of `"parlor-native-readiness-state" StaticText`
    t =   119.18s Find the "parlor-native-readiness-state" StaticText
    t =   119.21s Find the "parlor-native-readiness-state" StaticText
    t =   119.22s Checking existence of `Alert (First Match)`
    t =   119.23s Waiting 10.0s for "parlor-dsc01-state" StaticText to exist
    t =   120.27s     Checking `Expect predicate `existsNoRetry == 1` for object "parlor-dsc01-state" StaticText`
    t =   120.27s         Checking existence of `"parlor-dsc01-state" StaticText`
    t =   120.30s Find the "parlor-dsc01-state" StaticText
    t =   120.31s Tap "parlor-dsc01-observe" Button
    t =   120.31s     Wait for com.parlor.app.debug to idle
    t =   120.31s     Find the "parlor-dsc01-observe" Button
    t =   120.32s     Check for interrupting elements affecting "parlor-dsc01-observe" Button
    t =   120.34s     Synthesize event
    t =   120.62s     Wait for com.parlor.app.debug to idle
    t =   121.65s Find the "parlor-dsc01-state" StaticText
    t =   121.67s Waiting 10.0s for "parlor-dsc01-state" StaticText to exist
    t =   122.70s     Checking `Expect predicate `existsNoRetry == 1` for object "parlor-dsc01-state" StaticText`
    t =   122.70s         Checking existence of `"parlor-dsc01-state" StaticText`
    t =   122.73s Find the "parlor-dsc01-state" StaticText
    t =   124.80s Checking existence of `Alert (First Match)`
    t =   124.83s Waiting 10.0s for "parlor-dsc01-state" StaticText to exist
    t =   125.86s     Checking `Expect predicate `existsNoRetry == 1` for object "parlor-dsc01-state" StaticText`
    t =   125.86s         Checking existence of `"parlor-dsc01-state" StaticText`
    t =   125.88s Find the "parlor-dsc01-state" StaticText
    t =   125.89s Tap "parlor-dsc01-observe" Button
    t =   125.89s     Wait for com.parlor.app.debug to idle
    t =   125.89s     Find the "parlor-dsc01-observe" Button
    t =   125.90s     Check for interrupting elements affecting "parlor-dsc01-observe" Button
    t =   125.92s     Synthesize event
    t =   126.20s     Wait for com.parlor.app.debug to idle
    t =   127.23s Find the "parlor-dsc01-state" StaticText
    t =   127.26s Waiting 10.0s for "parlor-dsc01-state" StaticText to exist
    t =   128.29s     Checking `Expect predicate `existsNoRetry == 1` for object "parlor-dsc01-state" StaticText`
    t =   128.29s         Checking existence of `"parlor-dsc01-state" StaticText`
    t =   128.33s Find the "parlor-dsc01-state" StaticText
    t =   130.40s Checking existence of `Alert (First Match)`
    t =   130.44s Waiting 10.0s for "parlor-dsc01-state" StaticText to exist
    t =   131.46s     Checking `Expect predicate `existsNoRetry == 1` for object "parlor-dsc01-state" StaticText`
    t =   131.46s         Checking existence of `"parlor-dsc01-state" StaticText`
    t =   131.49s Find the "parlor-dsc01-state" StaticText
    t =   131.51s Tap "parlor-dsc01-observe" Button
    t =   131.51s     Wait for com.parlor.app.debug to idle
    t =   131.51s     Find the "parlor-dsc01-observe" Button
    t =   131.52s     Check for interrupting elements affecting "parlor-dsc01-observe" Button
    t =   131.54s     Synthesize event
    t =   131.83s     Wait for com.parlor.app.debug to idle
    t =   132.85s Find the "parlor-dsc01-state" StaticText
    t =   132.88s Waiting 10.0s for "parlor-dsc01-state" StaticText to exist
    t =   133.90s     Checking `Expect predicate `existsNoRetry == 1` for object "parlor-dsc01-state" StaticText`
    t =   133.90s         Checking existence of `"parlor-dsc01-state" StaticText`
    t =   133.93s Find the "parlor-dsc01-state" StaticText
    t =   136.01s Checking existence of `Alert (First Match)`
    t =   136.05s Waiting 10.0s for "parlor-dsc01-state" StaticText to exist
    t =   137.08s     Checking `Expect predicate `existsNoRetry == 1` for object "parlor-dsc01-state" StaticText`
    t =   137.08s         Checking existence of `"parlor-dsc01-state" StaticText`
    t =   137.11s Find the "parlor-dsc01-state" StaticText
    t =   137.13s Tap "parlor-dsc01-observe" Button
    t =   137.13s     Wait for com.parlor.app.debug to idle
    t =   137.13s     Find the "parlor-dsc01-observe" Button
    t =   137.14s     Check for interrupting elements affecting "parlor-dsc01-observe" Button
    t =   137.16s     Synthesize event
    t =   137.45s     Wait for com.parlor.app.debug to idle
    t =   138.48s Find the "parlor-dsc01-state" StaticText
    t =   138.51s Waiting 10.0s for "parlor-dsc01-state" StaticText to exist
    t =   139.53s     Checking `Expect predicate `existsNoRetry == 1` for object "parlor-dsc01-state" StaticText`
    t =   139.54s         Checking existence of `"parlor-dsc01-state" StaticText`
    t =   139.57s Find the "parlor-dsc01-state" StaticText
    t =   141.64s Checking existence of `Alert (First Match)`
    t =   141.68s Waiting 10.0s for "parlor-dsc01-state" StaticText to exist
    t =   142.71s     Checking `Expect predicate `existsNoRetry == 1` for object "parlor-dsc01-state" StaticText`
    t =   142.71s         Checking existence of `"parlor-dsc01-state" StaticText`
    t =   142.73s Find the "parlor-dsc01-state" StaticText
    t =   142.75s Tap "parlor-dsc01-observe" Button
    t =   142.75s     Wait for com.parlor.app.debug to idle
    t =   142.75s     Find the "parlor-dsc01-observe" Button
    t =   142.76s     Check for interrupting elements affecting "parlor-dsc01-observe" Button
    t =   142.78s     Synthesize event
    t =   143.07s     Wait for com.parlor.app.debug to idle
    t =   144.10s Find the "parlor-dsc01-state" StaticText
    t =   144.13s Waiting 10.0s for "parlor-dsc01-state" StaticText to exist
    t =   145.16s     Checking `Expect predicate `existsNoRetry == 1` for object "parlor-dsc01-state" StaticText`
    t =   145.16s         Checking existence of `"parlor-dsc01-state" StaticText`
    t =   145.19s Find the "parlor-dsc01-state" StaticText
    t =   147.26s Checking existence of `Alert (First Match)`
    t =   147.30s Waiting 10.0s for "parlor-dsc01-state" StaticText to exist
    t =   148.32s     Checking `Expect predicate `existsNoRetry == 1` for object "parlor-dsc01-state" StaticText`
    t =   148.32s         Checking existence of `"parlor-dsc01-state" StaticText`
    t =   148.35s Find the "parlor-dsc01-state" StaticText
    t =   148.36s Tap "parlor-dsc01-observe" Button
    t =   148.36s     Wait for com.parlor.app.debug to idle
    t =   148.36s     Find the "parlor-dsc01-observe" Button
    t =   148.37s     Check for interrupting elements affecting "parlor-dsc01-observe" Button
    t =   148.38s     Synthesize event
    t =   148.67s     Wait for com.parlor.app.debug to idle
    t =   149.71s Find the "parlor-dsc01-state" StaticText
    t =   149.74s Waiting 10.0s for "parlor-dsc01-state" StaticText to exist
    t =   150.76s     Checking `Expect predicate `existsNoRetry == 1` for object "parlor-dsc01-state" StaticText`
    t =   150.76s         Checking existence of `"parlor-dsc01-state" StaticText`
    t =   150.79s Find the "parlor-dsc01-state" StaticText
PARLOR_NATIVE_COLD_LAUNCH {"app_foreground":true,"boot_ordinal":1,"loaded_app_images":["Parlor","Parlor.debug.dylib"],"loaded_compose_framework":{"file_bytes":83991368,"file_sha256":"117678fa544b2b7614e6b4ce52a5c7cefc2e97a5bcc7039e44c1095f6a950be8","image_uuid":"00793d9c-bccb-3259-bf1b-42805cd07452","origin":"owned-copy-build","path":"xcode-frameworks\/Debug\/iphonesimulator26.5\/ComposeApp.framework\/ComposeApp"},"native_alert_present":false,"probe_activations":1,"process_boot":"3F65FAE1-9EEA-437E-AFA8-0D92D399EA93","run_token":"6B09F096-6FF3-4569-B086-9A40939BF2A8","samples":[{"elapsed_milliseconds":3521,"observation_sequence":4,"ordinal":1},{"elapsed_milliseconds":9127,"observation_sequence":5,"ordinal":2},{"elapsed_milliseconds":14730,"observation_sequence":6,"ordinal":3},{"elapsed_milliseconds":20365,"observation_sequence":7,"ordinal":4},{"elapsed_milliseconds":25993,"observation_sequence":8,"ordinal":5},{"elapsed_milliseconds":31593,"observation_sequence":9,"ordinal":6}],"schema_version":2,"signing_mode":"adhoc"}
    t =   150.81s Terminate com.parlor.app.debug:10824
    t =   151.85s Wait for com.parlor.app.debug to become Not Running
    t =   151.85s Open com.parlor.app.debug
    t =   151.86s     Launch com.parlor.app.debug
2026-09-08 00:04:47.354 xcodebuild[7053:4194094] [MT] IDELaunchParametersSnapshot: The operation couldn’t be completed. (DebuggerLLDB.DebuggerVersionStore.StoreError error 0.)
2026-09-08 00:04:47.354 xcodebuild[7053:4194094] [MT] IDELaunchParametersSnapshot: no debugger version
    t =   152.07s         Setting up automation session
    t =   152.79s         Wait for com.parlor.app.debug to idle
    t =   154.08s Wait for com.parlor.app.debug to become Running Foreground
    t =   154.08s Waiting 30.0s for "parlor-home-brand" StaticText to exist
    t =   155.11s     Checking `Expect predicate `existsNoRetry == 1` for object "parlor-home-brand" StaticText`
    t =   155.12s         Checking existence of `"parlor-home-brand" StaticText`
    t =   155.19s Waiting 10.0s for "parlor-dsc01-observe" Button to exist
    t =   156.22s     Checking `Expect predicate `existsNoRetry == 1` for object "parlor-dsc01-observe" Button`
    t =   156.22s         Checking existence of `"parlor-dsc01-observe" Button`
    t =   156.25s Checking existence of `Alert (First Match)`
    t =   156.27s Waiting 10.0s for "parlor-dsc01-state" StaticText to exist
    t =   157.30s     Checking `Expect predicate `existsNoRetry == 1` for object "parlor-dsc01-state" StaticText`
    t =   157.30s         Checking existence of `"parlor-dsc01-state" StaticText`
    t =   157.33s Find the "parlor-dsc01-state" StaticText
    t =   157.34s Tap "parlor-dsc01-observe" Button
    t =   157.34s     Wait for com.parlor.app.debug to idle
    t =   157.34s     Find the "parlor-dsc01-observe" Button
    t =   157.36s     Check for interrupting elements affecting "parlor-dsc01-observe" Button
    t =   157.37s     Synthesize event
    t =   157.66s     Wait for com.parlor.app.debug to idle
    t =   158.70s Find the "parlor-dsc01-state" StaticText
    t =   158.72s Waiting 10.0s for "parlor-dsc01-state" StaticText to exist
    t =   159.75s     Checking `Expect predicate `existsNoRetry == 1` for object "parlor-dsc01-state" StaticText`
    t =   159.75s         Checking existence of `"parlor-dsc01-state" StaticText`
    t =   159.77s Find the "parlor-dsc01-state" StaticText
    t =   159.79s Waiting 10.0s for "parlor-dsc01-state" StaticText to exist
    t =   160.81s     Checking `Expect predicate `existsNoRetry == 1` for object "parlor-dsc01-state" StaticText`
    t =   160.81s         Checking existence of `"parlor-dsc01-state" StaticText`
    t =   160.83s Find the "parlor-dsc01-state" StaticText
    t =   160.85s Tap "parlor-dsc01-observe" Button
    t =   160.85s     Wait for com.parlor.app.debug to idle
    t =   160.85s     Find the "parlor-dsc01-observe" Button
    t =   160.86s     Check for interrupting elements affecting "parlor-dsc01-observe" Button
    t =   160.87s     Synthesize event
    t =   161.16s     Wait for com.parlor.app.debug to idle
    t =   162.19s Find the "parlor-dsc01-state" StaticText
    t =   162.21s Waiting 10.0s for "parlor-dsc01-state" StaticText to exist
    t =   163.24s     Checking `Expect predicate `existsNoRetry == 1` for object "parlor-dsc01-state" StaticText`
    t =   163.24s         Checking existence of `"parlor-dsc01-state" StaticText`
    t =   163.26s Find the "parlor-dsc01-state" StaticText
    t =   163.28s Waiting 10.0s for "parlor-native-readiness-run" Button to exist
    t =   164.30s     Checking `Expect predicate `existsNoRetry == 1` for object "parlor-native-readiness-run" Button`
    t =   164.31s         Checking existence of `"parlor-native-readiness-run" Button`
    t =   164.33s Find the "parlor-native-readiness-run" Button
    t =   164.35s Find the "parlor-native-readiness-run" Button
    t =   164.37s Tap "parlor-native-readiness-run" Button
    t =   164.37s     Wait for com.parlor.app.debug to idle
    t =   164.37s     Find the "parlor-native-readiness-run" Button
    t =   164.38s     Check for interrupting elements affecting "parlor-native-readiness-run" Button
    t =   164.39s     Synthesize event
    t =   164.68s     Wait for com.parlor.app.debug to idle
    t =   164.68s Waiting 10.0s for "parlor-native-readiness-state" StaticText to exist
    t =   165.71s     Checking `Expect predicate `existsNoRetry == 1` for object "parlor-native-readiness-state" StaticText`
    t =   165.71s         Checking existence of `"parlor-native-readiness-state" StaticText`
    t =   166.76s Find the "parlor-native-readiness-state" StaticText
    t =   166.78s Find the "parlor-native-readiness-state" StaticText
    t =   166.79s Checking existence of `Alert (First Match)`
    t =   166.81s Waiting 10.0s for "parlor-dsc01-state" StaticText to exist
    t =   167.83s     Checking `Expect predicate `existsNoRetry == 1` for object "parlor-dsc01-state" StaticText`
    t =   167.83s         Checking existence of `"parlor-dsc01-state" StaticText`
    t =   167.86s Find the "parlor-dsc01-state" StaticText
    t =   167.87s Tap "parlor-dsc01-observe" Button
    t =   167.87s     Wait for com.parlor.app.debug to idle
    t =   167.88s     Find the "parlor-dsc01-observe" Button
    t =   167.89s     Check for interrupting elements affecting "parlor-dsc01-observe" Button
    t =   167.90s     Synthesize event
    t =   168.19s     Wait for com.parlor.app.debug to idle
    t =   169.23s Find the "parlor-dsc01-state" StaticText
    t =   169.25s Waiting 10.0s for "parlor-dsc01-state" StaticText to exist
    t =   170.28s     Checking `Expect predicate `existsNoRetry == 1` for object "parlor-dsc01-state" StaticText`
    t =   170.28s         Checking existence of `"parlor-dsc01-state" StaticText`
    t =   170.30s Find the "parlor-dsc01-state" StaticText
    t =   172.38s Checking existence of `Alert (First Match)`
    t =   172.41s Waiting 10.0s for "parlor-dsc01-state" StaticText to exist
    t =   173.43s     Checking `Expect predicate `existsNoRetry == 1` for object "parlor-dsc01-state" StaticText`
    t =   173.43s         Checking existence of `"parlor-dsc01-state" StaticText`
    t =   173.46s Find the "parlor-dsc01-state" StaticText
    t =   173.47s Tap "parlor-dsc01-observe" Button
    t =   173.48s     Wait for com.parlor.app.debug to idle
    t =   173.48s     Find the "parlor-dsc01-observe" Button
    t =   173.49s     Check for interrupting elements affecting "parlor-dsc01-observe" Button
    t =   173.51s     Synthesize event
    t =   173.80s     Wait for com.parlor.app.debug to idle
    t =   174.83s Find the "parlor-dsc01-state" StaticText
    t =   174.85s Waiting 10.0s for "parlor-dsc01-state" StaticText to exist
    t =   175.88s     Checking `Expect predicate `existsNoRetry == 1` for object "parlor-dsc01-state" StaticText`
    t =   175.88s         Checking existence of `"parlor-dsc01-state" StaticText`
    t =   175.90s Find the "parlor-dsc01-state" StaticText
    t =   177.98s Checking existence of `Alert (First Match)`
    t =   178.02s Waiting 10.0s for "parlor-dsc01-state" StaticText to exist
    t =   179.04s     Checking `Expect predicate `existsNoRetry == 1` for object "parlor-dsc01-state" StaticText`
    t =   179.04s         Checking existence of `"parlor-dsc01-state" StaticText`
    t =   179.06s Find the "parlor-dsc01-state" StaticText
    t =   179.07s Tap "parlor-dsc01-observe" Button
    t =   179.07s     Wait for com.parlor.app.debug to idle
    t =   179.08s     Find the "parlor-dsc01-observe" Button
    t =   179.09s     Check for interrupting elements affecting "parlor-dsc01-observe" Button
    t =   179.10s     Synthesize event
    t =   179.39s     Wait for com.parlor.app.debug to idle
    t =   180.42s Find the "parlor-dsc01-state" StaticText
    t =   180.44s Waiting 10.0s for "parlor-dsc01-state" StaticText to exist
    t =   181.46s     Checking `Expect predicate `existsNoRetry == 1` for object "parlor-dsc01-state" StaticText`
    t =   181.46s         Checking existence of `"parlor-dsc01-state" StaticText`
    t =   181.49s Find the "parlor-dsc01-state" StaticText
    t =   183.57s Checking existence of `Alert (First Match)`
    t =   183.60s Waiting 10.0s for "parlor-dsc01-state" StaticText to exist
    t =   184.63s     Checking `Expect predicate `existsNoRetry == 1` for object "parlor-dsc01-state" StaticText`
    t =   184.63s         Checking existence of `"parlor-dsc01-state" StaticText`
    t =   184.65s Find the "parlor-dsc01-state" StaticText
    t =   184.66s Tap "parlor-dsc01-observe" Button
    t =   184.66s     Wait for com.parlor.app.debug to idle
    t =   184.66s     Find the "parlor-dsc01-observe" Button
    t =   184.68s     Check for interrupting elements affecting "parlor-dsc01-observe" Button
    t =   184.69s     Synthesize event
    t =   184.98s     Wait for com.parlor.app.debug to idle
    t =   186.01s Find the "parlor-dsc01-state" StaticText
    t =   186.04s Waiting 10.0s for "parlor-dsc01-state" StaticText to exist
    t =   187.06s     Checking `Expect predicate `existsNoRetry == 1` for object "parlor-dsc01-state" StaticText`
    t =   187.06s         Checking existence of `"parlor-dsc01-state" StaticText`
    t =   187.09s Find the "parlor-dsc01-state" StaticText
    t =   189.16s Checking existence of `Alert (First Match)`
    t =   189.19s Waiting 10.0s for "parlor-dsc01-state" StaticText to exist
    t =   190.22s     Checking `Expect predicate `existsNoRetry == 1` for object "parlor-dsc01-state" StaticText`
    t =   190.22s         Checking existence of `"parlor-dsc01-state" StaticText`
    t =   190.24s Find the "parlor-dsc01-state" StaticText
    t =   190.25s Tap "parlor-dsc01-observe" Button
    t =   190.25s     Wait for com.parlor.app.debug to idle
    t =   190.25s     Find the "parlor-dsc01-observe" Button
    t =   190.26s     Check for interrupting elements affecting "parlor-dsc01-observe" Button
    t =   190.28s     Synthesize event
    t =   190.57s     Wait for com.parlor.app.debug to idle
    t =   191.60s Find the "parlor-dsc01-state" StaticText
    t =   191.62s Waiting 10.0s for "parlor-dsc01-state" StaticText to exist
    t =   192.64s     Checking `Expect predicate `existsNoRetry == 1` for object "parlor-dsc01-state" StaticText`
    t =   192.64s         Checking existence of `"parlor-dsc01-state" StaticText`
    t =   192.65s Find the "parlor-dsc01-state" StaticText
    t =   194.73s Checking existence of `Alert (First Match)`
    t =   194.76s Waiting 10.0s for "parlor-dsc01-state" StaticText to exist
    t =   195.79s     Checking `Expect predicate `existsNoRetry == 1` for object "parlor-dsc01-state" StaticText`
    t =   195.79s         Checking existence of `"parlor-dsc01-state" StaticText`
    t =   195.81s Find the "parlor-dsc01-state" StaticText
    t =   195.82s Tap "parlor-dsc01-observe" Button
    t =   195.82s     Wait for com.parlor.app.debug to idle
    t =   195.82s     Find the "parlor-dsc01-observe" Button
    t =   195.84s     Check for interrupting elements affecting "parlor-dsc01-observe" Button
    t =   195.85s     Synthesize event
    t =   196.14s     Wait for com.parlor.app.debug to idle
    t =   197.17s Find the "parlor-dsc01-state" StaticText
    t =   197.19s Waiting 10.0s for "parlor-dsc01-state" StaticText to exist
    t =   198.21s     Checking `Expect predicate `existsNoRetry == 1` for object "parlor-dsc01-state" StaticText`
    t =   198.21s         Checking existence of `"parlor-dsc01-state" StaticText`
    t =   198.24s Find the "parlor-dsc01-state" StaticText
PARLOR_NATIVE_COLD_LAUNCH {"app_foreground":true,"boot_ordinal":2,"loaded_app_images":["Parlor","Parlor.debug.dylib"],"loaded_compose_framework":{"file_bytes":83991368,"file_sha256":"117678fa544b2b7614e6b4ce52a5c7cefc2e97a5bcc7039e44c1095f6a950be8","image_uuid":"00793d9c-bccb-3259-bf1b-42805cd07452","origin":"owned-copy-build","path":"xcode-frameworks\/Debug\/iphonesimulator26.5\/ComposeApp.framework\/ComposeApp"},"native_alert_present":false,"probe_activations":1,"process_boot":"F377B5D0-E91E-4D16-A48E-6839C705F102","run_token":"6B09F096-6FF3-4569-B086-9A40939BF2A8","samples":[{"elapsed_milliseconds":3520,"observation_sequence":13,"ordinal":1},{"elapsed_milliseconds":9122,"observation_sequence":14,"ordinal":2},{"elapsed_milliseconds":14706,"observation_sequence":15,"ordinal":3},{"elapsed_milliseconds":20309,"observation_sequence":16,"ordinal":4},{"elapsed_milliseconds":25872,"observation_sequence":17,"ordinal":5},{"elapsed_milliseconds":31457,"observation_sequence":18,"ordinal":6}],"schema_version":2,"signing_mode":"adhoc"}
    t =   198.25s Terminate com.parlor.app.debug:11118
    t =   199.30s Wait for com.parlor.app.debug to become Not Running
    t =   199.30s Open com.parlor.app.debug
    t =   199.30s     Launch com.parlor.app.debug
2026-09-08 00:05:34.799 xcodebuild[7053:4194094] [MT] IDELaunchParametersSnapshot: The operation couldn’t be completed. (DebuggerLLDB.DebuggerVersionStore.StoreError error 0.)
2026-09-08 00:05:34.799 xcodebuild[7053:4194094] [MT] IDELaunchParametersSnapshot: no debugger version
    t =   199.51s         Setting up automation session
    t =   200.21s         Wait for com.parlor.app.debug to idle
    t =   201.51s Wait for com.parlor.app.debug to become Running Foreground
    t =   201.51s Waiting 30.0s for "parlor-home-brand" StaticText to exist
    t =   202.54s     Checking `Expect predicate `existsNoRetry == 1` for object "parlor-home-brand" StaticText`
    t =   202.54s         Checking existence of `"parlor-home-brand" StaticText`
    t =   202.60s Waiting 10.0s for "parlor-dsc01-observe" Button to exist
    t =   203.63s     Checking `Expect predicate `existsNoRetry == 1` for object "parlor-dsc01-observe" Button`
    t =   203.63s         Checking existence of `"parlor-dsc01-observe" Button`
    t =   203.65s Checking existence of `Alert (First Match)`
    t =   203.67s Waiting 10.0s for "parlor-dsc01-state" StaticText to exist
    t =   204.69s     Checking `Expect predicate `existsNoRetry == 1` for object "parlor-dsc01-state" StaticText`
    t =   204.69s         Checking existence of `"parlor-dsc01-state" StaticText`
    t =   204.71s Find the "parlor-dsc01-state" StaticText
    t =   204.72s Tap "parlor-dsc01-observe" Button
    t =   204.72s     Wait for com.parlor.app.debug to idle
    t =   204.73s     Find the "parlor-dsc01-observe" Button
    t =   204.74s     Check for interrupting elements affecting "parlor-dsc01-observe" Button
    t =   204.75s     Synthesize event
    t =   205.04s     Wait for com.parlor.app.debug to idle
    t =   206.08s Find the "parlor-dsc01-state" StaticText
    t =   206.10s Waiting 10.0s for "parlor-dsc01-state" StaticText to exist
    t =   207.13s     Checking `Expect predicate `existsNoRetry == 1` for object "parlor-dsc01-state" StaticText`
    t =   207.13s         Checking existence of `"parlor-dsc01-state" StaticText`
    t =   207.16s Find the "parlor-dsc01-state" StaticText
    t =   207.17s Waiting 10.0s for "parlor-dsc01-state" StaticText to exist
    t =   208.20s     Checking `Expect predicate `existsNoRetry == 1` for object "parlor-dsc01-state" StaticText`
    t =   208.20s         Checking existence of `"parlor-dsc01-state" StaticText`
    t =   208.22s Find the "parlor-dsc01-state" StaticText
    t =   208.23s Tap "parlor-dsc01-observe" Button
    t =   208.23s     Wait for com.parlor.app.debug to idle
    t =   208.24s     Find the "parlor-dsc01-observe" Button
    t =   208.25s     Check for interrupting elements affecting "parlor-dsc01-observe" Button
    t =   208.26s     Synthesize event
    t =   208.55s     Wait for com.parlor.app.debug to idle
    t =   209.58s Find the "parlor-dsc01-state" StaticText
    t =   209.60s Waiting 10.0s for "parlor-dsc01-state" StaticText to exist
    t =   210.63s     Checking `Expect predicate `existsNoRetry == 1` for object "parlor-dsc01-state" StaticText`
    t =   210.63s         Checking existence of `"parlor-dsc01-state" StaticText`
    t =   210.66s Find the "parlor-dsc01-state" StaticText
    t =   210.67s Waiting 10.0s for "parlor-native-readiness-run" Button to exist
    t =   211.70s     Checking `Expect predicate `existsNoRetry == 1` for object "parlor-native-readiness-run" Button`
    t =   211.70s         Checking existence of `"parlor-native-readiness-run" Button`
    t =   211.72s Find the "parlor-native-readiness-run" Button
    t =   211.74s Find the "parlor-native-readiness-run" Button
    t =   211.75s Tap "parlor-native-readiness-run" Button
    t =   211.75s     Wait for com.parlor.app.debug to idle
    t =   211.75s     Find the "parlor-native-readiness-run" Button
    t =   211.77s     Check for interrupting elements affecting "parlor-native-readiness-run" Button
    t =   211.78s     Synthesize event
    t =   212.06s     Wait for com.parlor.app.debug to idle
    t =   212.06s Waiting 10.0s for "parlor-native-readiness-state" StaticText to exist
    t =   213.09s     Checking `Expect predicate `existsNoRetry == 1` for object "parlor-native-readiness-state" StaticText`
    t =   213.09s         Checking existence of `"parlor-native-readiness-state" StaticText`
    t =   214.13s Find the "parlor-native-readiness-state" StaticText
    t =   214.16s Find the "parlor-native-readiness-state" StaticText
    t =   214.18s Checking existence of `Alert (First Match)`
    t =   214.20s Waiting 10.0s for "parlor-dsc01-state" StaticText to exist
    t =   215.23s     Checking `Expect predicate `existsNoRetry == 1` for object "parlor-dsc01-state" StaticText`
    t =   215.23s         Checking existence of `"parlor-dsc01-state" StaticText`
    t =   215.25s Find the "parlor-dsc01-state" StaticText
    t =   215.26s Tap "parlor-dsc01-observe" Button
    t =   215.26s     Wait for com.parlor.app.debug to idle
    t =   215.26s     Find the "parlor-dsc01-observe" Button
    t =   215.27s     Check for interrupting elements affecting "parlor-dsc01-observe" Button
    t =   215.29s     Synthesize event
    t =   215.58s     Wait for com.parlor.app.debug to idle
    t =   216.61s Find the "parlor-dsc01-state" StaticText
    t =   216.63s Waiting 10.0s for "parlor-dsc01-state" StaticText to exist
    t =   217.66s     Checking `Expect predicate `existsNoRetry == 1` for object "parlor-dsc01-state" StaticText`
    t =   217.66s         Checking existence of `"parlor-dsc01-state" StaticText`
    t =   217.69s Find the "parlor-dsc01-state" StaticText
    t =   219.77s Checking existence of `Alert (First Match)`
    t =   219.80s Waiting 10.0s for "parlor-dsc01-state" StaticText to exist
    t =   220.83s     Checking `Expect predicate `existsNoRetry == 1` for object "parlor-dsc01-state" StaticText`
    t =   220.83s         Checking existence of `"parlor-dsc01-state" StaticText`
    t =   220.85s Find the "parlor-dsc01-state" StaticText
    t =   220.86s Tap "parlor-dsc01-observe" Button
    t =   220.86s     Wait for com.parlor.app.debug to idle
    t =   220.86s     Find the "parlor-dsc01-observe" Button
    t =   220.88s     Check for interrupting elements affecting "parlor-dsc01-observe" Button
    t =   220.89s     Synthesize event
    t =   221.18s     Wait for com.parlor.app.debug to idle
    t =   222.22s Find the "parlor-dsc01-state" StaticText
    t =   222.24s Waiting 10.0s for "parlor-dsc01-state" StaticText to exist
    t =   223.27s     Checking `Expect predicate `existsNoRetry == 1` for object "parlor-dsc01-state" StaticText`
    t =   223.27s         Checking existence of `"parlor-dsc01-state" StaticText`
    t =   223.29s Find the "parlor-dsc01-state" StaticText
    t =   225.37s Checking existence of `Alert (First Match)`
    t =   225.40s Waiting 10.0s for "parlor-dsc01-state" StaticText to exist
    t =   226.43s     Checking `Expect predicate `existsNoRetry == 1` for object "parlor-dsc01-state" StaticText`
    t =   226.43s         Checking existence of `"parlor-dsc01-state" StaticText`
    t =   226.45s Find the "parlor-dsc01-state" StaticText
    t =   226.46s Tap "parlor-dsc01-observe" Button
    t =   226.46s     Wait for com.parlor.app.debug to idle
    t =   226.46s     Find the "parlor-dsc01-observe" Button
    t =   226.47s     Check for interrupting elements affecting "parlor-dsc01-observe" Button
    t =   226.49s     Synthesize event
    t =   226.77s     Wait for com.parlor.app.debug to idle
    t =   227.81s Find the "parlor-dsc01-state" StaticText
    t =   227.83s Waiting 10.0s for "parlor-dsc01-state" StaticText to exist
    t =   228.85s     Checking `Expect predicate `existsNoRetry == 1` for object "parlor-dsc01-state" StaticText`
    t =   228.85s         Checking existence of `"parlor-dsc01-state" StaticText`
    t =   228.88s Find the "parlor-dsc01-state" StaticText
    t =   230.96s Checking existence of `Alert (First Match)`
    t =   230.99s Waiting 10.0s for "parlor-dsc01-state" StaticText to exist
    t =   232.02s     Checking `Expect predicate `existsNoRetry == 1` for object "parlor-dsc01-state" StaticText`
    t =   232.02s         Checking existence of `"parlor-dsc01-state" StaticText`
    t =   232.04s Find the "parlor-dsc01-state" StaticText
    t =   232.05s Tap "parlor-dsc01-observe" Button
    t =   232.05s     Wait for com.parlor.app.debug to idle
    t =   232.05s     Find the "parlor-dsc01-observe" Button
    t =   232.07s     Check for interrupting elements affecting "parlor-dsc01-observe" Button
    t =   232.08s     Synthesize event
    t =   232.37s     Wait for com.parlor.app.debug to idle
    t =   233.40s Find the "parlor-dsc01-state" StaticText
    t =   233.42s Waiting 10.0s for "parlor-dsc01-state" StaticText to exist
    t =   234.44s     Checking `Expect predicate `existsNoRetry == 1` for object "parlor-dsc01-state" StaticText`
    t =   234.44s         Checking existence of `"parlor-dsc01-state" StaticText`
    t =   234.47s Find the "parlor-dsc01-state" StaticText
    t =   236.54s Checking existence of `Alert (First Match)`
    t =   236.58s Waiting 10.0s for "parlor-dsc01-state" StaticText to exist
    t =   237.60s     Checking `Expect predicate `existsNoRetry == 1` for object "parlor-dsc01-state" StaticText`
    t =   237.60s         Checking existence of `"parlor-dsc01-state" StaticText`
    t =   237.62s Find the "parlor-dsc01-state" StaticText
    t =   237.63s Tap "parlor-dsc01-observe" Button
    t =   237.63s     Wait for com.parlor.app.debug to idle
    t =   237.64s     Find the "parlor-dsc01-observe" Button
    t =   237.65s     Check for interrupting elements affecting "parlor-dsc01-observe" Button
    t =   237.66s     Synthesize event
    t =   237.95s     Wait for com.parlor.app.debug to idle
    t =   238.97s Find the "parlor-dsc01-state" StaticText
    t =   238.99s Waiting 10.0s for "parlor-dsc01-state" StaticText to exist
    t =   240.01s     Checking `Expect predicate `existsNoRetry == 1` for object "parlor-dsc01-state" StaticText`
    t =   240.01s         Checking existence of `"parlor-dsc01-state" StaticText`
    t =   240.08s Find the "parlor-dsc01-state" StaticText
    t =   242.16s Checking existence of `Alert (First Match)`
    t =   242.20s Waiting 10.0s for "parlor-dsc01-state" StaticText to exist
    t =   243.23s     Checking `Expect predicate `existsNoRetry == 1` for object "parlor-dsc01-state" StaticText`
    t =   243.23s         Checking existence of `"parlor-dsc01-state" StaticText`
    t =   243.24s Find the "parlor-dsc01-state" StaticText
    t =   243.26s Tap "parlor-dsc01-observe" Button
    t =   243.26s     Wait for com.parlor.app.debug to idle
    t =   243.26s     Find the "parlor-dsc01-observe" Button
    t =   243.27s     Check for interrupting elements affecting "parlor-dsc01-observe" Button
    t =   243.28s     Synthesize event
    t =   243.57s     Wait for com.parlor.app.debug to idle
    t =   244.61s Find the "parlor-dsc01-state" StaticText
    t =   244.63s Waiting 10.0s for "parlor-dsc01-state" StaticText to exist
    t =   245.65s     Checking `Expect predicate `existsNoRetry == 1` for object "parlor-dsc01-state" StaticText`
    t =   245.65s         Checking existence of `"parlor-dsc01-state" StaticText`
    t =   245.68s Find the "parlor-dsc01-state" StaticText
PARLOR_NATIVE_COLD_LAUNCH {"app_foreground":true,"boot_ordinal":3,"loaded_app_images":["Parlor","Parlor.debug.dylib"],"loaded_compose_framework":{"file_bytes":83991368,"file_sha256":"117678fa544b2b7614e6b4ce52a5c7cefc2e97a5bcc7039e44c1095f6a950be8","image_uuid":"00793d9c-bccb-3259-bf1b-42805cd07452","origin":"owned-copy-build","path":"xcode-frameworks\/Debug\/iphonesimulator26.5\/ComposeApp.framework\/ComposeApp"},"native_alert_present":false,"probe_activations":1,"process_boot":"0F11A479-F4F0-4A2D-9B94-C37216788DF1","run_token":"6B09F096-6FF3-4569-B086-9A40939BF2A8","samples":[{"elapsed_milliseconds":3526,"observation_sequence":22,"ordinal":1},{"elapsed_milliseconds":9126,"observation_sequence":23,"ordinal":2},{"elapsed_milliseconds":14719,"observation_sequence":24,"ordinal":3},{"elapsed_milliseconds":20312,"observation_sequence":25,"ordinal":4},{"elapsed_milliseconds":25917,"observation_sequence":26,"ordinal":5},{"elapsed_milliseconds":31513,"observation_sequence":27,"ordinal":6}],"schema_version":2,"signing_mode":"adhoc"}
    t =   245.69s Terminate com.parlor.app.debug:12038
    t =   246.74s Wait for com.parlor.app.debug to become Not Running
    t =   246.74s Open com.parlor.app.debug
    t =   246.74s     Launch com.parlor.app.debug
2026-09-08 00:06:22.240 xcodebuild[7053:4194094] [MT] IDELaunchParametersSnapshot: The operation couldn’t be completed. (DebuggerLLDB.DebuggerVersionStore.StoreError error 0.)
2026-09-08 00:06:22.240 xcodebuild[7053:4194094] [MT] IDELaunchParametersSnapshot: no debugger version
    t =   246.95s         Setting up automation session
    t =   247.92s         Wait for com.parlor.app.debug to idle
    t =   249.21s Wait for com.parlor.app.debug to become Running Foreground
    t =   249.21s Waiting 30.0s for "parlor-home-brand" StaticText to exist
    t =   250.24s     Checking `Expect predicate `existsNoRetry == 1` for object "parlor-home-brand" StaticText`
    t =   250.24s         Checking existence of `"parlor-home-brand" StaticText`
    t =   250.31s Waiting 10.0s for "parlor-dsc01-observe" Button to exist
    t =   251.33s     Checking `Expect predicate `existsNoRetry == 1` for object "parlor-dsc01-observe" Button`
    t =   251.33s         Checking existence of `"parlor-dsc01-observe" Button`
    t =   251.35s Checking existence of `Alert (First Match)`
    t =   251.36s Waiting 10.0s for "parlor-dsc01-state" StaticText to exist
    t =   252.40s     Checking `Expect predicate `existsNoRetry == 1` for object "parlor-dsc01-state" StaticText`
    t =   252.40s         Checking existence of `"parlor-dsc01-state" StaticText`
    t =   252.42s Find the "parlor-dsc01-state" StaticText
    t =   252.43s Tap "parlor-dsc01-observe" Button
    t =   252.43s     Wait for com.parlor.app.debug to idle
    t =   252.43s     Find the "parlor-dsc01-observe" Button
    t =   252.45s     Check for interrupting elements affecting "parlor-dsc01-observe" Button
    t =   252.46s     Synthesize event
    t =   252.75s     Wait for com.parlor.app.debug to idle
    t =   253.79s Find the "parlor-dsc01-state" StaticText
    t =   253.81s Waiting 10.0s for "parlor-dsc01-state" StaticText to exist
    t =   254.85s     Checking `Expect predicate `existsNoRetry == 1` for object "parlor-dsc01-state" StaticText`
    t =   254.85s         Checking existence of `"parlor-dsc01-state" StaticText`
    t =   254.87s Find the "parlor-dsc01-state" StaticText
    t =   254.89s Waiting 10.0s for "parlor-dsc01-state" StaticText to exist
    t =   255.92s     Checking `Expect predicate `existsNoRetry == 1` for object "parlor-dsc01-state" StaticText`
    t =   255.92s         Checking existence of `"parlor-dsc01-state" StaticText`
    t =   255.95s Find the "parlor-dsc01-state" StaticText
    t =   255.97s Tap "parlor-dsc01-observe" Button
    t =   255.97s     Wait for com.parlor.app.debug to idle
    t =   255.97s     Find the "parlor-dsc01-observe" Button
    t =   255.98s     Check for interrupting elements affecting "parlor-dsc01-observe" Button
    t =   256.00s     Synthesize event
    t =   256.29s     Wait for com.parlor.app.debug to idle
    t =   257.31s Find the "parlor-dsc01-state" StaticText
    t =   257.33s Waiting 10.0s for "parlor-dsc01-state" StaticText to exist
    t =   258.36s     Checking `Expect predicate `existsNoRetry == 1` for object "parlor-dsc01-state" StaticText`
    t =   258.36s         Checking existence of `"parlor-dsc01-state" StaticText`
    t =   258.37s Find the "parlor-dsc01-state" StaticText
    t =   258.39s Waiting 10.0s for "parlor-native-readiness-run" Button to exist
    t =   259.41s     Checking `Expect predicate `existsNoRetry == 1` for object "parlor-native-readiness-run" Button`
    t =   259.41s         Checking existence of `"parlor-native-readiness-run" Button`
    t =   259.44s Find the "parlor-native-readiness-run" Button
    t =   259.45s Find the "parlor-native-readiness-run" Button
    t =   259.48s Tap "parlor-native-readiness-run" Button
    t =   259.48s     Wait for com.parlor.app.debug to idle
    t =   259.48s     Find the "parlor-native-readiness-run" Button
    t =   259.49s     Check for interrupting elements affecting "parlor-native-readiness-run" Button
    t =   259.51s     Synthesize event
    t =   259.79s     Wait for com.parlor.app.debug to idle
    t =   259.93s Waiting 10.0s for "parlor-native-readiness-state" StaticText to exist
    t =   260.96s     Checking `Expect predicate `existsNoRetry == 1` for object "parlor-native-readiness-state" StaticText`
    t =   260.96s         Checking existence of `"parlor-native-readiness-state" StaticText`
    t =   262.00s Find the "parlor-native-readiness-state" StaticText
    t =   262.02s Find the "parlor-native-readiness-state" StaticText
    t =   262.03s Checking existence of `Alert (First Match)`
    t =   262.05s Waiting 10.0s for "parlor-dsc01-state" StaticText to exist
    t =   263.07s     Checking `Expect predicate `existsNoRetry == 1` for object "parlor-dsc01-state" StaticText`
    t =   263.07s         Checking existence of `"parlor-dsc01-state" StaticText`
    t =   263.09s Find the "parlor-dsc01-state" StaticText
    t =   263.11s Tap "parlor-dsc01-observe" Button
    t =   263.11s     Wait for com.parlor.app.debug to idle
    t =   263.11s     Find the "parlor-dsc01-observe" Button
    t =   263.12s     Check for interrupting elements affecting "parlor-dsc01-observe" Button
    t =   263.14s     Synthesize event
    t =   263.42s     Wait for com.parlor.app.debug to idle
    t =   264.46s Find the "parlor-dsc01-state" StaticText
    t =   264.48s Waiting 10.0s for "parlor-dsc01-state" StaticText to exist
    t =   265.50s     Checking `Expect predicate `existsNoRetry == 1` for object "parlor-dsc01-state" StaticText`
    t =   265.50s         Checking existence of `"parlor-dsc01-state" StaticText`
    t =   265.53s Find the "parlor-dsc01-state" StaticText
    t =   267.61s Checking existence of `Alert (First Match)`
    t =   267.64s Waiting 10.0s for "parlor-dsc01-state" StaticText to exist
    t =   268.67s     Checking `Expect predicate `existsNoRetry == 1` for object "parlor-dsc01-state" StaticText`
    t =   268.67s         Checking existence of `"parlor-dsc01-state" StaticText`
    t =   268.68s Find the "parlor-dsc01-state" StaticText
    t =   268.69s Tap "parlor-dsc01-observe" Button
    t =   268.69s     Wait for com.parlor.app.debug to idle
    t =   268.69s     Find the "parlor-dsc01-observe" Button
    t =   268.71s     Check for interrupting elements affecting "parlor-dsc01-observe" Button
    t =   268.72s     Synthesize event
    t =   269.00s     Wait for com.parlor.app.debug to idle
    t =   270.05s Find the "parlor-dsc01-state" StaticText
    t =   270.07s Waiting 10.0s for "parlor-dsc01-state" StaticText to exist
    t =   271.10s     Checking `Expect predicate `existsNoRetry == 1` for object "parlor-dsc01-state" StaticText`
    t =   271.10s         Checking existence of `"parlor-dsc01-state" StaticText`
    t =   271.12s Find the "parlor-dsc01-state" StaticText
    t =   273.20s Checking existence of `Alert (First Match)`
    t =   273.22s Waiting 10.0s for "parlor-dsc01-state" StaticText to exist
    t =   274.24s     Checking `Expect predicate `existsNoRetry == 1` for object "parlor-dsc01-state" StaticText`
    t =   274.25s         Checking existence of `"parlor-dsc01-state" StaticText`
    t =   274.27s Find the "parlor-dsc01-state" StaticText
    t =   274.29s Tap "parlor-dsc01-observe" Button
    t =   274.29s     Wait for com.parlor.app.debug to idle
    t =   274.29s     Find the "parlor-dsc01-observe" Button
    t =   274.31s     Check for interrupting elements affecting "parlor-dsc01-observe" Button
    t =   274.32s     Synthesize event
    t =   274.61s     Wait for com.parlor.app.debug to idle
    t =   275.65s Find the "parlor-dsc01-state" StaticText
    t =   275.67s Waiting 10.0s for "parlor-dsc01-state" StaticText to exist
    t =   276.71s     Checking `Expect predicate `existsNoRetry == 1` for object "parlor-dsc01-state" StaticText`
    t =   276.71s         Checking existence of `"parlor-dsc01-state" StaticText`
    t =   276.77s Find the "parlor-dsc01-state" StaticText
    t =   278.85s Checking existence of `Alert (First Match)`
    t =   278.88s Waiting 10.0s for "parlor-dsc01-state" StaticText to exist
    t =   279.90s     Checking `Expect predicate `existsNoRetry == 1` for object "parlor-dsc01-state" StaticText`
    t =   279.91s         Checking existence of `"parlor-dsc01-state" StaticText`
    t =   279.93s Find the "parlor-dsc01-state" StaticText
    t =   279.94s Tap "parlor-dsc01-observe" Button
    t =   279.94s     Wait for com.parlor.app.debug to idle
    t =   279.94s     Find the "parlor-dsc01-observe" Button
    t =   279.95s     Check for interrupting elements affecting "parlor-dsc01-observe" Button
    t =   279.96s     Synthesize event
    t =   280.25s     Wait for com.parlor.app.debug to idle
    t =   281.28s Find the "parlor-dsc01-state" StaticText
    t =   281.30s Waiting 10.0s for "parlor-dsc01-state" StaticText to exist
    t =   282.33s     Checking `Expect predicate `existsNoRetry == 1` for object "parlor-dsc01-state" StaticText`
    t =   282.33s         Checking existence of `"parlor-dsc01-state" StaticText`
    t =   282.36s Find the "parlor-dsc01-state" StaticText
    t =   284.43s Checking existence of `Alert (First Match)`
    t =   284.46s Waiting 10.0s for "parlor-dsc01-state" StaticText to exist
    t =   285.49s     Checking `Expect predicate `existsNoRetry == 1` for object "parlor-dsc01-state" StaticText`
    t =   285.49s         Checking existence of `"parlor-dsc01-state" StaticText`
    t =   285.50s Find the "parlor-dsc01-state" StaticText
    t =   285.52s Tap "parlor-dsc01-observe" Button
    t =   285.52s     Wait for com.parlor.app.debug to idle
    t =   285.52s     Find the "parlor-dsc01-observe" Button
    t =   285.53s     Check for interrupting elements affecting "parlor-dsc01-observe" Button
    t =   285.54s     Synthesize event
    t =   285.83s     Wait for com.parlor.app.debug to idle
    t =   286.85s Find the "parlor-dsc01-state" StaticText
    t =   286.87s Waiting 10.0s for "parlor-dsc01-state" StaticText to exist
    t =   287.90s     Checking `Expect predicate `existsNoRetry == 1` for object "parlor-dsc01-state" StaticText`
    t =   287.90s         Checking existence of `"parlor-dsc01-state" StaticText`
    t =   287.92s Find the "parlor-dsc01-state" StaticText
    t =   290.00s Checking existence of `Alert (First Match)`
    t =   290.03s Waiting 10.0s for "parlor-dsc01-state" StaticText to exist
    t =   291.05s     Checking `Expect predicate `existsNoRetry == 1` for object "parlor-dsc01-state" StaticText`
    t =   291.06s         Checking existence of `"parlor-dsc01-state" StaticText`
    t =   291.08s Find the "parlor-dsc01-state" StaticText
    t =   291.10s Tap "parlor-dsc01-observe" Button
    t =   291.10s     Wait for com.parlor.app.debug to idle
    t =   291.10s     Find the "parlor-dsc01-observe" Button
    t =   291.11s     Check for interrupting elements affecting "parlor-dsc01-observe" Button
    t =   291.13s     Synthesize event
    t =   291.42s     Wait for com.parlor.app.debug to idle
    t =   292.44s Find the "parlor-dsc01-state" StaticText
    t =   292.46s Waiting 10.0s for "parlor-dsc01-state" StaticText to exist
    t =   293.49s     Checking `Expect predicate `existsNoRetry == 1` for object "parlor-dsc01-state" StaticText`
    t =   293.49s         Checking existence of `"parlor-dsc01-state" StaticText`
    t =   293.51s Find the "parlor-dsc01-state" StaticText
PARLOR_NATIVE_COLD_LAUNCH {"app_foreground":true,"boot_ordinal":4,"loaded_app_images":["Parlor","Parlor.debug.dylib"],"loaded_compose_framework":{"file_bytes":83991368,"file_sha256":"117678fa544b2b7614e6b4ce52a5c7cefc2e97a5bcc7039e44c1095f6a950be8","image_uuid":"00793d9c-bccb-3259-bf1b-42805cd07452","origin":"owned-copy-build","path":"xcode-frameworks\/Debug\/iphonesimulator26.5\/ComposeApp.framework\/ComposeApp"},"native_alert_present":false,"probe_activations":1,"process_boot":"906DDFC5-E8E0-459C-8620-3B38F08AF42F","run_token":"6B09F096-6FF3-4569-B086-9A40939BF2A8","samples":[{"elapsed_milliseconds":3514,"observation_sequence":31,"ordinal":1},{"elapsed_milliseconds":9104,"observation_sequence":32,"ordinal":2},{"elapsed_milliseconds":14757,"observation_sequence":33,"ordinal":3},{"elapsed_milliseconds":20344,"observation_sequence":34,"ordinal":4},{"elapsed_milliseconds":25907,"observation_sequence":35,"ordinal":5},{"elapsed_milliseconds":31494,"observation_sequence":36,"ordinal":6}],"schema_version":2,"signing_mode":"adhoc"}
    t =   293.52s Terminate com.parlor.app.debug:12925
    t =   294.58s Wait for com.parlor.app.debug to become Not Running
    t =   294.58s Open com.parlor.app.debug
    t =   294.58s     Launch com.parlor.app.debug
2026-09-08 00:07:10.077 xcodebuild[7053:4194094] [MT] IDELaunchParametersSnapshot: The operation couldn’t be completed. (DebuggerLLDB.DebuggerVersionStore.StoreError error 0.)
2026-09-08 00:07:10.077 xcodebuild[7053:4194094] [MT] IDELaunchParametersSnapshot: no debugger version
    t =   294.79s         Setting up automation session
    t =   295.48s         Wait for com.parlor.app.debug to idle
    t =   296.78s Wait for com.parlor.app.debug to become Running Foreground
    t =   296.78s Waiting 30.0s for "parlor-home-brand" StaticText to exist
    t =   297.81s     Checking `Expect predicate `existsNoRetry == 1` for object "parlor-home-brand" StaticText`
    t =   297.81s         Checking existence of `"parlor-home-brand" StaticText`
    t =   297.88s Waiting 10.0s for "parlor-dsc01-observe" Button to exist
    t =   298.90s     Checking `Expect predicate `existsNoRetry == 1` for object "parlor-dsc01-observe" Button`
    t =   298.90s         Checking existence of `"parlor-dsc01-observe" Button`
    t =   298.92s Checking existence of `Alert (First Match)`
    t =   298.94s Waiting 10.0s for "parlor-dsc01-state" StaticText to exist
    t =   299.97s     Checking `Expect predicate `existsNoRetry == 1` for object "parlor-dsc01-state" StaticText`
    t =   299.97s         Checking existence of `"parlor-dsc01-state" StaticText`
    t =   299.99s Find the "parlor-dsc01-state" StaticText
    t =   300.00s Tap "parlor-dsc01-observe" Button
    t =   300.00s     Wait for com.parlor.app.debug to idle
    t =   300.00s     Find the "parlor-dsc01-observe" Button
    t =   300.02s     Check for interrupting elements affecting "parlor-dsc01-observe" Button
    t =   300.03s     Synthesize event
    t =   300.32s     Wait for com.parlor.app.debug to idle
    t =   301.36s Find the "parlor-dsc01-state" StaticText
    t =   301.37s Waiting 10.0s for "parlor-dsc01-state" StaticText to exist
    t =   302.40s     Checking `Expect predicate `existsNoRetry == 1` for object "parlor-dsc01-state" StaticText`
    t =   302.40s         Checking existence of `"parlor-dsc01-state" StaticText`
    t =   302.42s Find the "parlor-dsc01-state" StaticText
    t =   302.44s Waiting 10.0s for "parlor-dsc01-state" StaticText to exist
    t =   303.47s     Checking `Expect predicate `existsNoRetry == 1` for object "parlor-dsc01-state" StaticText`
    t =   303.47s         Checking existence of `"parlor-dsc01-state" StaticText`
    t =   303.49s Find the "parlor-dsc01-state" StaticText
    t =   303.50s Tap "parlor-dsc01-observe" Button
    t =   303.50s     Wait for com.parlor.app.debug to idle
    t =   303.50s     Find the "parlor-dsc01-observe" Button
    t =   303.52s     Check for interrupting elements affecting "parlor-dsc01-observe" Button
    t =   303.53s     Synthesize event
    t =   303.83s     Wait for com.parlor.app.debug to idle
    t =   304.86s Find the "parlor-dsc01-state" StaticText
    t =   304.88s Waiting 10.0s for "parlor-dsc01-state" StaticText to exist
    t =   305.91s     Checking `Expect predicate `existsNoRetry == 1` for object "parlor-dsc01-state" StaticText`
    t =   305.91s         Checking existence of `"parlor-dsc01-state" StaticText`
    t =   305.93s Find the "parlor-dsc01-state" StaticText
    t =   305.94s Waiting 10.0s for "parlor-native-readiness-run" Button to exist
    t =   306.98s     Checking `Expect predicate `existsNoRetry == 1` for object "parlor-native-readiness-run" Button`
    t =   306.98s         Checking existence of `"parlor-native-readiness-run" Button`
    t =   307.00s Find the "parlor-native-readiness-run" Button
    t =   307.01s Find the "parlor-native-readiness-run" Button
    t =   307.03s Tap "parlor-native-readiness-run" Button
    t =   307.03s     Wait for com.parlor.app.debug to idle
    t =   307.04s     Find the "parlor-native-readiness-run" Button
    t =   307.05s     Check for interrupting elements affecting "parlor-native-readiness-run" Button
    t =   307.06s     Synthesize event
    t =   307.35s     Wait for com.parlor.app.debug to idle
    t =   307.35s Waiting 10.0s for "parlor-native-readiness-state" StaticText to exist
    t =   308.38s     Checking `Expect predicate `existsNoRetry == 1` for object "parlor-native-readiness-state" StaticText`
    t =   308.38s         Checking existence of `"parlor-native-readiness-state" StaticText`
    t =   309.43s Find the "parlor-native-readiness-state" StaticText
    t =   309.45s Find the "parlor-native-readiness-state" StaticText
    t =   309.46s Checking existence of `Alert (First Match)`
    t =   309.47s Waiting 10.0s for "parlor-dsc01-state" StaticText to exist
    t =   310.50s     Checking `Expect predicate `existsNoRetry == 1` for object "parlor-dsc01-state" StaticText`
    t =   310.50s         Checking existence of `"parlor-dsc01-state" StaticText`
    t =   310.53s Find the "parlor-dsc01-state" StaticText
    t =   310.54s Tap "parlor-dsc01-observe" Button
    t =   310.54s     Wait for com.parlor.app.debug to idle
    t =   310.54s     Find the "parlor-dsc01-observe" Button
    t =   310.55s     Check for interrupting elements affecting "parlor-dsc01-observe" Button
    t =   310.56s     Synthesize event
    t =   310.85s     Wait for com.parlor.app.debug to idle
    t =   311.89s Find the "parlor-dsc01-state" StaticText
    t =   311.91s Waiting 10.0s for "parlor-dsc01-state" StaticText to exist
    t =   312.95s     Checking `Expect predicate `existsNoRetry == 1` for object "parlor-dsc01-state" StaticText`
    t =   312.95s         Checking existence of `"parlor-dsc01-state" StaticText`
    t =   312.97s Find the "parlor-dsc01-state" StaticText
    t =   315.05s Checking existence of `Alert (First Match)`
    t =   315.08s Waiting 10.0s for "parlor-dsc01-state" StaticText to exist
    t =   316.11s     Checking `Expect predicate `existsNoRetry == 1` for object "parlor-dsc01-state" StaticText`
    t =   316.11s         Checking existence of `"parlor-dsc01-state" StaticText`
    t =   316.13s Find the "parlor-dsc01-state" StaticText
    t =   316.14s Tap "parlor-dsc01-observe" Button
    t =   316.14s     Wait for com.parlor.app.debug to idle
    t =   316.15s     Find the "parlor-dsc01-observe" Button
    t =   316.16s     Check for interrupting elements affecting "parlor-dsc01-observe" Button
    t =   316.17s     Synthesize event
    t =   316.46s     Wait for com.parlor.app.debug to idle
    t =   317.49s Find the "parlor-dsc01-state" StaticText
    t =   317.52s Waiting 10.0s for "parlor-dsc01-state" StaticText to exist
    t =   318.54s     Checking `Expect predicate `existsNoRetry == 1` for object "parlor-dsc01-state" StaticText`
    t =   318.54s         Checking existence of `"parlor-dsc01-state" StaticText`
    t =   318.56s Find the "parlor-dsc01-state" StaticText
    t =   320.65s Checking existence of `Alert (First Match)`
    t =   320.68s Waiting 10.0s for "parlor-dsc01-state" StaticText to exist
    t =   321.70s     Checking `Expect predicate `existsNoRetry == 1` for object "parlor-dsc01-state" StaticText`
    t =   321.70s         Checking existence of `"parlor-dsc01-state" StaticText`
    t =   321.72s Find the "parlor-dsc01-state" StaticText
    t =   321.73s Tap "parlor-dsc01-observe" Button
    t =   321.73s     Wait for com.parlor.app.debug to idle
    t =   321.74s     Find the "parlor-dsc01-observe" Button
    t =   321.75s     Check for interrupting elements affecting "parlor-dsc01-observe" Button
    t =   321.76s     Synthesize event
    t =   322.05s     Wait for com.parlor.app.debug to idle
    t =   323.09s Find the "parlor-dsc01-state" StaticText
    t =   323.11s Waiting 10.0s for "parlor-dsc01-state" StaticText to exist
    t =   324.13s     Checking `Expect predicate `existsNoRetry == 1` for object "parlor-dsc01-state" StaticText`
    t =   324.13s         Checking existence of `"parlor-dsc01-state" StaticText`
    t =   324.15s Find the "parlor-dsc01-state" StaticText
    t =   326.23s Checking existence of `Alert (First Match)`
    t =   326.26s Waiting 10.0s for "parlor-dsc01-state" StaticText to exist
    t =   327.29s     Checking `Expect predicate `existsNoRetry == 1` for object "parlor-dsc01-state" StaticText`
    t =   327.29s         Checking existence of `"parlor-dsc01-state" StaticText`
    t =   327.32s Find the "parlor-dsc01-state" StaticText
    t =   327.33s Tap "parlor-dsc01-observe" Button
    t =   327.33s     Wait for com.parlor.app.debug to idle
    t =   327.33s     Find the "parlor-dsc01-observe" Button
    t =   327.34s     Check for interrupting elements affecting "parlor-dsc01-observe" Button
    t =   327.35s     Synthesize event
    t =   327.64s     Wait for com.parlor.app.debug to idle
    t =   328.67s Find the "parlor-dsc01-state" StaticText
    t =   328.69s Waiting 10.0s for "parlor-dsc01-state" StaticText to exist
    t =   329.71s     Checking `Expect predicate `existsNoRetry == 1` for object "parlor-dsc01-state" StaticText`
    t =   329.71s         Checking existence of `"parlor-dsc01-state" StaticText`
    t =   329.81s Find the "parlor-dsc01-state" StaticText
    t =   331.88s Checking existence of `Alert (First Match)`
    t =   331.91s Waiting 10.0s for "parlor-dsc01-state" StaticText to exist
    t =   332.94s     Checking `Expect predicate `existsNoRetry == 1` for object "parlor-dsc01-state" StaticText`
    t =   332.94s         Checking existence of `"parlor-dsc01-state" StaticText`
    t =   332.97s Find the "parlor-dsc01-state" StaticText
    t =   332.98s Tap "parlor-dsc01-observe" Button
    t =   332.98s     Wait for com.parlor.app.debug to idle
    t =   332.98s     Find the "parlor-dsc01-observe" Button
    t =   332.99s     Check for interrupting elements affecting "parlor-dsc01-observe" Button
    t =   333.00s     Synthesize event
    t =   333.29s     Wait for com.parlor.app.debug to idle
    t =   334.32s Find the "parlor-dsc01-state" StaticText
    t =   334.34s Waiting 10.0s for "parlor-dsc01-state" StaticText to exist
    t =   335.37s     Checking `Expect predicate `existsNoRetry == 1` for object "parlor-dsc01-state" StaticText`
    t =   335.37s         Checking existence of `"parlor-dsc01-state" StaticText`
    t =   335.39s Find the "parlor-dsc01-state" StaticText
    t =   337.46s Checking existence of `Alert (First Match)`
    t =   337.51s Waiting 10.0s for "parlor-dsc01-state" StaticText to exist
    t =   338.54s     Checking `Expect predicate `existsNoRetry == 1` for object "parlor-dsc01-state" StaticText`
    t =   338.54s         Checking existence of `"parlor-dsc01-state" StaticText`
    t =   338.58s Find the "parlor-dsc01-state" StaticText
    t =   338.59s Tap "parlor-dsc01-observe" Button
    t =   338.59s     Wait for com.parlor.app.debug to idle
    t =   338.60s     Find the "parlor-dsc01-observe" Button
    t =   338.61s     Check for interrupting elements affecting "parlor-dsc01-observe" Button
    t =   338.62s     Synthesize event
    t =   338.91s     Wait for com.parlor.app.debug to idle
    t =   339.94s Find the "parlor-dsc01-state" StaticText
    t =   339.96s Waiting 10.0s for "parlor-dsc01-state" StaticText to exist
    t =   340.98s     Checking `Expect predicate `existsNoRetry == 1` for object "parlor-dsc01-state" StaticText`
    t =   340.98s         Checking existence of `"parlor-dsc01-state" StaticText`
    t =   341.01s Find the "parlor-dsc01-state" StaticText
PARLOR_NATIVE_COLD_LAUNCH {"app_foreground":true,"boot_ordinal":5,"loaded_app_images":["Parlor","Parlor.debug.dylib"],"loaded_compose_framework":{"file_bytes":83991368,"file_sha256":"117678fa544b2b7614e6b4ce52a5c7cefc2e97a5bcc7039e44c1095f6a950be8","image_uuid":"00793d9c-bccb-3259-bf1b-42805cd07452","origin":"owned-copy-build","path":"xcode-frameworks\/Debug\/iphonesimulator26.5\/ComposeApp.framework\/ComposeApp"},"native_alert_present":false,"probe_activations":1,"process_boot":"C1D17DBB-2C8E-44D5-AFDE-71630B632B8F","run_token":"6B09F096-6FF3-4569-B086-9A40939BF2A8","samples":[{"elapsed_milliseconds":3526,"observation_sequence":40,"ordinal":1},{"elapsed_milliseconds":9118,"observation_sequence":41,"ordinal":2},{"elapsed_milliseconds":14707,"observation_sequence":42,"ordinal":3},{"elapsed_milliseconds":20369,"observation_sequence":43,"ordinal":4},{"elapsed_milliseconds":25946,"observation_sequence":44,"ordinal":5},{"elapsed_milliseconds":31565,"observation_sequence":45,"ordinal":6}],"schema_version":2,"signing_mode":"adhoc"}
    t =   341.02s Terminate com.parlor.app.debug:13334
    t =   342.07s Wait for com.parlor.app.debug to become Not Running
    t =   342.07s Open com.parlor.app.debug
    t =   342.07s     Launch com.parlor.app.debug
2026-09-08 00:07:57.574 xcodebuild[7053:4194094] [MT] IDELaunchParametersSnapshot: The operation couldn’t be completed. (DebuggerLLDB.DebuggerVersionStore.StoreError error 0.)
2026-09-08 00:07:57.574 xcodebuild[7053:4194094] [MT] IDELaunchParametersSnapshot: no debugger version
    t =   342.29s         Setting up automation session
    t =   344.02s         Wait for com.parlor.app.debug to idle
    t =   345.35s Wait for com.parlor.app.debug to become Running Foreground
    t =   345.35s Waiting 30.0s for "parlor-home-brand" StaticText to exist
    t =   346.37s     Checking `Expect predicate `existsNoRetry == 1` for object "parlor-home-brand" StaticText`
    t =   346.37s         Checking existence of `"parlor-home-brand" StaticText`
    t =   346.44s Waiting 10.0s for "parlor-dsc01-observe" Button to exist
    t =   347.47s     Checking `Expect predicate `existsNoRetry == 1` for object "parlor-dsc01-observe" Button`
    t =   347.47s         Checking existence of `"parlor-dsc01-observe" Button`
    t =   347.50s Checking existence of `Alert (First Match)`
    t =   347.52s Waiting 10.0s for "parlor-dsc01-state" StaticText to exist
    t =   348.55s     Checking `Expect predicate `existsNoRetry == 1` for object "parlor-dsc01-state" StaticText`
    t =   348.55s         Checking existence of `"parlor-dsc01-state" StaticText`
    t =   348.58s Find the "parlor-dsc01-state" StaticText
    t =   348.60s Tap "parlor-dsc01-observe" Button
    t =   348.60s     Wait for com.parlor.app.debug to idle
    t =   348.60s     Find the "parlor-dsc01-observe" Button
    t =   348.61s     Check for interrupting elements affecting "parlor-dsc01-observe" Button
    t =   348.63s     Synthesize event
    t =   348.93s     Wait for com.parlor.app.debug to idle
    t =   349.97s Find the "parlor-dsc01-state" StaticText
    t =   349.99s Waiting 10.0s for "parlor-dsc01-state" StaticText to exist
    t =   351.01s     Checking `Expect predicate `existsNoRetry == 1` for object "parlor-dsc01-state" StaticText`
    t =   351.01s         Checking existence of `"parlor-dsc01-state" StaticText`
    t =   351.04s Find the "parlor-dsc01-state" StaticText
    t =   351.05s Waiting 10.0s for "parlor-dsc01-state" StaticText to exist
    t =   352.07s     Checking `Expect predicate `existsNoRetry == 1` for object "parlor-dsc01-state" StaticText`
    t =   352.07s         Checking existence of `"parlor-dsc01-state" StaticText`
    t =   352.08s Find the "parlor-dsc01-state" StaticText
    t =   352.09s Tap "parlor-dsc01-observe" Button
    t =   352.09s     Wait for com.parlor.app.debug to idle
    t =   352.10s     Find the "parlor-dsc01-observe" Button
    t =   352.11s     Check for interrupting elements affecting "parlor-dsc01-observe" Button
    t =   352.12s     Synthesize event
    t =   352.41s     Wait for com.parlor.app.debug to idle
    t =   353.45s Find the "parlor-dsc01-state" StaticText
    t =   353.47s Waiting 10.0s for "parlor-dsc01-state" StaticText to exist
    t =   354.50s     Checking `Expect predicate `existsNoRetry == 1` for object "parlor-dsc01-state" StaticText`
    t =   354.50s         Checking existence of `"parlor-dsc01-state" StaticText`
    t =   354.52s Find the "parlor-dsc01-state" StaticText
    t =   354.54s Waiting 10.0s for "parlor-native-readiness-run" Button to exist
    t =   355.57s     Checking `Expect predicate `existsNoRetry == 1` for object "parlor-native-readiness-run" Button`
    t =   355.57s         Checking existence of `"parlor-native-readiness-run" Button`
    t =   355.59s Find the "parlor-native-readiness-run" Button
    t =   355.61s Find the "parlor-native-readiness-run" Button
    t =   355.63s Tap "parlor-native-readiness-run" Button
    t =   355.63s     Wait for com.parlor.app.debug to idle
    t =   355.64s     Find the "parlor-native-readiness-run" Button
    t =   355.65s     Check for interrupting elements affecting "parlor-native-readiness-run" Button
    t =   355.66s     Synthesize event
    t =   355.95s     Wait for com.parlor.app.debug to idle
    t =   355.95s Waiting 10.0s for "parlor-native-readiness-state" StaticText to exist
    t =   356.98s     Checking `Expect predicate `existsNoRetry == 1` for object "parlor-native-readiness-state" StaticText`
    t =   356.98s         Checking existence of `"parlor-native-readiness-state" StaticText`
    t =   358.02s Find the "parlor-native-readiness-state" StaticText
    t =   358.04s Find the "parlor-native-readiness-state" StaticText
    t =   358.05s Checking existence of `Alert (First Match)`
    t =   358.07s Waiting 10.0s for "parlor-dsc01-state" StaticText to exist
    t =   359.10s     Checking `Expect predicate `existsNoRetry == 1` for object "parlor-dsc01-state" StaticText`
    t =   359.11s         Checking existence of `"parlor-dsc01-state" StaticText`
    t =   359.13s Find the "parlor-dsc01-state" StaticText
    t =   359.14s Tap "parlor-dsc01-observe" Button
    t =   359.14s     Wait for com.parlor.app.debug to idle
    t =   359.14s     Find the "parlor-dsc01-observe" Button
    t =   359.15s     Check for interrupting elements affecting "parlor-dsc01-observe" Button
    t =   359.17s     Synthesize event
    t =   359.46s     Wait for com.parlor.app.debug to idle
    t =   360.48s Find the "parlor-dsc01-state" StaticText
    t =   360.51s Waiting 10.0s for "parlor-dsc01-state" StaticText to exist
    t =   361.54s     Checking `Expect predicate `existsNoRetry == 1` for object "parlor-dsc01-state" StaticText`
    t =   361.54s         Checking existence of `"parlor-dsc01-state" StaticText`
    t =   361.56s Find the "parlor-dsc01-state" StaticText
    t =   363.64s Checking existence of `Alert (First Match)`
    t =   363.68s Waiting 10.0s for "parlor-dsc01-state" StaticText to exist
    t =   364.71s     Checking `Expect predicate `existsNoRetry == 1` for object "parlor-dsc01-state" StaticText`
    t =   364.71s         Checking existence of `"parlor-dsc01-state" StaticText`
    t =   364.74s Find the "parlor-dsc01-state" StaticText
    t =   364.75s Tap "parlor-dsc01-observe" Button
    t =   364.75s     Wait for com.parlor.app.debug to idle
    t =   364.76s     Find the "parlor-dsc01-observe" Button
    t =   364.77s     Check for interrupting elements affecting "parlor-dsc01-observe" Button
    t =   364.78s     Synthesize event
    t =   365.08s     Wait for com.parlor.app.debug to idle
    t =   366.11s Find the "parlor-dsc01-state" StaticText
    t =   366.14s Waiting 10.0s for "parlor-dsc01-state" StaticText to exist
    t =   367.17s     Checking `Expect predicate `existsNoRetry == 1` for object "parlor-dsc01-state" StaticText`
    t =   367.17s         Checking existence of `"parlor-dsc01-state" StaticText`
    t =   367.19s Find the "parlor-dsc01-state" StaticText
    t =   369.26s Checking existence of `Alert (First Match)`
    t =   369.30s Waiting 10.0s for "parlor-dsc01-state" StaticText to exist
    t =   370.33s     Checking `Expect predicate `existsNoRetry == 1` for object "parlor-dsc01-state" StaticText`
    t =   370.33s         Checking existence of `"parlor-dsc01-state" StaticText`
    t =   370.35s Find the "parlor-dsc01-state" StaticText
    t =   370.36s Tap "parlor-dsc01-observe" Button
    t =   370.36s     Wait for com.parlor.app.debug to idle
    t =   370.36s     Find the "parlor-dsc01-observe" Button
    t =   370.37s     Check for interrupting elements affecting "parlor-dsc01-observe" Button
    t =   370.39s     Synthesize event
    t =   370.68s     Wait for com.parlor.app.debug to idle
    t =   371.87s Find the "parlor-dsc01-state" StaticText
    t =   371.90s Waiting 10.0s for "parlor-dsc01-state" StaticText to exist
    t =   372.93s     Checking `Expect predicate `existsNoRetry == 1` for object "parlor-dsc01-state" StaticText`
    t =   372.93s         Checking existence of `"parlor-dsc01-state" StaticText`
    t =   372.95s Find the "parlor-dsc01-state" StaticText
    t =   375.03s Checking existence of `Alert (First Match)`
    t =   375.07s Waiting 10.0s for "parlor-dsc01-state" StaticText to exist
    t =   376.09s     Checking `Expect predicate `existsNoRetry == 1` for object "parlor-dsc01-state" StaticText`
    t =   376.09s         Checking existence of `"parlor-dsc01-state" StaticText`
    t =   376.12s Find the "parlor-dsc01-state" StaticText
    t =   376.14s Tap "parlor-dsc01-observe" Button
    t =   376.14s     Wait for com.parlor.app.debug to idle
    t =   376.14s     Find the "parlor-dsc01-observe" Button
    t =   376.15s     Check for interrupting elements affecting "parlor-dsc01-observe" Button
    t =   376.17s     Synthesize event
    t =   376.46s     Wait for com.parlor.app.debug to idle
    t =   377.49s Find the "parlor-dsc01-state" StaticText
    t =   377.52s Waiting 10.0s for "parlor-dsc01-state" StaticText to exist
    t =   378.55s     Checking `Expect predicate `existsNoRetry == 1` for object "parlor-dsc01-state" StaticText`
    t =   378.55s         Checking existence of `"parlor-dsc01-state" StaticText`
    t =   378.59s Find the "parlor-dsc01-state" StaticText
    t =   380.66s Checking existence of `Alert (First Match)`
    t =   380.69s Waiting 10.0s for "parlor-dsc01-state" StaticText to exist
    t =   381.72s     Checking `Expect predicate `existsNoRetry == 1` for object "parlor-dsc01-state" StaticText`
    t =   381.72s         Checking existence of `"parlor-dsc01-state" StaticText`
    t =   381.74s Find the "parlor-dsc01-state" StaticText
    t =   381.75s Tap "parlor-dsc01-observe" Button
    t =   381.75s     Wait for com.parlor.app.debug to idle
    t =   381.75s     Find the "parlor-dsc01-observe" Button
    t =   381.77s     Check for interrupting elements affecting "parlor-dsc01-observe" Button
    t =   381.78s     Synthesize event
    t =   382.07s     Wait for com.parlor.app.debug to idle
    t =   383.10s Find the "parlor-dsc01-state" StaticText
    t =   383.12s Waiting 10.0s for "parlor-dsc01-state" StaticText to exist
    t =   384.15s     Checking `Expect predicate `existsNoRetry == 1` for object "parlor-dsc01-state" StaticText`
    t =   384.15s         Checking existence of `"parlor-dsc01-state" StaticText`
    t =   384.18s Find the "parlor-dsc01-state" StaticText
    t =   386.25s Checking existence of `Alert (First Match)`
    t =   386.29s Waiting 10.0s for "parlor-dsc01-state" StaticText to exist
    t =   387.32s     Checking `Expect predicate `existsNoRetry == 1` for object "parlor-dsc01-state" StaticText`
    t =   387.32s         Checking existence of `"parlor-dsc01-state" StaticText`
    t =   387.34s Find the "parlor-dsc01-state" StaticText
    t =   387.35s Tap "parlor-dsc01-observe" Button
    t =   387.35s     Wait for com.parlor.app.debug to idle
    t =   387.35s     Find the "parlor-dsc01-observe" Button
    t =   387.36s     Check for interrupting elements affecting "parlor-dsc01-observe" Button
    t =   387.37s     Synthesize event
    t =   387.66s     Wait for com.parlor.app.debug to idle
    t =   388.69s Find the "parlor-dsc01-state" StaticText
    t =   388.72s Waiting 10.0s for "parlor-dsc01-state" StaticText to exist
    t =   389.74s     Checking `Expect predicate `existsNoRetry == 1` for object "parlor-dsc01-state" StaticText`
    t =   389.74s         Checking existence of `"parlor-dsc01-state" StaticText`
    t =   389.76s Find the "parlor-dsc01-state" StaticText
PARLOR_NATIVE_COLD_LAUNCH {"app_foreground":true,"boot_ordinal":6,"loaded_app_images":["Parlor","Parlor.debug.dylib"],"loaded_compose_framework":{"file_bytes":83991368,"file_sha256":"117678fa544b2b7614e6b4ce52a5c7cefc2e97a5bcc7039e44c1095f6a950be8","image_uuid":"00793d9c-bccb-3259-bf1b-42805cd07452","origin":"owned-copy-build","path":"xcode-frameworks\/Debug\/iphonesimulator26.5\/ComposeApp.framework\/ComposeApp"},"native_alert_present":false,"probe_activations":1,"process_boot":"2C456D1A-D9AC-41FC-BD1A-92617A990EEE","run_token":"6B09F096-6FF3-4569-B086-9A40939BF2A8","samples":[{"elapsed_milliseconds":3524,"observation_sequence":49,"ordinal":1},{"elapsed_milliseconds":9151,"observation_sequence":50,"ordinal":2},{"elapsed_milliseconds":14905,"observation_sequence":51,"ordinal":3},{"elapsed_milliseconds":20558,"observation_sequence":52,"ordinal":4},{"elapsed_milliseconds":26143,"observation_sequence":53,"ordinal":5},{"elapsed_milliseconds":31714,"observation_sequence":54,"ordinal":6}],"schema_version":2,"signing_mode":"adhoc"}
    t =   389.77s Terminate com.parlor.app.debug:13628
    t =   390.82s Wait for com.parlor.app.debug to become Not Running
    t =   390.82s Open com.parlor.app.debug
    t =   390.82s     Launch com.parlor.app.debug
2026-09-08 00:08:46.323 xcodebuild[7053:4194094] [MT] IDELaunchParametersSnapshot: The operation couldn’t be completed. (DebuggerLLDB.DebuggerVersionStore.StoreError error 0.)
2026-09-08 00:08:46.323 xcodebuild[7053:4194094] [MT] IDELaunchParametersSnapshot: no debugger version
    t =   391.03s         Setting up automation session
    t =   391.80s         Wait for com.parlor.app.debug to idle
    t =   393.11s Wait for com.parlor.app.debug to become Running Foreground
    t =   393.11s Waiting 30.0s for "parlor-home-brand" StaticText to exist
    t =   394.13s     Checking `Expect predicate `existsNoRetry == 1` for object "parlor-home-brand" StaticText`
    t =   394.13s         Checking existence of `"parlor-home-brand" StaticText`
    t =   394.21s Waiting 10.0s for "parlor-dsc01-observe" Button to exist
    t =   395.23s     Checking `Expect predicate `existsNoRetry == 1` for object "parlor-dsc01-observe" Button`
    t =   395.24s         Checking existence of `"parlor-dsc01-observe" Button`
    t =   395.27s Checking existence of `Alert (First Match)`
    t =   395.29s Waiting 10.0s for "parlor-dsc01-state" StaticText to exist
    t =   396.33s     Checking `Expect predicate `existsNoRetry == 1` for object "parlor-dsc01-state" StaticText`
    t =   396.33s         Checking existence of `"parlor-dsc01-state" StaticText`
    t =   396.35s Find the "parlor-dsc01-state" StaticText
    t =   396.36s Tap "parlor-dsc01-observe" Button
    t =   396.36s     Wait for com.parlor.app.debug to idle
    t =   396.36s     Find the "parlor-dsc01-observe" Button
    t =   396.38s     Check for interrupting elements affecting "parlor-dsc01-observe" Button
    t =   396.39s     Synthesize event
    t =   396.68s     Wait for com.parlor.app.debug to idle
    t =   397.72s Find the "parlor-dsc01-state" StaticText
    t =   397.74s Waiting 10.0s for "parlor-dsc01-state" StaticText to exist
    t =   398.77s     Checking `Expect predicate `existsNoRetry == 1` for object "parlor-dsc01-state" StaticText`
    t =   398.77s         Checking existence of `"parlor-dsc01-state" StaticText`
    t =   398.79s Find the "parlor-dsc01-state" StaticText
    t =   398.81s Waiting 10.0s for "parlor-dsc01-state" StaticText to exist
    t =   399.83s     Checking `Expect predicate `existsNoRetry == 1` for object "parlor-dsc01-state" StaticText`
    t =   399.83s         Checking existence of `"parlor-dsc01-state" StaticText`
    t =   399.86s Find the "parlor-dsc01-state" StaticText
    t =   399.87s Tap "parlor-dsc01-observe" Button
    t =   399.87s     Wait for com.parlor.app.debug to idle
    t =   399.88s     Find the "parlor-dsc01-observe" Button
    t =   399.89s     Check for interrupting elements affecting "parlor-dsc01-observe" Button
    t =   399.90s     Synthesize event
    t =   400.19s     Wait for com.parlor.app.debug to idle
    t =   401.23s Find the "parlor-dsc01-state" StaticText
    t =   401.26s Waiting 10.0s for "parlor-dsc01-state" StaticText to exist
    t =   402.28s     Checking `Expect predicate `existsNoRetry == 1` for object "parlor-dsc01-state" StaticText`
    t =   402.28s         Checking existence of `"parlor-dsc01-state" StaticText`
    t =   402.31s Find the "parlor-dsc01-state" StaticText
    t =   402.32s Waiting 10.0s for "parlor-native-readiness-run" Button to exist
    t =   403.35s     Checking `Expect predicate `existsNoRetry == 1` for object "parlor-native-readiness-run" Button`
    t =   403.35s         Checking existence of `"parlor-native-readiness-run" Button`
    t =   403.37s Find the "parlor-native-readiness-run" Button
    t =   403.38s Find the "parlor-native-readiness-run" Button
    t =   403.40s Tap "parlor-native-readiness-run" Button
    t =   403.40s     Wait for com.parlor.app.debug to idle
    t =   403.40s     Find the "parlor-native-readiness-run" Button
    t =   403.41s     Check for interrupting elements affecting "parlor-native-readiness-run" Button
    t =   403.42s     Synthesize event
    t =   403.71s     Wait for com.parlor.app.debug to idle
    t =   403.84s Waiting 10.0s for "parlor-native-readiness-state" StaticText to exist
    t =   404.86s     Checking `Expect predicate `existsNoRetry == 1` for object "parlor-native-readiness-state" StaticText`
    t =   404.86s         Checking existence of `"parlor-native-readiness-state" StaticText`
    t =   405.92s Find the "parlor-native-readiness-state" StaticText
    t =   405.95s Find the "parlor-native-readiness-state" StaticText
    t =   405.97s Checking existence of `Alert (First Match)`
    t =   405.99s Waiting 10.0s for "parlor-dsc01-state" StaticText to exist
    t =   407.02s     Checking `Expect predicate `existsNoRetry == 1` for object "parlor-dsc01-state" StaticText`
    t =   407.02s         Checking existence of `"parlor-dsc01-state" StaticText`
    t =   407.05s Find the "parlor-dsc01-state" StaticText
    t =   407.07s Tap "parlor-dsc01-observe" Button
    t =   407.07s     Wait for com.parlor.app.debug to idle
    t =   407.07s     Find the "parlor-dsc01-observe" Button
    t =   407.08s     Check for interrupting elements affecting "parlor-dsc01-observe" Button
    t =   407.10s     Synthesize event
    t =   407.39s     Wait for com.parlor.app.debug to idle
    t =   408.42s Find the "parlor-dsc01-state" StaticText
    t =   408.45s Waiting 10.0s for "parlor-dsc01-state" StaticText to exist
    t =   409.47s     Checking `Expect predicate `existsNoRetry == 1` for object "parlor-dsc01-state" StaticText`
    t =   409.48s         Checking existence of `"parlor-dsc01-state" StaticText`
    t =   409.50s Find the "parlor-dsc01-state" StaticText
    t =   411.59s Checking existence of `Alert (First Match)`
    t =   411.63s Waiting 10.0s for "parlor-dsc01-state" StaticText to exist
    t =   412.65s     Checking `Expect predicate `existsNoRetry == 1` for object "parlor-dsc01-state" StaticText`
    t =   412.65s         Checking existence of `"parlor-dsc01-state" StaticText`
    t =   412.67s Find the "parlor-dsc01-state" StaticText
    t =   412.68s Tap "parlor-dsc01-observe" Button
    t =   412.68s     Wait for com.parlor.app.debug to idle
    t =   412.68s     Find the "parlor-dsc01-observe" Button
    t =   412.70s     Check for interrupting elements affecting "parlor-dsc01-observe" Button
    t =   412.71s     Synthesize event
    t =   413.00s     Wait for com.parlor.app.debug to idle
    t =   414.03s Find the "parlor-dsc01-state" StaticText
    t =   414.05s Waiting 10.0s for "parlor-dsc01-state" StaticText to exist
    t =   415.08s     Checking `Expect predicate `existsNoRetry == 1` for object "parlor-dsc01-state" StaticText`
    t =   415.08s         Checking existence of `"parlor-dsc01-state" StaticText`
    t =   415.11s Find the "parlor-dsc01-state" StaticText
    t =   417.19s Checking existence of `Alert (First Match)`
    t =   417.22s Waiting 10.0s for "parlor-dsc01-state" StaticText to exist
    t =   418.25s     Checking `Expect predicate `existsNoRetry == 1` for object "parlor-dsc01-state" StaticText`
    t =   418.25s         Checking existence of `"parlor-dsc01-state" StaticText`
    t =   418.27s Find the "parlor-dsc01-state" StaticText
    t =   418.28s Tap "parlor-dsc01-observe" Button
    t =   418.28s     Wait for com.parlor.app.debug to idle
    t =   418.28s     Find the "parlor-dsc01-observe" Button
    t =   418.30s     Check for interrupting elements affecting "parlor-dsc01-observe" Button
    t =   418.31s     Synthesize event
    t =   418.60s     Wait for com.parlor.app.debug to idle
    t =   419.63s Find the "parlor-dsc01-state" StaticText
    t =   419.66s Waiting 10.0s for "parlor-dsc01-state" StaticText to exist
    t =   420.68s     Checking `Expect predicate `existsNoRetry == 1` for object "parlor-dsc01-state" StaticText`
    t =   420.68s         Checking existence of `"parlor-dsc01-state" StaticText`
    t =   420.69s Find the "parlor-dsc01-state" StaticText
    t =   422.77s Checking existence of `Alert (First Match)`
    t =   422.80s Waiting 10.0s for "parlor-dsc01-state" StaticText to exist
    t =   423.83s     Checking `Expect predicate `existsNoRetry == 1` for object "parlor-dsc01-state" StaticText`
    t =   423.83s         Checking existence of `"parlor-dsc01-state" StaticText`
    t =   423.87s Find the "parlor-dsc01-state" StaticText
    t =   423.89s Tap "parlor-dsc01-observe" Button
    t =   423.89s     Wait for com.parlor.app.debug to idle
    t =   423.89s     Find the "parlor-dsc01-observe" Button
    t =   423.91s     Check for interrupting elements affecting "parlor-dsc01-observe" Button
    t =   423.93s     Synthesize event
    t =   424.22s     Wait for com.parlor.app.debug to idle
    t =   425.25s Find the "parlor-dsc01-state" StaticText
    t =   425.28s Waiting 10.0s for "parlor-dsc01-state" StaticText to exist
    t =   426.30s     Checking `Expect predicate `existsNoRetry == 1` for object "parlor-dsc01-state" StaticText`
    t =   426.30s         Checking existence of `"parlor-dsc01-state" StaticText`
    t =   426.33s Find the "parlor-dsc01-state" StaticText
    t =   428.39s Checking existence of `Alert (First Match)`
    t =   428.42s Waiting 10.0s for "parlor-dsc01-state" StaticText to exist
    t =   429.45s     Checking `Expect predicate `existsNoRetry == 1` for object "parlor-dsc01-state" StaticText`
    t =   429.45s         Checking existence of `"parlor-dsc01-state" StaticText`
    t =   429.47s Find the "parlor-dsc01-state" StaticText
    t =   429.48s Tap "parlor-dsc01-observe" Button
    t =   429.48s     Wait for com.parlor.app.debug to idle
    t =   429.48s     Find the "parlor-dsc01-observe" Button
    t =   429.50s     Check for interrupting elements affecting "parlor-dsc01-observe" Button
    t =   429.51s     Synthesize event
    t =   429.80s     Wait for com.parlor.app.debug to idle
    t =   430.83s Find the "parlor-dsc01-state" StaticText
    t =   430.84s Waiting 10.0s for "parlor-dsc01-state" StaticText to exist
    t =   431.87s     Checking `Expect predicate `existsNoRetry == 1` for object "parlor-dsc01-state" StaticText`
    t =   431.87s         Checking existence of `"parlor-dsc01-state" StaticText`
    t =   431.89s Find the "parlor-dsc01-state" StaticText
    t =   433.96s Checking existence of `Alert (First Match)`
    t =   434.00s Waiting 10.0s for "parlor-dsc01-state" StaticText to exist
    t =   435.03s     Checking `Expect predicate `existsNoRetry == 1` for object "parlor-dsc01-state" StaticText`
    t =   435.03s         Checking existence of `"parlor-dsc01-state" StaticText`
    t =   435.05s Find the "parlor-dsc01-state" StaticText
    t =   435.07s Tap "parlor-dsc01-observe" Button
    t =   435.07s     Wait for com.parlor.app.debug to idle
    t =   435.07s     Find the "parlor-dsc01-observe" Button
    t =   435.08s     Check for interrupting elements affecting "parlor-dsc01-observe" Button
    t =   435.09s     Synthesize event
    t =   435.38s     Wait for com.parlor.app.debug to idle
    t =   436.40s Find the "parlor-dsc01-state" StaticText
    t =   436.42s Waiting 10.0s for "parlor-dsc01-state" StaticText to exist
    t =   437.45s     Checking `Expect predicate `existsNoRetry == 1` for object "parlor-dsc01-state" StaticText`
    t =   437.45s         Checking existence of `"parlor-dsc01-state" StaticText`
    t =   437.47s Find the "parlor-dsc01-state" StaticText
PARLOR_NATIVE_COLD_LAUNCH {"app_foreground":true,"boot_ordinal":7,"loaded_app_images":["Parlor","Parlor.debug.dylib"],"loaded_compose_framework":{"file_bytes":83991368,"file_sha256":"117678fa544b2b7614e6b4ce52a5c7cefc2e97a5bcc7039e44c1095f6a950be8","image_uuid":"00793d9c-bccb-3259-bf1b-42805cd07452","origin":"owned-copy-build","path":"xcode-frameworks\/Debug\/iphonesimulator26.5\/ComposeApp.framework\/ComposeApp"},"native_alert_present":false,"probe_activations":1,"process_boot":"1AD310ED-8B67-4DF4-B51E-4A87D02F43FE","run_token":"6B09F096-6FF3-4569-B086-9A40939BF2A8","samples":[{"elapsed_milliseconds":3550,"observation_sequence":58,"ordinal":1},{"elapsed_milliseconds":9152,"observation_sequence":59,"ordinal":2},{"elapsed_milliseconds":14735,"observation_sequence":60,"ordinal":3},{"elapsed_milliseconds":20366,"observation_sequence":61,"ordinal":4},{"elapsed_milliseconds":25928,"observation_sequence":62,"ordinal":5},{"elapsed_milliseconds":31513,"observation_sequence":63,"ordinal":6}],"schema_version":2,"signing_mode":"adhoc"}
    t =   437.48s Terminate com.parlor.app.debug:13904
    t =   438.56s Wait for com.parlor.app.debug to become Not Running
    t =   438.56s Open com.parlor.app.debug
    t =   438.56s     Launch com.parlor.app.debug
2026-09-08 00:09:34.063 xcodebuild[7053:4194094] [MT] IDELaunchParametersSnapshot: The operation couldn’t be completed. (DebuggerLLDB.DebuggerVersionStore.StoreError error 0.)
2026-09-08 00:09:34.063 xcodebuild[7053:4194094] [MT] IDELaunchParametersSnapshot: no debugger version
    t =   438.79s         Setting up automation session
    t =   439.78s         Wait for com.parlor.app.debug to idle
    t =   441.09s Wait for com.parlor.app.debug to become Running Foreground
    t =   441.09s Waiting 30.0s for "parlor-home-brand" StaticText to exist
    t =   442.12s     Checking `Expect predicate `existsNoRetry == 1` for object "parlor-home-brand" StaticText`
    t =   442.12s         Checking existence of `"parlor-home-brand" StaticText`
    t =   442.20s Waiting 10.0s for "parlor-dsc01-observe" Button to exist
    t =   443.22s     Checking `Expect predicate `existsNoRetry == 1` for object "parlor-dsc01-observe" Button`
    t =   443.22s         Checking existence of `"parlor-dsc01-observe" Button`
    t =   443.25s Checking existence of `Alert (First Match)`
    t =   443.27s Waiting 10.0s for "parlor-dsc01-state" StaticText to exist
    t =   444.31s     Checking `Expect predicate `existsNoRetry == 1` for object "parlor-dsc01-state" StaticText`
    t =   444.31s         Checking existence of `"parlor-dsc01-state" StaticText`
    t =   444.33s Find the "parlor-dsc01-state" StaticText
    t =   444.34s Tap "parlor-dsc01-observe" Button
    t =   444.34s     Wait for com.parlor.app.debug to idle
    t =   444.34s     Find the "parlor-dsc01-observe" Button
    t =   444.36s     Check for interrupting elements affecting "parlor-dsc01-observe" Button
    t =   444.37s     Synthesize event
    t =   444.66s     Wait for com.parlor.app.debug to idle
    t =   445.70s Find the "parlor-dsc01-state" StaticText
    t =   445.72s Waiting 10.0s for "parlor-dsc01-state" StaticText to exist
    t =   446.76s     Checking `Expect predicate `existsNoRetry == 1` for object "parlor-dsc01-state" StaticText`
    t =   446.76s         Checking existence of `"parlor-dsc01-state" StaticText`
    t =   446.78s Find the "parlor-dsc01-state" StaticText
    t =   446.79s Waiting 10.0s for "parlor-dsc01-state" StaticText to exist
    t =   447.81s     Checking `Expect predicate `existsNoRetry == 1` for object "parlor-dsc01-state" StaticText`
    t =   447.81s         Checking existence of `"parlor-dsc01-state" StaticText`
    t =   447.83s Find the "parlor-dsc01-state" StaticText
    t =   447.85s Tap "parlor-dsc01-observe" Button
    t =   447.85s     Wait for com.parlor.app.debug to idle
    t =   447.85s     Find the "parlor-dsc01-observe" Button
    t =   447.86s     Check for interrupting elements affecting "parlor-dsc01-observe" Button
    t =   447.88s     Synthesize event
    t =   448.16s     Wait for com.parlor.app.debug to idle
    t =   449.19s Find the "parlor-dsc01-state" StaticText
    t =   449.21s Waiting 10.0s for "parlor-dsc01-state" StaticText to exist
    t =   450.24s     Checking `Expect predicate `existsNoRetry == 1` for object "parlor-dsc01-state" StaticText`
    t =   450.24s         Checking existence of `"parlor-dsc01-state" StaticText`
    t =   450.26s Find the "parlor-dsc01-state" StaticText
    t =   450.27s Waiting 10.0s for "parlor-native-readiness-run" Button to exist
    t =   451.30s     Checking `Expect predicate `existsNoRetry == 1` for object "parlor-native-readiness-run" Button`
    t =   451.30s         Checking existence of `"parlor-native-readiness-run" Button`
    t =   451.33s Find the "parlor-native-readiness-run" Button
    t =   451.35s Find the "parlor-native-readiness-run" Button
    t =   451.37s Tap "parlor-native-readiness-run" Button
    t =   451.37s     Wait for com.parlor.app.debug to idle
    t =   451.38s     Find the "parlor-native-readiness-run" Button
    t =   451.39s     Check for interrupting elements affecting "parlor-native-readiness-run" Button
    t =   451.40s     Synthesize event
    t =   451.69s     Wait for com.parlor.app.debug to idle
    t =   451.69s Waiting 10.0s for "parlor-native-readiness-state" StaticText to exist
    t =   452.72s     Checking `Expect predicate `existsNoRetry == 1` for object "parlor-native-readiness-state" StaticText`
    t =   452.72s         Checking existence of `"parlor-native-readiness-state" StaticText`
    t =   453.77s Find the "parlor-native-readiness-state" StaticText
    t =   453.78s Find the "parlor-native-readiness-state" StaticText
    t =   453.80s Checking existence of `Alert (First Match)`
    t =   453.82s Waiting 10.0s for "parlor-dsc01-state" StaticText to exist
    t =   454.84s     Checking `Expect predicate `existsNoRetry == 1` for object "parlor-dsc01-state" StaticText`
    t =   454.84s         Checking existence of `"parlor-dsc01-state" StaticText`
    t =   454.86s Find the "parlor-dsc01-state" StaticText
    t =   454.87s Tap "parlor-dsc01-observe" Button
    t =   454.87s     Wait for com.parlor.app.debug to idle
    t =   454.88s     Find the "parlor-dsc01-observe" Button
    t =   454.89s     Check for interrupting elements affecting "parlor-dsc01-observe" Button
    t =   454.90s     Synthesize event
    t =   455.19s     Wait for com.parlor.app.debug to idle
    t =   456.22s Find the "parlor-dsc01-state" StaticText
    t =   456.25s Waiting 10.0s for "parlor-dsc01-state" StaticText to exist
    t =   457.27s     Checking `Expect predicate `existsNoRetry == 1` for object "parlor-dsc01-state" StaticText`
    t =   457.27s         Checking existence of `"parlor-dsc01-state" StaticText`
    t =   457.29s Find the "parlor-dsc01-state" StaticText
    t =   459.38s Checking existence of `Alert (First Match)`
    t =   459.41s Waiting 10.0s for "parlor-dsc01-state" StaticText to exist
    t =   460.43s     Checking `Expect predicate `existsNoRetry == 1` for object "parlor-dsc01-state" StaticText`
    t =   460.43s         Checking existence of `"parlor-dsc01-state" StaticText`
    t =   460.45s Find the "parlor-dsc01-state" StaticText
    t =   460.46s Tap "parlor-dsc01-observe" Button
    t =   460.46s     Wait for com.parlor.app.debug to idle
    t =   460.46s     Find the "parlor-dsc01-observe" Button
    t =   460.47s     Check for interrupting elements affecting "parlor-dsc01-observe" Button
    t =   460.49s     Synthesize event
    t =   460.77s     Wait for com.parlor.app.debug to idle
    t =   461.80s Find the "parlor-dsc01-state" StaticText
    t =   461.83s Waiting 10.0s for "parlor-dsc01-state" StaticText to exist
    t =   462.85s     Checking `Expect predicate `existsNoRetry == 1` for object "parlor-dsc01-state" StaticText`
    t =   462.85s         Checking existence of `"parlor-dsc01-state" StaticText`
    t =   462.87s Find the "parlor-dsc01-state" StaticText
    t =   464.95s Checking existence of `Alert (First Match)`
    t =   464.98s Waiting 10.0s for "parlor-dsc01-state" StaticText to exist
    t =   466.00s     Checking `Expect predicate `existsNoRetry == 1` for object "parlor-dsc01-state" StaticText`
    t =   466.00s         Checking existence of `"parlor-dsc01-state" StaticText`
    t =   466.02s Find the "parlor-dsc01-state" StaticText
    t =   466.04s Tap "parlor-dsc01-observe" Button
    t =   466.04s     Wait for com.parlor.app.debug to idle
    t =   466.04s     Find the "parlor-dsc01-observe" Button
    t =   466.05s     Check for interrupting elements affecting "parlor-dsc01-observe" Button
    t =   466.07s     Synthesize event
    t =   466.35s     Wait for com.parlor.app.debug to idle
    t =   467.39s Find the "parlor-dsc01-state" StaticText
    t =   467.41s Waiting 10.0s for "parlor-dsc01-state" StaticText to exist
    t =   468.43s     Checking `Expect predicate `existsNoRetry == 1` for object "parlor-dsc01-state" StaticText`
    t =   468.43s         Checking existence of `"parlor-dsc01-state" StaticText`
    t =   468.46s Find the "parlor-dsc01-state" StaticText
    t =   470.54s Checking existence of `Alert (First Match)`
    t =   470.58s Waiting 10.0s for "parlor-dsc01-state" StaticText to exist
    t =   471.61s     Checking `Expect predicate `existsNoRetry == 1` for object "parlor-dsc01-state" StaticText`
    t =   471.61s         Checking existence of `"parlor-dsc01-state" StaticText`
    t =   471.63s Find the "parlor-dsc01-state" StaticText
    t =   471.64s Tap "parlor-dsc01-observe" Button
    t =   471.64s     Wait for com.parlor.app.debug to idle
    t =   471.65s     Find the "parlor-dsc01-observe" Button
    t =   471.66s     Check for interrupting elements affecting "parlor-dsc01-observe" Button
    t =   471.67s     Synthesize event
    t =   471.96s     Wait for com.parlor.app.debug to idle
    t =   473.00s Find the "parlor-dsc01-state" StaticText
    t =   473.02s Waiting 10.0s for "parlor-dsc01-state" StaticText to exist
    t =   474.05s     Checking `Expect predicate `existsNoRetry == 1` for object "parlor-dsc01-state" StaticText`
    t =   474.05s         Checking existence of `"parlor-dsc01-state" StaticText`
    t =   474.07s Find the "parlor-dsc01-state" StaticText
    t =   476.14s Checking existence of `Alert (First Match)`
    t =   476.18s Waiting 10.0s for "parlor-dsc01-state" StaticText to exist
    t =   477.21s     Checking `Expect predicate `existsNoRetry == 1` for object "parlor-dsc01-state" StaticText`
    t =   477.21s         Checking existence of `"parlor-dsc01-state" StaticText`
    t =   477.24s Find the "parlor-dsc01-state" StaticText
    t =   477.26s Tap "parlor-dsc01-observe" Button
    t =   477.26s     Wait for com.parlor.app.debug to idle
    t =   477.26s     Find the "parlor-dsc01-observe" Button
    t =   477.27s     Check for interrupting elements affecting "parlor-dsc01-observe" Button
    t =   477.29s     Synthesize event
    t =   477.58s     Wait for com.parlor.app.debug to idle
    t =   478.60s Find the "parlor-dsc01-state" StaticText
    t =   478.63s Waiting 10.0s for "parlor-dsc01-state" StaticText to exist
    t =   479.65s     Checking `Expect predicate `existsNoRetry == 1` for object "parlor-dsc01-state" StaticText`
    t =   479.65s         Checking existence of `"parlor-dsc01-state" StaticText`
    t =   479.67s Find the "parlor-dsc01-state" StaticText
    t =   481.75s Checking existence of `Alert (First Match)`
    t =   481.77s Waiting 10.0s for "parlor-dsc01-state" StaticText to exist
    t =   482.80s     Checking `Expect predicate `existsNoRetry == 1` for object "parlor-dsc01-state" StaticText`
    t =   482.80s         Checking existence of `"parlor-dsc01-state" StaticText`
    t =   482.82s Find the "parlor-dsc01-state" StaticText
    t =   482.84s Tap "parlor-dsc01-observe" Button
    t =   482.84s     Wait for com.parlor.app.debug to idle
    t =   482.84s     Find the "parlor-dsc01-observe" Button
    t =   482.85s     Check for interrupting elements affecting "parlor-dsc01-observe" Button
    t =   482.87s     Synthesize event
    t =   483.16s     Wait for com.parlor.app.debug to idle
    t =   484.19s Find the "parlor-dsc01-state" StaticText
    t =   484.22s Waiting 10.0s for "parlor-dsc01-state" StaticText to exist
    t =   485.24s     Checking `Expect predicate `existsNoRetry == 1` for object "parlor-dsc01-state" StaticText`
    t =   485.24s         Checking existence of `"parlor-dsc01-state" StaticText`
    t =   485.27s Find the "parlor-dsc01-state" StaticText
PARLOR_NATIVE_COLD_LAUNCH {"app_foreground":true,"boot_ordinal":8,"loaded_app_images":["Parlor","Parlor.debug.dylib"],"loaded_compose_framework":{"file_bytes":83991368,"file_sha256":"117678fa544b2b7614e6b4ce52a5c7cefc2e97a5bcc7039e44c1095f6a950be8","image_uuid":"00793d9c-bccb-3259-bf1b-42805cd07452","origin":"owned-copy-build","path":"xcode-frameworks\/Debug\/iphonesimulator26.5\/ComposeApp.framework\/ComposeApp"},"native_alert_present":false,"probe_activations":1,"process_boot":"047808B1-809E-442D-94CB-19CD7F660A62","run_token":"6B09F096-6FF3-4569-B086-9A40939BF2A8","samples":[{"elapsed_milliseconds":3511,"observation_sequence":67,"ordinal":1},{"elapsed_milliseconds":9088,"observation_sequence":68,"ordinal":2},{"elapsed_milliseconds":14681,"observation_sequence":69,"ordinal":3},{"elapsed_milliseconds":20285,"observation_sequence":70,"ordinal":4},{"elapsed_milliseconds":25885,"observation_sequence":71,"ordinal":5},{"elapsed_milliseconds":31490,"observation_sequence":72,"ordinal":6}],"schema_version":2,"signing_mode":"adhoc"}
    t =   485.29s Tap "parlor-dsc01-complete" Button
    t =   485.29s     Wait for com.parlor.app.debug to idle
    t =   485.29s     Find the "parlor-dsc01-complete" Button
    t =   485.31s     Check for interrupting elements affecting "parlor-dsc01-complete" Button
    t =   485.32s     Synthesize event
    t =   485.61s     Wait for com.parlor.app.debug to idle
    t =   485.61s Waiting 10.0s for "parlor-dsc01-state" StaticText to exist
    t =   486.64s     Checking `Expect predicate `existsNoRetry == 1` for object "parlor-dsc01-state" StaticText`
    t =   486.64s         Checking existence of `"parlor-dsc01-state" StaticText`
    t =   486.66s Find the "parlor-dsc01-state" StaticText
    t =   486.68s Tap "parlor-dsc01-observe" Button
    t =   486.68s     Wait for com.parlor.app.debug to idle
    t =   486.68s     Find the "parlor-dsc01-observe" Button
    t =   486.69s     Check for interrupting elements affecting "parlor-dsc01-observe" Button
    t =   486.70s     Synthesize event
    t =   486.99s     Wait for com.parlor.app.debug to idle
    t =   488.03s Find the "parlor-dsc01-state" StaticText
    t =   488.05s Waiting 10.0s for "parlor-dsc01-state" StaticText to exist
    t =   489.08s     Checking `Expect predicate `existsNoRetry == 1` for object "parlor-dsc01-state" StaticText`
    t =   489.08s         Checking existence of `"parlor-dsc01-state" StaticText`
    t =   489.11s Find the "parlor-dsc01-state" StaticText
    t =   489.12s Terminate com.parlor.app.debug:14442
    t =   490.16s Wait for com.parlor.app.debug to become Not Running
    t =   490.16s Open com.parlor.app.debug
    t =   490.16s     Launch com.parlor.app.debug
2026-09-08 00:10:25.656 xcodebuild[7053:4194094] [MT] IDELaunchParametersSnapshot: The operation couldn’t be completed. (DebuggerLLDB.DebuggerVersionStore.StoreError error 0.)
2026-09-08 00:10:25.656 xcodebuild[7053:4194094] [MT] IDELaunchParametersSnapshot: no debugger version
    t =   490.37s         Setting up automation session
    t =   491.59s         Wait for com.parlor.app.debug to idle
    t =   492.88s Wait for com.parlor.app.debug to become Running Foreground
    t =   492.88s Waiting 30.0s for "parlor-home-brand" StaticText to exist
    t =   493.91s     Checking `Expect predicate `existsNoRetry == 1` for object "parlor-home-brand" StaticText`
    t =   493.91s         Checking existence of `"parlor-home-brand" StaticText`
    t =   493.99s Waiting 10.0s for "parlor-dsc01-observe" Button to exist
    t =   495.02s     Checking `Expect predicate `existsNoRetry == 1` for object "parlor-dsc01-observe" Button`
    t =   495.02s         Checking existence of `"parlor-dsc01-observe" Button`
    t =   495.04s Checking existence of `Alert (First Match)`
    t =   495.07s Waiting 10.0s for "parlor-dsc01-state" StaticText to exist
    t =   496.09s     Checking `Expect predicate `existsNoRetry == 1` for object "parlor-dsc01-state" StaticText`
    t =   496.09s         Checking existence of `"parlor-dsc01-state" StaticText`
    t =   496.11s Find the "parlor-dsc01-state" StaticText
    t =   496.13s Tap "parlor-dsc01-observe" Button
    t =   496.13s     Wait for com.parlor.app.debug to idle
    t =   496.13s     Find the "parlor-dsc01-observe" Button
    t =   496.14s     Check for interrupting elements affecting "parlor-dsc01-observe" Button
    t =   496.16s     Synthesize event
    t =   496.45s     Wait for com.parlor.app.debug to idle
    t =   497.48s Find the "parlor-dsc01-state" StaticText
    t =   497.51s Waiting 10.0s for "parlor-dsc01-state" StaticText to exist
    t =   498.53s     Checking `Expect predicate `existsNoRetry == 1` for object "parlor-dsc01-state" StaticText`
    t =   498.54s         Checking existence of `"parlor-dsc01-state" StaticText`
    t =   498.56s Find the "parlor-dsc01-state" StaticText
    t =   498.58s Waiting 10.0s for "parlor-dsc01-state" StaticText to exist
    t =   499.60s     Checking `Expect predicate `existsNoRetry == 1` for object "parlor-dsc01-state" StaticText`
    t =   499.60s         Checking existence of `"parlor-dsc01-state" StaticText`
    t =   499.63s Find the "parlor-dsc01-state" StaticText
    t =   499.64s Tap "parlor-dsc01-observe" Button
    t =   499.64s     Wait for com.parlor.app.debug to idle
    t =   499.64s     Find the "parlor-dsc01-observe" Button
    t =   499.66s     Check for interrupting elements affecting "parlor-dsc01-observe" Button
    t =   499.67s     Synthesize event
    t =   499.96s     Wait for com.parlor.app.debug to idle
    t =   500.99s Find the "parlor-dsc01-state" StaticText
    t =   501.01s Waiting 10.0s for "parlor-dsc01-state" StaticText to exist
    t =   502.05s     Checking `Expect predicate `existsNoRetry == 1` for object "parlor-dsc01-state" StaticText`
    t =   502.05s         Checking existence of `"parlor-dsc01-state" StaticText`
    t =   502.06s Find the "parlor-dsc01-state" StaticText
    t =   502.08s Waiting 15.0s for "l08-action-save" Any to exist
    t =   503.11s     Checking `Expect predicate `existsNoRetry == 1` for object "l08-action-save" Any`
    t =   503.11s         Checking existence of `"l08-action-save" Any`
    t =   503.15s Get number of matches for: Elements matching predicate '"l08-action-save" IN identifiers'
    t =   504.19s Checking existence of `"l08-action-save" Any`
    t =   504.22s Find the "l08-action-save" Any
    t =   504.24s Find the "l08-action-save" Button
    t =   504.26s Tap "l08-action-save" Button
    t =   504.26s     Wait for com.parlor.app.debug to idle
    t =   504.26s     Find the "l08-action-save" Button
    t =   504.27s     Check for interrupting elements affecting "l08-action-save" Button
    t =   504.29s     Synthesize event
    t =   504.58s     Wait for com.parlor.app.debug to idle
    t =   504.58s Waiting 10.0s for "l08-storage-result" StaticText to exist
    t =   505.61s     Checking `Expect predicate `existsNoRetry == 1` for object "l08-storage-result" StaticText`
    t =   505.61s         Checking existence of `"l08-storage-result" StaticText`
    t =   506.67s Find the "l08-storage-result" StaticText
    t =   506.69s Find the "l08-storage-result" StaticText
/var/folders/6m/vxwlbjsn7vs6h80_98w6x7p40000gn/T/parlor-audit-ios-readiness-07-3vbx7ig_/copy/iosApp/iosAppUITests/IOSAppLaunchUITests.swift:2319: error: -[iosAppUITests.IOSAppLaunchUITests testDSC01ActualSettingsLocalSessionsAndOSInvestigation] : XCTAssertEqual failed: ("Optional("FAIL")") is not equal to ("Optional("PASS")")
    t =   506.78s Tear Down
Test Case '-[iosAppUITests.IOSAppLaunchUITests testDSC01ActualSettingsLocalSessionsAndOSInvestigation]' failed (507.321 seconds).
Test Suite 'IOSAppLaunchUITests' failed at 2026-09-08 00:10:42.819.
	 Executed 1 test, with 1 failure (0 unexpected) in 507.321 (507.322) seconds
Test Suite 'iosAppUITests.xctest' failed at 2026-09-08 00:10:42.820.
	 Executed 5 tests, with 1 failure (0 unexpected) in 507.657 (507.660) seconds
Test Suite 'All tests' failed at 2026-09-08 00:10:42.820.
	 Executed 5 tests, with 1 failure (0 unexpected) in 507.657 (507.661) seconds
2026-09-08 00:11:06.753 xcodebuild[7053:4194094] [MT] IDETestOperationsObserverDebug: 542.397 elapsed -- Testing started completed.
2026-09-08 00:11:06.753 xcodebuild[7053:4194094] [MT] IDETestOperationsObserverDebug: 0.000 sec, +0.000 sec -- start
2026-09-08 00:11:06.753 xcodebuild[7053:4194094] [MT] IDETestOperationsObserverDebug: 542.397 sec, +542.397 sec -- end

Test session results, code coverage, and logs:
	/var/folders/6m/vxwlbjsn7vs6h80_98w6x7p40000gn/T/parlor-audit-ios-readiness-07-3vbx7ig_/Results.xcresult

Failing tests:
	IOSAppLaunchUITests.testDSC01ActualSettingsLocalSessionsAndOSInvestigation()

** TEST FAILED **

Testing started
