2026-09-07T16:34:58.7579237Z Current runner version: '2.337.0'
2026-09-07T16:34:58.7608511Z ##[group]Runner Image Provisioner
2026-09-07T16:34:58.7609483Z Hosted Compute Agent
2026-09-07T16:34:58.7610120Z Version: 20260828.587
2026-09-07T16:34:58.7610828Z Commit: abac92662cab4cc7352de4f9f9d2e2419aad9c29
2026-09-07T16:34:58.7611692Z Build Date: 2026-08-28T16:44:25Z
2026-09-07T16:34:58.7612399Z Worker ID: {c8cca3e8-1399-4b8a-80ee-5ac702e88789}
2026-09-07T16:34:58.7613349Z Azure Region: eastus2
2026-09-07T16:34:58.7613975Z ##[endgroup]
2026-09-07T16:34:58.7615519Z ##[group]Operating System
2026-09-07T16:34:58.7616742Z Ubuntu
2026-09-07T16:34:58.7617305Z 24.04.4
2026-09-07T16:34:58.7617829Z LTS
2026-09-07T16:34:58.7618449Z ##[endgroup]
2026-09-07T16:34:58.7619070Z ##[group]Runner Image
2026-09-07T16:34:58.7619797Z Image: ubuntu-24.04
2026-09-07T16:34:58.7620395Z Version: 20260831.293.1
2026-09-07T16:34:58.7621798Z Included Software: https://github.com/actions/runner-images/blob/ubuntu24/20260831.293/images/ubuntu/Ubuntu2404-Readme.md
2026-09-07T16:34:58.7623758Z Image Release: https://github.com/actions/runner-images/releases/tag/ubuntu24%2F20260831.293
2026-09-07T16:34:58.7624820Z ##[endgroup]
2026-09-07T16:34:58.7625970Z ##[group]GITHUB_TOKEN Permissions
2026-09-07T16:34:58.7628486Z Contents: read
2026-09-07T16:34:58.7629151Z Metadata: read
2026-09-07T16:34:58.7629720Z ##[endgroup]
2026-09-07T16:34:58.7632032Z Secret source: Actions
2026-09-07T16:34:58.7633782Z Prepare workflow directory
2026-09-07T16:34:58.8200738Z Prepare all required actions
2026-09-07T16:34:58.8268417Z Getting action download info
2026-09-07T16:34:59.0377564Z Download action repository 'actions/checkout@3d3c42e5aac5ba805825da76410c181273ba90b1' (SHA:3d3c42e5aac5ba805825da76410c181273ba90b1)
2026-09-07T16:34:59.1381783Z Download action repository 'actions/setup-java@03ad4de0992f5dab5e18fcb136590ce7c4a0ac95' (SHA:03ad4de0992f5dab5e18fcb136590ce7c4a0ac95)
2026-09-07T16:34:59.4434262Z Download action repository 'actions/upload-artifact@043fb46d1a93c77aae656e7c1c64a875d1fc6a0a' (SHA:043fb46d1a93c77aae656e7c1c64a875d1fc6a0a)
2026-09-07T16:34:59.6462563Z Complete job name: Common, desktop, and Android release
2026-09-07T16:34:59.7301998Z ##[group]Run actions/checkout@3d3c42e5aac5ba805825da76410c181273ba90b1
2026-09-07T16:34:59.7304089Z with:
2026-09-07T16:34:59.7304753Z   fetch-depth: 0
2026-09-07T16:34:59.7305452Z   persist-credentials: false
2026-09-07T16:34:59.7306280Z   repository: Apdelrahman1911/parlor
2026-09-07T16:34:59.7312623Z   token: ***
2026-09-07T16:34:59.7313469Z   ssh-strict: true
2026-09-07T16:34:59.7314078Z   ssh-user: git
2026-09-07T16:34:59.7314713Z   clean: true
2026-09-07T16:34:59.7315403Z   sparse-checkout-cone-mode: true
2026-09-07T16:34:59.7316234Z   fetch-tags: false
2026-09-07T16:34:59.7316909Z   show-progress: true
2026-09-07T16:34:59.7317583Z   lfs: false
2026-09-07T16:34:59.7318198Z   submodules: false
2026-09-07T16:34:59.7318867Z   set-safe-directory: true
2026-09-07T16:34:59.7319645Z   allow-unsafe-pr-checkout: false
2026-09-07T16:34:59.7320869Z env:
2026-09-07T16:34:59.7322024Z   GRADLE_OPTS: -Dorg.gradle.project.kotlin.compiler.execution.strategy=in-process
2026-09-07T16:34:59.7323584Z ##[endgroup]
2026-09-07T16:34:59.8458705Z Syncing repository: Apdelrahman1911/parlor
2026-09-07T16:34:59.8461356Z ##[group]Getting Git version info
2026-09-07T16:34:59.8462286Z Working directory is '/home/runner/work/parlor/parlor'
2026-09-07T16:34:59.8463635Z [command]/usr/bin/git version
2026-09-07T16:34:59.8596018Z git version 2.55.0
2026-09-07T16:34:59.8654559Z ##[endgroup]
2026-09-07T16:34:59.8661374Z Temporarily overriding HOME='/home/runner/work/_temp/e6b55aab-739f-4ecd-ad20-f50c9383918b' before making global git config changes
2026-09-07T16:34:59.8662752Z Adding repository directory to the temporary git global config as a safe directory
2026-09-07T16:34:59.8668515Z [command]/usr/bin/git config --global --add safe.directory /home/runner/work/parlor/parlor
2026-09-07T16:34:59.8703975Z Deleting the contents of '/home/runner/work/parlor/parlor'
2026-09-07T16:34:59.8713234Z ##[group]Determining repository object format
2026-09-07T16:34:59.8714194Z ##[endgroup]
2026-09-07T16:34:59.8724450Z ##[group]Initializing the repository
2026-09-07T16:34:59.8725977Z [command]/usr/bin/git init /home/runner/work/parlor/parlor
2026-09-07T16:34:59.8814640Z hint: Using 'master' as the name for the initial branch. This default branch name
2026-09-07T16:34:59.8816429Z hint: will change to "main" in Git 3.0. To configure the initial branch name
2026-09-07T16:34:59.8817971Z hint: to use in all of your new repositories, which will suppress this warning,
2026-09-07T16:34:59.8818910Z hint: call:
2026-09-07T16:34:59.8819468Z hint:
2026-09-07T16:34:59.8820158Z hint: 	git config --global init.defaultBranch <name>
2026-09-07T16:34:59.8820933Z hint:
2026-09-07T16:34:59.8821676Z hint: Names commonly chosen instead of 'master' are 'main', 'trunk' and
2026-09-07T16:34:59.8823604Z hint: 'development'. The just-created branch can be renamed via this command:
2026-09-07T16:34:59.8824968Z hint:
2026-09-07T16:34:59.8825905Z hint: 	git branch -m <name>
2026-09-07T16:34:59.8826653Z hint:
2026-09-07T16:34:59.8827422Z hint: Disable this message with "git config set advice.defaultBranchName false"
2026-09-07T16:34:59.8828511Z Initialized empty Git repository in /home/runner/work/parlor/parlor/.git/
2026-09-07T16:34:59.8831050Z [command]/usr/bin/git remote add origin https://github.com/Apdelrahman1911/parlor
2026-09-07T16:34:59.8903783Z ##[endgroup]
2026-09-07T16:34:59.8904818Z ##[group]Disabling automatic garbage collection
2026-09-07T16:34:59.8905855Z [command]/usr/bin/git config --local gc.auto 0
2026-09-07T16:34:59.8933413Z ##[endgroup]
2026-09-07T16:34:59.8934824Z ##[group]Setting up auth
2026-09-07T16:34:59.8939283Z Removing SSH command configuration
2026-09-07T16:34:59.8940531Z [command]/usr/bin/git config --local --name-only --get-regexp core\.sshCommand
2026-09-07T16:34:59.8996219Z [command]/usr/bin/git submodule foreach --recursive sh -c "git config --local --name-only --get-regexp 'core\.sshCommand' && git config --local --unset-all 'core.sshCommand' || :"
2026-09-07T16:34:59.9397129Z Removing HTTP extra header
2026-09-07T16:34:59.9401599Z [command]/usr/bin/git config --local --name-only --get-regexp http\.https\:\/\/github\.com\/\.extraheader
2026-09-07T16:34:59.9444179Z [command]/usr/bin/git submodule foreach --recursive sh -c "git config --local --name-only --get-regexp 'http\.https\:\/\/github\.com\/\.extraheader' && git config --local --unset-all 'http.https://github.com/.extraheader' || :"
2026-09-07T16:34:59.9691022Z Removing includeIf entries pointing to credentials config files
2026-09-07T16:34:59.9696580Z [command]/usr/bin/git config --local --name-only --get-regexp ^includeIf\.gitdir:
2026-09-07T16:34:59.9737231Z [command]/usr/bin/git submodule foreach --recursive git config --local --show-origin --name-only --get-regexp remote.origin.url
2026-09-07T16:35:00.0007494Z [command]/usr/bin/git config --file /home/runner/work/_temp/git-credentials-63c0e485-a55c-4c49-8258-ba0089da1539.config http.https://github.com/.extraheader AUTHORIZATION: basic ***
2026-09-07T16:35:00.0055413Z [command]/usr/bin/git config --local includeIf.gitdir:/home/runner/work/parlor/parlor/.git.path /home/runner/work/_temp/git-credentials-63c0e485-a55c-4c49-8258-ba0089da1539.config
2026-09-07T16:35:00.0184453Z [command]/usr/bin/git config --local includeIf.gitdir:/home/runner/work/parlor/parlor/.git/worktrees/*.path /home/runner/work/_temp/git-credentials-63c0e485-a55c-4c49-8258-ba0089da1539.config
2026-09-07T16:35:00.0189606Z [command]/usr/bin/git config --local includeIf.gitdir:/github/workspace/.git.path /github/runner_temp/git-credentials-63c0e485-a55c-4c49-8258-ba0089da1539.config
2026-09-07T16:35:00.0194113Z [command]/usr/bin/git config --local includeIf.gitdir:/github/workspace/.git/worktrees/*.path /github/runner_temp/git-credentials-63c0e485-a55c-4c49-8258-ba0089da1539.config
2026-09-07T16:35:00.0227538Z ##[endgroup]
2026-09-07T16:35:00.0228308Z ##[group]Fetching the repository
2026-09-07T16:35:00.0235715Z [command]/usr/bin/git -c protocol.version=2 fetch --no-tags --prune --no-recurse-submodules origin +refs/heads/*:refs/remotes/origin/* +refs/tags/*:refs/tags/*
2026-09-07T16:35:01.0844822Z From https://github.com/Apdelrahman1911/parlor
2026-09-07T16:35:01.0846923Z  * [new branch]      codex/parlor-fr-remediation -> origin/codex/parlor-fr-remediation
2026-09-07T16:35:01.0849538Z  * [new branch]      codex/parlor-independent-review-9cd4040 -> origin/codex/parlor-independent-review-9cd4040
2026-09-07T16:35:01.0852572Z  * [new branch]      dependabot/github_actions/ci-actions-6bc1927ba3 -> origin/dependabot/github_actions/ci-actions-6bc1927ba3
2026-09-07T16:35:01.0854881Z  * [new branch]      fix/issue-103 -> origin/fix/issue-103
2026-09-07T16:35:01.0856032Z  * [new branch]      fix/issue-72  -> origin/fix/issue-72
2026-09-07T16:35:01.0857251Z  * [new branch]      fix/issue-73  -> origin/fix/issue-73
2026-09-07T16:35:01.0858846Z  * [new branch]      fix/local-readiness-2026-09-07 -> origin/fix/local-readiness-2026-09-07
2026-09-07T16:35:01.0860976Z  * [new branch]      mafia/module-and-platform-updates -> origin/mafia/module-and-platform-updates
2026-09-07T16:35:01.0863046Z  * [new branch]      main          -> origin/main
2026-09-07T16:35:01.0864129Z  * [new branch]      release       -> origin/release
2026-09-07T16:35:01.0865210Z  * [new branch]      testing       -> origin/testing
2026-09-07T16:35:01.0866980Z  * [new branch]      whodunit/round-config-and-clue-pool -> origin/whodunit/round-config-and-clue-pool
2026-09-07T16:35:01.0871080Z [command]/usr/bin/git branch --list --remote origin/fix/local-readiness-2026-09-07
2026-09-07T16:35:01.0890705Z   origin/fix/local-readiness-2026-09-07
2026-09-07T16:35:01.0900848Z [command]/usr/bin/git rev-parse refs/remotes/origin/fix/local-readiness-2026-09-07
2026-09-07T16:35:01.0930663Z 0b3090a40ff8135b04e0d6e9933c0af5d160daba
2026-09-07T16:35:01.0936362Z ##[endgroup]
2026-09-07T16:35:01.0937997Z ##[group]Determining the checkout info
2026-09-07T16:35:01.0940405Z ##[endgroup]
2026-09-07T16:35:01.0941786Z [command]/usr/bin/git sparse-checkout disable
2026-09-07T16:35:01.1000609Z [command]/usr/bin/git config --local --unset-all extensions.worktreeConfig
2026-09-07T16:35:01.1038470Z ##[group]Checking out the ref
2026-09-07T16:35:01.1043345Z [command]/usr/bin/git checkout --progress --force -B fix/local-readiness-2026-09-07 refs/remotes/origin/fix/local-readiness-2026-09-07
2026-09-07T16:35:01.2073078Z Switched to a new branch 'fix/local-readiness-2026-09-07'
2026-09-07T16:35:01.2076640Z branch 'fix/local-readiness-2026-09-07' set up to track 'origin/fix/local-readiness-2026-09-07'.
2026-09-07T16:35:01.2092192Z ##[endgroup]
2026-09-07T16:35:01.2145298Z [command]/usr/bin/git log -1 --format=%H
2026-09-07T16:35:01.2177979Z 0b3090a40ff8135b04e0d6e9933c0af5d160daba
2026-09-07T16:35:01.2187626Z ##[group]Removing auth
2026-09-07T16:35:01.2188865Z Removing SSH command configuration
2026-09-07T16:35:01.2191598Z [command]/usr/bin/git config --local --name-only --get-regexp core\.sshCommand
2026-09-07T16:35:01.2234044Z [command]/usr/bin/git submodule foreach --recursive sh -c "git config --local --name-only --get-regexp 'core\.sshCommand' && git config --local --unset-all 'core.sshCommand' || :"
2026-09-07T16:35:01.2493308Z Removing HTTP extra header
2026-09-07T16:35:01.2497463Z [command]/usr/bin/git config --local --name-only --get-regexp http\.https\:\/\/github\.com\/\.extraheader
2026-09-07T16:35:01.2538028Z [command]/usr/bin/git submodule foreach --recursive sh -c "git config --local --name-only --get-regexp 'http\.https\:\/\/github\.com\/\.extraheader' && git config --local --unset-all 'http.https://github.com/.extraheader' || :"
2026-09-07T16:35:01.2786252Z Removing includeIf entries pointing to credentials config files
2026-09-07T16:35:01.2789012Z [command]/usr/bin/git config --local --name-only --get-regexp ^includeIf\.gitdir:
2026-09-07T16:35:01.2821627Z includeif.gitdir:/home/runner/work/parlor/parlor/.git.path
2026-09-07T16:35:01.2824399Z includeif.gitdir:/home/runner/work/parlor/parlor/.git/worktrees/*.path
2026-09-07T16:35:01.2826940Z includeif.gitdir:/github/workspace/.git.path
2026-09-07T16:35:01.2828519Z includeif.gitdir:/github/workspace/.git/worktrees/*.path
2026-09-07T16:35:01.2834116Z [command]/usr/bin/git config --local --get-all includeif.gitdir:/home/runner/work/parlor/parlor/.git.path
2026-09-07T16:35:01.2863660Z /home/runner/work/_temp/git-credentials-63c0e485-a55c-4c49-8258-ba0089da1539.config
2026-09-07T16:35:01.2874560Z [command]/usr/bin/git config --local --unset includeif.gitdir:/home/runner/work/parlor/parlor/.git.path \/home\/runner\/work\/_temp\/git\-credentials\-63c0e485\-a55c\-4c49\-8258\-ba0089da1539\.config
2026-09-07T16:35:01.2950920Z [command]/usr/bin/git config --local --get-all includeif.gitdir:/home/runner/work/parlor/parlor/.git/worktrees/*.path
2026-09-07T16:35:01.2981244Z /home/runner/work/_temp/git-credentials-63c0e485-a55c-4c49-8258-ba0089da1539.config
2026-09-07T16:35:01.2991208Z [command]/usr/bin/git config --local --unset includeif.gitdir:/home/runner/work/parlor/parlor/.git/worktrees/*.path \/home\/runner\/work\/_temp\/git\-credentials\-63c0e485\-a55c\-4c49\-8258\-ba0089da1539\.config
2026-09-07T16:35:01.3039228Z [command]/usr/bin/git config --local --get-all includeif.gitdir:/github/workspace/.git.path
2026-09-07T16:35:01.3105389Z /github/runner_temp/git-credentials-63c0e485-a55c-4c49-8258-ba0089da1539.config
2026-09-07T16:35:01.3115991Z [command]/usr/bin/git config --local --unset includeif.gitdir:/github/workspace/.git.path \/github\/runner_temp\/git\-credentials\-63c0e485\-a55c\-4c49\-8258\-ba0089da1539\.config
2026-09-07T16:35:01.3168101Z [command]/usr/bin/git config --local --get-all includeif.gitdir:/github/workspace/.git/worktrees/*.path
2026-09-07T16:35:01.3196500Z /github/runner_temp/git-credentials-63c0e485-a55c-4c49-8258-ba0089da1539.config
2026-09-07T16:35:01.3205897Z [command]/usr/bin/git config --local --unset includeif.gitdir:/github/workspace/.git/worktrees/*.path \/github\/runner_temp\/git\-credentials\-63c0e485\-a55c\-4c49\-8258\-ba0089da1539\.config
2026-09-07T16:35:01.3245096Z [command]/usr/bin/git submodule foreach --recursive git config --local --show-origin --name-only --get-regexp remote.origin.url
2026-09-07T16:35:01.3492370Z Removing credentials config '/home/runner/work/_temp/git-credentials-63c0e485-a55c-4c49-8258-ba0089da1539.config'
2026-09-07T16:35:01.3499304Z ##[endgroup]
2026-09-07T16:35:01.3918975Z ##[group]Run actions/setup-java@03ad4de0992f5dab5e18fcb136590ce7c4a0ac95
2026-09-07T16:35:01.3920518Z with:
2026-09-07T16:35:01.3921310Z   distribution: temurin
2026-09-07T16:35:01.3922221Z   java-version: 21
2026-09-07T16:35:01.3923231Z   check-latest: false
2026-09-07T16:35:01.3924101Z   java-package: jdk
2026-09-07T16:35:01.3924930Z   set-default: true
2026-09-07T16:35:01.3925779Z   verify-signature: false
2026-09-07T16:35:01.3926682Z   server-id: github
2026-09-07T16:35:01.3927538Z   server-username: GITHUB_ACTOR
2026-09-07T16:35:01.3928549Z   server-password: GITHUB_TOKEN
2026-09-07T16:35:01.3929553Z   overwrite-settings: true
2026-09-07T16:35:01.3930524Z   job-status: success
2026-09-07T16:35:01.3938760Z   token: ***
2026-09-07T16:35:01.3939596Z   show-download-progress: false
2026-09-07T16:35:01.3940565Z env:
2026-09-07T16:35:01.3941894Z   GRADLE_OPTS: -Dorg.gradle.project.kotlin.compiler.execution.strategy=in-process
2026-09-07T16:35:01.3943653Z ##[endgroup]
2026-09-07T16:35:01.5524314Z ##[group]Installed distributions
2026-09-07T16:35:01.5586045Z Resolved Java 21.0.12+1 from tool-cache
2026-09-07T16:35:01.5587690Z Setting Java 21.0.12+1 as the default
2026-09-07T16:35:01.5597036Z Creating toolchains.xml for JDK version 21 from temurin
2026-09-07T16:35:01.5666770Z Writing to /home/runner/.m2/toolchains.xml
2026-09-07T16:35:01.5668017Z 
2026-09-07T16:35:01.5668531Z Java configuration:
2026-09-07T16:35:01.5669741Z   Distribution: temurin
2026-09-07T16:35:01.5670977Z   Version: 21.0.12+1
2026-09-07T16:35:01.5672642Z   Path: /opt/hostedtoolcache/Java_Temurin-Hotspot_jdk/21.0.12-1/x64
2026-09-07T16:35:01.5674352Z 
2026-09-07T16:35:01.5675462Z ##[endgroup]
2026-09-07T16:35:01.5722638Z Creating settings.xml with server-id: github
2026-09-07T16:35:01.5724433Z Writing to /home/runner/.m2/settings.xml
2026-09-07T16:35:01.5727387Z Configured MAVEN_ARGS to include -ntp to suppress Maven transfer progress logs. Set 'show-download-progress: true' to keep the download progress output.
2026-09-07T16:35:01.5914662Z ##[group]Run import runpy, sys
2026-09-07T16:35:01.5916304Z [36;1mimport runpy, sys[0m
2026-09-07T16:35:01.5918027Z [36;1msys.argv = ["verification_hygiene.py", "prepare"][0m
2026-09-07T16:35:01.5920672Z [36;1mrunpy.run_path("scripts/ci/verification_hygiene.py", run_name="__main__")[0m
2026-09-07T16:35:01.6135462Z shell: /usr/bin/python {0}
2026-09-07T16:35:01.6136482Z env:
2026-09-07T16:35:01.6137843Z   GRADLE_OPTS: -Dorg.gradle.project.kotlin.compiler.execution.strategy=in-process
2026-09-07T16:35:01.6139820Z   JAVA_HOME: /opt/hostedtoolcache/Java_Temurin-Hotspot_jdk/21.0.12-1/x64
2026-09-07T16:35:01.6141622Z   JAVA_HOME_21_X64: /opt/hostedtoolcache/Java_Temurin-Hotspot_jdk/21.0.12-1/x64
2026-09-07T16:35:01.6143362Z   MAVEN_ARGS: -ntp
2026-09-07T16:35:01.6145068Z ##[endgroup]
2026-09-07T16:35:01.7669820Z ##[group]Run set -euo pipefail
2026-09-07T16:35:01.7670890Z [36;1mset -euo pipefail[0m
2026-09-07T16:35:01.7671803Z [36;1mtest -c /dev/kvm[0m
2026-09-07T16:35:01.7672714Z [36;1msudo chmod 0666 /dev/kvm[0m
2026-09-07T16:35:01.7673906Z [36;1mtest -r /dev/kvm[0m
2026-09-07T16:35:01.7674793Z [36;1mtest -w /dev/kvm[0m
2026-09-07T16:35:01.7676679Z [36;1mmanaged_device_image=$(jq -r '.toolchains.android_managed_device.system_image_package' config/release-policy.json)[0m
2026-09-07T16:35:01.7679146Z [36;1mtest "$managed_device_image" = "system-images;android-35;google_apis;x86_64"[0m
2026-09-07T16:35:01.7680911Z [36;1m"${ANDROID_HOME}/cmdline-tools/latest/bin/sdkmanager" \[0m
2026-09-07T16:35:01.7682220Z [36;1m  "platforms;android-36" \[0m
2026-09-07T16:35:01.7683408Z [36;1m  "build-tools;36.0.0" \[0m
2026-09-07T16:35:01.7684386Z [36;1m  "platform-tools" \[0m
2026-09-07T16:35:01.7685346Z [36;1m  "emulator" \[0m
2026-09-07T16:35:01.7686285Z [36;1m  "$managed_device_image"[0m
2026-09-07T16:35:01.7688036Z [36;1mimage_properties="${ANDROID_HOME}/system-images/android-35/google_apis/x86_64/source.properties"[0m
2026-09-07T16:35:01.7689892Z [36;1mtest -s "$image_properties"[0m
2026-09-07T16:35:01.7691379Z [36;1mimage_revision=$(sed -n 's/^Pkg.Revision=//p' "$image_properties" | tr -d '\r')[0m
2026-09-07T16:35:01.7694141Z [36;1mtest "$image_revision" = "$(jq -r '.toolchains.android_managed_device.system_image_revision' config/release-policy.json)"[0m
2026-09-07T16:35:01.7737850Z shell: /usr/bin/bash --noprofile --norc -e -o pipefail {0}
2026-09-07T16:35:01.7739089Z env:
2026-09-07T16:35:01.7740353Z   GRADLE_OPTS: -Dorg.gradle.project.kotlin.compiler.execution.strategy=in-process
2026-09-07T16:35:01.7742263Z   JAVA_HOME: /opt/hostedtoolcache/Java_Temurin-Hotspot_jdk/21.0.12-1/x64
2026-09-07T16:35:01.7744287Z   JAVA_HOME_21_X64: /opt/hostedtoolcache/Java_Temurin-Hotspot_jdk/21.0.12-1/x64
2026-09-07T16:35:01.7745730Z   MAVEN_ARGS: -ntp
2026-09-07T16:35:01.7746523Z ##[endgroup]
2026-09-07T16:35:02.9572066Z Loading package information...                                                  
2026-09-07T16:35:03.0458746Z Loading local repository...                                                     
2026-09-07T16:35:03.0461612Z [                                       ] 3% Loading local repository...        
2026-09-07T16:35:03.5474796Z [                                       ] 3% Fetch remote repository...         
2026-09-07T16:35:04.0249318Z [=                                      ] 3% Fetch remote repository...         
2026-09-07T16:35:04.1054963Z [=                                      ] 4% Fetch remote repository...         
2026-09-07T16:35:04.1549343Z [=                                      ] 5% Fetch remote repository...         
2026-09-07T16:35:04.2109862Z [==                                     ] 5% Fetch remote repository...         
2026-09-07T16:35:04.2763671Z [==                                     ] 6% Fetch remote repository...         
2026-09-07T16:35:04.4795024Z [==                                     ] 7% Fetch remote repository...         
2026-09-07T16:35:04.4823929Z [==                                     ] 7% Computing updates...               
2026-09-07T16:35:04.4921351Z [===                                    ] 8% Computing updates...               
2026-09-07T16:35:04.5054974Z [===                                    ] 10% Computing updates...              
2026-09-07T16:35:04.5434386Z [===                                    ] 10% Installing Android Emulator       
2026-09-07T16:35:04.8506004Z [===                                    ] 10% Downloading emulator-linux_x64-159
2026-09-07T16:35:04.9525094Z [====                                   ] 10% Downloading emulator-linux_x64-159
2026-09-07T16:35:05.0705068Z [====                                   ] 11% Downloading emulator-linux_x64-159
2026-09-07T16:35:05.2251155Z [====                                   ] 12% Downloading emulator-linux_x64-159
2026-09-07T16:35:05.3181171Z [=====                                  ] 13% Downloading emulator-linux_x64-159
2026-09-07T16:35:05.4367686Z [=====                                  ] 14% Downloading emulator-linux_x64-159
2026-09-07T16:35:05.4774799Z [=====                                  ] 15% Downloading emulator-linux_x64-159
2026-09-07T16:35:05.5108524Z [======                                 ] 15% Downloading emulator-linux_x64-159
2026-09-07T16:35:05.7007945Z [======                                 ] 16% Downloading emulator-linux_x64-159
2026-09-07T16:35:05.7728342Z [======                                 ] 17% Downloading emulator-linux_x64-159
2026-09-07T16:35:05.8583183Z [=======                                ] 18% Downloading emulator-linux_x64-159
2026-09-07T16:35:05.9720802Z [=======                                ] 19% Downloading emulator-linux_x64-159
2026-09-07T16:35:06.0456268Z [=======                                ] 20% Downloading emulator-linux_x64-159
2026-09-07T16:35:06.1908540Z [========                               ] 20% Downloading emulator-linux_x64-159
2026-09-07T16:35:06.2384743Z [========                               ] 21% Downloading emulator-linux_x64-159
2026-09-07T16:35:06.5462148Z [========                               ] 21% Unzipping...                      
2026-09-07T16:35:06.5463792Z [========                               ] 21% Unzipping... emulator/            
2026-09-07T16:35:06.5464749Z [========                               ] 21% Unzipping... emulator/resources/  
2026-09-07T16:35:06.6104868Z [========                               ] 21% Unzipping... emulator/qsn         
2026-09-07T16:35:06.7141571Z [========                               ] 21% Unzipping... emulator/emulator    
2026-09-07T16:35:06.7465570Z [========                               ] 21% Unzipping... emulator/netsimd     
2026-09-07T16:35:07.1105613Z [========                               ] 22% Unzipping... emulator/netsimd     
2026-09-07T16:35:07.1106727Z [========                               ] 22% Unzipping... emulator/bin64/      
2026-09-07T16:35:07.1107791Z [========                               ] 22% Unzipping... emulator/qemu/       
2026-09-07T16:35:07.1570329Z [========                               ] 22% Unzipping... emulator/NOTICE.txt  
2026-09-07T16:35:07.2189418Z [========                               ] 22% Unzipping... emulator/crashpad_han
2026-09-07T16:35:07.2197032Z [========                               ] 22% Unzipping... emulator/source.prope
2026-09-07T16:35:07.3142231Z [========                               ] 22% Unzipping... emulator/nimble_bridg
2026-09-07T16:35:07.3168453Z [========                               ] 22% Unzipping... emulator/LICENSE     
2026-09-07T16:35:07.3169786Z [========                               ] 22% Unzipping... emulator/lib/        
2026-09-07T16:35:07.3247009Z [========                               ] 22% Unzipping... emulator/qemu-img    
2026-09-07T16:35:07.3247951Z [========                               ] 22% Unzipping... emulator/include/    
2026-09-07T16:35:07.3252775Z [========                               ] 22% Unzipping... emulator/NOTICE.csv  
2026-09-07T16:35:07.3253933Z [========                               ] 22% Unzipping... emulator/lib64/      
2026-09-07T16:35:07.3431693Z [========                               ] 22% Unzipping... emulator/emulator-che
2026-09-07T16:35:07.3652425Z [========                               ] 22% Unzipping... emulator/crashreport 
2026-09-07T16:35:07.3656037Z [========                               ] 22% Unzipping... emulator/mksdcard    
2026-09-07T16:35:07.3856780Z [========                               ] 22% Unzipping... emulator/resources/To
2026-09-07T16:35:07.3868984Z [========                               ] 22% Unzipping... emulator/resources/de
2026-09-07T16:35:07.4013538Z [========                               ] 22% Unzipping... emulator/resources/To
2026-09-07T16:35:07.4014403Z [========                               ] 22% Unzipping... emulator/resources/ma
2026-09-07T16:35:07.4039584Z [========                               ] 22% Unzipping... emulator/resources/de
2026-09-07T16:35:07.4040496Z [========                               ] 22% Unzipping... emulator/resources/sk
2026-09-07T16:35:07.4083292Z [========                               ] 22% Unzipping... emulator/resources/de
2026-09-07T16:35:07.4084188Z [========                               ] 22% Unzipping... emulator/resources/ma
2026-09-07T16:35:07.4090029Z [========                               ] 22% Unzipping... emulator/resources/po
2026-09-07T16:35:07.4169948Z [========                               ] 22% Unzipping... emulator/resources/ma
2026-09-07T16:35:07.4240550Z [========                               ] 22% Unzipping... emulator/resources/sk
2026-09-07T16:35:07.4263918Z [========                               ] 22% Unzipping... emulator/resources/ma
2026-09-07T16:35:07.4323841Z [========                               ] 22% Unzipping... emulator/bin64/e2fsck
2026-09-07T16:35:07.4353832Z [========                               ] 22% Unzipping... emulator/bin64/fsck.e
2026-09-07T16:35:07.4384355Z [========                               ] 22% Unzipping... emulator/bin64/tune2f
2026-09-07T16:35:07.4413978Z [========                               ] 22% Unzipping... emulator/bin64/resize
2026-09-07T16:35:07.4433823Z [========                               ] 22% Unzipping... emulator/bin64/mkfs.e
2026-09-07T16:35:07.4522021Z [========                               ] 22% Unzipping... emulator/qemu/linux-x
2026-09-07T16:35:07.8605621Z [=========                              ] 23% Unzipping... emulator/qemu/linux-x
2026-09-07T16:35:08.2353371Z [=========                              ] 24% Unzipping... emulator/qemu/linux-x
2026-09-07T16:35:08.4147070Z [=========                              ] 25% Unzipping... emulator/qemu/linux-x
2026-09-07T16:35:08.6046385Z [==========                             ] 25% Unzipping... emulator/qemu/linux-x
2026-09-07T16:35:08.6054251Z [==========                             ] 25% Unzipping... emulator/lib/emulator
2026-09-07T16:35:08.6055380Z [==========                             ] 25% Unzipping... emulator/lib/rtc_serv
2026-09-07T16:35:08.6057275Z [==========                             ] 25% Unzipping... emulator/lib/advanced
2026-09-07T16:35:08.6057920Z [==========                             ] 25% Unzipping... emulator/lib/cmake/  
2026-09-07T16:35:08.6060839Z [==========                             ] 25% Unzipping... emulator/lib/emulator
2026-09-07T16:35:08.6067289Z [==========                             ] 25% Unzipping... emulator/lib/control_
2026-09-07T16:35:08.6071262Z [==========                             ] 25% Unzipping... emulator/lib/emulated
2026-09-07T16:35:08.6072045Z [==========                             ] 25% Unzipping... emulator/lib/rtc_serv
2026-09-07T16:35:08.6073932Z [==========                             ] 25% Unzipping... emulator/lib/emu-orig
2026-09-07T16:35:08.6077677Z [==========                             ] 25% Unzipping... emulator/lib/hardware
2026-09-07T16:35:08.6078592Z [==========                             ] 25% Unzipping... emulator/lib/pkgconfi
2026-09-07T16:35:08.6083006Z [==========                             ] 25% Unzipping... emulator/lib/pc-bios/
2026-09-07T16:35:08.6083590Z [==========                             ] 25% Unzipping... emulator/lib/snapshot
2026-09-07T16:35:08.6086292Z [==========                             ] 25% Unzipping... emulator/lib/adb_serv
2026-09-07T16:35:08.6094479Z [==========                             ] 25% Unzipping... emulator/lib/hostapd.
2026-09-07T16:35:08.6097264Z [==========                             ] 25% Unzipping... emulator/lib/grpc_end
2026-09-07T16:35:08.6113890Z [==========                             ] 25% Unzipping... emulator/lib/ca-bundl
2026-09-07T16:35:08.6117656Z [==========                             ] 25% Unzipping... emulator/lib/ui_contr
2026-09-07T16:35:08.6121042Z [==========                             ] 25% Unzipping... emulator/lib/snapshot
2026-09-07T16:35:08.6124157Z [==========                             ] 25% Unzipping... emulator/lib/ice_conf
2026-09-07T16:35:08.6279436Z [==========                             ] 25% Unzipping... emulator/lib/libflatb
2026-09-07T16:35:08.6464045Z [==========                             ] 26% Unzipping... emulator/lib/libflatb
2026-09-07T16:35:08.6472312Z [==========                             ] 26% Unzipping... emulator/lib/emulator
2026-09-07T16:35:08.6475163Z [==========                             ] 26% Unzipping... emulator/lib/waterfal
2026-09-07T16:35:08.6478230Z [==========                             ] 26% Unzipping... emulator/lib/emulated
2026-09-07T16:35:08.6491566Z [==========                             ] 26% Unzipping... emulator/lib/cmake/fl
2026-09-07T16:35:08.6494984Z [==========                             ] 26% Unzipping... emulator/lib/pkgconfi
2026-09-07T16:35:08.6676448Z [==========                             ] 26% Unzipping... emulator/lib/pc-bios/
2026-09-07T16:35:08.6756724Z [==========                             ] 26% Unzipping... emulator/include/flat
2026-09-07T16:35:08.6833777Z [==========                             ] 26% Unzipping... emulator/lib64/libgli
2026-09-07T16:35:08.6965626Z [==========                             ] 26% Unzipping... emulator/lib64/libpro
2026-09-07T16:35:08.6966356Z [==========                             ] 26% Unzipping... emulator/lib64/qt/   
2026-09-07T16:35:08.7405585Z [==========                             ] 26% Unzipping... emulator/lib64/liband
2026-09-07T16:35:08.8176680Z [==========                             ] 26% Unzipping... emulator/lib64/libgfx
2026-09-07T16:35:08.8177174Z [==========                             ] 26% Unzipping... emulator/lib64/gles_l
2026-09-07T16:35:08.8194123Z [==========                             ] 26% Unzipping... emulator/lib64/liband
2026-09-07T16:35:08.8194745Z [==========                             ] 26% Unzipping... emulator/lib64/vulkan
2026-09-07T16:35:08.8195420Z [==========                             ] 26% Unzipping... emulator/lib64/gles_s
2026-09-07T16:35:08.8196056Z [==========                             ] 26% Unzipping... emulator/lib64/libemu
2026-09-07T16:35:08.8338895Z [==========                             ] 26% Unzipping... emulator/lib64/libpro
2026-09-07T16:35:09.0041600Z [==========                             ] 26% Unzipping... emulator/lib64/liband
2026-09-07T16:35:09.0062463Z [==========                             ] 26% Unzipping... emulator/lib64/libtcm
2026-09-07T16:35:09.0074668Z [==========                             ] 26% Unzipping... emulator/lib64/libima
2026-09-07T16:35:09.0146008Z [==========                             ] 26% Unzipping... emulator/lib64/libc++
2026-09-07T16:35:09.0442415Z [==========                             ] 26% Unzipping... emulator/lib64/liband
2026-09-07T16:35:09.0506060Z [==========                             ] 26% Unzipping... emulator/lib64/libabs
2026-09-07T16:35:09.0506748Z [==========                             ] 26% Unzipping... emulator/lib64/gles_a
2026-09-07T16:35:09.0594942Z [==========                             ] 26% Unzipping... emulator/lib64/libsha
2026-09-07T16:35:09.0674730Z [==========                             ] 26% Unzipping... emulator/lib64/libc++
2026-09-07T16:35:09.0675625Z [==========                             ] 26% Unzipping... emulator/lib64/qt/res
2026-09-07T16:35:09.0676735Z [==========                             ] 26% Unzipping... emulator/lib64/qt/lib
2026-09-07T16:35:09.0677412Z [==========                             ] 26% Unzipping... emulator/lib64/qt/tra
2026-09-07T16:35:09.0678004Z [==========                             ] 26% Unzipping... emulator/lib64/qt/plu
2026-09-07T16:35:09.0700833Z [==========                             ] 26% Unzipping... emulator/lib64/qt/res
2026-09-07T16:35:09.1498281Z [==========                             ] 27% Unzipping... emulator/lib64/qt/res
2026-09-07T16:35:09.2294524Z [==========                             ] 27% Unzipping... emulator/lib64/qt/lib
2026-09-07T16:35:09.6541834Z [===========                            ] 28% Unzipping... emulator/lib64/qt/lib
2026-09-07T16:35:10.0940310Z [===========                            ] 29% Unzipping... emulator/lib64/qt/lib
2026-09-07T16:35:10.2825893Z [===========                            ] 30% Unzipping... emulator/lib64/qt/lib
2026-09-07T16:35:10.4554809Z [============                           ] 30% Unzipping... emulator/lib64/qt/lib
2026-09-07T16:35:10.5154563Z [============                           ] 30% Unzipping... emulator/lib64/qt/tra
2026-09-07T16:35:10.5763559Z [============                           ] 31% Unzipping... emulator/lib64/qt/tra
2026-09-07T16:35:10.5886318Z [============                           ] 31% Unzipping... emulator/lib64/qt/plu
2026-09-07T16:35:10.6810678Z [============                           ] 31% Unzipping... emulator/lib64/gles_l
2026-09-07T16:35:10.9250908Z [============                           ] 31% Unzipping... emulator/lib64/vulkan
2026-09-07T16:35:11.2898792Z [============                           ] 32% Unzipping... emulator/lib64/vulkan
2026-09-07T16:35:11.3659974Z [============                           ] 32% Unzipping... emulator/lib64/gles_s
2026-09-07T16:35:11.4304660Z [============                           ] 32% Unzipping... emulator/lib64/gles_a
2026-09-07T16:35:11.4901684Z [=============                          ] 33% Unzipping... emulator/lib64/gles_a
2026-09-07T16:35:11.8071343Z [=====================                  ] 55% Unzipping... emulator/lib64/gles_a
2026-09-07T16:35:11.9011113Z [=====================                  ] 55% Installing Google APIs Intel x86_6
2026-09-07T16:35:12.2013243Z [=====================                  ] 55% Downloading x86_64-35_r09.zip... e
2026-09-07T16:35:12.4021767Z [======================                 ] 55% Downloading x86_64-35_r09.zip... e
2026-09-07T16:35:13.1675861Z [======================                 ] 56% Downloading x86_64-35_r09.zip... e
2026-09-07T16:35:13.9300971Z [======================                 ] 57% Downloading x86_64-35_r09.zip... e
2026-09-07T16:35:14.7036872Z [=======================                ] 58% Downloading x86_64-35_r09.zip... e
2026-09-07T16:35:15.4873703Z [=======================                ] 59% Downloading x86_64-35_r09.zip... e
2026-09-07T16:35:15.7349243Z [=======================                ] 60% Downloading x86_64-35_r09.zip... e
2026-09-07T16:35:15.9264145Z [========================               ] 60% Downloading x86_64-35_r09.zip... e
2026-09-07T16:35:16.8987597Z [========================               ] 61% Downloading x86_64-35_r09.zip... e
2026-09-07T16:35:17.5523206Z [========================               ] 62% Downloading x86_64-35_r09.zip... e
2026-09-07T16:35:18.2146989Z [=========================              ] 63% Downloading x86_64-35_r09.zip... e
2026-09-07T16:35:18.9324643Z [=========================              ] 64% Downloading x86_64-35_r09.zip... e
2026-09-07T16:35:19.3106980Z [=========================              ] 65% Downloading x86_64-35_r09.zip... e
2026-09-07T16:35:19.6749641Z [==========================             ] 65% Downloading x86_64-35_r09.zip... e
2026-09-07T16:35:20.2451185Z [==========================             ] 66% Downloading x86_64-35_r09.zip... e
2026-09-07T16:35:20.2465578Z [==========================             ] 66% Unzipping... emulator/lib64/gles_a
2026-09-07T16:35:20.3015132Z [==========================             ] 66% Unzipping... x86_64/NOTICE.txt    
2026-09-07T16:35:20.3017509Z [==========================             ] 66% Unzipping... x86_64/VerifiedBootPa
2026-09-07T16:35:20.3019407Z [==========================             ] 66% Unzipping... x86_64/advancedFeatur
2026-09-07T16:35:20.3021498Z [==========================             ] 66% Unzipping... x86_64/build.prop    
2026-09-07T16:35:20.3615427Z [==========================             ] 66% Unzipping... x86_64/encryptionkey.
2026-09-07T16:35:20.4910054Z [==========================             ] 66% Unzipping... x86_64/kernel-ranchu 
2026-09-07T16:35:20.4915155Z [==========================             ] 66% Unzipping... x86_64/kernel_cmdline
2026-09-07T16:35:20.5069284Z [==========================             ] 66% Unzipping... x86_64/ramdisk.img   
2026-09-07T16:35:20.5073202Z [==========================             ] 66% Unzipping... x86_64/source.propert
2026-09-07T16:35:20.6725850Z [==========================             ] 66% Unzipping... x86_64/system.img    
2026-09-07T16:35:22.2585782Z [==========================             ] 67% Unzipping... x86_64/system.img    
2026-09-07T16:35:23.8239567Z [===========================            ] 68% Unzipping... x86_64/system.img    
2026-09-07T16:35:25.2250553Z [===========================            ] 69% Unzipping... x86_64/system.img    
2026-09-07T16:35:26.0308111Z [===========================            ] 70% Unzipping... x86_64/system.img    
2026-09-07T16:35:26.6637788Z [============================           ] 70% Unzipping... x86_64/system.img    
2026-09-07T16:35:28.4035024Z [============================           ] 71% Unzipping... x86_64/system.img    
2026-09-07T16:35:29.7826030Z [============================           ] 72% Unzipping... x86_64/system.img    
2026-09-07T16:35:31.2050235Z [=============================          ] 73% Unzipping... x86_64/system.img    
2026-09-07T16:35:32.8422520Z [=============================          ] 74% Unzipping... x86_64/system.img    
2026-09-07T16:35:33.7109721Z [=============================          ] 75% Unzipping... x86_64/system.img    
2026-09-07T16:35:34.3348391Z [==============================         ] 75% Unzipping... x86_64/system.img    
2026-09-07T16:35:35.9385208Z [==============================         ] 76% Unzipping... x86_64/system.img    
2026-09-07T16:35:39.5728646Z [==============================         ] 77% Unzipping... x86_64/system.img    
2026-09-07T16:35:40.0997110Z [==============================         ] 77% Unzipping... x86_64/vendor.img    
2026-09-07T16:35:40.1001027Z [==============================         ] 77% Unzipping... x86_64/data/empty_dat
2026-09-07T16:35:40.1003625Z [==============================         ] 77% Unzipping... x86_64/data/local.pro
2026-09-07T16:35:40.1006916Z [==============================         ] 77% Unzipping... x86_64/data/misc/Gold
2026-09-07T16:35:40.1033533Z [==============================         ] 77% Unzipping... x86_64/data/misc/apns
2026-09-07T16:35:40.1063456Z [==============================         ] 77% Unzipping... x86_64/data/misc/emul
2026-09-07T16:35:40.1093470Z [==============================         ] 77% Unzipping... x86_64/data/misc/mode
2026-09-07T16:35:40.1113859Z [==============================         ] 77% Unzipping... x86_64/data/misc/pixe
2026-09-07T16:35:40.3845051Z [==============================         ] 78% Unzipping... x86_64/data/misc/pixe
2026-09-07T16:35:40.3845744Z [=======================================] 100% Unzipping... x86_64/data/misc/pix
2026-09-07T16:35:40.3929995Z 
2026-09-07T16:35:40.4301583Z ##[group]Run set -euo pipefail
2026-09-07T16:35:40.4301957Z [36;1mset -euo pipefail[0m
2026-09-07T16:35:40.4302409Z [36;1mmkdir -p build/ci-evidence[0m
2026-09-07T16:35:40.4302747Z [36;1mgit rev-parse HEAD | tee build/ci-evidence/commit.txt[0m
2026-09-07T16:35:40.4303643Z [36;1mtest -z "$(git status --porcelain)"[0m
2026-09-07T16:35:40.4345481Z shell: /usr/bin/bash --noprofile --norc -e -o pipefail {0}
2026-09-07T16:35:40.4345829Z env:
2026-09-07T16:35:40.4346205Z   GRADLE_OPTS: -Dorg.gradle.project.kotlin.compiler.execution.strategy=in-process
2026-09-07T16:35:40.4346749Z   JAVA_HOME: /opt/hostedtoolcache/Java_Temurin-Hotspot_jdk/21.0.12-1/x64
2026-09-07T16:35:40.4347233Z   JAVA_HOME_21_X64: /opt/hostedtoolcache/Java_Temurin-Hotspot_jdk/21.0.12-1/x64
2026-09-07T16:35:40.4347629Z   MAVEN_ARGS: -ntp
2026-09-07T16:35:40.4347842Z ##[endgroup]
2026-09-07T16:35:40.4444226Z 0b3090a40ff8135b04e0d6e9933c0af5d160daba
2026-09-07T16:35:40.5085901Z ##[group]Run ./gradlew productionCheck productionStaticAnalysis productionReleaseAutomationCheck allTests --dependency-verification=strict --no-daemon --stacktrace --console=plain
2026-09-07T16:35:40.5087244Z [36;1m./gradlew productionCheck productionStaticAnalysis productionReleaseAutomationCheck allTests --dependency-verification=strict --no-daemon --stacktrace --console=plain[0m
2026-09-07T16:35:40.5129417Z shell: /usr/bin/bash -e {0}
2026-09-07T16:35:40.5129688Z env:
2026-09-07T16:35:40.5130070Z   GRADLE_OPTS: -Dorg.gradle.project.kotlin.compiler.execution.strategy=in-process
2026-09-07T16:35:40.5130610Z   JAVA_HOME: /opt/hostedtoolcache/Java_Temurin-Hotspot_jdk/21.0.12-1/x64
2026-09-07T16:35:40.5131098Z   JAVA_HOME_21_X64: /opt/hostedtoolcache/Java_Temurin-Hotspot_jdk/21.0.12-1/x64
2026-09-07T16:35:40.5131469Z   MAVEN_ARGS: -ntp
2026-09-07T16:35:40.5131693Z ##[endgroup]
2026-09-07T16:35:40.6196401Z Downloading https://services.gradle.org/distributions/gradle-8.13-bin.zip
2026-09-07T16:35:42.1538739Z .............10%.............20%.............30%.............40%.............50%.............60%.............70%.............80%.............90%.............100%
2026-09-07T16:35:43.5473616Z 
2026-09-07T16:35:43.5483453Z Welcome to Gradle 8.13!
2026-09-07T16:35:43.5483782Z 
2026-09-07T16:35:43.5483987Z Here are the highlights of this release:
2026-09-07T16:35:43.5484510Z  - Daemon JVM auto-provisioning
2026-09-07T16:35:43.5484884Z  - Enhancements for Scala plugin and JUnit testing
2026-09-07T16:35:43.5485259Z  - Improvements for build authors and plugin developers
2026-09-07T16:35:43.5485497Z 
2026-09-07T16:35:43.5485700Z For more details see https://docs.gradle.org/8.13/release-notes.html
2026-09-07T16:35:43.5485994Z 
2026-09-07T16:35:43.6474908Z To honour the JVM settings for this build a single-use Daemon process will be forked. For more on this, please refer to https://docs.gradle.org/8.13/userguide/gradle_daemon.html#sec:disabling_the_daemon in the Gradle documentation.
2026-09-07T16:35:44.7447277Z Daemon will be stopped at the end of the build 
2026-09-07T16:35:46.2447903Z Calculating task graph as no cached configuration is available for tasks: productionCheck productionStaticAnalysis productionReleaseAutomationCheck allTests
2026-09-07T16:36:09.6454361Z Type-safe project accessors is an incubating feature.
2026-09-07T16:36:29.8515716Z > Task :build-logic:convention:checkKotlinGradlePluginConfigurationErrors SKIPPED
2026-09-07T16:36:40.7444623Z > Task :build-logic:convention:pluginDescriptors
2026-09-07T16:36:40.7445295Z > Task :build-logic:convention:processResources
2026-09-07T16:36:46.1448994Z > Task :build-logic:convention:compileKotlin
2026-09-07T16:36:46.1450774Z > Task :build-logic:convention:compileJava NO-SOURCE
2026-09-07T16:36:46.1451591Z > Task :build-logic:convention:classes
2026-09-07T16:36:46.2444697Z > Task :build-logic:convention:jar
2026-09-07T16:37:12.3449597Z 
2026-09-07T16:37:12.3450735Z > Configure project :composeApp
2026-09-07T16:37:12.3451723Z WARNING: The option setting 'android.experimental.lint.version=9.1.1' is experimental.
2026-09-07T16:37:21.2445524Z w: ⚠️ Deprecated Gradle Version
2026-09-07T16:37:21.2482966Z The used Gradle version (Gradle 8.13) is deprecated and will not be supported in future Kotlin Gradle Plugin releases.
2026-09-07T16:37:21.2484800Z The minimum supported Gradle version will become Gradle 8.14.4 in Kotlin 2.5.0.
2026-09-07T16:37:21.2485511Z 
2026-09-07T16:37:21.2485928Z This warning can be suppressed in 'gradle.properties':
2026-09-07T16:37:21.2486788Z     kotlin.suppressGradlePluginWarnings=DeprecatedGradleVersionWarning
2026-09-07T16:37:21.2487724Z Solution: Please update the Gradle version to at least Gradle 8.14.4.
2026-09-07T16:37:21.2488313Z 
2026-09-07T16:37:21.2488906Z w: ⚠️ Native task 'iosX64Test' is disabled
2026-09-07T16:37:21.2489704Z Task 'iosX64Test' for target 'ios_x64' cannot run on the current host (linux-x86_64).
2026-09-07T16:37:21.2490521Z Reason: simulator tests require macOS
2026-09-07T16:37:21.2491755Z Solution: To suppress this warning, add 'kotlin.native.ignoreDisabledTargets=true' to gradle.properties.
2026-09-07T16:37:21.2492549Z 
2026-09-07T16:37:21.2493307Z w: ⚠️ Native task 'iosSimulatorArm64Test' is disabled
2026-09-07T16:37:21.2503523Z Task 'iosSimulatorArm64Test' for target 'ios_simulator_arm64' cannot run on the current host (linux-x86_64).
2026-09-07T16:37:21.2512630Z Reason: simulator tests require macOS
2026-09-07T16:37:21.2513851Z Solution: To suppress this warning, add 'kotlin.native.ignoreDisabledTargets=true' to gradle.properties.
2026-09-07T16:37:21.2514707Z 
2026-09-07T16:39:38.7463614Z 
2026-09-07T16:39:38.7489943Z > Task :composeApp:preBuild UP-TO-DATE
2026-09-07T16:39:38.7503744Z > Task :composeApp:preReleaseBuild UP-TO-DATE
2026-09-07T16:39:38.7536040Z > Task :composeApp:convertXmlValueResourcesForAndroidMain NO-SOURCE
2026-09-07T16:39:38.7545990Z > Task :composeApp:copyNonXmlValueResourcesForAndroidMain NO-SOURCE
2026-09-07T16:39:38.7550262Z > Task :composeApp:prepareComposeResourcesTaskForAndroidMain NO-SOURCE
2026-09-07T16:39:38.7551366Z > Task :composeApp:convertXmlValueResourcesForAndroidRelease NO-SOURCE
2026-09-07T16:39:38.7552326Z > Task :composeApp:copyNonXmlValueResourcesForAndroidRelease NO-SOURCE
2026-09-07T16:39:38.7553651Z > Task :composeApp:prepareComposeResourcesTaskForAndroidRelease NO-SOURCE
2026-09-07T16:39:38.7554571Z > Task :composeApp:convertXmlValueResourcesForCommonMain
2026-09-07T16:39:38.8494291Z > Task :composeApp:mergeReleaseShaders
2026-09-07T16:39:38.8507015Z > Task :composeApp:compileReleaseShaders NO-SOURCE
2026-09-07T16:39:38.8573808Z > Task :composeApp:generateReleaseAssets UP-TO-DATE
2026-09-07T16:39:38.8574532Z > Task :composeApp:releaseAssetsCopyForAGP NO-SOURCE
2026-09-07T16:39:38.8614769Z > Task :game-modes:mafia:preBuild UP-TO-DATE
2026-09-07T16:39:38.8643805Z > Task :game-modes:mafia:preReleaseBuild UP-TO-DATE
2026-09-07T16:39:38.8644462Z > Task :game-modes:mafia:mergeReleaseShaders
2026-09-07T16:39:38.8734180Z > Task :composeApp:copyNonXmlValueResourcesForCommonMain
2026-09-07T16:39:38.8784080Z > Task :game-modes:mafia:compileReleaseShaders NO-SOURCE
2026-09-07T16:39:38.8814080Z > Task :game-modes:mafia:convertXmlValueResourcesForAndroidMain NO-SOURCE
2026-09-07T16:39:38.8854062Z > Task :game-modes:mafia:copyNonXmlValueResourcesForAndroidMain NO-SOURCE
2026-09-07T16:39:38.8883940Z > Task :composeApp:prepareComposeResourcesTaskForCommonMain
2026-09-07T16:39:38.8906272Z > Task :game-modes:mafia:prepareComposeResourcesTaskForAndroidMain NO-SOURCE
2026-09-07T16:39:38.8924711Z > Task :game-modes:mafia:convertXmlValueResourcesForAndroidRelease NO-SOURCE
2026-09-07T16:39:38.8935810Z > Task :game-modes:mafia:copyNonXmlValueResourcesForAndroidRelease NO-SOURCE
2026-09-07T16:39:38.8936681Z > Task :game-modes:mafia:prepareComposeResourcesTaskForAndroidRelease NO-SOURCE
2026-09-07T16:39:38.8937352Z > Task :game-modes:mafia:convertXmlValueResourcesForCommonMain
2026-09-07T16:39:38.8951301Z > Task :composeApp:copyReleaseComposeResourcesToAndroidAssets
2026-09-07T16:39:38.8953937Z > Task :game-modes:mafia:generateReleaseAssets UP-TO-DATE
2026-09-07T16:39:38.8954797Z > Task :game-modes:mafia:releaseAssetsCopyForAGP NO-SOURCE
2026-09-07T16:39:38.8960438Z > Task :game-modes:mafia:copyNonXmlValueResourcesForCommonMain NO-SOURCE
2026-09-07T16:39:38.8964436Z > Task :game-modes:whodunit:preBuild UP-TO-DATE
2026-09-07T16:39:38.8979912Z > Task :game-modes:whodunit:preReleaseBuild UP-TO-DATE
2026-09-07T16:39:38.8980866Z > Task :game-modes:mafia:prepareComposeResourcesTaskForCommonMain
2026-09-07T16:39:38.9473081Z > Task :game-modes:whodunit:mergeReleaseShaders
2026-09-07T16:39:38.9554091Z > Task :game-modes:whodunit:compileReleaseShaders NO-SOURCE
2026-09-07T16:39:38.9574323Z > Task :game-modes:whodunit:convertXmlValueResourcesForAndroidMain NO-SOURCE
2026-09-07T16:39:38.9604197Z > Task :game-modes:whodunit:copyNonXmlValueResourcesForAndroidMain NO-SOURCE
2026-09-07T16:39:38.9618143Z > Task :game-modes:mafia:copyReleaseComposeResourcesToAndroidAssets
2026-09-07T16:39:38.9644500Z > Task :game-modes:whodunit:prepareComposeResourcesTaskForAndroidMain NO-SOURCE
2026-09-07T16:39:38.9673759Z > Task :composeApp:extractReleaseVersionControlInfo
2026-09-07T16:39:38.9733188Z > Task :game-modes:whodunit:convertXmlValueResourcesForAndroidRelease NO-SOURCE
2026-09-07T16:39:38.9765894Z > Task :game-modes:whodunit:copyNonXmlValueResourcesForAndroidRelease NO-SOURCE
2026-09-07T16:39:38.9774181Z > Task :game-modes:whodunit:prepareComposeResourcesTaskForAndroidRelease NO-SOURCE
2026-09-07T16:39:38.9808234Z > Task :game-modes:whodunit:generateReleaseAssets UP-TO-DATE
2026-09-07T16:39:38.9833813Z > Task :game-modes:whodunit:releaseAssetsCopyForAGP NO-SOURCE
2026-09-07T16:39:38.9850929Z > Task :shared:content:preBuild UP-TO-DATE
2026-09-07T16:39:38.9865229Z > Task :shared:content:preReleaseBuild UP-TO-DATE
2026-09-07T16:39:38.9866316Z > Task :shared:content:mergeReleaseShaders
2026-09-07T16:39:38.9867335Z > Task :game-modes:whodunit:convertXmlValueResourcesForCommonMain
2026-09-07T16:39:38.9868259Z > Task :shared:content:compileReleaseShaders NO-SOURCE
2026-09-07T16:39:38.9869050Z > Task :shared:content:generateReleaseAssets UP-TO-DATE
2026-09-07T16:39:38.9869855Z > Task :shared:content:releaseAssetsCopyForAGP NO-SOURCE
2026-09-07T16:39:38.9870618Z > Task :game-modes:mafia:mergeReleaseAssets
2026-09-07T16:39:38.9871270Z > Task :shared:core:preBuild UP-TO-DATE
2026-09-07T16:39:38.9872003Z > Task :shared:core:preReleaseBuild UP-TO-DATE
2026-09-07T16:39:38.9873001Z > Task :game-modes:whodunit:copyNonXmlValueResourcesForCommonMain
2026-09-07T16:39:38.9873928Z > Task :shared:content:mergeReleaseAssets
2026-09-07T16:39:38.9874723Z > Task :game-modes:whodunit:prepareComposeResourcesTaskForCommonMain
2026-09-07T16:39:38.9875602Z > Task :shared:core:releaseAssetsCopyForAGP NO-SOURCE
2026-09-07T16:39:38.9876338Z > Task :shared:design-system:preBuild UP-TO-DATE
2026-09-07T16:39:38.9877074Z > Task :shared:design-system:preReleaseBuild UP-TO-DATE
2026-09-07T16:39:38.9877971Z > Task :game-modes:whodunit:copyReleaseComposeResourcesToAndroidAssets
2026-09-07T16:39:38.9878798Z > Task :shared:core:mergeReleaseShaders
2026-09-07T16:39:38.9879484Z > Task :shared:design-system:mergeReleaseShaders
2026-09-07T16:39:38.9880270Z > Task :shared:design-system:compileReleaseShaders NO-SOURCE
2026-09-07T16:39:38.9881271Z > Task :shared:design-system:convertXmlValueResourcesForAndroidMain NO-SOURCE
2026-09-07T16:39:38.9882292Z > Task :shared:core:compileReleaseShaders NO-SOURCE
2026-09-07T16:39:38.9883349Z > Task :shared:design-system:copyNonXmlValueResourcesForAndroidMain NO-SOURCE
2026-09-07T16:39:38.9884274Z > Task :shared:core:generateReleaseAssets UP-TO-DATE
2026-09-07T16:39:38.9885182Z > Task :shared:design-system:prepareComposeResourcesTaskForAndroidMain NO-SOURCE
2026-09-07T16:39:38.9886286Z > Task :shared:design-system:convertXmlValueResourcesForAndroidRelease NO-SOURCE
2026-09-07T16:39:38.9887414Z > Task :shared:design-system:copyNonXmlValueResourcesForAndroidRelease NO-SOURCE
2026-09-07T16:39:38.9888311Z > Task :shared:core:mergeReleaseAssets
2026-09-07T16:39:38.9889139Z > Task :shared:design-system:prepareComposeResourcesTaskForAndroidRelease NO-SOURCE
2026-09-07T16:39:39.0469000Z > Task :shared:design-system:generateReleaseAssets UP-TO-DATE
2026-09-07T16:39:39.0470815Z > Task :shared:design-system:releaseAssetsCopyForAGP NO-SOURCE
2026-09-07T16:39:39.0493644Z > Task :shared:engine:preBuild UP-TO-DATE
2026-09-07T16:39:39.0533649Z > Task :shared:engine:preReleaseBuild UP-TO-DATE
2026-09-07T16:39:39.0563545Z > Task :shared:engine:mergeReleaseShaders
2026-09-07T16:39:39.0564284Z > Task :game-modes:whodunit:mergeReleaseAssets
2026-09-07T16:39:39.0593883Z > Task :shared:engine:compileReleaseShaders NO-SOURCE
2026-09-07T16:39:39.0623699Z > Task :shared:engine:releaseAssetsCopyForAGP NO-SOURCE
2026-09-07T16:39:39.0624325Z > Task :shared:engine:generateReleaseAssets UP-TO-DATE
2026-09-07T16:39:39.0653667Z > Task :shared:networking:preBuild UP-TO-DATE
2026-09-07T16:39:39.0683679Z > Task :shared:networking:preReleaseBuild UP-TO-DATE
2026-09-07T16:39:39.0714066Z > Task :shared:design-system:copyNonXmlValueResourcesForCommonMain
2026-09-07T16:39:39.0715011Z > Task :shared:engine:mergeReleaseAssets
2026-09-07T16:39:39.0743542Z > Task :shared:networking:mergeReleaseShaders
2026-09-07T16:39:39.0773740Z > Task :shared:networking:releaseAssetsCopyForAGP NO-SOURCE
2026-09-07T16:39:39.0803462Z > Task :shared:session:preBuild UP-TO-DATE
2026-09-07T16:39:39.0804308Z > Task :shared:session:preReleaseBuild UP-TO-DATE
2026-09-07T16:39:39.0833936Z > Task :shared:design-system:convertXmlValueResourcesForCommonMain
2026-09-07T16:39:39.0863891Z > Task :shared:networking:compileReleaseShaders NO-SOURCE
2026-09-07T16:39:39.0893609Z > Task :shared:networking:generateReleaseAssets UP-TO-DATE
2026-09-07T16:39:39.0894645Z > Task :shared:design-system:prepareComposeResourcesTaskForCommonMain
2026-09-07T16:39:39.0923686Z > Task :shared:session:mergeReleaseShaders
2026-09-07T16:39:39.0953741Z > Task :shared:session:compileReleaseShaders NO-SOURCE
2026-09-07T16:39:39.0983675Z > Task :shared:session:generateReleaseAssets UP-TO-DATE
2026-09-07T16:39:39.0984628Z > Task :shared:session:releaseAssetsCopyForAGP NO-SOURCE
2026-09-07T16:39:39.1006296Z > Task :shared:networking:mergeReleaseAssets
2026-09-07T16:39:39.1033587Z > Task :shared:storage:preBuild UP-TO-DATE
2026-09-07T16:39:39.1063674Z > Task :shared:storage:preReleaseBuild UP-TO-DATE
2026-09-07T16:39:39.1064551Z > Task :shared:design-system:copyReleaseComposeResourcesToAndroidAssets
2026-09-07T16:39:39.1093616Z > Task :shared:session:mergeReleaseAssets
2026-09-07T16:39:39.1123641Z > Task :shared:storage:releaseAssetsCopyForAGP NO-SOURCE
2026-09-07T16:39:39.1124281Z > Task :shared:transport-p2p:preBuild UP-TO-DATE
2026-09-07T16:39:39.1124818Z > Task :shared:transport-p2p:preReleaseBuild UP-TO-DATE
2026-09-07T16:39:39.1125334Z > Task :shared:storage:mergeReleaseShaders
2026-09-07T16:39:39.1125827Z > Task :shared:storage:compileReleaseShaders NO-SOURCE
2026-09-07T16:39:39.1126431Z > Task :shared:storage:generateReleaseAssets UP-TO-DATE
2026-09-07T16:39:39.1126965Z > Task :shared:transport-p2p:mergeReleaseShaders
2026-09-07T16:39:39.1127497Z > Task :shared:design-system:mergeReleaseAssets
2026-09-07T16:39:39.1128048Z > Task :shared:transport-p2p:compileReleaseShaders NO-SOURCE
2026-09-07T16:39:39.1128651Z > Task :shared:transport-p2p:releaseAssetsCopyForAGP NO-SOURCE
2026-09-07T16:39:39.1129249Z > Task :shared:transport-p2p:generateReleaseAssets UP-TO-DATE
2026-09-07T16:39:39.1454390Z > Task :game-modes:whodunit:kmpPartiallyResolvedDependenciesChecker
2026-09-07T16:39:39.1455369Z > Task :game-modes:whodunit:checkKotlinGradlePluginConfigurationErrors SKIPPED
2026-09-07T16:39:39.1479625Z > Task :game-modes:whodunit:generateResourceAccessorsForAndroidMain NO-SOURCE
2026-09-07T16:39:39.1494166Z > Task :shared:storage:mergeReleaseAssets
2026-09-07T16:39:39.1494759Z > Task :shared:transport-p2p:mergeReleaseAssets
2026-09-07T16:39:39.2489028Z > Task :game-modes:whodunit:generateComposeResClass
2026-09-07T16:39:39.2530135Z > Task :game-modes:whodunit:generateExpectResourceCollectorsForCommonMain
2026-09-07T16:39:39.2574832Z > Task :game-modes:whodunit:generateReleaseResValues
2026-09-07T16:39:39.2634278Z > Task :game-modes:whodunit:generateReleaseResources
2026-09-07T16:39:39.3494457Z > Task :game-modes:whodunit:packageReleaseResources
2026-09-07T16:39:39.3524023Z > Task :game-modes:whodunit:processReleaseNavigationResources
2026-09-07T16:39:39.5454402Z > Task :game-modes:whodunit:generateResourceAccessorsForCommonMain
2026-09-07T16:39:39.5474029Z > Task :game-modes:whodunit:generateActualResourceCollectorsForAndroidMain
2026-09-07T16:39:39.7457959Z > Task :game-modes:whodunit:generateResourceAccessorsForAndroidRelease NO-SOURCE
2026-09-07T16:39:39.7493955Z > Task :shared:content:kmpPartiallyResolvedDependenciesChecker
2026-09-07T16:39:39.7495092Z > Task :shared:content:checkKotlinGradlePluginConfigurationErrors SKIPPED
2026-09-07T16:39:39.7523927Z > Task :shared:content:generateReleaseResValues FROM-CACHE
2026-09-07T16:39:39.7554386Z > Task :shared:content:generateReleaseResources FROM-CACHE
2026-09-07T16:39:39.7619995Z > Task :shared:content:packageReleaseResources
2026-09-07T16:39:39.7643940Z > Task :shared:content:processReleaseNavigationResources FROM-CACHE
2026-09-07T16:39:40.2444678Z > Task :shared:content:parseReleaseLocalResources
2026-09-07T16:39:40.3454277Z > Task :shared:content:generateReleaseRFile
2026-09-07T16:39:40.3484067Z > Task :shared:core:kmpPartiallyResolvedDependenciesChecker
2026-09-07T16:39:40.3514222Z > Task :shared:core:checkKotlinGradlePluginConfigurationErrors SKIPPED
2026-09-07T16:39:40.3515287Z > Task :shared:core:generateReleaseResValues FROM-CACHE
2026-09-07T16:39:40.3541146Z > Task :shared:core:generateReleaseResources FROM-CACHE
2026-09-07T16:39:40.3573773Z > Task :shared:core:packageReleaseResources
2026-09-07T16:39:40.3603776Z > Task :shared:core:processReleaseNavigationResources FROM-CACHE
2026-09-07T16:39:40.3604753Z > Task :shared:core:parseReleaseLocalResources FROM-CACHE
2026-09-07T16:39:40.4494350Z > Task :shared:core:generateReleaseRFile
2026-09-07T16:39:40.4524304Z > Task :game-modes:whodunit:parseReleaseLocalResources
2026-09-07T16:39:41.7444393Z > Task :game-modes:whodunit:generateReleaseRFile
2026-09-07T16:39:41.8484202Z > Task :shared:core:javaPreCompileRelease
2026-09-07T16:39:41.8544616Z > Task :shared:engine:kmpPartiallyResolvedDependenciesChecker
2026-09-07T16:39:41.8545752Z > Task :shared:engine:checkKotlinGradlePluginConfigurationErrors SKIPPED
2026-09-07T16:39:41.8582383Z > Task :shared:engine:generateReleaseResValues FROM-CACHE
2026-09-07T16:39:41.8583895Z > Task :shared:engine:generateReleaseResources FROM-CACHE
2026-09-07T16:39:41.9445537Z > Task :shared:engine:packageReleaseResources
2026-09-07T16:39:41.9446252Z > Task :shared:engine:processReleaseNavigationResources FROM-CACHE
2026-09-07T16:39:41.9447086Z > Task :shared:engine:parseReleaseLocalResources FROM-CACHE
2026-09-07T16:39:41.9447697Z > Task :shared:engine:generateReleaseRFile
2026-09-07T16:39:41.9448259Z > Task :composeApp:mergeReleaseAssets
2026-09-07T16:39:41.9448992Z > Task :shared:engine:javaPreCompileRelease FROM-CACHE
2026-09-07T16:39:41.9449758Z > Task :shared:design-system:kmpPartiallyResolvedDependenciesChecker
2026-09-07T16:39:41.9450720Z > Task :shared:design-system:checkKotlinGradlePluginConfigurationErrors SKIPPED
2026-09-07T16:39:41.9451594Z > Task :shared:content:javaPreCompileRelease FROM-CACHE
2026-09-07T16:39:41.9484227Z > Task :shared:design-system:generateResourceAccessorsForAndroidMain NO-SOURCE
2026-09-07T16:39:42.0484844Z > Task :shared:design-system:generateComposeResClass
2026-09-07T16:39:42.0531204Z > Task :shared:design-system:generateExpectResourceCollectorsForCommonMain
2026-09-07T16:39:42.0574152Z > Task :shared:design-system:generateResourceAccessorsForCommonMain
2026-09-07T16:39:42.0603499Z > Task :shared:design-system:generateReleaseResValues FROM-CACHE
2026-09-07T16:39:42.0604549Z > Task :shared:design-system:generateActualResourceCollectorsForAndroidMain
2026-09-07T16:39:42.0605405Z > Task :shared:design-system:generateReleaseResources FROM-CACHE
2026-09-07T16:39:42.0606163Z > Task :shared:design-system:processReleaseNavigationResources FROM-CACHE
2026-09-07T16:39:42.0607210Z > Task :shared:design-system:packageReleaseResources
2026-09-07T16:39:42.0607953Z > Task :shared:design-system:generateResourceAccessorsForAndroidRelease NO-SOURCE
2026-09-07T16:39:42.0608761Z > Task :shared:design-system:parseReleaseLocalResources FROM-CACHE
2026-09-07T16:39:42.0609459Z > Task :shared:design-system:javaPreCompileRelease FROM-CACHE
2026-09-07T16:39:42.0610156Z > Task :shared:networking:kmpPartiallyResolvedDependenciesChecker
2026-09-07T16:39:42.0610935Z > Task :shared:networking:checkKotlinGradlePluginConfigurationErrors SKIPPED
2026-09-07T16:39:42.0611703Z > Task :shared:networking:generateReleaseResValues FROM-CACHE
2026-09-07T16:39:42.0638470Z > Task :shared:networking:generateReleaseResources FROM-CACHE
2026-09-07T16:39:42.0663863Z > Task :shared:design-system:generateReleaseRFile
2026-09-07T16:39:42.0681055Z > Task :shared:networking:processReleaseNavigationResources FROM-CACHE
2026-09-07T16:39:42.0682075Z > Task :shared:networking:packageReleaseResources
2026-09-07T16:39:42.0683049Z > Task :shared:networking:javaPreCompileRelease FROM-CACHE
2026-09-07T16:39:42.0683821Z > Task :shared:session:kmpPartiallyResolvedDependenciesChecker
2026-09-07T16:39:42.0684638Z > Task :shared:session:checkKotlinGradlePluginConfigurationErrors SKIPPED
2026-09-07T16:39:42.1504183Z > Task :shared:networking:parseReleaseLocalResources FROM-CACHE
2026-09-07T16:39:42.1564910Z > Task :shared:session:generateReleaseResValues FROM-CACHE
2026-09-07T16:39:42.1624869Z > Task :shared:session:generateReleaseResources FROM-CACHE
2026-09-07T16:39:42.1653750Z > Task :shared:session:packageReleaseResources
2026-09-07T16:39:42.1740665Z > Task :shared:networking:generateReleaseRFile
2026-09-07T16:39:42.1753176Z > Task :shared:session:processReleaseNavigationResources FROM-CACHE
2026-09-07T16:39:42.1784154Z > Task :shared:session:parseReleaseLocalResources FROM-CACHE
2026-09-07T16:39:42.1835127Z > Task :shared:session:javaPreCompileRelease FROM-CACHE
2026-09-07T16:39:42.1867293Z > Task :shared:storage:kmpPartiallyResolvedDependenciesChecker
2026-09-07T16:39:42.1930290Z > Task :shared:storage:checkKotlinGradlePluginConfigurationErrors SKIPPED
2026-09-07T16:39:42.1974076Z > Task :shared:storage:generateReleaseResValues FROM-CACHE
2026-09-07T16:39:42.1983881Z > Task :shared:storage:generateReleaseResources FROM-CACHE
2026-09-07T16:39:42.2017263Z > Task :shared:storage:packageReleaseResources
2026-09-07T16:39:42.2074206Z > Task :shared:session:generateReleaseRFile
2026-09-07T16:39:42.2103919Z > Task :shared:storage:processReleaseNavigationResources FROM-CACHE
2026-09-07T16:39:42.2154193Z > Task :shared:storage:javaPreCompileRelease FROM-CACHE
2026-09-07T16:39:42.2214459Z > Task :shared:storage:parseReleaseLocalResources FROM-CACHE
2026-09-07T16:39:42.2254013Z > Task :game-modes:whodunit:javaPreCompileRelease FROM-CACHE
2026-09-07T16:39:42.2284061Z > Task :game-modes:mafia:kmpPartiallyResolvedDependenciesChecker
2026-09-07T16:39:42.2328384Z > Task :game-modes:mafia:checkKotlinGradlePluginConfigurationErrors SKIPPED
2026-09-07T16:39:42.2354079Z > Task :game-modes:mafia:generateResourceAccessorsForAndroidMain NO-SOURCE
2026-09-07T16:39:42.2454204Z > Task :shared:storage:generateReleaseRFile
2026-09-07T16:39:42.2494079Z > Task :game-modes:mafia:generateComposeResClass
2026-09-07T16:39:42.2517128Z > Task :game-modes:mafia:generateExpectResourceCollectorsForCommonMain
2026-09-07T16:39:42.2544013Z > Task :game-modes:mafia:generateReleaseResValues FROM-CACHE
2026-09-07T16:39:42.2584054Z > Task :game-modes:mafia:generateReleaseResources FROM-CACHE
2026-09-07T16:39:42.2613973Z > Task :game-modes:mafia:packageReleaseResources
2026-09-07T16:39:42.2633970Z > Task :game-modes:mafia:processReleaseNavigationResources FROM-CACHE
2026-09-07T16:39:42.3444996Z > Task :game-modes:mafia:parseReleaseLocalResources FROM-CACHE
2026-09-07T16:39:42.3529837Z > Task :game-modes:mafia:generateResourceAccessorsForCommonMain
2026-09-07T16:39:42.3584168Z > Task :game-modes:mafia:generateActualResourceCollectorsForAndroidMain
2026-09-07T16:39:42.3605783Z > Task :game-modes:mafia:generateResourceAccessorsForAndroidRelease NO-SOURCE
2026-09-07T16:39:42.3643080Z > Task :game-modes:mafia:javaPreCompileRelease FROM-CACHE
2026-09-07T16:39:42.3714929Z > Task :shared:transport-p2p:kmpPartiallyResolvedDependenciesChecker
2026-09-07T16:39:42.3754104Z > Task :shared:transport-p2p:checkKotlinGradlePluginConfigurationErrors SKIPPED
2026-09-07T16:39:42.3783939Z > Task :shared:transport-p2p:generateReleaseResValues FROM-CACHE
2026-09-07T16:39:42.3844210Z > Task :shared:transport-p2p:generateReleaseResources FROM-CACHE
2026-09-07T16:39:42.3873726Z > Task :game-modes:mafia:generateReleaseRFile
2026-09-07T16:39:42.3903876Z > Task :shared:transport-p2p:processReleaseNavigationResources FROM-CACHE
2026-09-07T16:39:42.3963848Z > Task :shared:transport-p2p:javaPreCompileRelease FROM-CACHE
2026-09-07T16:39:42.4024389Z > Task :shared:transport-p2p:packageReleaseResources
2026-09-07T16:39:42.4053748Z > Task :shared:transport-p2p:parseReleaseLocalResources FROM-CACHE
2026-09-07T16:39:42.4464243Z > Task :shared:transport-p2p:generateReleaseRFile
2026-09-07T16:39:42.4510886Z > Task :composeApp:buildKotlinToolingMetadata
2026-09-07T16:39:42.4553929Z > Task :composeApp:kmpPartiallyResolvedDependenciesChecker
2026-09-07T16:39:42.4573793Z > Task :composeApp:checkKotlinGradlePluginConfigurationErrors SKIPPED
2026-09-07T16:39:42.4622644Z > Task :composeApp:generateResourceAccessorsForAndroidMain NO-SOURCE
2026-09-07T16:39:42.4679268Z > Task :composeApp:generateResourceAccessorsForCommonMain
2026-09-07T16:39:42.5494133Z > Task :composeApp:generateActualResourceCollectorsForAndroidMain
2026-09-07T16:39:42.5526208Z > Task :composeApp:generateComposeResClass
2026-09-07T16:39:42.5577633Z > Task :composeApp:generateExpectResourceCollectorsForCommonMain
2026-09-07T16:39:42.5637157Z > Task :composeApp:generateParlorVersion
2026-09-07T16:39:42.5684767Z > Task :composeApp:generateResourceAccessorsForAndroidRelease NO-SOURCE
2026-09-07T16:39:43.1476191Z > Task :build-logic:convention:detekt
2026-09-07T16:39:43.9443993Z > Task :game-modes:whodunit:writeReleaseAarMetadata
2026-09-07T16:39:44.4454308Z > Task :shared:content:writeReleaseAarMetadata
2026-09-07T16:39:44.4464042Z > Task :game-modes:mafia:writeReleaseAarMetadata
2026-09-07T16:39:44.4484153Z > Task :shared:core:writeReleaseAarMetadata
2026-09-07T16:39:44.4514227Z > Task :shared:engine:writeReleaseAarMetadata
2026-09-07T16:39:44.4544431Z > Task :shared:design-system:writeReleaseAarMetadata
2026-09-07T16:39:44.5444280Z > Task :composeApp:checkReleaseDuplicateClasses
2026-09-07T16:39:44.6494285Z > Task :shared:session:writeReleaseAarMetadata
2026-09-07T16:39:44.6503980Z > Task :shared:storage:writeReleaseAarMetadata
2026-09-07T16:39:45.0444282Z > Task :shared:networking:writeReleaseAarMetadata
2026-09-07T16:39:45.0465965Z > Task :composeApp:generateReleaseResValues FROM-CACHE
2026-09-07T16:39:45.2444740Z > Task :shared:transport-p2p:writeReleaseAarMetadata
2026-09-07T16:39:45.2467226Z > Task :composeApp:processReleaseNavigationResources
2026-09-07T16:39:45.3443986Z > Task :composeApp:mapReleaseSourceSetPaths
2026-09-07T16:39:45.4454497Z > Task :composeApp:generateReleaseResources
2026-09-07T16:39:45.4514035Z > Task :composeApp:checkReleaseAarMetadata
2026-09-07T16:39:45.4576914Z > Task :composeApp:compileReleaseNavigationResources
2026-09-07T16:39:45.4603702Z > Task :composeApp:createReleaseCompatibleScreenManifests
2026-09-07T16:39:45.5484042Z > Task :composeApp:extractDeepLinksRelease
2026-09-07T16:39:45.5514133Z > Task :game-modes:mafia:extractDeepLinksRelease
2026-09-07T16:39:45.5569196Z > Task :composeApp:packageReleaseResources
2026-09-07T16:39:45.6454267Z > Task :composeApp:parseReleaseLocalResources
2026-09-07T16:39:45.6476872Z > Task :game-modes:whodunit:extractDeepLinksRelease FROM-CACHE
2026-09-07T16:39:45.7456734Z > Task :game-modes:mafia:processReleaseManifest
2026-09-07T16:39:45.7483961Z > Task :game-modes:whodunit:processReleaseManifest
2026-09-07T16:39:45.7513933Z > Task :shared:content:extractDeepLinksRelease FROM-CACHE
2026-09-07T16:39:45.7543906Z > Task :shared:core:extractDeepLinksRelease FROM-CACHE
2026-09-07T16:39:45.7545041Z > Task :shared:content:processReleaseManifest
2026-09-07T16:39:45.7565655Z > Task :shared:core:processReleaseManifest
2026-09-07T16:39:45.7603954Z > Task :shared:design-system:extractDeepLinksRelease FROM-CACHE
2026-09-07T16:39:45.7604686Z > Task :shared:engine:extractDeepLinksRelease FROM-CACHE
2026-09-07T16:39:45.7605299Z > Task :shared:design-system:processReleaseManifest
2026-09-07T16:39:45.7605842Z > Task :shared:engine:processReleaseManifest
2026-09-07T16:39:45.8464338Z > Task :shared:networking:extractDeepLinksRelease FROM-CACHE
2026-09-07T16:39:45.8525807Z > Task :shared:session:extractDeepLinksRelease FROM-CACHE
2026-09-07T16:39:45.8563992Z > Task :shared:networking:processReleaseManifest
2026-09-07T16:39:45.8624563Z > Task :shared:storage:extractDeepLinksRelease FROM-CACHE
2026-09-07T16:39:45.8684047Z > Task :shared:session:processReleaseManifest
2026-09-07T16:39:45.8765713Z > Task :shared:transport-p2p:extractDeepLinksRelease FROM-CACHE
2026-09-07T16:39:45.8793880Z > Task :shared:storage:processReleaseManifest
2026-09-07T16:39:45.8823801Z > Task :composeApp:javaPreCompileRelease FROM-CACHE
2026-09-07T16:39:45.8885146Z > Task :game-modes:mafia:prepareReleaseArtProfile
2026-09-07T16:39:45.8914011Z > Task :game-modes:whodunit:prepareReleaseArtProfile
2026-09-07T16:39:45.8954926Z > Task :shared:content:prepareReleaseArtProfile
2026-09-07T16:39:45.9003951Z > Task :shared:transport-p2p:processReleaseManifest
2026-09-07T16:39:45.9035132Z > Task :shared:core:prepareReleaseArtProfile
2026-09-07T16:39:45.9459233Z > Task :shared:design-system:prepareReleaseArtProfile
2026-09-07T16:39:45.9513945Z > Task :shared:engine:prepareReleaseArtProfile
2026-09-07T16:39:45.9523861Z > Task :shared:networking:prepareReleaseArtProfile
2026-09-07T16:39:45.9543766Z > Task :shared:session:prepareReleaseArtProfile
2026-09-07T16:39:45.9563864Z > Task :shared:storage:prepareReleaseArtProfile
2026-09-07T16:39:45.9593803Z > Task :shared:transport-p2p:prepareReleaseArtProfile
2026-09-07T16:39:46.5477520Z > Task :composeApp:mergeReleaseArtProfile
2026-09-07T16:39:46.5555051Z > Task :composeApp:extractProguardFiles
2026-09-07T16:39:46.5604378Z > Task :composeApp:mergeReleaseStartupProfile
2026-09-07T16:39:46.5664913Z > Task :composeApp:mergeReleaseJniLibFolders
2026-09-07T16:39:46.5704305Z > Task :composeApp:processReleaseMainManifest
2026-09-07T16:39:46.5768165Z > Task :game-modes:mafia:mergeReleaseJniLibFolders
2026-09-07T16:39:46.5837746Z > Task :game-modes:mafia:mergeReleaseNativeLibs NO-SOURCE
2026-09-07T16:39:46.6455192Z > Task :game-modes:mafia:copyReleaseJniLibsProjectOnly
2026-09-07T16:39:46.6484004Z > Task :game-modes:whodunit:mergeReleaseJniLibFolders
2026-09-07T16:39:46.6514068Z > Task :game-modes:whodunit:mergeReleaseNativeLibs NO-SOURCE
2026-09-07T16:39:46.6544035Z > Task :game-modes:whodunit:copyReleaseJniLibsProjectOnly
2026-09-07T16:39:46.6545076Z > Task :shared:content:mergeReleaseJniLibFolders
2026-09-07T16:39:46.6573956Z > Task :shared:content:mergeReleaseNativeLibs NO-SOURCE
2026-09-07T16:39:46.6588341Z > Task :shared:content:copyReleaseJniLibsProjectOnly
2026-09-07T16:39:46.6634148Z > Task :shared:core:mergeReleaseJniLibFolders
2026-09-07T16:39:46.6635085Z > Task :shared:core:mergeReleaseNativeLibs NO-SOURCE
2026-09-07T16:39:46.6658934Z > Task :shared:core:copyReleaseJniLibsProjectOnly
2026-09-07T16:39:46.7467093Z > Task :shared:design-system:mergeReleaseJniLibFolders
2026-09-07T16:39:46.7526166Z > Task :shared:design-system:mergeReleaseNativeLibs NO-SOURCE
2026-09-07T16:39:46.7589398Z > Task :composeApp:processReleaseManifest
2026-09-07T16:39:46.7603501Z > Task :shared:design-system:copyReleaseJniLibsProjectOnly
2026-09-07T16:39:46.7680956Z > Task :shared:engine:mergeReleaseJniLibFolders
2026-09-07T16:39:46.7681691Z > Task :shared:engine:mergeReleaseNativeLibs NO-SOURCE
2026-09-07T16:39:46.7743971Z > Task :shared:engine:copyReleaseJniLibsProjectOnly
2026-09-07T16:39:46.7806679Z > Task :composeApp:processReleaseManifestForPackage
2026-09-07T16:39:46.7807999Z > Task :shared:networking:mergeReleaseJniLibFolders
2026-09-07T16:39:46.7854064Z > Task :shared:networking:mergeReleaseNativeLibs NO-SOURCE
2026-09-07T16:39:46.7883932Z > Task :shared:session:mergeReleaseJniLibFolders
2026-09-07T16:39:46.7964154Z > Task :shared:networking:copyReleaseJniLibsProjectOnly
2026-09-07T16:39:46.8474332Z > Task :shared:session:mergeReleaseNativeLibs NO-SOURCE
2026-09-07T16:39:46.8490551Z > Task :shared:session:copyReleaseJniLibsProjectOnly
2026-09-07T16:39:46.8554277Z > Task :shared:storage:mergeReleaseJniLibFolders
2026-09-07T16:39:46.8594065Z > Task :shared:storage:mergeReleaseNativeLibs NO-SOURCE
2026-09-07T16:39:46.8603772Z > Task :shared:transport-p2p:mergeReleaseJniLibFolders
2026-09-07T16:39:46.8684142Z > Task :shared:storage:copyReleaseJniLibsProjectOnly
2026-09-07T16:39:46.8712336Z > Task :shared:transport-p2p:mergeReleaseNativeLibs NO-SOURCE
2026-09-07T16:39:46.8773989Z > Task :composeApp:writeReleaseAppMetadata
2026-09-07T16:39:46.8834141Z > Task :shared:transport-p2p:copyReleaseJniLibsProjectOnly
2026-09-07T16:39:47.0443562Z > Task :composeApp:collectReleaseDependencies
2026-09-07T16:39:47.1443660Z > Task :composeApp:configureReleaseDependencies
2026-09-07T16:39:47.1474435Z > Task :composeApp:convertXmlValueResourcesForAndroidDebug NO-SOURCE
2026-09-07T16:39:47.1498072Z > Task :composeApp:copyNonXmlValueResourcesForAndroidDebug NO-SOURCE
2026-09-07T16:39:47.1523933Z > Task :composeApp:prepareComposeResourcesTaskForAndroidDebug NO-SOURCE
2026-09-07T16:39:47.1553927Z > Task :composeApp:copyDebugComposeResourcesToAndroidAssets
2026-09-07T16:39:47.1584057Z > Task :composeApp:generateResourceAccessorsForAndroidDebug NO-SOURCE
2026-09-07T16:39:47.1585167Z > Task :composeApp:convertXmlValueResourcesForAndroidUnitTest NO-SOURCE
2026-09-07T16:39:47.1618635Z > Task :composeApp:copyNonXmlValueResourcesForAndroidUnitTest NO-SOURCE
2026-09-07T16:39:47.1648198Z > Task :composeApp:prepareComposeResourcesTaskForAndroidUnitTest NO-SOURCE
2026-09-07T16:39:47.1667058Z > Task :composeApp:generateResourceAccessorsForAndroidUnitTest NO-SOURCE
2026-09-07T16:39:47.1684229Z > Task :composeApp:convertXmlValueResourcesForAndroidUnitTestDebug NO-SOURCE
2026-09-07T16:39:47.1714362Z > Task :composeApp:copyNonXmlValueResourcesForAndroidUnitTestDebug NO-SOURCE
2026-09-07T16:39:47.1744413Z > Task :composeApp:prepareComposeResourcesTaskForAndroidUnitTestDebug NO-SOURCE
2026-09-07T16:39:47.1771986Z > Task :composeApp:generateResourceAccessorsForAndroidUnitTestDebug NO-SOURCE
2026-09-07T16:39:47.1788186Z > Task :composeApp:convertXmlValueResourcesForAndroidUnitTestRelease NO-SOURCE
2026-09-07T16:39:47.1804084Z > Task :composeApp:copyNonXmlValueResourcesForAndroidUnitTestRelease NO-SOURCE
2026-09-07T16:39:47.1830162Z > Task :composeApp:prepareComposeResourcesTaskForAndroidUnitTestRelease NO-SOURCE
2026-09-07T16:39:47.1860355Z > Task :composeApp:generateResourceAccessorsForAndroidUnitTestRelease NO-SOURCE
2026-09-07T16:39:47.1874346Z > Task :composeApp:convertXmlValueResourcesForAppleMain NO-SOURCE
2026-09-07T16:39:47.1875317Z > Task :composeApp:copyNonXmlValueResourcesForAppleMain NO-SOURCE
2026-09-07T16:39:47.1876356Z > Task :composeApp:prepareComposeResourcesTaskForAppleMain NO-SOURCE
2026-09-07T16:39:47.1877350Z > Task :composeApp:generateResourceAccessorsForAppleMain NO-SOURCE
2026-09-07T16:39:47.1878308Z > Task :composeApp:convertXmlValueResourcesForAppleTest NO-SOURCE
2026-09-07T16:39:47.1879272Z > Task :composeApp:copyNonXmlValueResourcesForAppleTest NO-SOURCE
2026-09-07T16:39:47.1880377Z > Task :composeApp:prepareComposeResourcesTaskForAppleTest NO-SOURCE
2026-09-07T16:39:47.1881379Z > Task :composeApp:generateResourceAccessorsForAppleTest NO-SOURCE
2026-09-07T16:39:47.1882340Z > Task :composeApp:convertXmlValueResourcesForCommonTest NO-SOURCE
2026-09-07T16:39:47.1883616Z > Task :composeApp:copyNonXmlValueResourcesForCommonTest NO-SOURCE
2026-09-07T16:39:47.1923884Z > Task :composeApp:prepareComposeResourcesTaskForCommonTest NO-SOURCE
2026-09-07T16:39:47.2460522Z > Task :composeApp:generateResourceAccessorsForCommonTest NO-SOURCE
2026-09-07T16:39:47.2470902Z > Task :composeApp:convertXmlValueResourcesForDesktopMain NO-SOURCE
2026-09-07T16:39:47.2472112Z > Task :composeApp:copyNonXmlValueResourcesForDesktopMain NO-SOURCE
2026-09-07T16:39:47.2473813Z > Task :composeApp:prepareComposeResourcesTaskForDesktopMain NO-SOURCE
2026-09-07T16:39:47.2504294Z > Task :composeApp:generateResourceAccessorsForDesktopMain NO-SOURCE
2026-09-07T16:39:47.2544140Z > Task :composeApp:convertXmlValueResourcesForDesktopTest NO-SOURCE
2026-09-07T16:39:47.2565967Z > Task :composeApp:copyNonXmlValueResourcesForDesktopTest NO-SOURCE
2026-09-07T16:39:47.2607186Z > Task :composeApp:prepareComposeResourcesTaskForDesktopTest NO-SOURCE
2026-09-07T16:39:47.2634178Z > Task :composeApp:generateResourceAccessorsForDesktopTest NO-SOURCE
2026-09-07T16:39:47.2664585Z > Task :composeApp:convertXmlValueResourcesForIosMain NO-SOURCE
2026-09-07T16:39:47.2666630Z > Task :composeApp:copyNonXmlValueResourcesForIosMain NO-SOURCE
2026-09-07T16:39:47.2694925Z > Task :composeApp:prepareComposeResourcesTaskForIosMain NO-SOURCE
2026-09-07T16:39:47.2724062Z > Task :composeApp:generateResourceAccessorsForIosMain NO-SOURCE
2026-09-07T16:39:47.2753943Z > Task :composeApp:convertXmlValueResourcesForIosSimulatorArm64Main NO-SOURCE
2026-09-07T16:39:47.2784033Z > Task :composeApp:copyNonXmlValueResourcesForIosSimulatorArm64Main NO-SOURCE
2026-09-07T16:39:47.2785425Z > Task :composeApp:prepareComposeResourcesTaskForIosSimulatorArm64Main NO-SOURCE
2026-09-07T16:39:47.2814933Z > Task :composeApp:generateResourceAccessorsForIosSimulatorArm64Main NO-SOURCE
2026-09-07T16:39:47.2844229Z > Task :composeApp:convertXmlValueResourcesForIosSimulatorArm64Test NO-SOURCE
2026-09-07T16:39:47.2874189Z > Task :composeApp:copyNonXmlValueResourcesForIosSimulatorArm64Test NO-SOURCE
2026-09-07T16:39:47.2876209Z > Task :composeApp:prepareComposeResourcesTaskForIosSimulatorArm64Test NO-SOURCE
2026-09-07T16:39:47.2935209Z > Task :composeApp:generateResourceAccessorsForIosSimulatorArm64Test NO-SOURCE
2026-09-07T16:39:47.2994338Z > Task :composeApp:convertXmlValueResourcesForIosTest NO-SOURCE
2026-09-07T16:39:47.3044816Z > Task :composeApp:copyNonXmlValueResourcesForIosTest NO-SOURCE
2026-09-07T16:39:47.3104246Z > Task :composeApp:prepareComposeResourcesTaskForIosTest NO-SOURCE
2026-09-07T16:39:47.3105604Z > Task :composeApp:generateResourceAccessorsForIosTest NO-SOURCE
2026-09-07T16:39:47.3164549Z > Task :composeApp:convertXmlValueResourcesForIosX64Main NO-SOURCE
2026-09-07T16:39:47.3225123Z > Task :composeApp:copyNonXmlValueResourcesForIosX64Main NO-SOURCE
2026-09-07T16:39:47.3253179Z > Task :composeApp:prepareComposeResourcesTaskForIosX64Main NO-SOURCE
2026-09-07T16:39:47.3280148Z > Task :composeApp:generateResourceAccessorsForIosX64Main NO-SOURCE
2026-09-07T16:39:47.3281350Z > Task :composeApp:convertXmlValueResourcesForIosX64Test NO-SOURCE
2026-09-07T16:39:47.3282255Z > Task :composeApp:copyNonXmlValueResourcesForIosX64Test NO-SOURCE
2026-09-07T16:39:47.3283380Z > Task :composeApp:prepareComposeResourcesTaskForIosX64Test NO-SOURCE
2026-09-07T16:39:47.3284338Z > Task :composeApp:generateResourceAccessorsForIosX64Test NO-SOURCE
2026-09-07T16:39:47.3285210Z > Task :composeApp:convertXmlValueResourcesForNativeMain NO-SOURCE
2026-09-07T16:39:47.3286073Z > Task :composeApp:copyNonXmlValueResourcesForNativeMain NO-SOURCE
2026-09-07T16:39:47.3286918Z > Task :composeApp:prepareComposeResourcesTaskForNativeMain NO-SOURCE
2026-09-07T16:39:47.3287749Z > Task :composeApp:generateResourceAccessorsForNativeMain NO-SOURCE
2026-09-07T16:39:47.3288603Z > Task :composeApp:convertXmlValueResourcesForNativeTest NO-SOURCE
2026-09-07T16:39:47.3289502Z > Task :composeApp:copyNonXmlValueResourcesForNativeTest NO-SOURCE
2026-09-07T16:39:47.3290936Z > Task :composeApp:prepareComposeResourcesTaskForNativeTest NO-SOURCE
2026-09-07T16:39:47.3295800Z > Task :composeApp:generateResourceAccessorsForNativeTest NO-SOURCE
2026-09-07T16:39:47.3296904Z > Task :game-modes:mafia:convertXmlValueResourcesForAndroidDebug NO-SOURCE
2026-09-07T16:39:47.3298302Z > Task :game-modes:mafia:copyNonXmlValueResourcesForAndroidDebug NO-SOURCE
2026-09-07T16:39:47.3299274Z > Task :game-modes:mafia:prepareComposeResourcesTaskForAndroidDebug NO-SOURCE
2026-09-07T16:39:47.3300391Z > Task :game-modes:mafia:copyDebugComposeResourcesToAndroidAssets
2026-09-07T16:39:47.3302112Z > Task :game-modes:mafia:generateResourceAccessorsForAndroidDebug NO-SOURCE
2026-09-07T16:39:47.3303333Z > Task :game-modes:mafia:convertXmlValueResourcesForAndroidUnitTest NO-SOURCE
2026-09-07T16:39:47.3304268Z > Task :game-modes:mafia:copyNonXmlValueResourcesForAndroidUnitTest NO-SOURCE
2026-09-07T16:39:47.3305238Z > Task :game-modes:mafia:prepareComposeResourcesTaskForAndroidUnitTest NO-SOURCE
2026-09-07T16:39:47.3306223Z > Task :game-modes:mafia:generateResourceAccessorsForAndroidUnitTest NO-SOURCE
2026-09-07T16:39:47.3308124Z > Task :game-modes:mafia:convertXmlValueResourcesForAndroidUnitTestDebug NO-SOURCE
2026-09-07T16:39:47.3309170Z > Task :game-modes:mafia:copyNonXmlValueResourcesForAndroidUnitTestDebug NO-SOURCE
2026-09-07T16:39:47.3310235Z > Task :game-modes:mafia:prepareComposeResourcesTaskForAndroidUnitTestDebug NO-SOURCE
2026-09-07T16:39:47.3311382Z > Task :game-modes:mafia:generateResourceAccessorsForAndroidUnitTestDebug NO-SOURCE
2026-09-07T16:39:47.3312733Z > Task :game-modes:mafia:convertXmlValueResourcesForAndroidUnitTestRelease NO-SOURCE
2026-09-07T16:39:47.3313952Z > Task :game-modes:mafia:copyNonXmlValueResourcesForAndroidUnitTestRelease NO-SOURCE
2026-09-07T16:39:47.3315090Z > Task :game-modes:mafia:prepareComposeResourcesTaskForAndroidUnitTestRelease NO-SOURCE
2026-09-07T16:39:47.3316231Z > Task :game-modes:mafia:generateResourceAccessorsForAndroidUnitTestRelease NO-SOURCE
2026-09-07T16:39:47.3317744Z > Task :game-modes:mafia:convertXmlValueResourcesForAppleMain NO-SOURCE
2026-09-07T16:39:47.3318609Z > Task :game-modes:mafia:copyNonXmlValueResourcesForAppleMain NO-SOURCE
2026-09-07T16:39:47.3319460Z > Task :game-modes:mafia:prepareComposeResourcesTaskForAppleMain NO-SOURCE
2026-09-07T16:39:47.3320345Z > Task :game-modes:mafia:generateResourceAccessorsForAppleMain NO-SOURCE
2026-09-07T16:39:47.3465230Z > Task :game-modes:mafia:convertXmlValueResourcesForAppleTest NO-SOURCE
2026-09-07T16:39:47.3501634Z > Task :game-modes:mafia:copyNonXmlValueResourcesForAppleTest NO-SOURCE
2026-09-07T16:39:47.3556687Z > Task :game-modes:mafia:prepareComposeResourcesTaskForAppleTest NO-SOURCE
2026-09-07T16:39:47.3584245Z > Task :game-modes:mafia:generateResourceAccessorsForAppleTest NO-SOURCE
2026-09-07T16:39:47.3585407Z > Task :game-modes:mafia:convertXmlValueResourcesForCommonTest NO-SOURCE
2026-09-07T16:39:47.3586373Z > Task :game-modes:mafia:copyNonXmlValueResourcesForCommonTest NO-SOURCE
2026-09-07T16:39:47.3587424Z > Task :game-modes:mafia:prepareComposeResourcesTaskForCommonTest NO-SOURCE
2026-09-07T16:39:47.3588477Z > Task :game-modes:mafia:generateResourceAccessorsForCommonTest NO-SOURCE
2026-09-07T16:39:47.3612569Z > Task :game-modes:mafia:convertXmlValueResourcesForDesktopMain NO-SOURCE
2026-09-07T16:39:47.3643852Z > Task :game-modes:mafia:copyNonXmlValueResourcesForDesktopMain NO-SOURCE
2026-09-07T16:39:47.3652647Z > Task :game-modes:mafia:prepareComposeResourcesTaskForDesktopMain NO-SOURCE
2026-09-07T16:39:47.3676248Z > Task :game-modes:mafia:generateResourceAccessorsForDesktopMain NO-SOURCE
2026-09-07T16:39:47.3682371Z > Task :game-modes:mafia:convertXmlValueResourcesForDesktopTest NO-SOURCE
2026-09-07T16:39:47.3683702Z > Task :game-modes:mafia:copyNonXmlValueResourcesForDesktopTest NO-SOURCE
2026-09-07T16:39:47.3684805Z > Task :game-modes:mafia:prepareComposeResourcesTaskForDesktopTest NO-SOURCE
2026-09-07T16:39:47.3685939Z > Task :game-modes:mafia:generateResourceAccessorsForDesktopTest NO-SOURCE
2026-09-07T16:39:47.3686982Z > Task :game-modes:mafia:convertXmlValueResourcesForIosMain NO-SOURCE
2026-09-07T16:39:47.3688279Z > Task :game-modes:mafia:copyNonXmlValueResourcesForIosMain NO-SOURCE
2026-09-07T16:39:47.3689305Z > Task :game-modes:mafia:prepareComposeResourcesTaskForIosMain NO-SOURCE
2026-09-07T16:39:47.3690680Z > Task :game-modes:mafia:generateResourceAccessorsForIosMain NO-SOURCE
2026-09-07T16:39:47.3691802Z > Task :game-modes:mafia:convertXmlValueResourcesForIosSimulatorArm64Main NO-SOURCE
2026-09-07T16:39:47.3693053Z > Task :game-modes:mafia:copyNonXmlValueResourcesForIosSimulatorArm64Main NO-SOURCE
2026-09-07T16:39:47.3694184Z > Task :game-modes:mafia:prepareComposeResourcesTaskForIosSimulatorArm64Main NO-SOURCE
2026-09-07T16:39:47.3695359Z > Task :game-modes:mafia:generateResourceAccessorsForIosSimulatorArm64Main NO-SOURCE
2026-09-07T16:39:47.3696441Z > Task :game-modes:mafia:convertXmlValueResourcesForIosSimulatorArm64Test NO-SOURCE
2026-09-07T16:39:47.3703217Z > Task :game-modes:mafia:copyNonXmlValueResourcesForIosSimulatorArm64Test NO-SOURCE
2026-09-07T16:39:47.3704716Z > Task :game-modes:mafia:prepareComposeResourcesTaskForIosSimulatorArm64Test NO-SOURCE
2026-09-07T16:39:47.3711994Z > Task :game-modes:mafia:generateResourceAccessorsForIosSimulatorArm64Test NO-SOURCE
2026-09-07T16:39:47.3715707Z > Task :game-modes:mafia:convertXmlValueResourcesForIosTest NO-SOURCE
2026-09-07T16:39:47.3716732Z > Task :game-modes:mafia:copyNonXmlValueResourcesForIosTest NO-SOURCE
2026-09-07T16:39:47.3719884Z > Task :game-modes:mafia:prepareComposeResourcesTaskForIosTest NO-SOURCE
2026-09-07T16:39:47.3723154Z > Task :game-modes:mafia:generateResourceAccessorsForIosTest NO-SOURCE
2026-09-07T16:39:47.3724227Z > Task :game-modes:mafia:convertXmlValueResourcesForIosX64Main NO-SOURCE
2026-09-07T16:39:47.3732655Z > Task :game-modes:mafia:copyNonXmlValueResourcesForIosX64Main NO-SOURCE
2026-09-07T16:39:47.3733953Z > Task :game-modes:mafia:prepareComposeResourcesTaskForIosX64Main NO-SOURCE
2026-09-07T16:39:47.3739862Z > Task :game-modes:mafia:generateResourceAccessorsForIosX64Main NO-SOURCE
2026-09-07T16:39:47.3740977Z > Task :game-modes:mafia:convertXmlValueResourcesForIosX64Test NO-SOURCE
2026-09-07T16:39:47.3743953Z > Task :game-modes:mafia:copyNonXmlValueResourcesForIosX64Test NO-SOURCE
2026-09-07T16:39:47.3745065Z > Task :game-modes:mafia:prepareComposeResourcesTaskForIosX64Test NO-SOURCE
2026-09-07T16:39:47.4485809Z > Task :game-modes:mafia:generateResourceAccessorsForIosX64Test NO-SOURCE
2026-09-07T16:39:47.4505421Z > Task :game-modes:mafia:convertXmlValueResourcesForNativeMain NO-SOURCE
2026-09-07T16:39:47.4544053Z > Task :game-modes:mafia:copyNonXmlValueResourcesForNativeMain NO-SOURCE
2026-09-07T16:39:47.4545317Z > Task :game-modes:mafia:prepareComposeResourcesTaskForNativeMain NO-SOURCE
2026-09-07T16:39:47.4574139Z > Task :game-modes:mafia:generateResourceAccessorsForNativeMain NO-SOURCE
2026-09-07T16:39:47.4603976Z > Task :game-modes:mafia:convertXmlValueResourcesForNativeTest NO-SOURCE
2026-09-07T16:39:47.4634184Z > Task :game-modes:mafia:copyNonXmlValueResourcesForNativeTest NO-SOURCE
2026-09-07T16:39:47.4664298Z > Task :game-modes:mafia:prepareComposeResourcesTaskForNativeTest NO-SOURCE
2026-09-07T16:39:47.4694251Z > Task :game-modes:mafia:generateResourceAccessorsForNativeTest NO-SOURCE
2026-09-07T16:39:47.4723958Z > Task :game-modes:mafia:extractProguardFiles
2026-09-07T16:39:47.4728953Z > Task :shared:content:extractProguardFiles
2026-09-07T16:39:47.4729643Z > Task :shared:core:extractProguardFiles
2026-09-07T16:39:48.2463423Z > Task :shared:core:prepareLintJarForPublish
2026-09-07T16:39:48.2470814Z > Task :shared:engine:extractProguardFiles
2026-09-07T16:39:48.3446642Z > Task :shared:engine:prepareLintJarForPublish
2026-09-07T16:39:48.3474142Z > Task :composeApp:mergeReleaseNativeLibs
2026-09-07T16:39:48.3508030Z > Task :shared:content:prepareLintJarForPublish
2026-09-07T16:39:48.3585182Z > Task :shared:design-system:convertXmlValueResourcesForAndroidDebug NO-SOURCE
2026-09-07T16:39:48.3624203Z > Task :shared:design-system:copyNonXmlValueResourcesForAndroidDebug NO-SOURCE
2026-09-07T16:39:48.3644412Z > Task :shared:design-system:prepareComposeResourcesTaskForAndroidDebug NO-SOURCE
2026-09-07T16:39:48.3659779Z > Task :shared:design-system:copyDebugComposeResourcesToAndroidAssets
2026-09-07T16:39:48.3688128Z > Task :shared:design-system:generateResourceAccessorsForAndroidDebug NO-SOURCE
2026-09-07T16:39:48.3714085Z > Task :shared:design-system:convertXmlValueResourcesForAndroidUnitTest NO-SOURCE
2026-09-07T16:39:48.3774894Z > Task :shared:design-system:copyNonXmlValueResourcesForAndroidUnitTest NO-SOURCE
2026-09-07T16:39:48.3825523Z > Task :shared:design-system:prepareComposeResourcesTaskForAndroidUnitTest NO-SOURCE
2026-09-07T16:39:48.3857450Z > Task :shared:design-system:generateResourceAccessorsForAndroidUnitTest NO-SOURCE
2026-09-07T16:39:48.3887489Z > Task :shared:design-system:convertXmlValueResourcesForAndroidUnitTestDebug NO-SOURCE
2026-09-07T16:39:48.3914277Z > Task :shared:design-system:copyNonXmlValueResourcesForAndroidUnitTestDebug NO-SOURCE
2026-09-07T16:39:48.3921240Z > Task :shared:design-system:prepareComposeResourcesTaskForAndroidUnitTestDebug NO-SOURCE
2026-09-07T16:39:48.3958048Z > Task :shared:design-system:generateResourceAccessorsForAndroidUnitTestDebug NO-SOURCE
2026-09-07T16:39:48.3974038Z > Task :shared:design-system:convertXmlValueResourcesForAndroidUnitTestRelease NO-SOURCE
2026-09-07T16:39:48.4014541Z > Task :shared:design-system:copyNonXmlValueResourcesForAndroidUnitTestRelease NO-SOURCE
2026-09-07T16:39:48.4024217Z > Task :shared:design-system:prepareComposeResourcesTaskForAndroidUnitTestRelease NO-SOURCE
2026-09-07T16:39:48.4054010Z > Task :shared:design-system:generateResourceAccessorsForAndroidUnitTestRelease NO-SOURCE
2026-09-07T16:39:48.4080747Z > Task :shared:design-system:convertXmlValueResourcesForAppleMain NO-SOURCE
2026-09-07T16:39:48.4103724Z > Task :shared:design-system:copyNonXmlValueResourcesForAppleMain NO-SOURCE
2026-09-07T16:39:48.4169476Z > Task :shared:design-system:prepareComposeResourcesTaskForAppleMain NO-SOURCE
2026-09-07T16:39:48.4170541Z > Task :shared:design-system:generateResourceAccessorsForAppleMain NO-SOURCE
2026-09-07T16:39:48.4205914Z > Task :shared:design-system:convertXmlValueResourcesForAppleTest NO-SOURCE
2026-09-07T16:39:48.4234678Z > Task :shared:design-system:copyNonXmlValueResourcesForAppleTest NO-SOURCE
2026-09-07T16:39:48.4264584Z > Task :shared:design-system:prepareComposeResourcesTaskForAppleTest NO-SOURCE
2026-09-07T16:39:48.4306589Z > Task :shared:design-system:generateResourceAccessorsForAppleTest NO-SOURCE
2026-09-07T16:39:48.4344044Z > Task :shared:design-system:convertXmlValueResourcesForCommonTest NO-SOURCE
2026-09-07T16:39:48.4361834Z > Task :shared:design-system:copyNonXmlValueResourcesForCommonTest NO-SOURCE
2026-09-07T16:39:48.4396084Z > Task :shared:design-system:prepareComposeResourcesTaskForCommonTest NO-SOURCE
2026-09-07T16:39:48.4415000Z > Task :shared:design-system:generateResourceAccessorsForCommonTest NO-SOURCE
2026-09-07T16:39:48.4463974Z > Task :shared:design-system:convertXmlValueResourcesForDesktopMain NO-SOURCE
2026-09-07T16:39:48.4476225Z > Task :shared:design-system:copyNonXmlValueResourcesForDesktopMain NO-SOURCE
2026-09-07T16:39:48.4504129Z > Task :shared:design-system:prepareComposeResourcesTaskForDesktopMain NO-SOURCE
2026-09-07T16:39:48.4505125Z > Task :shared:design-system:generateResourceAccessorsForDesktopMain NO-SOURCE
2026-09-07T16:39:48.4505945Z > Task :shared:design-system:convertXmlValueResourcesForDesktopTest NO-SOURCE
2026-09-07T16:39:48.4506701Z > Task :shared:design-system:copyNonXmlValueResourcesForDesktopTest NO-SOURCE
2026-09-07T16:39:48.4507482Z > Task :shared:design-system:prepareComposeResourcesTaskForDesktopTest NO-SOURCE
2026-09-07T16:39:48.4508271Z > Task :shared:design-system:generateResourceAccessorsForDesktopTest NO-SOURCE
2026-09-07T16:39:48.4509019Z > Task :shared:design-system:convertXmlValueResourcesForIosMain NO-SOURCE
2026-09-07T16:39:48.4509741Z > Task :shared:design-system:copyNonXmlValueResourcesForIosMain NO-SOURCE
2026-09-07T16:39:48.4510509Z > Task :shared:design-system:prepareComposeResourcesTaskForIosMain NO-SOURCE
2026-09-07T16:39:48.4511236Z > Task :shared:design-system:generateResourceAccessorsForIosMain NO-SOURCE
2026-09-07T16:39:48.4512105Z > Task :shared:design-system:convertXmlValueResourcesForIosSimulatorArm64Main NO-SOURCE
2026-09-07T16:39:48.4513510Z > Task :shared:design-system:copyNonXmlValueResourcesForIosSimulatorArm64Main NO-SOURCE
2026-09-07T16:39:48.4514414Z > Task :shared:design-system:prepareComposeResourcesTaskForIosSimulatorArm64Main NO-SOURCE
2026-09-07T16:39:48.4515302Z > Task :shared:design-system:generateResourceAccessorsForIosSimulatorArm64Main NO-SOURCE
2026-09-07T16:39:48.4516154Z > Task :shared:design-system:convertXmlValueResourcesForIosSimulatorArm64Test NO-SOURCE
2026-09-07T16:39:48.4517038Z > Task :shared:design-system:copyNonXmlValueResourcesForIosSimulatorArm64Test NO-SOURCE
2026-09-07T16:39:48.4523288Z > Task :shared:design-system:prepareComposeResourcesTaskForIosSimulatorArm64Test NO-SOURCE
2026-09-07T16:39:48.4524670Z > Task :shared:design-system:generateResourceAccessorsForIosSimulatorArm64Test NO-SOURCE
2026-09-07T16:39:48.4525637Z > Task :shared:design-system:convertXmlValueResourcesForIosTest NO-SOURCE
2026-09-07T16:39:48.4526454Z > Task :shared:design-system:copyNonXmlValueResourcesForIosTest NO-SOURCE
2026-09-07T16:39:48.4527312Z > Task :shared:design-system:prepareComposeResourcesTaskForIosTest NO-SOURCE
2026-09-07T16:39:48.4529627Z > Task :shared:design-system:generateResourceAccessorsForIosTest NO-SOURCE
2026-09-07T16:39:48.4531680Z > Task :shared:design-system:convertXmlValueResourcesForIosX64Main NO-SOURCE
2026-09-07T16:39:48.4532537Z > Task :shared:design-system:copyNonXmlValueResourcesForIosX64Main NO-SOURCE
2026-09-07T16:39:48.4533566Z > Task :shared:design-system:prepareComposeResourcesTaskForIosX64Main NO-SOURCE
2026-09-07T16:39:48.4534472Z > Task :shared:design-system:generateResourceAccessorsForIosX64Main NO-SOURCE
2026-09-07T16:39:48.4535341Z > Task :shared:design-system:convertXmlValueResourcesForIosX64Test NO-SOURCE
2026-09-07T16:39:48.4536400Z > Task :shared:design-system:copyNonXmlValueResourcesForIosX64Test NO-SOURCE
2026-09-07T16:39:48.4538215Z > Task :shared:design-system:prepareComposeResourcesTaskForIosX64Test NO-SOURCE
2026-09-07T16:39:48.4539850Z > Task :shared:design-system:generateResourceAccessorsForIosX64Test NO-SOURCE
2026-09-07T16:39:48.4540727Z > Task :shared:design-system:convertXmlValueResourcesForNativeMain NO-SOURCE
2026-09-07T16:39:48.4542442Z > Task :shared:design-system:copyNonXmlValueResourcesForNativeMain NO-SOURCE
2026-09-07T16:39:48.4544890Z > Task :shared:design-system:prepareComposeResourcesTaskForNativeMain NO-SOURCE
2026-09-07T16:39:48.4546495Z > Task :shared:design-system:generateResourceAccessorsForNativeMain NO-SOURCE
2026-09-07T16:39:48.4547360Z > Task :shared:design-system:convertXmlValueResourcesForNativeTest NO-SOURCE
2026-09-07T16:39:48.4548214Z > Task :shared:design-system:copyNonXmlValueResourcesForNativeTest NO-SOURCE
2026-09-07T16:39:48.4548735Z 
2026-09-07T16:39:48.4548931Z > Task :composeApp:stripReleaseDebugSymbols
2026-09-07T16:39:48.4552525Z Unable to strip the following libraries, packaging them as they are: libandroidx.graphics.path.so. Run with --info option to learn more.
2026-09-07T16:39:48.4553567Z 
2026-09-07T16:39:48.4553961Z > Task :shared:design-system:prepareComposeResourcesTaskForNativeTest NO-SOURCE
2026-09-07T16:39:48.4554864Z > Task :shared:design-system:generateResourceAccessorsForNativeTest NO-SOURCE
2026-09-07T16:39:48.4555588Z > Task :shared:design-system:extractProguardFiles
2026-09-07T16:39:48.4556168Z > Task :shared:design-system:prepareLintJarForPublish
2026-09-07T16:39:48.4556734Z > Task :shared:networking:extractProguardFiles
2026-09-07T16:39:48.4557287Z > Task :composeApp:extractReleaseNativeDebugMetadata
2026-09-07T16:39:48.4558086Z > Task :shared:networking:prepareLintJarForPublish
2026-09-07T16:39:48.4558633Z > Task :shared:session:prepareLintJarForPublish
2026-09-07T16:39:48.4559139Z > Task :shared:session:extractProguardFiles
2026-09-07T16:39:48.4559890Z > Task :shared:storage:prepareLintJarForPublish
2026-09-07T16:39:48.4560409Z > Task :shared:storage:extractProguardFiles
2026-09-07T16:39:48.4561407Z > Task :game-modes:whodunit:convertXmlValueResourcesForAndroidDebug NO-SOURCE
2026-09-07T16:39:48.4562465Z > Task :game-modes:mafia:prepareLintJarForPublish
2026-09-07T16:39:48.4563310Z > Task :game-modes:whodunit:copyNonXmlValueResourcesForAndroidDebug NO-SOURCE
2026-09-07T16:39:48.4564221Z > Task :game-modes:whodunit:convertXmlValueResourcesForAndroidUnitTest NO-SOURCE
2026-09-07T16:39:48.4565145Z > Task :game-modes:whodunit:prepareComposeResourcesTaskForAndroidDebug NO-SOURCE
2026-09-07T16:39:48.5444356Z > Task :game-modes:whodunit:generateResourceAccessorsForAndroidDebug NO-SOURCE
2026-09-07T16:39:48.5498488Z > Task :game-modes:whodunit:copyNonXmlValueResourcesForAndroidUnitTest NO-SOURCE
2026-09-07T16:39:48.5518772Z > Task :game-modes:whodunit:prepareComposeResourcesTaskForAndroidUnitTest NO-SOURCE
2026-09-07T16:39:48.5544310Z > Task :game-modes:whodunit:generateResourceAccessorsForAndroidUnitTest NO-SOURCE
2026-09-07T16:39:48.5575050Z > Task :game-modes:whodunit:convertXmlValueResourcesForAndroidUnitTestDebug NO-SOURCE
2026-09-07T16:39:48.5599488Z > Task :game-modes:whodunit:copyNonXmlValueResourcesForAndroidUnitTestDebug NO-SOURCE
2026-09-07T16:39:48.5617296Z > Task :game-modes:whodunit:prepareComposeResourcesTaskForAndroidUnitTestDebug NO-SOURCE
2026-09-07T16:39:48.5619509Z > Task :game-modes:whodunit:generateResourceAccessorsForAndroidUnitTestDebug NO-SOURCE
2026-09-07T16:39:48.5630783Z > Task :game-modes:whodunit:copyDebugComposeResourcesToAndroidAssets
2026-09-07T16:39:48.5633456Z > Task :game-modes:whodunit:convertXmlValueResourcesForAndroidUnitTestRelease NO-SOURCE
2026-09-07T16:39:48.5696572Z > Task :game-modes:whodunit:copyNonXmlValueResourcesForAndroidUnitTestRelease NO-SOURCE
2026-09-07T16:39:48.5754352Z > Task :game-modes:whodunit:convertXmlValueResourcesForAppleMain NO-SOURCE
2026-09-07T16:39:48.5767970Z > Task :game-modes:whodunit:copyNonXmlValueResourcesForAppleMain NO-SOURCE
2026-09-07T16:39:48.5819068Z > Task :game-modes:whodunit:prepareComposeResourcesTaskForAndroidUnitTestRelease NO-SOURCE
2026-09-07T16:39:48.5846300Z > Task :game-modes:whodunit:prepareComposeResourcesTaskForAppleMain NO-SOURCE
2026-09-07T16:39:48.5878509Z > Task :game-modes:whodunit:generateResourceAccessorsForAndroidUnitTestRelease NO-SOURCE
2026-09-07T16:39:48.5887571Z > Task :game-modes:whodunit:convertXmlValueResourcesForAppleTest NO-SOURCE
2026-09-07T16:39:48.5888646Z > Task :game-modes:whodunit:copyNonXmlValueResourcesForAppleTest NO-SOURCE
2026-09-07T16:39:48.5889583Z > Task :game-modes:whodunit:generateResourceAccessorsForAppleMain NO-SOURCE
2026-09-07T16:39:48.5890537Z > Task :game-modes:whodunit:prepareComposeResourcesTaskForAppleTest NO-SOURCE
2026-09-07T16:39:48.5891440Z > Task :game-modes:whodunit:convertXmlValueResourcesForCommonTest NO-SOURCE
2026-09-07T16:39:48.5892288Z > Task :game-modes:whodunit:generateResourceAccessorsForAppleTest NO-SOURCE
2026-09-07T16:39:48.5893492Z > Task :game-modes:whodunit:copyNonXmlValueResourcesForCommonTest NO-SOURCE
2026-09-07T16:39:48.5894541Z > Task :game-modes:whodunit:convertXmlValueResourcesForDesktopMain NO-SOURCE
2026-09-07T16:39:48.5896694Z > Task :game-modes:whodunit:copyNonXmlValueResourcesForDesktopMain NO-SOURCE
2026-09-07T16:39:48.5906389Z > Task :game-modes:whodunit:prepareComposeResourcesTaskForCommonTest NO-SOURCE
2026-09-07T16:39:48.5908724Z > Task :game-modes:whodunit:prepareComposeResourcesTaskForDesktopMain NO-SOURCE
2026-09-07T16:39:48.5910441Z > Task :game-modes:whodunit:generateResourceAccessorsForCommonTest NO-SOURCE
2026-09-07T16:39:48.5912992Z > Task :game-modes:whodunit:convertXmlValueResourcesForDesktopTest NO-SOURCE
2026-09-07T16:39:48.5915687Z > Task :game-modes:whodunit:generateResourceAccessorsForDesktopMain NO-SOURCE
2026-09-07T16:39:48.5918999Z > Task :game-modes:whodunit:copyNonXmlValueResourcesForDesktopTest NO-SOURCE
2026-09-07T16:39:48.5926179Z > Task :game-modes:whodunit:convertXmlValueResourcesForIosMain NO-SOURCE
2026-09-07T16:39:48.5934152Z > Task :game-modes:whodunit:prepareComposeResourcesTaskForDesktopTest NO-SOURCE
2026-09-07T16:39:48.5938030Z > Task :game-modes:whodunit:copyNonXmlValueResourcesForIosMain NO-SOURCE
2026-09-07T16:39:48.5939303Z > Task :game-modes:whodunit:prepareComposeResourcesTaskForIosMain NO-SOURCE
2026-09-07T16:39:48.5940265Z > Task :game-modes:whodunit:generateResourceAccessorsForDesktopTest NO-SOURCE
2026-09-07T16:39:48.5941224Z > Task :game-modes:whodunit:convertXmlValueResourcesForIosSimulatorArm64Main NO-SOURCE
2026-09-07T16:39:48.5942222Z > Task :game-modes:whodunit:generateResourceAccessorsForIosMain NO-SOURCE
2026-09-07T16:39:48.5943580Z > Task :game-modes:whodunit:convertXmlValueResourcesForIosSimulatorArm64Test NO-SOURCE
2026-09-07T16:39:48.5945740Z > Task :game-modes:whodunit:copyNonXmlValueResourcesForIosSimulatorArm64Main NO-SOURCE
2026-09-07T16:39:48.5947529Z > Task :game-modes:whodunit:copyNonXmlValueResourcesForIosSimulatorArm64Test NO-SOURCE
2026-09-07T16:39:48.5949427Z > Task :game-modes:whodunit:prepareComposeResourcesTaskForIosSimulatorArm64Main NO-SOURCE
2026-09-07T16:39:48.5951326Z > Task :game-modes:whodunit:prepareComposeResourcesTaskForIosSimulatorArm64Test NO-SOURCE
2026-09-07T16:39:48.5953343Z > Task :game-modes:whodunit:generateResourceAccessorsForIosSimulatorArm64Test NO-SOURCE
2026-09-07T16:39:48.5955032Z > Task :game-modes:whodunit:generateResourceAccessorsForIosSimulatorArm64Main NO-SOURCE
2026-09-07T16:39:48.5955950Z > Task :game-modes:whodunit:convertXmlValueResourcesForIosTest NO-SOURCE
2026-09-07T16:39:48.5956836Z > Task :game-modes:whodunit:convertXmlValueResourcesForIosX64Main NO-SOURCE
2026-09-07T16:39:48.5958619Z > Task :game-modes:whodunit:copyNonXmlValueResourcesForIosTest NO-SOURCE
2026-09-07T16:39:48.5959504Z > Task :game-modes:whodunit:copyNonXmlValueResourcesForIosX64Main NO-SOURCE
2026-09-07T16:39:48.5960428Z > Task :game-modes:whodunit:prepareComposeResourcesTaskForIosTest NO-SOURCE
2026-09-07T16:39:48.5961377Z > Task :game-modes:whodunit:prepareComposeResourcesTaskForIosX64Main NO-SOURCE
2026-09-07T16:39:48.5962286Z > Task :game-modes:whodunit:generateResourceAccessorsForIosTest NO-SOURCE
2026-09-07T16:39:48.5963653Z > Task :game-modes:whodunit:generateResourceAccessorsForIosX64Main NO-SOURCE
2026-09-07T16:39:48.5964631Z > Task :game-modes:whodunit:convertXmlValueResourcesForIosX64Test NO-SOURCE
2026-09-07T16:39:48.5965505Z > Task :game-modes:whodunit:copyNonXmlValueResourcesForIosX64Test NO-SOURCE
2026-09-07T16:39:48.5966353Z > Task :game-modes:whodunit:convertXmlValueResourcesForNativeMain NO-SOURCE
2026-09-07T16:39:48.5967233Z > Task :game-modes:whodunit:prepareComposeResourcesTaskForIosX64Test NO-SOURCE
2026-09-07T16:39:48.5968131Z > Task :game-modes:whodunit:copyNonXmlValueResourcesForNativeMain NO-SOURCE
2026-09-07T16:39:48.5968999Z > Task :game-modes:whodunit:generateResourceAccessorsForIosX64Test NO-SOURCE
2026-09-07T16:39:48.5969870Z > Task :game-modes:whodunit:prepareComposeResourcesTaskForNativeMain NO-SOURCE
2026-09-07T16:39:48.5970771Z > Task :game-modes:whodunit:convertXmlValueResourcesForNativeTest NO-SOURCE
2026-09-07T16:39:48.5971638Z > Task :game-modes:whodunit:generateResourceAccessorsForNativeMain NO-SOURCE
2026-09-07T16:39:48.5972520Z > Task :game-modes:whodunit:copyNonXmlValueResourcesForNativeTest NO-SOURCE
2026-09-07T16:39:48.5973589Z > Task :game-modes:whodunit:prepareComposeResourcesTaskForNativeTest NO-SOURCE
2026-09-07T16:39:48.5974448Z > Task :game-modes:whodunit:generateResourceAccessorsForNativeTest NO-SOURCE
2026-09-07T16:39:48.5975140Z > Task :game-modes:whodunit:prepareLintJarForPublish
2026-09-07T16:39:48.5975718Z > Task :game-modes:whodunit:extractProguardFiles
2026-09-07T16:39:48.5976245Z > Task :shared:transport-p2p:extractProguardFiles
2026-09-07T16:39:48.5976825Z > Task :shared:transport-p2p:prepareLintJarForPublish
2026-09-07T16:39:48.5977435Z > Task :game-modes:whodunit:stripReleaseDebugSymbols NO-SOURCE
2026-09-07T16:39:48.9470025Z > Task :game-modes:whodunit:copyReleaseJniLibsProjectAndLocalJars
2026-09-07T16:39:48.9494411Z > Task :game-modes:whodunit:extractDeepLinksForAarRelease
2026-09-07T16:39:49.1444274Z > Task :game-modes:whodunit:checkReleaseAarMetadata
2026-09-07T16:39:49.1473796Z > Task :game-modes:mafia:checkReleaseAarMetadata
2026-09-07T16:39:49.1504067Z > Task :game-modes:mafia:stripReleaseDebugSymbols NO-SOURCE
2026-09-07T16:39:49.1504960Z > Task :game-modes:mafia:extractDeepLinksForAarRelease FROM-CACHE
2026-09-07T16:39:49.1505682Z > Task :game-modes:mafia:copyReleaseJniLibsProjectAndLocalJars
2026-09-07T16:39:49.1506350Z > Task :shared:session:stripReleaseDebugSymbols NO-SOURCE
2026-09-07T16:39:49.1506883Z > Task :shared:session:checkReleaseAarMetadata
2026-09-07T16:39:49.1507439Z > Task :shared:session:copyReleaseJniLibsProjectAndLocalJars
2026-09-07T16:39:49.1534152Z > Task :shared:session:extractDeepLinksForAarRelease FROM-CACHE
2026-09-07T16:39:49.1565658Z > Task :shared:content:checkReleaseAarMetadata
2026-09-07T16:39:49.1593559Z > Task :shared:content:stripReleaseDebugSymbols NO-SOURCE
2026-09-07T16:39:49.1619002Z > Task :shared:content:extractDeepLinksForAarRelease FROM-CACHE
2026-09-07T16:39:49.1643390Z > Task :composeApp:mergeReleaseResources
2026-09-07T16:39:49.5443230Z > Task :shared:content:copyReleaseJniLibsProjectAndLocalJars
2026-09-07T16:39:49.5444418Z > Task :shared:transport-p2p:stripReleaseDebugSymbols NO-SOURCE
2026-09-07T16:39:49.5445246Z > Task :shared:transport-p2p:copyReleaseJniLibsProjectAndLocalJars
2026-09-07T16:39:49.6476251Z > Task :shared:transport-p2p:extractDeepLinksForAarRelease FROM-CACHE
2026-09-07T16:39:49.6514367Z > Task :shared:networking:checkReleaseAarMetadata
2026-09-07T16:39:49.6524202Z > Task :shared:networking:stripReleaseDebugSymbols NO-SOURCE
2026-09-07T16:39:49.6554977Z > Task :shared:networking:copyReleaseJniLibsProjectAndLocalJars
2026-09-07T16:39:49.6584149Z > Task :shared:networking:extractDeepLinksForAarRelease FROM-CACHE
2026-09-07T16:39:49.6584930Z > Task :shared:transport-p2p:checkReleaseAarMetadata
2026-09-07T16:39:49.6634226Z > Task :shared:storage:checkReleaseAarMetadata
2026-09-07T16:39:49.6654319Z > Task :shared:storage:stripReleaseDebugSymbols NO-SOURCE
2026-09-07T16:39:49.6682412Z > Task :shared:storage:extractDeepLinksForAarRelease FROM-CACHE
2026-09-07T16:39:49.6704287Z > Task :shared:storage:copyReleaseJniLibsProjectAndLocalJars
2026-09-07T16:39:49.6713740Z > Task :shared:engine:stripReleaseDebugSymbols NO-SOURCE
2026-09-07T16:39:49.6764270Z > Task :shared:engine:checkReleaseAarMetadata
2026-09-07T16:39:49.6794826Z > Task :shared:engine:copyReleaseJniLibsProjectAndLocalJars
2026-09-07T16:39:49.6812510Z > Task :shared:engine:extractDeepLinksForAarRelease FROM-CACHE
2026-09-07T16:39:49.6824332Z > Task :shared:design-system:stripReleaseDebugSymbols NO-SOURCE
2026-09-07T16:39:49.6854858Z > Task :shared:design-system:checkReleaseAarMetadata
2026-09-07T16:39:49.6878877Z > Task :shared:design-system:copyReleaseJniLibsProjectAndLocalJars
2026-09-07T16:39:49.6895682Z > Task :shared:design-system:extractDeepLinksForAarRelease FROM-CACHE
2026-09-07T16:39:49.6913893Z > Task :shared:core:stripReleaseDebugSymbols NO-SOURCE
2026-09-07T16:39:49.6945689Z > Task :shared:core:checkReleaseAarMetadata
2026-09-07T16:39:49.6973939Z > Task :shared:core:copyReleaseJniLibsProjectAndLocalJars
2026-09-07T16:39:49.7446771Z > Task :shared:core:extractDeepLinksForAarRelease FROM-CACHE
2026-09-07T16:39:49.7473932Z > Task :shared:content:writeReleaseLintModelMetadata
2026-09-07T16:39:49.7483088Z > Task :shared:design-system:writeReleaseLintModelMetadata
2026-09-07T16:39:49.7503724Z > Task :shared:core:writeReleaseLintModelMetadata
2026-09-07T16:39:49.7530077Z > Task :shared:engine:writeReleaseLintModelMetadata
2026-09-07T16:39:49.7553623Z > Task :shared:networking:writeReleaseLintModelMetadata
2026-09-07T16:39:49.7583823Z > Task :shared:session:writeReleaseLintModelMetadata
2026-09-07T16:39:49.7585086Z > Task :shared:storage:writeReleaseLintModelMetadata
2026-09-07T16:39:49.7616542Z > Task :game-modes:mafia:writeReleaseLintModelMetadata
2026-09-07T16:39:49.7643740Z > Task :shared:transport-p2p:writeReleaseLintModelMetadata
2026-09-07T16:39:49.7673784Z > Task :game-modes:whodunit:writeReleaseLintModelMetadata
2026-09-07T16:39:49.7681512Z > Task :composeApp:preReleaseAndroidTestBuild SKIPPED
2026-09-07T16:39:49.7749903Z > Task :composeApp:generateReleaseAndroidTestResValues FROM-CACHE
2026-09-07T16:39:49.7754484Z > Task :shared:engine-testing:preBuild UP-TO-DATE
2026-09-07T16:39:49.7756280Z > Task :shared:engine-testing:preReleaseBuild UP-TO-DATE
2026-09-07T16:39:49.7757156Z > Task :shared:engine-testing:checkReleaseAarMetadata
2026-09-07T16:39:49.7757910Z > Task :composeApp:parseReleaseIntegrityConfig
2026-09-07T16:39:49.7758705Z > Task :shared:engine-testing:generateReleaseResValues FROM-CACHE
2026-09-07T16:39:49.7759538Z > Task :shared:engine-testing:mergeReleaseJniLibFolders
2026-09-07T16:39:49.7760319Z > Task :shared:engine-testing:extractDeepLinksForAarRelease FROM-CACHE
2026-09-07T16:39:49.7761190Z > Task :shared:engine-testing:kmpPartiallyResolvedDependenciesChecker
2026-09-07T16:39:49.7762503Z > Task :shared:engine-testing:checkKotlinGradlePluginConfigurationErrors SKIPPED
2026-09-07T16:39:49.7763691Z > Task :shared:engine-testing:mergeReleaseNativeLibs NO-SOURCE
2026-09-07T16:39:49.7764570Z > Task :shared:engine-testing:stripReleaseDebugSymbols NO-SOURCE
2026-09-07T16:39:49.7765458Z > Task :shared:engine-testing:copyReleaseJniLibsProjectAndLocalJars
2026-09-07T16:39:49.7766359Z > Task :shared:engine-testing:generateReleaseResources FROM-CACHE
2026-09-07T16:39:49.7767288Z > Task :shared:engine-testing:processReleaseNavigationResources FROM-CACHE
2026-09-07T16:39:49.8448262Z > Task :shared:engine-testing:mergeReleaseShaders
2026-09-07T16:39:49.8484110Z > Task :shared:engine-testing:compileReleaseShaders NO-SOURCE
2026-09-07T16:39:49.8485676Z > Task :shared:engine-testing:generateReleaseAssets UP-TO-DATE
2026-09-07T16:39:49.8531356Z > Task :shared:engine-testing:releaseAssetsCopyForAGP NO-SOURCE
2026-09-07T16:39:49.8550970Z > Task :shared:engine-testing:mergeReleaseAssets
2026-09-07T16:39:49.8574184Z > Task :shared:engine-testing:javaPreCompileRelease FROM-CACHE
2026-09-07T16:39:49.8596051Z > Task :shared:engine-testing:prepareLintJarForPublish
2026-09-07T16:39:49.8632120Z > Task :shared:engine-testing:packageReleaseResources
2026-09-07T16:39:49.8639795Z > Task :shared:engine-testing:prepareReleaseArtProfile
2026-09-07T16:39:49.8668093Z > Task :shared:engine-testing:parseReleaseLocalResources FROM-CACHE
2026-09-07T16:39:49.8695411Z > Task :shared:engine-testing:processReleaseManifest
2026-09-07T16:39:49.8734219Z > Task :shared:engine-testing:writeReleaseAarMetadata
2026-09-07T16:39:49.8764271Z > Task :composeApp:preReleaseUnitTestBuild UP-TO-DATE
2026-09-07T16:39:49.8774132Z > Task :shared:engine-testing:writeReleaseLintModelMetadata
2026-09-07T16:39:49.8803746Z > Task :shared:networking-testing:preBuild UP-TO-DATE
2026-09-07T16:39:49.8855608Z > Task :shared:networking-testing:preReleaseBuild UP-TO-DATE
2026-09-07T16:39:49.8856703Z > Task :shared:engine-testing:generateReleaseRFile
2026-09-07T16:39:49.8857357Z > Task :shared:networking-testing:checkReleaseAarMetadata
2026-09-07T16:39:49.8858335Z > Task :shared:networking-testing:mergeReleaseJniLibFolders
2026-09-07T16:39:49.8859073Z > Task :shared:networking-testing:mergeReleaseNativeLibs NO-SOURCE
2026-09-07T16:39:49.8859763Z > Task :shared:networking-testing:stripReleaseDebugSymbols NO-SOURCE
2026-09-07T16:39:49.8860659Z > Task :shared:networking-testing:generateReleaseResValues FROM-CACHE
2026-09-07T16:39:49.8861407Z > Task :shared:networking-testing:copyReleaseJniLibsProjectAndLocalJars
2026-09-07T16:39:49.8862280Z > Task :shared:networking-testing:extractDeepLinksForAarRelease FROM-CACHE
2026-09-07T16:39:49.8863252Z > Task :shared:networking-testing:kmpPartiallyResolvedDependenciesChecker
2026-09-07T16:39:49.8864242Z > Task :shared:networking-testing:checkKotlinGradlePluginConfigurationErrors SKIPPED
2026-09-07T16:39:49.8865238Z > Task :shared:networking-testing:processReleaseNavigationResources FROM-CACHE
2026-09-07T16:39:49.8866001Z > Task :shared:networking-testing:generateReleaseResources FROM-CACHE
2026-09-07T16:39:49.8866668Z > Task :shared:networking-testing:mergeReleaseShaders
2026-09-07T16:39:49.9479704Z > Task :shared:networking-testing:compileReleaseShaders NO-SOURCE
2026-09-07T16:39:49.9515976Z > Task :shared:networking-testing:generateReleaseAssets UP-TO-DATE
2026-09-07T16:39:49.9571505Z > Task :shared:networking-testing:releaseAssetsCopyForAGP NO-SOURCE
2026-09-07T16:39:49.9591845Z > Task :shared:networking-testing:packageReleaseResources
2026-09-07T16:39:49.9624648Z > Task :shared:networking-testing:mergeReleaseAssets
2026-09-07T16:39:49.9700424Z > Task :shared:networking-testing:parseReleaseLocalResources FROM-CACHE
2026-09-07T16:39:49.9744448Z > Task :shared:networking-testing:javaPreCompileRelease FROM-CACHE
2026-09-07T16:39:49.9745334Z > Task :shared:networking-testing:prepareLintJarForPublish
2026-09-07T16:39:49.9746049Z > Task :shared:networking-testing:prepareReleaseArtProfile
2026-09-07T16:39:49.9774669Z > Task :shared:networking-testing:generateReleaseRFile
2026-09-07T16:39:49.9778496Z > Task :shared:networking-testing:processReleaseManifest
2026-09-07T16:39:49.9825943Z > Task :game-modes:mafia:preReleaseUnitTestBuild UP-TO-DATE
2026-09-07T16:39:49.9835821Z > Task :shared:networking-testing:writeReleaseAarMetadata
2026-09-07T16:39:49.9868812Z > Task :game-modes:whodunit:preReleaseUnitTestBuild UP-TO-DATE
2026-09-07T16:39:49.9894004Z > Task :shared:content:preReleaseUnitTestBuild UP-TO-DATE
2026-09-07T16:39:49.9924185Z > Task :shared:core:preReleaseUnitTestBuild UP-TO-DATE
2026-09-07T16:39:49.9961159Z > Task :shared:design-system:preReleaseUnitTestBuild UP-TO-DATE
2026-09-07T16:39:49.9984575Z > Task :shared:engine:preReleaseUnitTestBuild UP-TO-DATE
2026-09-07T16:39:50.0004216Z > Task :shared:networking:preReleaseUnitTestBuild UP-TO-DATE
2026-09-07T16:39:50.0031191Z > Task :shared:session:preReleaseUnitTestBuild UP-TO-DATE
2026-09-07T16:39:50.0054194Z > Task :shared:storage:preReleaseUnitTestBuild UP-TO-DATE
2026-09-07T16:39:50.0070588Z > Task :shared:transport-p2p:preReleaseUnitTestBuild UP-TO-DATE
2026-09-07T16:39:50.0093507Z > Task :composeApp:preDebugBuild UP-TO-DATE
2026-09-07T16:39:50.0127494Z > Task :game-modes:mafia:preDebugBuild UP-TO-DATE
2026-09-07T16:39:50.0150723Z > Task :shared:networking-testing:writeReleaseLintModelMetadata
2026-09-07T16:39:50.0184222Z > Task :game-modes:whodunit:preDebugBuild UP-TO-DATE
2026-09-07T16:39:50.0207837Z > Task :game-modes:mafia:writeDebugAarMetadata
2026-09-07T16:39:50.0224538Z > Task :shared:content:preDebugBuild UP-TO-DATE
2026-09-07T16:39:50.0443820Z > Task :game-modes:whodunit:writeDebugAarMetadata
2026-09-07T16:39:50.0454713Z > Task :shared:core:preDebugBuild UP-TO-DATE
2026-09-07T16:39:50.0484461Z > Task :shared:content:writeDebugAarMetadata
2026-09-07T16:39:50.0500540Z > Task :shared:design-system:preDebugBuild UP-TO-DATE
2026-09-07T16:39:50.0544031Z > Task :shared:core:writeDebugAarMetadata
2026-09-07T16:39:50.0545182Z > Task :shared:engine:preDebugBuild UP-TO-DATE
2026-09-07T16:39:50.0574134Z > Task :shared:engine:writeDebugAarMetadata
2026-09-07T16:39:50.0604019Z > Task :shared:networking:preDebugBuild UP-TO-DATE
2026-09-07T16:39:50.0604999Z > Task :shared:networking:writeDebugAarMetadata
2026-09-07T16:39:50.0633355Z > Task :shared:session:preDebugBuild UP-TO-DATE
2026-09-07T16:39:50.0664306Z > Task :shared:design-system:writeDebugAarMetadata
2026-09-07T16:39:50.0694305Z > Task :shared:storage:preDebugBuild UP-TO-DATE
2026-09-07T16:39:50.0724240Z > Task :shared:session:writeDebugAarMetadata
2026-09-07T16:39:50.0726041Z > Task :shared:transport-p2p:preDebugBuild UP-TO-DATE
2026-09-07T16:39:50.0754162Z > Task :shared:storage:writeDebugAarMetadata
2026-09-07T16:39:50.0778468Z > Task :game-modes:mafia:processDebugNavigationResources FROM-CACHE
2026-09-07T16:39:50.0804186Z > Task :shared:transport-p2p:writeDebugAarMetadata
2026-09-07T16:39:50.0834170Z > Task :game-modes:whodunit:processDebugNavigationResources FROM-CACHE
2026-09-07T16:39:50.0853884Z > Task :shared:content:processDebugNavigationResources FROM-CACHE
2026-09-07T16:39:50.0864095Z > Task :shared:core:processDebugNavigationResources FROM-CACHE
2026-09-07T16:39:50.0888191Z > Task :shared:design-system:processDebugNavigationResources FROM-CACHE
2026-09-07T16:39:50.0913892Z > Task :shared:engine:processDebugNavigationResources FROM-CACHE
2026-09-07T16:39:50.0943995Z > Task :shared:networking:processDebugNavigationResources FROM-CACHE
2026-09-07T16:39:50.0974413Z > Task :shared:session:processDebugNavigationResources FROM-CACHE
2026-09-07T16:39:50.0985337Z > Task :shared:storage:processDebugNavigationResources FROM-CACHE
2026-09-07T16:39:50.0994270Z > Task :shared:transport-p2p:processDebugNavigationResources FROM-CACHE
2026-09-07T16:39:50.1456343Z > Task :composeApp:processDebugNavigationResources
2026-09-07T16:39:50.1494073Z > Task :composeApp:checkDebugAarMetadata
2026-09-07T16:39:50.1524031Z > Task :composeApp:compileDebugNavigationResources FROM-CACHE
2026-09-07T16:39:50.1524991Z > Task :game-modes:mafia:generateDebugResValues FROM-CACHE
2026-09-07T16:39:50.1554030Z > Task :composeApp:generateDebugResValues FROM-CACHE
2026-09-07T16:39:50.1583765Z > Task :game-modes:whodunit:generateDebugResValues FROM-CACHE
2026-09-07T16:39:50.1613746Z > Task :game-modes:mafia:generateDebugResources FROM-CACHE
2026-09-07T16:39:50.1614737Z > Task :game-modes:whodunit:generateDebugResources FROM-CACHE
2026-09-07T16:39:50.1643720Z > Task :game-modes:mafia:packageDebugResources
2026-09-07T16:39:50.1673705Z > Task :shared:content:generateDebugResValues FROM-CACHE
2026-09-07T16:39:50.1703980Z > Task :game-modes:whodunit:packageDebugResources
2026-09-07T16:39:50.1704964Z > Task :shared:core:generateDebugResValues FROM-CACHE
2026-09-07T16:39:50.1733865Z > Task :shared:content:generateDebugResources FROM-CACHE
2026-09-07T16:39:50.1763689Z > Task :shared:core:generateDebugResources FROM-CACHE
2026-09-07T16:39:50.2443857Z > Task :shared:content:packageDebugResources
2026-09-07T16:39:50.2474319Z > Task :shared:core:packageDebugResources
2026-09-07T16:39:50.2504081Z > Task :shared:design-system:generateDebugResValues FROM-CACHE
2026-09-07T16:39:50.2533839Z > Task :shared:engine:generateDebugResValues FROM-CACHE
2026-09-07T16:39:50.2534793Z > Task :shared:design-system:generateDebugResources FROM-CACHE
2026-09-07T16:39:50.2563776Z > Task :shared:engine:generateDebugResources FROM-CACHE
2026-09-07T16:39:50.2593674Z > Task :shared:engine:packageDebugResources
2026-09-07T16:39:50.2594550Z > Task :shared:design-system:packageDebugResources
2026-09-07T16:39:50.2623841Z > Task :shared:session:generateDebugResValues FROM-CACHE
2026-09-07T16:39:50.2645365Z > Task :shared:networking:generateDebugResValues FROM-CACHE
2026-09-07T16:39:50.2651493Z > Task :shared:networking:generateDebugResources FROM-CACHE
2026-09-07T16:39:50.2653034Z > Task :shared:session:generateDebugResources FROM-CACHE
2026-09-07T16:39:50.2654908Z > Task :shared:session:packageDebugResources
2026-09-07T16:39:50.2656993Z > Task :shared:networking:packageDebugResources
2026-09-07T16:39:50.2657752Z > Task :shared:storage:generateDebugResValues FROM-CACHE
2026-09-07T16:39:50.2658538Z > Task :shared:transport-p2p:generateDebugResValues FROM-CACHE
2026-09-07T16:39:50.2659322Z > Task :shared:transport-p2p:generateDebugResources FROM-CACHE
2026-09-07T16:39:50.2660107Z > Task :shared:storage:generateDebugResources FROM-CACHE
2026-09-07T16:39:50.2660863Z > Task :shared:storage:packageDebugResources
2026-09-07T16:39:50.2661498Z > Task :composeApp:generateDebugResources FROM-CACHE
2026-09-07T16:39:50.3474666Z > Task :shared:transport-p2p:packageDebugResources
2026-09-07T16:39:50.3503804Z > Task :composeApp:mapDebugSourceSetPaths
2026-09-07T16:39:50.3572506Z > Task :composeApp:packageDebugResources
2026-09-07T16:39:50.3594758Z > Task :composeApp:parseDebugLocalResources FROM-CACHE
2026-09-07T16:39:50.3635016Z > Task :composeApp:createDebugCompatibleScreenManifests
2026-09-07T16:39:50.3684087Z > Task :composeApp:extractDeepLinksDebug
2026-09-07T16:39:50.3737407Z > Task :game-modes:mafia:extractDeepLinksDebug FROM-CACHE
2026-09-07T16:39:50.3791689Z > Task :game-modes:mafia:processDebugManifest FROM-CACHE
2026-09-07T16:39:50.3815794Z > Task :game-modes:whodunit:extractDeepLinksDebug FROM-CACHE
2026-09-07T16:39:50.3834241Z > Task :game-modes:whodunit:processDebugManifest FROM-CACHE
2026-09-07T16:39:50.3887427Z > Task :shared:content:extractDeepLinksDebug FROM-CACHE
2026-09-07T16:39:50.3935324Z > Task :shared:content:processDebugManifest FROM-CACHE
2026-09-07T16:39:50.3974268Z > Task :shared:core:extractDeepLinksDebug FROM-CACHE
2026-09-07T16:39:50.4064685Z > Task :shared:core:processDebugManifest FROM-CACHE
2026-09-07T16:39:50.4154533Z > Task :shared:design-system:extractDeepLinksDebug FROM-CACHE
2026-09-07T16:39:50.4455758Z > Task :shared:design-system:processDebugManifest FROM-CACHE
2026-09-07T16:39:50.4464158Z > Task :shared:engine:extractDeepLinksDebug FROM-CACHE
2026-09-07T16:39:50.4494097Z > Task :shared:engine:processDebugManifest FROM-CACHE
2026-09-07T16:39:50.4524131Z > Task :shared:networking:extractDeepLinksDebug FROM-CACHE
2026-09-07T16:39:50.4553822Z > Task :shared:networking:processDebugManifest FROM-CACHE
2026-09-07T16:39:50.4577563Z > Task :shared:session:extractDeepLinksDebug FROM-CACHE
2026-09-07T16:39:50.4578620Z > Task :shared:session:processDebugManifest FROM-CACHE
2026-09-07T16:39:50.4604014Z > Task :shared:storage:extractDeepLinksDebug FROM-CACHE
2026-09-07T16:39:50.4634170Z > Task :shared:storage:processDebugManifest FROM-CACHE
2026-09-07T16:39:50.4664287Z > Task :shared:transport-p2p:extractDeepLinksDebug FROM-CACHE
2026-09-07T16:39:50.4693940Z > Task :shared:transport-p2p:processDebugManifest FROM-CACHE
2026-09-07T16:39:50.5504480Z > Task :composeApp:processDebugMainManifest
2026-09-07T16:39:50.5564173Z > Task :composeApp:processDebugManifest
2026-09-07T16:39:50.5614531Z > Task :composeApp:processDebugManifestForPackage
2026-09-07T16:39:50.6474434Z > Task :game-modes:mafia:compileDebugLibraryResources
2026-09-07T16:39:50.6504146Z > Task :game-modes:mafia:parseDebugLocalResources FROM-CACHE
2026-09-07T16:39:50.6564389Z > Task :game-modes:mafia:generateDebugRFile FROM-CACHE
2026-09-07T16:39:50.6624217Z > Task :game-modes:whodunit:compileDebugLibraryResources FROM-CACHE
2026-09-07T16:39:50.6670319Z > Task :game-modes:whodunit:parseDebugLocalResources FROM-CACHE
2026-09-07T16:39:50.7464246Z > Task :game-modes:whodunit:generateDebugRFile FROM-CACHE
2026-09-07T16:39:50.7473795Z > Task :shared:content:compileDebugLibraryResources FROM-CACHE
2026-09-07T16:39:50.7564124Z > Task :shared:content:parseDebugLocalResources FROM-CACHE
2026-09-07T16:39:50.7646332Z > Task :shared:content:generateDebugRFile FROM-CACHE
2026-09-07T16:39:50.7704219Z > Task :shared:core:compileDebugLibraryResources FROM-CACHE
2026-09-07T16:39:50.7764242Z > Task :shared:core:parseDebugLocalResources FROM-CACHE
2026-09-07T16:39:50.7793875Z > Task :shared:core:generateDebugRFile FROM-CACHE
2026-09-07T16:39:50.8464007Z > Task :shared:design-system:compileDebugLibraryResources FROM-CACHE
2026-09-07T16:39:50.8494244Z > Task :shared:design-system:parseDebugLocalResources FROM-CACHE
2026-09-07T16:39:50.8523855Z > Task :shared:design-system:generateDebugRFile FROM-CACHE
2026-09-07T16:39:50.8553988Z > Task :shared:engine:compileDebugLibraryResources FROM-CACHE
2026-09-07T16:39:50.8586037Z > Task :shared:engine:parseDebugLocalResources FROM-CACHE
2026-09-07T16:39:50.8635710Z > Task :composeApp:processReleaseResources
2026-09-07T16:39:50.8674377Z > Task :shared:engine:generateDebugRFile FROM-CACHE
2026-09-07T16:39:50.8704404Z > Task :shared:networking:compileDebugLibraryResources FROM-CACHE
2026-09-07T16:39:50.8734134Z > Task :shared:networking:parseDebugLocalResources FROM-CACHE
2026-09-07T16:39:50.9461668Z > Task :shared:session:compileDebugLibraryResources FROM-CACHE
2026-09-07T16:39:50.9479711Z > Task :shared:networking:generateDebugRFile FROM-CACHE
2026-09-07T16:39:50.9554210Z > Task :shared:session:parseDebugLocalResources FROM-CACHE
2026-09-07T16:39:50.9604357Z > Task :shared:storage:compileDebugLibraryResources FROM-CACHE
2026-09-07T16:39:50.9654659Z > Task :shared:storage:parseDebugLocalResources FROM-CACHE
2026-09-07T16:39:50.9684106Z > Task :shared:session:generateDebugRFile FROM-CACHE
2026-09-07T16:39:50.9732328Z > Task :shared:storage:generateDebugRFile FROM-CACHE
2026-09-07T16:39:50.9764585Z > Task :shared:transport-p2p:compileDebugLibraryResources FROM-CACHE
2026-09-07T16:39:50.9804302Z > Task :shared:transport-p2p:parseDebugLocalResources FROM-CACHE
2026-09-07T16:39:50.9864162Z > Task :shared:transport-p2p:generateDebugRFile FROM-CACHE
2026-09-07T16:39:50.9893911Z > Task :shared:core:javaPreCompileDebug FROM-CACHE
2026-09-07T16:39:50.9917922Z > Task :shared:engine:javaPreCompileDebug FROM-CACHE
2026-09-07T16:39:50.9944196Z > Task :shared:content:javaPreCompileDebug FROM-CACHE
2026-09-07T16:39:50.9944871Z > Task :shared:design-system:javaPreCompileDebug FROM-CACHE
2026-09-07T16:39:51.0446983Z > Task :shared:networking:javaPreCompileDebug FROM-CACHE
2026-09-07T16:39:51.0476140Z > Task :shared:session:javaPreCompileDebug FROM-CACHE
2026-09-07T16:39:51.0566038Z > Task :shared:storage:javaPreCompileDebug FROM-CACHE
2026-09-07T16:39:51.0619191Z > Task :game-modes:mafia:javaPreCompileDebug FROM-CACHE
2026-09-07T16:39:51.0655347Z > Task :game-modes:whodunit:javaPreCompileDebug FROM-CACHE
2026-09-07T16:39:51.0671562Z > Task :shared:transport-p2p:javaPreCompileDebug FROM-CACHE
2026-09-07T16:39:51.0688175Z > Task :composeApp:javaPreCompileDebug FROM-CACHE
2026-09-07T16:39:51.0727338Z > Task :shared:engine-testing:preDebugBuild UP-TO-DATE
2026-09-07T16:39:51.0745022Z > Task :shared:engine-testing:generateDebugResValues FROM-CACHE
2026-09-07T16:39:51.0750041Z > Task :shared:engine-testing:generateDebugResources FROM-CACHE
2026-09-07T16:39:51.1464740Z > Task :shared:engine-testing:packageDebugResources
2026-09-07T16:39:51.1504739Z > Task :shared:engine-testing:processDebugNavigationResources FROM-CACHE
2026-09-07T16:39:51.1531563Z > Task :shared:engine-testing:parseDebugLocalResources FROM-CACHE
2026-09-07T16:39:51.1584905Z > Task :shared:engine-testing:generateDebugRFile FROM-CACHE
2026-09-07T16:39:51.1624660Z > Task :shared:engine-testing:javaPreCompileDebug FROM-CACHE
2026-09-07T16:39:51.1654232Z > Task :composeApp:preDebugUnitTestBuild UP-TO-DATE
2026-09-07T16:39:51.1673369Z > Task :composeApp:javaPreCompileDebugUnitTest FROM-CACHE
2026-09-07T16:39:51.1675136Z > Task :composeApp:javaPreCompileReleaseUnitTest FROM-CACHE
2026-09-07T16:39:51.1675842Z > Task :composeApp:verifyApplicationIdentities
2026-09-07T16:39:51.2494277Z > Task :composeApp:verifyMergedReleaseManifest
2026-09-07T16:39:51.2503972Z > Task :composeApp:generateActualResourceCollectorsForDesktopMain
2026-09-07T16:39:51.2524701Z > Task :game-modes:mafia:generateActualResourceCollectorsForDesktopMain
2026-09-07T16:39:51.7443611Z > Task :composeApp:mergeDebugResources
2026-09-07T16:39:53.2464186Z > Task :composeApp:processDebugResources
2026-09-07T16:39:53.2494394Z > Task :shared:core:desktopProcessResources NO-SOURCE
2026-09-07T16:39:53.2504033Z > Task :shared:core:processDesktopMainResources SKIPPED
2026-09-07T16:39:53.2523942Z > Task :shared:engine:desktopProcessResources NO-SOURCE
2026-09-07T16:39:53.2553963Z > Task :shared:engine:processDesktopMainResources SKIPPED
2026-09-07T16:39:53.2564452Z > Task :shared:content:desktopProcessResources NO-SOURCE
2026-09-07T16:39:53.2565681Z > Task :shared:content:processDesktopMainResources SKIPPED
2026-09-07T16:39:53.2566741Z > Task :shared:design-system:generateActualResourceCollectorsForDesktopMain
2026-09-07T16:39:53.2569605Z > Task :shared:design-system:assembleDesktopMainResources
2026-09-07T16:39:53.2614123Z > Task :shared:design-system:desktopProcessResources
2026-09-07T16:39:53.2617217Z > Task :shared:design-system:processDesktopMainResources SKIPPED
2026-09-07T16:39:53.2630412Z > Task :shared:networking:desktopProcessResources NO-SOURCE
2026-09-07T16:39:53.2643755Z > Task :shared:networking:processDesktopMainResources SKIPPED
2026-09-07T16:39:53.2653987Z > Task :shared:session:desktopProcessResources NO-SOURCE
2026-09-07T16:39:53.2655040Z > Task :shared:session:processDesktopMainResources SKIPPED
2026-09-07T16:39:53.2655808Z > Task :shared:storage:desktopProcessResources NO-SOURCE
2026-09-07T16:39:53.2656539Z > Task :shared:storage:processDesktopMainResources SKIPPED
2026-09-07T16:39:53.3476242Z > Task :game-modes:mafia:assembleDesktopMainResources
2026-09-07T16:39:53.3515460Z > Task :game-modes:mafia:desktopProcessResources
2026-09-07T16:39:53.3534300Z > Task :game-modes:mafia:processDesktopMainResources SKIPPED
2026-09-07T16:39:53.3535462Z > Task :game-modes:whodunit:generateActualResourceCollectorsForDesktopMain
2026-09-07T16:39:53.3536352Z > Task :game-modes:whodunit:assembleDesktopMainResources
2026-09-07T16:39:53.3537128Z > Task :game-modes:whodunit:desktopProcessResources
2026-09-07T16:39:53.3537970Z > Task :game-modes:whodunit:processDesktopMainResources SKIPPED
2026-09-07T16:39:53.3538869Z > Task :shared:transport-p2p:desktopProcessResources NO-SOURCE
2026-09-07T16:39:53.3539756Z > Task :shared:transport-p2p:processDesktopMainResources SKIPPED
2026-09-07T16:39:53.3541007Z > Task :composeApp:assembleDesktopMainResources
2026-09-07T16:39:53.3541775Z > Task :composeApp:desktopProcessResources
2026-09-07T16:39:53.3542553Z > Task :composeApp:processDesktopMainResources SKIPPED
2026-09-07T16:39:53.3543684Z > Task :shared:engine-testing:desktopProcessResources NO-SOURCE
2026-09-07T16:39:53.3544669Z > Task :shared:engine-testing:processDesktopMainResources SKIPPED
2026-09-07T16:39:53.3545307Z > Task :composeApp:assembleDesktopTestResources
2026-09-07T16:39:53.3545829Z > Task :composeApp:desktopTestProcessResources
2026-09-07T16:39:53.3546359Z > Task :composeApp:processDesktopTestResources SKIPPED
2026-09-07T16:39:53.3546944Z > Task :shared:networking-testing:desktopProcessResources NO-SOURCE
2026-09-07T16:39:53.3547623Z > Task :shared:networking-testing:processDesktopMainResources SKIPPED
2026-09-07T16:39:53.4474287Z > Task :game-modes:mafia:assembleDesktopTestResources
2026-09-07T16:39:53.4503929Z > Task :game-modes:mafia:desktopTestProcessResources
2026-09-07T16:39:53.4534081Z > Task :game-modes:mafia:processDesktopTestResources SKIPPED
2026-09-07T16:39:53.4563764Z > Task :game-modes:whodunit:assembleDesktopTestResources
2026-09-07T16:39:53.4593797Z > Task :game-modes:whodunit:desktopTestProcessResources
2026-09-07T16:39:53.4624029Z > Task :game-modes:whodunit:processDesktopTestResources SKIPPED
2026-09-07T16:39:53.4643804Z > Task :shared:content:desktopTestProcessResources NO-SOURCE
2026-09-07T16:39:53.4673740Z > Task :shared:content:processDesktopTestResources SKIPPED
2026-09-07T16:39:53.4683640Z > Task :shared:core:desktopTestProcessResources NO-SOURCE
2026-09-07T16:39:53.4744126Z > Task :shared:core:processDesktopTestResources SKIPPED
2026-09-07T16:39:53.4771195Z > Task :shared:design-system:assembleDesktopTestResources
2026-09-07T16:39:53.4771982Z > Task :shared:design-system:desktopTestProcessResources
2026-09-07T16:39:53.4772687Z > Task :shared:design-system:processDesktopTestResources SKIPPED
2026-09-07T16:39:53.4773589Z > Task :shared:engine:desktopTestProcessResources NO-SOURCE
2026-09-07T16:39:53.4774268Z > Task :shared:engine:processDesktopTestResources SKIPPED
2026-09-07T16:39:53.4774977Z > Task :shared:engine-testing:desktopTestProcessResources NO-SOURCE
2026-09-07T16:39:53.4775735Z > Task :shared:engine-testing:processDesktopTestResources SKIPPED
2026-09-07T16:39:53.4776424Z > Task :shared:networking:desktopTestProcessResources NO-SOURCE
2026-09-07T16:39:53.4777120Z > Task :shared:networking:processDesktopTestResources SKIPPED
2026-09-07T16:39:53.4777869Z > Task :shared:networking-testing:desktopTestProcessResources NO-SOURCE
2026-09-07T16:39:53.4778667Z > Task :shared:networking-testing:processDesktopTestResources SKIPPED
2026-09-07T16:39:53.4779359Z > Task :shared:session:desktopTestProcessResources NO-SOURCE
2026-09-07T16:39:53.4780003Z > Task :shared:session:processDesktopTestResources SKIPPED
2026-09-07T16:39:53.4780650Z > Task :shared:storage:desktopTestProcessResources NO-SOURCE
2026-09-07T16:39:53.4781297Z > Task :shared:storage:processDesktopTestResources SKIPPED
2026-09-07T16:39:53.4782011Z > Task :shared:transport-p2p:desktopTestProcessResources NO-SOURCE
2026-09-07T16:39:53.4782748Z > Task :shared:transport-p2p:processDesktopTestResources SKIPPED
2026-09-07T16:39:55.4455939Z test_both_small_files_with_spaces_pass_gnu_shaped_stat_preflight (test_android_artifact_size.AndroidArtifactSizeTest.test_both_small_files_with_spaces_pass_gnu_shaped_stat_preflight) ... ok
2026-09-07T16:39:55.4457170Z 
2026-09-07T16:39:55.4459362Z > Task :productionReleaseAutomationCheck
2026-09-07T16:39:55.4524905Z test_empty_dependency_report_is_rejected (test_android_artifact_size.AndroidArtifactSizeTest.test_empty_dependency_report_is_rejected) ... ok
2026-09-07T16:39:55.4605146Z test_exact_artifact_bound_is_accepted_without_allocating_512_mib (test_android_artifact_size.AndroidArtifactSizeTest.test_exact_artifact_bound_is_accepted_without_allocating_512_mib) ... ok
2026-09-07T16:39:55.4654013Z test_exact_dependency_report_bound_is_accepted (test_android_artifact_size.AndroidArtifactSizeTest.test_exact_dependency_report_bound_is_accepted) ... ok
2026-09-07T16:39:55.4714647Z test_missing_directory_and_symlink_inputs_are_rejected (test_android_artifact_size.AndroidArtifactSizeTest.test_missing_directory_and_symlink_inputs_are_rejected) ... ok
2026-09-07T16:39:55.4754453Z test_oversized_artifact_is_rejected (test_android_artifact_size.AndroidArtifactSizeTest.test_oversized_artifact_is_rejected) ... ok
2026-09-07T16:39:55.4854715Z test_oversized_dependency_report_is_rejected (test_android_artifact_size.AndroidArtifactSizeTest.test_oversized_dependency_report_is_rejected) ... ok
2026-09-07T16:39:55.4861995Z test_dex_counts_every_defined_descriptor (test_android_release_artifacts.AndroidReleaseArtifactsTest.test_dex_counts_every_defined_descriptor) ... ok
2026-09-07T16:39:55.4924721Z test_dex_rejects_missing_duplicate_and_forbidden_classes (test_android_release_artifacts.AndroidReleaseArtifactsTest.test_dex_rejects_missing_duplicate_and_forbidden_classes) ... ok
2026-09-07T16:39:55.4974788Z test_each_native_abi_has_the_right_elf_identity (test_android_release_artifacts.AndroidReleaseArtifactsTest.test_each_native_abi_has_the_right_elf_identity) ... ok
2026-09-07T16:39:55.5014902Z test_immediate_post_spawn_failure_and_cancellation_reap_exact_owned_child (test_android_release_artifacts.AndroidReleaseArtifactsTest.test_immediate_post_spawn_failure_and_cancellation_reap_exact_owned_child) ... ok
2026-09-07T16:39:55.5075119Z test_integrated_fixture_rejects_changed_story_and_unsigned_policy (test_android_release_artifacts.AndroidReleaseArtifactsTest.test_integrated_fixture_rejects_changed_story_and_unsigned_policy) ... ok
2026-09-07T16:39:55.6475572Z test_integrated_fixture_uses_real_notice_resource_checks_and_independent_tools (test_android_release_artifacts.AndroidReleaseArtifactsTest.test_integrated_fixture_uses_real_notice_resource_checks_and_independent_tools) ... ok
2026-09-07T16:39:55.6504675Z test_manifest_rejects_dtd_and_overlarge_output (test_android_release_artifacts.AndroidReleaseArtifactsTest.test_manifest_rejects_dtd_and_overlarge_output) ... ok
2026-09-07T16:39:55.6544957Z test_manifest_rejects_identity_version_sdk_and_privacy_drift (test_android_release_artifacts.AndroidReleaseArtifactsTest.test_manifest_rejects_identity_version_sdk_and_privacy_drift) ... ok
2026-09-07T16:39:55.6594760Z test_manifest_rejects_new_components_permissions_and_launcher (test_android_release_artifacts.AndroidReleaseArtifactsTest.test_manifest_rejects_new_components_permissions_and_launcher) ... ok
2026-09-07T16:39:55.6624511Z test_manifest_validates_actual_required_policy (test_android_release_artifacts.AndroidReleaseArtifactsTest.test_manifest_validates_actual_required_policy) ... ok
2026-09-07T16:39:55.6654999Z test_mapping_checks_original_names_even_when_obfuscated (test_android_release_artifacts.AndroidReleaseArtifactsTest.test_mapping_checks_original_names_even_when_obfuscated) ... ok
2026-09-07T16:39:55.6684690Z test_mapping_rejects_empty_unrecognized_and_unbounded_lines (test_android_release_artifacts.AndroidReleaseArtifactsTest.test_mapping_rejects_empty_unrecognized_and_unbounded_lines) ... ok
2026-09-07T16:39:55.6744996Z test_native_rejects_wrong_cpu_type_location_and_extra_library (test_android_release_artifacts.AndroidReleaseArtifactsTest.test_native_rejects_wrong_cpu_type_location_and_extra_library) ... ok
2026-09-07T16:39:55.8454932Z test_owned_tool_failure_and_timeout_are_reaped (test_android_release_artifacts.AndroidReleaseArtifactsTest.test_owned_tool_failure_and_timeout_are_reaped) ... ok
2026-09-07T16:39:55.8464616Z test_regular_input_rejects_symlink_and_empty_file (test_android_release_artifacts.AndroidReleaseArtifactsTest.test_regular_input_rejects_symlink_and_empty_file) ... ok
2026-09-07T16:39:55.8484249Z test_stubborn_owned_child_is_killed_then_reaped_after_cancel (test_android_release_artifacts.AndroidReleaseArtifactsTest.test_stubborn_owned_child_is_killed_then_reaped_after_cancel) ... ok
2026-09-07T16:39:55.8504450Z test_tool_output_bound_is_enforced (test_android_release_artifacts.AndroidReleaseArtifactsTest.test_tool_output_bound_is_enforced) ... ok
2026-09-07T16:40:02.7484106Z 
2026-09-07T16:40:02.7484804Z > Task :shared:core:compileDebugKotlinAndroid
2026-09-07T16:40:02.7485521Z > Task :shared:core:compileDebugJavaWithJavac NO-SOURCE
2026-09-07T16:40:02.7486198Z > Task :shared:core:compileKotlinDesktop
2026-09-07T16:40:02.8453820Z > Task :shared:core:compileReleaseKotlinAndroid
2026-09-07T16:40:02.8474162Z > Task :shared:core:compileReleaseJavaWithJavac NO-SOURCE
2026-09-07T16:40:02.8513883Z > Task :shared:core:bundleLibCompileToJarRelease
2026-09-07T16:40:02.8545366Z > Task :shared:core:bundleLibRuntimeToJarDebug
2026-09-07T16:40:02.8573671Z > Task :shared:core:bundleLibCompileToJarDebug
2026-09-07T16:40:02.9454062Z > Task :shared:core:mergeReleaseGeneratedProguardFiles
2026-09-07T16:40:02.9484116Z > Task :shared:core:exportReleaseConsumerProguardFiles
2026-09-07T16:40:02.9513827Z > Task :shared:core:bundleLibRuntimeToJarRelease
2026-09-07T16:40:03.0464265Z > Task :shared:core:processReleaseJavaRes
2026-09-07T16:40:03.0483446Z > Task :shared:core:createFullJarRelease
2026-09-07T16:40:04.6443616Z > Task :shared:core:generateReleaseLintModel
2026-09-07T16:40:05.3445214Z test_additional_unapproved_signer_is_rejected (test_android_upload_signature.AndroidUploadSignatureTest.test_additional_unapproved_signer_is_rejected) ... ok
2026-09-07T16:40:05.3446281Z 
2026-09-07T16:40:05.3474213Z > Task :productionReleaseAutomationCheck
2026-09-07T16:40:06.5444004Z 
2026-09-07T16:40:06.5570781Z > Task :shared:engine:compileReleaseKotlinAndroid
2026-09-07T16:40:06.5617771Z > Task :shared:engine:compileReleaseJavaWithJavac NO-SOURCE
2026-09-07T16:40:06.5618519Z > Task :shared:engine:bundleLibCompileToJarRelease
2026-09-07T16:40:11.9464882Z test_certificate_usage_must_allow_code_signing (test_android_upload_signature.AndroidUploadSignatureTest.test_certificate_usage_must_allow_code_signing) ... ok
2026-09-07T16:40:11.9466024Z 
2026-09-07T16:40:11.9493897Z > Task :productionReleaseAutomationCheck
2026-09-07T16:40:12.8453709Z 
2026-09-07T16:40:12.8484339Z > Task :shared:core:extractReleaseAnnotations
2026-09-07T16:40:14.2474643Z test_corrupt_signature_block_is_rejected (test_android_upload_signature.AndroidUploadSignatureTest.test_corrupt_signature_block_is_rejected) ... ok
2026-09-07T16:40:14.2475721Z 
2026-09-07T16:40:14.2475930Z > Task :productionReleaseAutomationCheck
2026-09-07T16:40:15.4455901Z 
2026-09-07T16:40:15.4517383Z > Task :shared:content:compileReleaseKotlinAndroid
2026-09-07T16:40:15.4614643Z > Task :shared:content:compileReleaseJavaWithJavac NO-SOURCE
2026-09-07T16:40:15.4671021Z > Task :shared:content:bundleLibCompileToJarRelease
2026-09-07T16:40:19.4464102Z > Task :shared:storage:compileReleaseKotlinAndroid
2026-09-07T16:40:19.4526133Z > Task :shared:storage:compileReleaseJavaWithJavac NO-SOURCE
2026-09-07T16:40:19.4598287Z > Task :shared:storage:bundleLibCompileToJarRelease
2026-09-07T16:40:19.4674140Z > Task :shared:content:mergeReleaseGeneratedProguardFiles
2026-09-07T16:40:19.4734226Z > Task :shared:content:exportReleaseConsumerProguardFiles
2026-09-07T16:40:19.4764012Z > Task :shared:storage:mergeReleaseGeneratedProguardFiles
2026-09-07T16:40:19.4824207Z > Task :shared:storage:exportReleaseConsumerProguardFiles
2026-09-07T16:40:19.4853956Z > Task :shared:engine:mergeReleaseGeneratedProguardFiles
2026-09-07T16:40:19.4895235Z > Task :shared:engine:exportReleaseConsumerProguardFiles
2026-09-07T16:40:19.4913779Z > Task :shared:content:bundleLibRuntimeToJarRelease
2026-09-07T16:40:19.5450772Z > Task :shared:engine:bundleLibRuntimeToJarRelease
2026-09-07T16:40:19.5451490Z > Task :shared:storage:bundleLibRuntimeToJarRelease
2026-09-07T16:40:19.5478612Z > Task :shared:content:processReleaseJavaRes
2026-09-07T16:40:19.5523821Z > Task :shared:engine:processReleaseJavaRes
2026-09-07T16:40:19.5547353Z > Task :shared:storage:processReleaseJavaRes
2026-09-07T16:40:19.6503971Z > Task :shared:content:createFullJarRelease
2026-09-07T16:40:19.6593393Z > Task :shared:engine:createFullJarRelease
2026-09-07T16:40:19.6684705Z > Task :shared:engine:generateReleaseLintModel
2026-09-07T16:40:19.7473327Z > Task :shared:content:generateReleaseLintModel
2026-09-07T16:40:19.7544255Z > Task :shared:storage:createFullJarRelease
2026-09-07T16:40:19.8444150Z > Task :shared:storage:generateReleaseLintModel
2026-09-07T16:40:20.0454280Z > Task :shared:content:extractReleaseAnnotations
2026-09-07T16:40:20.0564376Z > Task :shared:content:mergeReleaseConsumerProguardFiles
2026-09-07T16:40:20.3454945Z > Task :shared:content:mergeReleaseJavaResource
2026-09-07T16:40:20.4484281Z > Task :shared:content:syncReleaseLibJars
2026-09-07T16:40:20.4514018Z > Task :shared:content:bundleReleaseLocalLintAar
2026-09-07T16:40:20.4574085Z > Task :shared:storage:extractReleaseAnnotations
2026-09-07T16:40:20.4664294Z > Task :shared:storage:mergeReleaseConsumerProguardFiles
2026-09-07T16:40:20.5454082Z > Task :shared:storage:mergeReleaseJavaResource
2026-09-07T16:40:20.5484046Z > Task :shared:storage:syncReleaseLibJars
2026-09-07T16:40:20.5497978Z > Task :shared:storage:bundleReleaseLocalLintAar
2026-09-07T16:40:20.6494057Z > Task :shared:engine:extractReleaseAnnotations
2026-09-07T16:40:20.6524003Z > Task :shared:engine:mergeReleaseConsumerProguardFiles
2026-09-07T16:40:20.7484288Z > Task :shared:engine:mergeReleaseJavaResource
2026-09-07T16:40:20.7514120Z > Task :shared:engine:syncReleaseLibJars
2026-09-07T16:40:20.7543891Z > Task :shared:engine:bundleReleaseLocalLintAar
2026-09-07T16:40:20.7594298Z > Task :shared:core:mergeReleaseConsumerProguardFiles
2026-09-07T16:40:20.8454051Z > Task :shared:core:mergeReleaseJavaResource
2026-09-07T16:40:20.9494058Z > Task :shared:core:syncReleaseLibJars
2026-09-07T16:40:20.9554053Z > Task :shared:core:bundleReleaseLocalLintAar
2026-09-07T16:40:21.0483516Z 
2026-09-07T16:40:21.0503226Z test_disabled_certificate_algorithm_is_rejected_with_modern_jar_signature (test_android_upload_signature.AndroidUploadSignatureTest.test_disabled_certificate_algorithm_is_rejected_with_modern_jar_signature) ... ok
2026-09-07T16:40:21.0504863Z > Task :productionReleaseAutomationCheck
2026-09-07T16:40:24.1517052Z test_disabled_jar_algorithm_is_rejected_with_modern_certificate (test_android_upload_signature.AndroidUploadSignatureTest.test_disabled_jar_algorithm_is_rejected_with_modern_certificate) ... ok
2026-09-07T16:40:24.6483989Z 
2026-09-07T16:40:24.6494067Z > Task :shared:networking:compileReleaseKotlinAndroid
2026-09-07T16:40:24.6554269Z > Task :shared:networking:compileReleaseJavaWithJavac NO-SOURCE
2026-09-07T16:40:24.6614326Z > Task :shared:networking:bundleLibCompileToJarRelease
2026-09-07T16:40:28.9465161Z test_disabled_rsa_key_size_is_rejected (test_android_upload_signature.AndroidUploadSignatureTest.test_disabled_rsa_key_size_is_rejected) ... ok
2026-09-07T16:40:28.9466199Z 
2026-09-07T16:40:28.9493938Z > Task :productionReleaseAutomationCheck
2026-09-07T16:40:29.0481344Z 
2026-09-07T16:40:29.0524633Z > Task :shared:design-system:compileReleaseKotlinAndroid
2026-09-07T16:40:29.0564160Z > Task :shared:design-system:compileReleaseJavaWithJavac NO-SOURCE
2026-09-07T16:40:29.0635544Z > Task :shared:design-system:bundleLibCompileToJarRelease
2026-09-07T16:40:31.1485594Z test_entirely_unsigned_bundle_is_rejected (test_android_upload_signature.AndroidUploadSignatureTest.test_entirely_unsigned_bundle_is_rejected) ... ok
2026-09-07T16:40:31.1487252Z 
2026-09-07T16:40:31.1524480Z > Task :productionReleaseAutomationCheck
2026-09-07T16:40:37.4485149Z test_expired_self_signed_certificate_is_rejected (test_android_upload_signature.AndroidUploadSignatureTest.test_expired_self_signed_certificate_is_rejected) ... ok
2026-09-07T16:40:40.0466313Z 
2026-09-07T16:40:40.0524341Z > Task :shared:content:lintVitalAnalyzeRelease
2026-09-07T16:40:40.0581785Z > Task :shared:networking:mergeReleaseGeneratedProguardFiles
2026-09-07T16:40:40.0613994Z > Task :shared:networking:exportReleaseConsumerProguardFiles
2026-09-07T16:40:40.0674142Z > Task :shared:design-system:mergeReleaseGeneratedProguardFiles
2026-09-07T16:40:40.0729746Z > Task :shared:design-system:exportReleaseConsumerProguardFiles
2026-09-07T16:40:40.0767791Z > Task :shared:design-system:bundleLibRuntimeToJarRelease
2026-09-07T16:40:40.1455472Z > Task :shared:networking:bundleLibRuntimeToJarRelease
2026-09-07T16:40:40.1464098Z > Task :shared:design-system:processReleaseJavaRes
2026-09-07T16:40:40.2444044Z > Task :shared:networking:processReleaseJavaRes
2026-09-07T16:40:40.2465465Z > Task :shared:design-system:createFullJarRelease
2026-09-07T16:40:43.1464252Z > Task :shared:design-system:generateReleaseLintModel
2026-09-07T16:40:43.1524728Z > Task :shared:networking:createFullJarRelease
2026-09-07T16:40:43.1607537Z > Task :shared:networking:generateReleaseLintModel
2026-09-07T16:40:44.3479448Z test_extended_usage_must_allow_code_signing (test_android_upload_signature.AndroidUploadSignatureTest.test_extended_usage_must_allow_code_signing) ... ok
2026-09-07T16:40:44.3480563Z 
2026-09-07T16:40:44.3481249Z > Task :productionReleaseAutomationCheck
2026-09-07T16:40:44.3545118Z test_failed_java_preparation_cannot_be_masked_by_later_verification (test_android_upload_signature.AndroidUploadSignatureTest.test_failed_java_preparation_cannot_be_masked_by_later_verification) ... ok
2026-09-07T16:40:44.8446228Z 
2026-09-07T16:40:44.8494190Z > Task :shared:networking:extractReleaseAnnotations
2026-09-07T16:40:44.8523814Z > Task :shared:networking:mergeReleaseConsumerProguardFiles
2026-09-07T16:40:44.8553642Z > Task :shared:networking:mergeReleaseJavaResource
2026-09-07T16:40:45.0454125Z > Task :shared:networking:syncReleaseLibJars
2026-09-07T16:40:45.1455015Z > Task :shared:networking:bundleReleaseLocalLintAar
2026-09-07T16:40:47.0483273Z > Task :shared:design-system:extractReleaseAnnotations
2026-09-07T16:40:47.0484156Z > Task :shared:design-system:mergeReleaseConsumerProguardFiles
2026-09-07T16:40:47.0554172Z > Task :shared:design-system:mergeReleaseJavaResource
2026-09-07T16:40:47.1494514Z > Task :shared:design-system:syncReleaseLibJars
2026-09-07T16:40:47.2444087Z > Task :shared:design-system:bundleReleaseLocalLintAar
2026-09-07T16:40:48.6443521Z > Task :shared:core:lintVitalAnalyzeRelease
2026-09-07T16:40:50.7504491Z > Task :shared:session:compileReleaseKotlinAndroid
2026-09-07T16:40:50.7544283Z > Task :shared:session:compileReleaseJavaWithJavac NO-SOURCE
2026-09-07T16:40:50.7587966Z > Task :shared:session:bundleLibCompileToJarRelease
2026-09-07T16:40:50.8484815Z test_not_yet_valid_self_signed_certificate_is_rejected (test_android_upload_signature.AndroidUploadSignatureTest.test_not_yet_valid_self_signed_certificate_is_rejected) ... ok
2026-09-07T16:40:50.8485983Z 
2026-09-07T16:40:50.8543846Z > Task :productionReleaseAutomationCheck
2026-09-07T16:40:54.8455587Z test_registered_self_signed_upload_certificate_passes_strict_verification (test_android_upload_signature.AndroidUploadSignatureTest.test_registered_self_signed_upload_certificate_passes_strict_verification) ... ok
2026-09-07T16:40:57.2461846Z test_signedjar_specific_certificate_policy_cannot_be_bypassed_by_trusting_leaf (test_android_upload_signature.AndroidUploadSignatureTest.test_signedjar_specific_certificate_policy_cannot_be_bypassed_by_trusting_leaf) ... ok
2026-09-07T16:40:58.9463600Z 
2026-09-07T16:40:58.9523723Z > Task :shared:transport-p2p:compileReleaseKotlinAndroid
2026-09-07T16:40:59.3453926Z test_stale_trust_store_is_not_overwritten_or_used_after_preparation_failure (test_android_upload_signature.AndroidUploadSignatureTest.test_stale_trust_store_is_not_overwritten_or_used_after_preparation_failure) ... ok
2026-09-07T16:40:59.3455532Z 
2026-09-07T16:40:59.3465504Z > Task :productionReleaseAutomationCheck
2026-09-07T16:40:59.4484396Z 
2026-09-07T16:40:59.4541463Z > Task :shared:design-system:lintVitalAnalyzeRelease
2026-09-07T16:40:59.4572140Z > Task :shared:session:mergeReleaseGeneratedProguardFiles
2026-09-07T16:40:59.4604154Z > Task :shared:session:exportReleaseConsumerProguardFiles
2026-09-07T16:40:59.4668387Z > Task :shared:transport-p2p:compileReleaseJavaWithJavac NO-SOURCE
2026-09-07T16:40:59.4694061Z > Task :shared:transport-p2p:mergeReleaseGeneratedProguardFiles
2026-09-07T16:40:59.4772549Z > Task :shared:transport-p2p:exportReleaseConsumerProguardFiles
2026-09-07T16:40:59.5484196Z > Task :shared:transport-p2p:bundleLibCompileToJarRelease
2026-09-07T16:40:59.5496798Z > Task :shared:session:bundleLibRuntimeToJarRelease
2026-09-07T16:40:59.6444188Z > Task :shared:transport-p2p:bundleLibRuntimeToJarRelease
2026-09-07T16:40:59.6534063Z > Task :shared:session:processReleaseJavaRes
2026-09-07T16:40:59.6594753Z > Task :shared:transport-p2p:processReleaseJavaRes
2026-09-07T16:40:59.7443675Z > Task :shared:session:createFullJarRelease
2026-09-07T16:40:59.7484391Z > Task :shared:session:generateReleaseLintModel
2026-09-07T16:40:59.7485410Z > Task :shared:transport-p2p:createFullJarRelease
2026-09-07T16:41:01.0443827Z > Task :shared:transport-p2p:generateReleaseLintModel
2026-09-07T16:41:01.1454302Z > Task :shared:session:extractReleaseAnnotations
2026-09-07T16:41:01.1467744Z > Task :shared:session:mergeReleaseConsumerProguardFiles
2026-09-07T16:41:01.2455810Z > Task :shared:session:mergeReleaseJavaResource
2026-09-07T16:41:01.3454951Z > Task :shared:session:syncReleaseLibJars
2026-09-07T16:41:01.4443942Z > Task :shared:session:bundleReleaseLocalLintAar
2026-09-07T16:41:01.5487779Z test_tampered_signed_payload_is_rejected (test_android_upload_signature.AndroidUploadSignatureTest.test_tampered_signed_payload_is_rejected) ... ok
2026-09-07T16:41:01.5488810Z 
2026-09-07T16:41:01.5594018Z > Task :productionReleaseAutomationCheck
2026-09-07T16:41:01.8486570Z 
2026-09-07T16:41:01.8503339Z > Task :shared:transport-p2p:extractReleaseAnnotations
2026-09-07T16:41:01.8540724Z > Task :shared:transport-p2p:mergeReleaseConsumerProguardFiles
2026-09-07T16:41:01.9484429Z > Task :shared:transport-p2p:mergeReleaseJavaResource
2026-09-07T16:41:02.2474528Z > Task :shared:transport-p2p:syncReleaseLibJars
2026-09-07T16:41:02.2504352Z > Task :shared:transport-p2p:bundleReleaseLocalLintAar
2026-09-07T16:41:04.9443358Z > Task :shared:engine:lintVitalAnalyzeRelease
2026-09-07T16:41:06.4464265Z > Task :shared:networking:lintVitalAnalyzeRelease
2026-09-07T16:41:07.3458959Z test_unknown_critical_certificate_extension_is_rejected (test_android_upload_signature.AndroidUploadSignatureTest.test_unknown_critical_certificate_extension_is_rejected) ... ok
2026-09-07T16:41:07.3460261Z 
2026-09-07T16:41:07.3483785Z > Task :productionReleaseAutomationCheck
2026-09-07T16:41:08.2445249Z 
2026-09-07T16:41:08.2464231Z > Task :shared:session:lintVitalAnalyzeRelease
2026-09-07T16:41:09.1443891Z > Task :shared:storage:lintVitalAnalyzeRelease
2026-09-07T16:41:13.4495307Z test_unsigned_extra_payload_including_meta_inf_is_rejected (test_android_upload_signature.AndroidUploadSignatureTest.test_unsigned_extra_payload_including_meta_inf_is_rejected) ... ok
2026-09-07T16:41:13.4496464Z 
2026-09-07T16:41:13.4544133Z > Task :productionReleaseAutomationCheck
2026-09-07T16:41:14.1465079Z 
2026-09-07T16:41:14.1484508Z > Task :shared:transport-p2p:lintVitalAnalyzeRelease
2026-09-07T16:41:14.2446158Z > Task :shared:content:generateReleaseLintVitalModel
2026-09-07T16:41:14.2491322Z > Task :shared:core:generateReleaseLintVitalModel
2026-09-07T16:41:14.2496526Z > Task :shared:design-system:generateReleaseLintVitalModel
2026-09-07T16:41:14.3464213Z > Task :shared:engine:generateReleaseLintVitalModel
2026-09-07T16:41:14.3465526Z > Task :shared:networking:generateReleaseLintVitalModel
2026-09-07T16:41:14.3493949Z > Task :shared:session:generateReleaseLintVitalModel
2026-09-07T16:41:14.3524176Z > Task :shared:storage:generateReleaseLintVitalModel
2026-09-07T16:41:14.4464804Z > Task :shared:transport-p2p:generateReleaseLintVitalModel
2026-09-07T16:41:16.7455520Z > Task :shared:engine-testing:compileReleaseKotlinAndroid
2026-09-07T16:41:16.7484091Z > Task :shared:engine-testing:extractReleaseAnnotations
2026-09-07T16:41:16.7574250Z > Task :shared:engine-testing:compileReleaseJavaWithJavac NO-SOURCE
2026-09-07T16:41:16.7603940Z > Task :shared:engine-testing:mergeReleaseGeneratedProguardFiles
2026-09-07T16:41:16.8464871Z > Task :shared:engine-testing:mergeReleaseConsumerProguardFiles
2026-09-07T16:41:16.8493845Z > Task :shared:engine-testing:processReleaseJavaRes
2026-09-07T16:41:16.8503974Z > Task :shared:engine-testing:mergeReleaseJavaResource
2026-09-07T16:41:16.8523884Z > Task :shared:engine-testing:syncReleaseLibJars
2026-09-07T16:41:16.8553806Z > Task :shared:engine-testing:bundleReleaseLocalLintAar
2026-09-07T16:41:16.9454572Z > Task :shared:engine-testing:bundleLibRuntimeToJarRelease
2026-09-07T16:41:16.9532066Z > Task :shared:engine-testing:createFullJarRelease
2026-09-07T16:41:20.7443649Z > Task :game-modes:whodunit:compileReleaseKotlinAndroid
2026-09-07T16:41:23.5449106Z > Task :shared:core:lintAnalyzeRelease
2026-09-07T16:41:24.6464270Z > Task :shared:engine:lintAnalyzeRelease
2026-09-07T16:41:25.6445014Z test_untrusted_ca_path_does_not_become_a_new_trust_anchor (test_android_upload_signature.AndroidUploadSignatureTest.test_untrusted_ca_path_does_not_become_a_new_trust_anchor) ... ok
2026-09-07T16:41:25.6446200Z 
2026-09-07T16:41:25.6446589Z > Task :productionReleaseAutomationCheck
2026-09-07T16:41:25.9473670Z 
2026-09-07T16:41:25.9524041Z > Task :shared:content:lintAnalyzeRelease
2026-09-07T16:41:28.9509521Z > Task :game-modes:mafia:compileReleaseKotlinAndroid
2026-09-07T16:41:36.5454074Z > Task :shared:design-system:lintAnalyzeRelease
2026-09-07T16:41:36.5472530Z test_upload_trust_cannot_be_reused_as_timestamp_authority_trust (test_android_upload_signature.AndroidUploadSignatureTest.test_upload_trust_cannot_be_reused_as_timestamp_authority_trust) ... ok
2026-09-07T16:41:36.5474007Z 
2026-09-07T16:41:36.5493212Z test_wrong_approved_fingerprint_is_rejected (test_android_upload_signature.AndroidUploadSignatureTest.test_wrong_approved_fingerprint_is_rejected) ... ok
2026-09-07T16:41:36.5494417Z > Task :productionReleaseAutomationCheck
2026-09-07T16:41:36.5517032Z test_timeout_stops_term_resistant_redirected_descendant (test_android_upload_signature.OwnedSignatureProcessTest.test_timeout_stops_term_resistant_redirected_descendant) ... ok
2026-09-07T16:41:36.5545188Z test_absent_failed_stale_or_unexecuted_native_cleanup_retains_output_evidence (test_apple_ci_hygiene.AppleCycleAndOutputGateTest.test_absent_failed_stale_or_unexecuted_native_cleanup_retains_output_evidence) ... ok
2026-09-07T16:41:36.5547888Z test_cancelled_build_finalizes_gradle_workers_device_workers_in_order (test_apple_ci_hygiene.AppleCycleAndOutputGateTest.test_cancelled_build_finalizes_gradle_workers_device_workers_in_order) ... ok
2026-09-07T16:41:36.5596511Z test_complete_source_bound_native_receipts_allow_output_cleanup_after_upload (test_apple_ci_hygiene.AppleCycleAndOutputGateTest.test_complete_source_bound_native_receipts_allow_output_cleanup_after_upload) ... ok
2026-09-07T16:41:36.5634841Z test_failed_prepare_cannot_adopt_old_same_task_claim_and_skipped_is_not_pass (test_apple_ci_hygiene.AppleCycleAndOutputGateTest.test_failed_prepare_cannot_adopt_old_same_task_claim_and_skipped_is_not_pass) ... ok
2026-09-07T16:41:36.5637347Z test_unquiesced_workers_prevent_device_deletion (test_apple_ci_hygiene.AppleCycleAndOutputGateTest.test_unquiesced_workers_prevent_device_deletion) ... ok
2026-09-07T16:41:36.5639855Z test_each_apple_cycle_has_preparation_always_finalizer_and_output_gate (test_apple_ci_hygiene.AppleWorkflowOwnershipTest.test_each_apple_cycle_has_preparation_always_finalizer_and_output_gate) ... ok
2026-09-07T16:41:36.5643290Z test_argument_capacity_rejects_invalid_or_excessive_payload_limits (test_apple_ci_hygiene.NativeParsingAndSignalTest.test_argument_capacity_rejects_invalid_or_excessive_payload_limits) ... ok
2026-09-07T16:41:36.5645743Z test_argument_capacity_reserves_argc_beyond_the_payload_limit (test_apple_ci_hygiene.NativeParsingAndSignalTest.test_argument_capacity_reserves_argc_beyond_the_payload_limit) ... ok
2026-09-07T16:41:36.5648085Z test_duplicate_truncated_invalid_and_oversized_records_are_rejected (test_apple_ci_hygiene.NativeParsingAndSignalTest.test_duplicate_truncated_invalid_and_oversized_records_are_rejected) ... ok
2026-09-07T16:41:36.5650669Z test_empty_argument_does_not_shift_environment (test_apple_ci_hygiene.NativeParsingAndSignalTest.test_empty_argument_does_not_shift_environment) ... ok
2026-09-07T16:41:36.5653064Z test_full_argmax_record_is_accepted_but_an_extra_payload_byte_is_not (test_apple_ci_hygiene.NativeParsingAndSignalTest.test_full_argmax_record_is_accepted_but_an_extra_payload_byte_is_not) ... ok
2026-09-07T16:41:36.5655394Z test_native_signal_rechecks_identity_before_kernel_call (test_apple_ci_hygiene.NativeParsingAndSignalTest.test_native_signal_rechecks_identity_before_kernel_call) ... ok
2026-09-07T16:41:36.5657527Z test_null_task_port_retries_boundedly_but_denial_does_not (test_apple_ci_hygiene.NativeParsingAndSignalTest.test_null_task_port_retries_boundedly_but_denial_does_not) ... ok
2026-09-07T16:41:36.5659777Z test_only_exact_environment_entry_not_argv_or_suffix_is_a_marker (test_apple_ci_hygiene.NativeParsingAndSignalTest.test_only_exact_environment_entry_not_argv_or_suffix_is_a_marker) ... ok
2026-09-07T16:41:36.5662142Z test_successful_native_signal_passes_exact_audit_token_not_pid (test_apple_ci_hygiene.NativeParsingAndSignalTest.test_successful_native_signal_passes_exact_audit_token_not_pid) ... ok
2026-09-07T16:41:36.5664640Z test_tracking_read_uses_the_bounded_argc_prefixed_capacity (test_apple_ci_hygiene.NativeParsingAndSignalTest.test_tracking_read_uses_the_bounded_argc_prefixed_capacity) ... ok
2026-09-07T16:41:36.5666920Z test_delete_survivor_fails_and_unexpected_clone_is_not_name_claimed (test_apple_ci_hygiene.SimulatorOwnershipTest.test_delete_survivor_fails_and_unexpected_clone_is_not_name_claimed) ... ok
2026-09-07T16:41:36.5669335Z test_duplicate_name_or_changed_device_identity_is_never_deleted (test_apple_ci_hygiene.SimulatorOwnershipTest.test_duplicate_name_or_changed_device_identity_is_never_deleted) ... ok
2026-09-07T16:41:36.5671704Z test_existing_name_prevents_creation_and_existing_uuid_is_never_claimed (test_apple_ci_hygiene.SimulatorOwnershipTest.test_existing_name_prevents_creation_and_existing_uuid_is_never_claimed) ... ok
2026-09-07T16:41:36.5714725Z test_failed_create_without_device_is_not_fabricated_cleanup_success (test_apple_ci_hygiene.SimulatorOwnershipTest.test_failed_create_without_device_is_not_fabricated_cleanup_success) ... ok
2026-09-07T16:41:36.5717069Z test_fresh_device_reuses_only_type_runtime_not_profile_and_cleans_exact_uuid (test_apple_ci_hygiene.SimulatorOwnershipTest.test_fresh_device_reuses_only_type_runtime_not_profile_and_cleans_exact_uuid) ... ok
2026-09-07T16:41:36.5719203Z test_historical_journal_cannot_be_reused_for_creation_or_other_task (test_apple_ci_hygiene.SimulatorOwnershipTest.test_historical_journal_cannot_be_reused_for_creation_or_other_task) ... ok
2026-09-07T16:41:36.5721311Z test_interrupted_create_after_commit_is_recovered_from_unique_intent (test_apple_ci_hygiene.SimulatorOwnershipTest.test_interrupted_create_after_commit_is_recovered_from_unique_intent) ... ok
2026-09-07T16:41:36.5723467Z test_no_intent_is_not_created_but_orphan_receipt_fails (test_apple_ci_hygiene.SimulatorOwnershipTest.test_no_intent_is_not_created_but_orphan_receipt_fails) ... ok
2026-09-07T16:41:36.5725471Z test_shutdown_failure_retains_device_and_does_not_delete_active_profile (test_apple_ci_hygiene.SimulatorOwnershipTest.test_shutdown_failure_retains_device_and_does_not_delete_active_profile) ... ok
2026-09-07T16:41:36.5727852Z test_baseline_scan_race_does_not_claim_process_predating_cycle (test_apple_ci_hygiene.WorkerOwnershipTest.test_baseline_scan_race_does_not_claim_process_predating_cycle) ... ok
2026-09-07T16:41:36.5729719Z test_changed_runner_marker_cannot_authorize_cleanup (test_apple_ci_hygiene.WorkerOwnershipTest.test_changed_runner_marker_cannot_authorize_cleanup) ... ok
2026-09-07T16:41:36.5731517Z test_denied_identity_api_fails_without_numeric_pid_fallback (test_apple_ci_hygiene.WorkerOwnershipTest.test_denied_identity_api_fails_without_numeric_pid_fallback) ... ok
2026-09-07T16:41:36.5733969Z test_different_marker_is_excluded_without_substring_matching (test_apple_ci_hygiene.WorkerOwnershipTest.test_different_marker_is_excluded_without_substring_matching) ... ok
2026-09-07T16:41:36.5735918Z test_exact_owned_worker_receives_token_bound_term_and_is_observed_absent (test_apple_ci_hygiene.WorkerOwnershipTest.test_exact_owned_worker_receives_token_bound_term_and_is_observed_absent) ... ok
2026-09-07T16:41:36.5737683Z test_flood_ceiling_fails_before_signaling (test_apple_ci_hygiene.WorkerOwnershipTest.test_flood_ceiling_fails_before_signaling) ... ok
2026-09-07T16:41:36.5739302Z test_generation_or_executable_change_revokes_admitted_grant (test_apple_ci_hygiene.WorkerOwnershipTest.test_generation_or_executable_change_revokes_admitted_grant) ... ok
2026-09-07T16:41:36.5741193Z test_matching_worker_can_require_kill_and_survivor_is_failure (test_apple_ci_hygiene.WorkerOwnershipTest.test_matching_worker_can_require_kill_and_survivor_is_failure) ... ok
2026-09-07T16:41:36.5773711Z test_missing_marker_is_explicit_failure_not_ownership (test_apple_ci_hygiene.WorkerOwnershipTest.test_missing_marker_is_explicit_failure_not_ownership) ... ok
2026-09-07T16:41:36.5775957Z test_pid_reuse_before_first_signal_does_not_inherit_tracking_proof (test_apple_ci_hygiene.WorkerOwnershipTest.test_pid_reuse_before_first_signal_does_not_inherit_tracking_proof) ... ok
2026-09-07T16:41:36.5778301Z test_preexisting_lifetime_never_receives_signal_even_with_matching_marker (test_apple_ci_hygiene.WorkerOwnershipTest.test_preexisting_lifetime_never_receives_signal_even_with_matching_marker) ... ok
2026-09-07T16:41:36.5780543Z test_unknown_matching_xcode_executable_fails_without_signal (test_apple_ci_hygiene.WorkerOwnershipTest.test_unknown_matching_xcode_executable_fails_without_signal) ... ok
2026-09-07T16:41:36.5782998Z test_real_clean_checkout_removes_exact_outputs_after_wrapper_stop (test_ci_verification_hygiene.VerificationHygieneGitIntegrationTest.test_real_clean_checkout_removes_exact_outputs_after_wrapper_stop) ... ok
2026-09-07T16:41:36.5785562Z test_real_modified_build_input_preserves_all_generated_evidence (test_ci_verification_hygiene.VerificationHygieneGitIntegrationTest.test_real_modified_build_input_preserves_all_generated_evidence) ... ok
2026-09-07T16:41:36.5787816Z test_both_hosts_use_the_repository_wrapper_for_stop (test_ci_verification_hygiene.VerificationHygieneTest.test_both_hosts_use_the_repository_wrapper_for_stop) ... ok
2026-09-07T16:41:36.5789802Z test_changed_source_or_task_cannot_authorize_cleanup (test_ci_verification_hygiene.VerificationHygieneTest.test_changed_source_or_task_cannot_authorize_cleanup) ... ok
2026-09-07T16:41:36.5792029Z test_cleanup_removes_only_claimed_outputs_and_keeps_evidence_and_source (test_ci_verification_hygiene.VerificationHygieneTest.test_cleanup_removes_only_claimed_outputs_and_keeps_evidence_and_source) ... ok
2026-09-07T16:41:36.5794475Z test_cli_rejects_local_worktrees_before_cleaning (test_ci_verification_hygiene.VerificationHygieneTest.test_cli_rejects_local_worktrees_before_cleaning) ... ok
2026-09-07T16:41:36.5796722Z test_dirty_worktree_with_unchanged_head_tree_and_paths_cannot_authorize_cleanup (test_ci_verification_hygiene.VerificationHygieneTest.test_dirty_worktree_with_unchanged_head_tree_and_paths_cannot_authorize_cleanup) ... ok
2026-09-07T16:41:36.5799584Z test_failed_prepare_cannot_reuse_a_historical_same_task_claim (test_ci_verification_hygiene.VerificationHygieneTest.test_failed_prepare_cannot_reuse_a_historical_same_task_claim) ... ok
2026-09-07T16:41:36.5801851Z test_failed_stop_preserves_generated_output_and_reports_failure (test_ci_verification_hygiene.VerificationHygieneTest.test_failed_stop_preserves_generated_output_and_reports_failure) ... ok
2026-09-07T16:41:36.5806520Z test_historical_other_task_claim_does_not_authorize_current_cleanup (test_ci_verification_hygiene.VerificationHygieneTest.test_historical_other_task_claim_does_not_authorize_current_cleanup) ... ok
2026-09-07T16:41:36.5808689Z test_missing_claim_fails_without_deleting_outputs (test_ci_verification_hygiene.VerificationHygieneTest.test_missing_claim_fails_without_deleting_outputs) ... ok
2026-09-07T16:41:36.5811008Z test_nested_output_symlink_does_not_delete_external_target (test_ci_verification_hygiene.VerificationHygieneTest.test_nested_output_symlink_does_not_delete_external_target) ... ok
2026-09-07T16:41:36.5813275Z test_new_claim_never_overwrites_a_historical_receipt (test_ci_verification_hygiene.VerificationHygieneTest.test_new_claim_never_overwrites_a_historical_receipt) ... ok
2026-09-07T16:41:36.5815734Z test_non_object_ownership_record_fails_with_a_cleanup_receipt (test_ci_verification_hygiene.VerificationHygieneTest.test_non_object_ownership_record_fails_with_a_cleanup_receipt) ... ok
2026-09-07T16:41:36.5817778Z test_preexisting_outputs_are_never_claimed (test_ci_verification_hygiene.VerificationHygieneTest.test_preexisting_outputs_are_never_claimed) ... ok
2026-09-07T16:41:36.5819892Z test_roots_include_build_logic_and_only_known_generated_directories (test_ci_verification_hygiene.VerificationHygieneTest.test_roots_include_build_logic_and_only_known_generated_directories) ... ok
2026-09-07T16:41:36.5822006Z test_success_without_actual_artifact_outputs_cannot_authorize_deletion (test_ci_verification_hygiene.VerificationHygieneTest.test_success_without_actual_artifact_outputs_cannot_authorize_deletion) ... ok
2026-09-07T16:41:36.5824258Z test_symlink_sibling_rejects_cleanup_before_any_deletion (test_ci_verification_hygiene.VerificationHygieneTest.test_symlink_sibling_rejects_cleanup_before_any_deletion) ... ok
2026-09-07T16:41:36.5825872Z test_tampered_source_path_claim_is_rejected (test_ci_verification_hygiene.VerificationHygieneTest.test_tampered_source_path_claim_is_rejected) ... ok
2026-09-07T16:41:36.5827781Z test_unsuccessful_upload_preserves_evidence_and_still_stops_gradle (test_ci_verification_hygiene.VerificationHygieneTest.test_unsuccessful_upload_preserves_evidence_and_still_stops_gradle) ... ok
2026-09-07T16:41:36.5829768Z test_every_job_retains_xml_before_always_run_cleanup (test_ci_verification_hygiene.VerificationWorkflowHygieneTest.test_every_job_retains_xml_before_always_run_cleanup) ... ok
2026-09-07T16:41:36.5831748Z test_kotlin_compiler_work_is_owned_by_the_gradle_lane (test_ci_verification_hygiene.VerificationWorkflowHygieneTest.test_kotlin_compiler_work_is_owned_by_the_gradle_lane) ... ok
2026-09-07T16:41:36.5834230Z test_constraints_are_not_misrepresented_as_runtime_dependency_edges (test_dependency_inventory.DependencyInventoryTest.test_constraints_are_not_misrepresented_as_runtime_dependency_edges) ... ok
2026-09-07T16:41:36.5836397Z test_coordinates_cannot_escape_metadata_repository (test_dependency_inventory.DependencyInventoryTest.test_coordinates_cannot_escape_metadata_repository) ... ok
2026-09-07T16:41:36.5838240Z test_cycle_and_excessive_inheritance_fail_closed (test_dependency_inventory.DependencyInventoryTest.test_cycle_and_excessive_inheritance_fail_closed) ... ok
2026-09-07T16:41:36.5840074Z test_direct_pom_license_identity_and_parent_are_explicit (test_dependency_inventory.DependencyInventoryTest.test_direct_pom_license_identity_and_parent_are_explicit) ... ok
2026-09-07T16:41:36.5842201Z test_evidence_write_errors_are_not_misclassified_as_missing_network_metadata (test_dependency_inventory.DependencyInventoryTest.test_evidence_write_errors_are_not_misclassified_as_missing_network_metadata) ... ok
2026-09-07T16:41:36.5875273Z test_gradle_exporter_never_adds_repositories_or_weakens_verification (test_dependency_inventory.DependencyInventoryTest.test_gradle_exporter_never_adds_repositories_or_weakens_verification) ... ok
2026-09-07T16:41:36.5877406Z test_graph_receipt_binds_success_source_and_exact_consumed_bytes (test_dependency_inventory.DependencyInventoryTest.test_graph_receipt_binds_success_source_and_exact_consumed_bytes) ... ok
2026-09-07T16:41:36.5879533Z test_graph_rejects_unverified_duplicate_dangling_and_forged_inputs (test_dependency_inventory.DependencyInventoryTest.test_graph_rejects_unverified_duplicate_dangling_and_forged_inputs) ... ok
2026-09-07T16:41:36.5881924Z test_missing_license_is_reported_as_unresolved_never_a_default (test_dependency_inventory.DependencyInventoryTest.test_missing_license_is_reported_as_unresolved_never_a_default) ... ok
2026-09-07T16:41:36.5884387Z test_network_read_failures_remain_unresolved_without_losing_the_inventory (test_dependency_inventory.DependencyInventoryTest.test_network_read_failures_remain_unresolved_without_losing_the_inventory) ... ok
2026-09-07T16:41:36.5886451Z test_parent_license_is_fetched_bound_and_attributed (test_dependency_inventory.DependencyInventoryTest.test_parent_license_is_fetched_bound_and_attributed) ... ok
2026-09-07T16:41:36.5888458Z test_pom_inherited_group_and_version_do_not_erase_identity (test_dependency_inventory.DependencyInventoryTest.test_pom_inherited_group_and_version_do_not_erase_identity) ... ok
2026-09-07T16:41:36.5890563Z test_redirect_handler_refuses_before_following_another_origin (test_dependency_inventory.DependencyInventoryTest.test_redirect_handler_refuses_before_following_another_origin) ... ok
2026-09-07T16:41:36.5913196Z test_resolved_graph_and_cyclonedx_keep_edges_bytes_and_declared_status (test_dependency_inventory.DependencyInventoryTest.test_resolved_graph_and_cyclonedx_keep_edges_bytes_and_declared_status) ... ok
2026-09-07T16:41:36.5915698Z test_unsafe_or_unresolved_pom_metadata_is_not_accepted (test_dependency_inventory.DependencyInventoryTest.test_unsafe_or_unresolved_pom_metadata_is_not_accepted) ... ok
2026-09-07T16:41:36.5917905Z test_already_present_candidate_is_validated_and_edit_is_deleted (test_google_promotion_edit.GooglePromotionEditTest.test_already_present_candidate_is_validated_and_edit_is_deleted) ... ok
2026-09-07T16:41:36.5919914Z test_commit_failure_is_not_blindly_retried (test_google_promotion_edit.GooglePromotionEditTest.test_commit_failure_is_not_blindly_retried) ... ok
2026-09-07T16:41:36.5921917Z test_external_change_after_reads_invalidates_mutation_without_retry (test_google_promotion_edit.GooglePromotionEditTest.test_external_change_after_reads_invalidates_mutation_without_retry) ... ok
2026-09-07T16:41:36.5924179Z test_missing_configured_destination_is_rejected (test_google_promotion_edit.GooglePromotionEditTest.test_missing_configured_destination_is_rejected) ... ok
2026-09-07T16:41:36.5926172Z test_read_validation_and_commit_use_the_same_edit_snapshot (test_google_promotion_edit.GooglePromotionEditTest.test_read_validation_and_commit_use_the_same_edit_snapshot) ... ok
2026-09-07T16:41:36.5928348Z test_staged_destination_in_mutation_snapshot_is_not_completed (test_google_promotion_edit.GooglePromotionEditTest.test_staged_destination_in_mutation_snapshot_is_not_completed) ... ok
2026-09-07T16:41:36.5930658Z test_unavailable_or_unfinished_source_in_mutation_snapshot_is_rejected (test_google_promotion_edit.GooglePromotionEditTest.test_unavailable_or_unfinished_source_in_mutation_snapshot_is_rejected) ... ok
2026-09-07T16:41:36.5933080Z test_validation_failure_deletes_uncommitted_edit_without_retry (test_google_promotion_edit.GooglePromotionEditTest.test_validation_failure_deletes_uncommitted_edit_without_retry) ... ok
2026-09-07T16:41:36.5935265Z test_wrong_bundle_digest_in_mutation_snapshot_is_rejected (test_google_promotion_edit.GooglePromotionEditTest.test_wrong_bundle_digest_in_mutation_snapshot_is_rejected) ... ok
2026-09-07T16:41:36.5937790Z test_head_tree_and_dirty_and_untracked_build_input_hashes_are_actual (test_ios_release_artifacts.GitSourceIdentityTest.test_head_tree_and_dirty_and_untracked_build_input_hashes_are_actual) ... ok
2026-09-07T16:41:36.5939971Z test_protected_and_unrelated_untracked_files_are_not_read (test_ios_release_artifacts.GitSourceIdentityTest.test_protected_and_unrelated_untracked_files_are_not_read) ... ok
2026-09-07T16:41:36.5942090Z test_subdirectory_cannot_masquerade_as_full_source_checkout (test_ios_release_artifacts.GitSourceIdentityTest.test_subdirectory_cannot_masquerade_as_full_source_checkout) ... ok
2026-09-07T16:41:36.5974546Z test_untracked_symlinked_build_input_is_rejected (test_ios_release_artifacts.GitSourceIdentityTest.test_untracked_symlinked_build_input_is_rejected) ... ok
2026-09-07T16:41:36.5976662Z test_cli_rejects_oversized_success_report (test_ios_release_artifacts.NativeCommandAndCliTest.test_cli_rejects_oversized_success_report) ... ok
2026-09-07T16:41:36.5978453Z test_cli_returns_nonzero_json_on_verification_failure (test_ios_release_artifacts.NativeCommandAndCliTest.test_cli_returns_nonzero_json_on_verification_failure) ... ok
2026-09-07T16:41:36.5980466Z test_command_output_exit_and_timeout_guards_close_owned_spool (test_ios_release_artifacts.NativeCommandAndCliTest.test_command_output_exit_and_timeout_guards_close_owned_spool) ... ok
2026-09-07T16:41:36.5982504Z test_native_probe_uses_only_fixed_readonly_commands (test_ios_release_artifacts.NativeCommandAndCliTest.test_native_probe_uses_only_fixed_readonly_commands) ... ok
2026-09-07T16:41:36.5984653Z test_nonmac_native_probe_cannot_claim_execution (test_ios_release_artifacts.NativeCommandAndCliTest.test_nonmac_native_probe_cannot_claim_execution) ... ok
2026-09-07T16:41:36.5986394Z test_changed_source_identity_cannot_pass (test_ios_release_artifacts.ReleaseArtifactTest.test_changed_source_identity_cannot_pass) ... ok
2026-09-07T16:41:36.5988368Z test_cli_executes_real_package_checks_with_injected_native_metadata (test_ios_release_artifacts.ReleaseArtifactTest.test_cli_executes_real_package_checks_with_injected_native_metadata) ... ok
2026-09-07T16:41:36.5990359Z test_duplicate_version_assignments_fail (test_ios_release_artifacts.ReleaseArtifactTest.test_duplicate_version_assignments_fail) ... ok
2026-09-07T16:41:36.5992255Z test_every_file_and_extra_debug_dylib_is_inventoried_with_uuid (test_ios_release_artifacts.ReleaseArtifactTest.test_every_file_and_extra_debug_dylib_is_inventoried_with_uuid) ... ok
2026-09-07T16:41:36.5994565Z test_exact_case_and_font_bytes_are_checked_in_shipping_namespaces (test_ios_release_artifacts.ReleaseArtifactTest.test_exact_case_and_font_bytes_are_checked_in_shipping_namespaces) ... ok
2026-09-07T16:41:36.5996411Z test_file_total_and_plist_bounds_fail_without_large_fixture (test_ios_release_artifacts.ReleaseArtifactTest.test_file_total_and_plist_bounds_fail_without_large_fixture) ... ok
2026-09-07T16:41:36.5998330Z test_framework_deployment_floor_may_be_lower_than_app_floor (test_ios_release_artifacts.ReleaseArtifactTest.test_framework_deployment_floor_may_be_lower_than_app_floor) ... ok
2026-09-07T16:41:36.6000639Z test_full_verifier_binds_source_and_does_not_invalidate_for_excluded_review_evidence (test_ios_release_artifacts.ReleaseArtifactTest.test_full_verifier_binds_source_and_does_not_invalidate_for_excluded_review_evidence) ... ok
2026-09-07T16:41:36.6465269Z test_known_identity_collision_cannot_be_promoted_by_package_inspector (test_ios_release_artifacts.ReleaseArtifactTest.test_known_identity_collision_cannot_be_promoted_by_package_inspector) ... ok
2026-09-07T16:41:36.6467690Z test_missing_source_categories_or_unknown_font_namespace_fail (test_ios_release_artifacts.ReleaseArtifactTest.test_missing_source_categories_or_unknown_font_namespace_fail) ... ok
2026-09-07T16:41:36.6492416Z test_non_macho_extra_native_file_is_not_hidden_as_resource (test_ios_release_artifacts.ReleaseArtifactTest.test_non_macho_extra_native_file_is_not_hidden_as_resource) ... ok
2026-09-07T16:41:36.6534602Z test_package_mutation_during_native_inspection_is_rejected (test_ios_release_artifacts.ReleaseArtifactTest.test_package_mutation_during_native_inspection_is_rejected) ... ok
2026-09-07T16:41:36.6537717Z test_privacy_structural_match_accepts_binary_plist_but_not_changed_declaration (test_ios_release_artifacts.ReleaseArtifactTest.test_privacy_structural_match_accepts_binary_plist_but_not_changed_declaration) ... ok
2026-09-07T16:41:36.7465163Z test_private_material_is_rejected_before_reading_file_bytes (test_ios_release_artifacts.ReleaseArtifactTest.test_private_material_is_rejected_before_reading_file_bytes) ... ok
2026-09-07T16:41:36.7478808Z test_release_identity_version_platform_deployment_and_language_are_checked (test_ios_release_artifacts.ReleaseArtifactTest.test_release_identity_version_platform_deployment_and_language_are_checked) ... ok
2026-09-07T16:41:36.7504945Z test_required_native_must_exist_and_have_macho_header (test_ios_release_artifacts.ReleaseArtifactTest.test_required_native_must_exist_and_have_macho_header) ... ok
2026-09-07T16:41:36.7534366Z test_symlinked_package_or_resource_is_rejected (test_ios_release_artifacts.ReleaseArtifactTest.test_symlinked_package_or_resource_is_rejected) ... ok
2026-09-07T16:41:36.7536198Z test_unreviewed_extension_and_nonregular_entry_fail (test_ios_release_artifacts.ReleaseArtifactTest.test_unreviewed_extension_and_nonregular_entry_fail) ... ok
2026-09-07T16:41:36.7561265Z test_uuid_is_single_arm64_and_bound_to_actual_path (test_ios_release_artifacts.ReleaseArtifactTest.test_uuid_is_single_arm64_and_bound_to_actual_path) ... ok
2026-09-07T16:41:36.7563614Z test_wrong_native_architecture_platform_floor_and_output_shape_fail (test_ios_release_artifacts.ReleaseArtifactTest.test_wrong_native_architecture_platform_floor_and_output_shape_fail) ... ok
2026-09-07T16:41:36.8505462Z test_canonical_framework_is_an_idempotent_success (test_normalize_embedded_apple_framework.EmbeddedAppleFrameworkNormalizationTest.test_canonical_framework_is_an_idempotent_success) ... ok
2026-09-07T16:41:36.8514723Z test_case_only_framework_rename_matches_macho_identity (test_normalize_embedded_apple_framework.EmbeddedAppleFrameworkNormalizationTest.test_case_only_framework_rename_matches_macho_identity) ... ok
2026-09-07T16:41:36.8545121Z test_framework_without_canonical_executable_fails_closed (test_normalize_embedded_apple_framework.EmbeddedAppleFrameworkNormalizationTest.test_framework_without_canonical_executable_fails_closed) ... ok
2026-09-07T16:41:36.9465819Z test_notice_bytes_survive_crlf_checkout_conversion (test_notice_git_bytes.NoticeGitBytesTest.test_notice_bytes_survive_crlf_checkout_conversion) ... warning: in the working copy of '.gitattributes', LF will be replaced by CRLF the next time Git touches it
2026-09-07T16:41:36.9533835Z ok
2026-09-07T16:41:37.0444911Z test_only_verbatim_upstream_line_endings_and_final_blanks_are_exempt (test_notice_git_bytes.NoticeGitBytesTest.test_only_verbatim_upstream_line_endings_and_final_blanks_are_exempt) ... ok
2026-09-07T16:41:37.0504895Z test_protected_branches_require_every_current_verification_job (test_release_documentation.ReleaseDocumentationTest.test_protected_branches_require_every_current_verification_job) ... ok
2026-09-07T16:41:37.0535007Z test_artifact_digest_tampering_is_rejected (test_release_tool.CandidateManifestTest.test_artifact_digest_tampering_is_rejected) ... ok
2026-09-07T16:41:37.0578412Z test_artifact_size_bound_is_enforced (test_release_tool.CandidateManifestTest.test_artifact_size_bound_is_enforced) ... ok
2026-09-07T16:41:37.0645224Z test_binary_checkpoint_recovers_exact_bytes (test_release_tool.CandidateManifestTest.test_binary_checkpoint_recovers_exact_bytes) ... ok
2026-09-07T16:41:37.0675288Z test_candidate_claim_binds_build_source_and_workflow (test_release_tool.CandidateManifestTest.test_candidate_claim_binds_build_source_and_workflow) ... ok
2026-09-07T16:41:37.0715834Z test_control_artifact_path_traversal_is_rejected (test_release_tool.CandidateManifestTest.test_control_artifact_path_traversal_is_rejected) ... ok
2026-09-07T16:41:37.0764038Z test_debug_identity_is_rejected (test_release_tool.CandidateManifestTest.test_debug_identity_is_rejected) ... ok
2026-09-07T16:41:37.0792403Z test_expired_orphan_binary_still_refuses_rebuild (test_release_tool.CandidateManifestTest.test_expired_orphan_binary_still_refuses_rebuild) ... ok
2026-09-07T16:41:37.0804824Z test_failed_atomic_evidence_write_removes_temporary_file (test_release_tool.CandidateManifestTest.test_failed_atomic_evidence_write_removes_temporary_file) ... ok
2026-09-07T16:41:37.0844663Z test_foreign_protected_candidate_claim_reserves_build_number (test_release_tool.CandidateManifestTest.test_foreign_protected_candidate_claim_reserves_build_number) ... ok
2026-09-07T16:41:37.0854835Z test_github_artifact_inventory_is_bounded_and_paginated (test_release_tool.CandidateManifestTest.test_github_artifact_inventory_is_bounded_and_paginated) ... ok
2026-09-07T16:41:37.0884246Z test_github_prefixed_sha256_digest_is_normalized (test_release_tool.CandidateManifestTest.test_github_prefixed_sha256_digest_is_normalized) ... ok
2026-09-07T16:41:37.0904690Z test_orphan_binary_checkpoint_refuses_rebuild (test_release_tool.CandidateManifestTest.test_orphan_binary_checkpoint_refuses_rebuild) ... ok
2026-09-07T16:41:37.0920496Z test_platform_state_rejects_another_candidate (test_release_tool.CandidateManifestTest.test_platform_state_rejects_another_candidate) ... ok
2026-09-07T16:41:37.0922270Z test_same_run_claim_allows_a_safe_rerun (test_release_tool.CandidateManifestTest.test_same_run_claim_allows_a_safe_rerun) ... ok
2026-09-07T16:41:37.0924349Z test_store_mutation_intent_is_bound_to_exact_candidate_bytes (test_release_tool.CandidateManifestTest.test_store_mutation_intent_is_bound_to_exact_candidate_bytes) ... ok
2026-09-07T16:41:37.0926458Z test_store_mutation_intent_rejects_another_candidate (test_release_tool.CandidateManifestTest.test_store_mutation_intent_rejects_another_candidate) ... ok
2026-09-07T16:41:37.0928519Z test_store_receipt_cannot_smuggle_private_fields_into_manifest (test_release_tool.CandidateManifestTest.test_store_receipt_cannot_smuggle_private_fields_into_manifest) ... ok
2026-09-07T16:41:37.0930798Z test_untrusted_artifact_cannot_reserve_candidate_build_number (test_release_tool.CandidateManifestTest.test_untrusted_artifact_cannot_reserve_candidate_build_number) ... ok
2026-09-07T16:41:37.1514743Z test_valid_manifest_round_trip (test_release_tool.CandidateManifestTest.test_valid_manifest_round_trip) ... ok
2026-09-07T16:41:37.1564625Z test_version_mismatch_is_rejected (test_release_tool.CandidateManifestTest.test_version_mismatch_is_rejected) ... ok
2026-09-07T16:41:37.1566542Z test_wrong_signature_fingerprint_is_rejected (test_release_tool.CandidateManifestTest.test_wrong_signature_fingerprint_is_rejected) ... ok
2026-09-07T16:41:37.1614997Z test_https_cross_host_redirect_strips_github_authorization (test_release_tool.GitHubRedirectPolicyTest.test_https_cross_host_redirect_strips_github_authorization) ... ok
2026-09-07T16:41:37.1664840Z test_insecure_or_credentialed_redirect_is_rejected (test_release_tool.GitHubRedirectPolicyTest.test_insecure_or_credentialed_redirect_is_rejected) ... ok
2026-09-07T16:41:37.2467961Z test_divergent_tree_is_rejected (test_release_tool.GitTreeVerificationTest.test_divergent_tree_is_rejected) ... ok
2026-09-07T16:41:37.3484789Z test_exact_candidate_commit_is_accepted (test_release_tool.GitTreeVerificationTest.test_exact_candidate_commit_is_accepted) ... ok
2026-09-07T16:41:37.3514703Z test_shared_history_equal_tree_rebase_or_merge_is_accepted (test_release_tool.GitTreeVerificationTest.test_shared_history_equal_tree_rebase_or_merge_is_accepted) ... ok
2026-09-07T16:41:37.4454842Z test_unrelated_same_tree_is_rejected (test_release_tool.GitTreeVerificationTest.test_unrelated_same_tree_is_rejected) ... Switched to a new branch 'unrelated'
2026-09-07T16:41:37.4456184Z ok
2026-09-07T16:41:37.4524751Z test_api_verified_identity_approval_is_accepted (test_release_tool.StoreIdentityApprovalTest.test_api_verified_identity_approval_is_accepted) ... ok
2026-09-07T16:41:37.4584785Z test_known_collision_cannot_be_approved_by_changing_only_the_flag (test_release_tool.StoreIdentityApprovalTest.test_known_collision_cannot_be_approved_by_changing_only_the_flag) ... ok
2026-09-07T16:41:37.4604923Z test_public_store_collision_blocks_every_candidate_platform (test_release_tool.StoreIdentityApprovalTest.test_public_store_collision_blocks_every_candidate_platform) ... ok
2026-09-07T16:41:37.4654956Z test_verified_identity_still_requires_platform_valid_format (test_release_tool.StoreIdentityApprovalTest.test_verified_identity_still_requires_platform_valid_format) ... ok
2026-09-07T16:41:37.4684517Z test_verified_status_without_evidence_fails_closed (test_release_tool.StoreIdentityApprovalTest.test_verified_status_without_evidence_fails_closed) ... ok
2026-09-07T16:41:37.5445255Z test_candidate_claim_accepts_only_the_protected_candidate_workflow (test_release_tool.WorkflowRunRecordTest.test_candidate_claim_accepts_only_the_protected_candidate_workflow) ... ok
2026-09-07T16:41:37.5501253Z test_successful_protected_external_run_is_bound_to_its_own_source_sha (test_release_tool.WorkflowRunRecordTest.test_successful_protected_external_run_is_bound_to_its_own_source_sha) ... ok
2026-09-07T16:41:37.5564621Z test_untrusted_repository_or_branch_is_rejected (test_release_tool.WorkflowRunRecordTest.test_untrusted_repository_or_branch_is_rejected) ... ok
2026-09-07T16:41:37.5604398Z test_wrong_workflow_attempt_is_rejected (test_release_tool.WorkflowRunRecordTest.test_wrong_workflow_attempt_is_rejected) ... ok
2026-09-07T16:41:37.5683879Z test_finding_overrides_require_full_commit_shas (test_review_inventory.ReviewInventoryTest.test_finding_overrides_require_full_commit_shas) ... ok
2026-09-07T16:41:37.5704361Z test_mechanical_rows_never_attest_independent_review (test_review_inventory.ReviewInventoryTest.test_mechanical_rows_never_attest_independent_review) ... ok
2026-09-07T16:41:37.7444776Z test_rendering_ignores_a_synthetic_pull_request_merge (test_review_inventory.ReviewInventoryTest.test_rendering_ignores_a_synthetic_pull_request_merge) ... ok
2026-09-07T16:41:37.7484670Z test_rendering_is_repeatable_and_independent_of_untracked_files (test_review_inventory.ReviewInventoryTest.test_rendering_is_repeatable_and_independent_of_untracked_files) ... ok
2026-09-07T16:41:37.8470288Z test_apple_pagination_is_bounded_to_official_host (test_store_api.AppleStoreReadbackTest.test_apple_pagination_is_bounded_to_official_host) ... ok
2026-09-07T16:41:37.8509572Z test_apple_pagination_rejects_foreign_redirect_target (test_store_api.AppleStoreReadbackTest.test_apple_pagination_rejects_foreign_redirect_target) ... ok
2026-09-07T16:41:37.8584899Z test_beta_group_app_binding_uses_the_relationship_endpoint (test_store_api.AppleStoreReadbackTest.test_beta_group_app_binding_uses_the_relationship_endpoint) ... ok
2026-09-07T16:41:37.8665169Z test_beta_group_for_another_app_is_rejected_before_association (test_store_api.AppleStoreReadbackTest.test_beta_group_for_another_app_is_rejected_before_association) ... ok
2026-09-07T16:41:37.8696868Z test_beta_review_state_is_not_accepted_as_a_production_review_state (test_store_api.AppleStoreReadbackTest.test_beta_review_state_is_not_accepted_as_a_production_review_state) ... ok
2026-09-07T16:41:37.8724375Z test_build_group_readback_uses_supported_beta_group_filter (test_store_api.AppleStoreReadbackTest.test_build_group_readback_uses_supported_beta_group_filter) ... ok
2026-09-07T16:41:37.8813138Z test_candidate_rejects_a_different_app_store_connect_app_id (test_store_api.AppleStoreReadbackTest.test_candidate_rejects_a_different_app_store_connect_app_id) ... ok
2026-09-07T16:41:37.8815812Z test_existing_submitted_production_review_is_resumed_without_mutation (test_store_api.AppleStoreReadbackTest.test_existing_submitted_production_review_is_resumed_without_mutation) ... ok
2026-09-07T16:41:37.8884660Z test_external_receipt_uses_beta_review_readback (test_store_api.AppleStoreReadbackTest.test_external_receipt_uses_beta_review_readback) ... ok
2026-09-07T16:41:37.8914395Z test_production_rejects_lost_external_group_membership (test_store_api.AppleStoreReadbackTest.test_production_rejects_lost_external_group_membership) ... ok
2026-09-07T16:41:37.8974449Z test_review_submission_requires_api_readback (test_store_api.AppleStoreReadbackTest.test_review_submission_requires_api_readback) ... ok
2026-09-07T16:41:37.9004457Z test_review_submission_rerun_reuses_one_empty_draft (test_store_api.AppleStoreReadbackTest.test_review_submission_rerun_reuses_one_empty_draft) ... ok
2026-09-07T16:41:37.9006496Z test_store_candidate_requires_current_app_store_eligible_build_metadata (test_store_api.AppleStoreReadbackTest.test_store_candidate_requires_current_app_store_eligible_build_metadata) ... ok
2026-09-07T16:41:37.9008769Z test_unrelated_active_review_submission_fails_closed (test_store_api.AppleStoreReadbackTest.test_unrelated_active_review_submission_fails_closed) ... ok
2026-09-07T16:41:37.9010411Z test_transport_receipt_for_other_ipa_is_rejected (test_store_api.AppleUploadTransportTest.test_transport_receipt_for_other_ipa_is_rejected) ... ok
2026-09-07T16:41:37.9012013Z test_transport_receipt_is_bound_to_exact_ipa (test_store_api.AppleUploadTransportTest.test_transport_receipt_is_bound_to_exact_ipa) ... ok
2026-09-07T16:41:37.9013885Z test_der_signature_converts_to_fixed_width_jwt_signature (test_store_api.EcdsaSignatureTest.test_der_signature_converts_to_fixed_width_jwt_signature) ... ok
2026-09-07T16:41:37.9015488Z test_malformed_der_signature_is_rejected (test_store_api.EcdsaSignatureTest.test_malformed_der_signature_is_rejected) ... ok
2026-09-07T16:41:37.9017200Z test_external_evidence_rejects_manifest_or_attempt_tampering (test_store_api.ExternalEvidenceTest.test_external_evidence_rejects_manifest_or_attempt_tampering) ... ok
2026-09-07T16:41:37.9019115Z test_receipt_with_unexpected_sensitive_field_is_rejected (test_store_api.ExternalEvidenceTest.test_receipt_with_unexpected_sensitive_field_is_rejected) ... ok
2026-09-07T16:41:37.9021094Z test_successful_run_can_aggregate_valid_receipts_from_prior_attempts (test_store_api.ExternalEvidenceTest.test_successful_run_can_aggregate_valid_receipts_from_prior_attempts) ... ok
2026-09-07T16:41:37.9023299Z test_existing_exact_bundle_on_wrong_track_is_rejected (test_store_api.GoogleInternalRecoveryTest.test_existing_exact_bundle_on_wrong_track_is_rejected) ... ok
2026-09-07T16:41:37.9025300Z test_existing_version_with_different_store_bytes_is_rejected (test_store_api.GoogleInternalRecoveryTest.test_existing_version_with_different_store_bytes_is_rejected) ... ok
2026-09-07T16:41:37.9028280Z test_new_candidate_cannot_adopt_an_existing_byte_identical_store_bundle (test_store_api.GoogleInternalRecoveryTest.test_new_candidate_cannot_adopt_an_existing_byte_identical_store_bundle) ... ok
2026-09-07T16:41:37.9030399Z test_new_upload_rejects_google_digest_mismatch_before_commit (test_store_api.GoogleInternalRecoveryTest.test_new_upload_rejects_google_digest_mismatch_before_commit) ... ok
2026-09-07T16:41:37.9032414Z test_recovered_upload_intent_can_resume_by_exact_store_digest (test_store_api.GoogleInternalRecoveryTest.test_recovered_upload_intent_can_resume_by_exact_store_digest) ... ok
2026-09-07T16:41:37.9034575Z test_recovered_upload_intent_never_sends_a_second_bundle (test_store_api.GoogleInternalRecoveryTest.test_recovered_upload_intent_never_sends_a_second_bundle) ... ok
2026-09-07T16:41:37.9092742Z test_active_or_ambiguous_destination_cannot_be_replaced (test_store_api.GoogleTrackTest.test_active_or_ambiguous_destination_cannot_be_replaced) ... ok
2026-09-07T16:41:37.9104249Z test_ambiguous_duplicate_track_release_is_rejected (test_store_api.GoogleTrackTest.test_ambiguous_duplicate_track_release_is_rejected) ... ok
2026-09-07T16:41:37.9129057Z test_duplicate_named_tracks_are_rejected (test_store_api.GoogleTrackTest.test_duplicate_named_tracks_are_rejected) ... ok
2026-09-07T16:41:37.9131065Z test_duplicate_version_in_bundle_inventory_is_rejected (test_store_api.GoogleTrackTest.test_duplicate_version_in_bundle_inventory_is_rejected) ... ok
2026-09-07T16:41:37.9164338Z test_duplicate_version_is_detected_across_tracks (test_store_api.GoogleTrackTest.test_duplicate_version_is_detected_across_tracks) ... ok
2026-09-07T16:41:37.9193405Z test_empty_or_single_completed_destination_can_be_replaced (test_store_api.GoogleTrackTest.test_empty_or_single_completed_destination_can_be_replaced) ... ok
2026-09-07T16:41:37.9224509Z test_existing_google_promotion_with_exact_store_bytes_is_idempotent (test_store_api.GoogleTrackTest.test_existing_google_promotion_with_exact_store_bytes_is_idempotent) ... ok
2026-09-07T16:41:37.9515220Z test_google_promotion_checks_store_bytes_before_mutation (test_store_api.GoogleTrackTest.test_google_promotion_checks_store_bytes_before_mutation) ... ok
2026-09-07T16:41:37.9517891Z test_only_completed_play_release_is_promotable (test_store_api.GoogleTrackTest.test_only_completed_play_release_is_promotable) ... ok
2026-09-07T16:41:37.9543978Z test_other_version_is_allowed (test_store_api.GoogleTrackTest.test_other_version_is_allowed) ... ok
2026-09-07T16:41:37.9574230Z test_prebuild_uniqueness_allows_unused_store_version (test_store_api.GoogleTrackTest.test_prebuild_uniqueness_allows_unused_store_version) ... ok
2026-09-07T16:41:37.9584026Z test_prebuild_uniqueness_rejects_existing_store_version (test_store_api.GoogleTrackTest.test_prebuild_uniqueness_rejects_existing_store_version) ... ok
2026-09-07T16:41:37.9604273Z test_promotion_requires_exact_candidate_bundle_digest (test_store_api.GoogleTrackTest.test_promotion_requires_exact_candidate_bundle_digest) ... ok
2026-09-07T16:41:37.9634021Z test_mutation_is_never_blindly_retried (test_store_api.HttpRetryContractTest.test_mutation_is_never_blindly_retried) ... ok
2026-09-07T16:41:37.9664085Z test_safe_read_uses_bounded_retry (test_store_api.HttpRetryContractTest.test_safe_read_uses_bounded_retry) ... ok
2026-09-07T16:41:37.9665724Z test_apple_unapproved_external_build_is_rejected (test_store_api.PromotionReceiptTest.test_apple_unapproved_external_build_is_rejected) ... ok
2026-09-07T16:41:37.9712572Z test_google_external_track_commit_is_accepted (test_store_api.PromotionReceiptTest.test_google_external_track_commit_is_accepted) ... ok
2026-09-07T16:41:37.9714484Z test_receipt_for_other_artifact_is_rejected (test_store_api.PromotionReceiptTest.test_receipt_for_other_artifact_is_rejected) ... ok
2026-09-07T16:41:37.9744343Z test_apple_internal_validation_mode_avoids_store_client (test_store_api.ValidationOnlyTest.test_apple_internal_validation_mode_avoids_store_client) ... ok
2026-09-07T16:41:37.9774147Z test_apple_unique_validation_mode_avoids_store_client (test_store_api.ValidationOnlyTest.test_apple_unique_validation_mode_avoids_store_client) ... ok
2026-09-07T16:41:37.9804179Z test_every_promotion_validation_mode_avoids_store_clients (test_store_api.ValidationOnlyTest.test_every_promotion_validation_mode_avoids_store_clients) ... ok
2026-09-07T16:41:37.9806553Z test_execute_mode_cannot_bypass_blocked_store_identity_ownership (test_store_api.ValidationOnlyTest.test_execute_mode_cannot_bypass_blocked_store_identity_ownership) ... ok
2026-09-07T16:41:37.9834234Z test_google_internal_validation_only_never_constructs_store_client (test_store_api.ValidationOnlyTest.test_google_internal_validation_only_never_constructs_store_client) ... ok
2026-09-07T16:41:37.9864243Z test_google_unique_validation_mode_avoids_store_client (test_store_api.ValidationOnlyTest.test_google_unique_validation_mode_avoids_store_client) ... ok
2026-09-07T16:41:38.1475223Z test_aab_duplicate_case_alias_traversal_and_file_parent_collisions_fail (test_third_party_notices.ThirdPartyNoticesTest.test_aab_duplicate_case_alias_traversal_and_file_parent_collisions_fail) ... ok
2026-09-07T16:41:38.1476594Z 
2026-09-07T16:41:38.1523980Z > Task :shared:networking:lintAnalyzeRelease
2026-09-07T16:41:39.6464328Z > Task :shared:session:lintAnalyzeRelease
2026-09-07T16:41:40.1455209Z test_aab_missing_extra_wrong_namespace_and_wrong_root_fail (test_third_party_notices.ThirdPartyNoticesTest.test_aab_missing_extra_wrong_namespace_and_wrong_root_fail) ... ok
2026-09-07T16:41:40.1456796Z 
2026-09-07T16:41:40.1475140Z test_actual_source_set_is_26_complete_hash_bound_resources_not_a_package_pass (test_third_party_notices.ThirdPartyNoticesTest.test_actual_source_set_is_26_complete_hash_bound_resources_not_a_package_pass) ... ok
2026-09-07T16:41:40.1476775Z > Task :productionReleaseAutomationCheck
2026-09-07T16:41:40.1514883Z test_app_missing_extra_wrong_namespace_symlink_and_fifo_fail (test_third_party_notices.ThirdPartyNoticesTest.test_app_missing_extra_wrong_namespace_symlink_and_fifo_fail) ... ok
2026-09-07T16:41:40.1533705Z validation-only: no App Store Connect request was made
2026-09-07T16:41:40.1556529Z test_app_root_symlink_wrong_prefix_and_depth_or_entry_ceiling_fail (test_third_party_notices.ThirdPartyNoticesTest.test_app_root_symlink_wrong_prefix_and_depth_or_entry_ceiling_fail) ... ok
2026-09-07T16:41:40.1558319Z validation-only: no Google Play request was made
2026-09-07T16:41:40.1569550Z test_catalog_bytes_pins_and_namespace_declaration_are_bound (test_third_party_notices.ThirdPartyNoticesTest.test_catalog_bytes_pins_and_namespace_declaration_are_bound) ... ok
2026-09-07T16:41:40.1618109Z test_cli_json_success_failure_and_unexecuted_package_are_unambiguous (test_third_party_notices.ThirdPartyNoticesTest.test_cli_json_success_failure_and_unexecuted_package_are_unambiguous) ... ok
2026-09-07T16:41:40.1619438Z release workflow contract: PASS
2026-09-07T16:41:40.1644452Z test_compressed_notice_bomb_and_manifest_directory_bounds_fail (test_third_party_notices.ThirdPartyNoticesTest.test_compressed_notice_bomb_and_manifest_directory_bounds_fail) ... ok
2026-09-07T16:41:40.1648935Z test_crc_corruption_and_truncated_aab_fail (test_third_party_notices.ThirdPartyNoticesTest.test_crc_corruption_and_truncated_aab_fail) ... ok
2026-09-07T16:41:40.1650899Z test_deflate_compression_level_flags_are_not_mistaken_for_encryption (test_third_party_notices.ThirdPartyNoticesTest.test_deflate_compression_level_flags_are_not_mistaken_for_encryption) ... ok
2026-09-07T16:41:40.1653444Z test_duplicate_catalog_version_declarations_are_not_silently_last_wins (test_third_party_notices.ThirdPartyNoticesTest.test_duplicate_catalog_version_declarations_are_not_silently_last_wins) ... ok
2026-09-07T16:41:40.1655816Z test_forged_short_uncompressed_length_cannot_hide_extra_decompressed_bytes (test_third_party_notices.ThirdPartyNoticesTest.test_forged_short_uncompressed_length_cannot_hide_extra_decompressed_bytes) ... ok
2026-09-07T16:41:40.1658358Z test_index_required_sentences_and_complete_file_list_cannot_be_removed_by_rehashing (test_third_party_notices.ThirdPartyNoticesTest.test_index_required_sentences_and_complete_file_list_cannot_be_removed_by_rehashing) ... ok
2026-09-07T16:41:40.1660434Z test_input_replacement_during_read_fails (test_third_party_notices.ThirdPartyNoticesTest.test_input_replacement_during_read_fails) ... ok
2026-09-07T16:41:40.1662582Z test_manifest_rejects_closed_schema_identity_count_and_duplicate_mutations (test_third_party_notices.ThirdPartyNoticesTest.test_manifest_rejects_closed_schema_identity_count_and_duplicate_mutations) ... ok
2026-09-07T16:41:40.1665137Z test_manifest_rejects_malformed_duplicate_keys_and_nonfinite_json (test_third_party_notices.ThirdPartyNoticesTest.test_manifest_rejects_malformed_duplicate_keys_and_nonfinite_json) ... ok
2026-09-07T16:41:40.1667076Z test_missing_and_extra_source_files_fail (test_third_party_notices.ThirdPartyNoticesTest.test_missing_and_extra_source_files_fail) ... ok
2026-09-07T16:41:40.1668852Z test_nonregular_source_and_manifest_do_not_block_on_fifo_open (test_third_party_notices.ThirdPartyNoticesTest.test_nonregular_source_and_manifest_do_not_block_on_fifo_open) ... ok
2026-09-07T16:41:40.1671110Z test_only_catalog_line_endings_are_canonicalized_and_raw_identity_remains_visible (test_third_party_notices.ThirdPartyNoticesTest.test_only_catalog_line_endings_are_canonicalized_and_raw_identity_remains_visible) ... ok
2026-09-07T16:41:40.1673682Z test_package_tamper_fails_even_if_a_digest_function_is_made_to_collide (test_third_party_notices.ThirdPartyNoticesTest.test_package_tamper_fails_even_if_a_digest_function_is_made_to_collide) ... ok
2026-09-07T16:41:40.1676351Z test_provenance_rejects_private_urls_unsafe_members_and_forged_hashes (test_third_party_notices.ThirdPartyNoticesTest.test_provenance_rejects_private_urls_unsafe_members_and_forged_hashes) ... ok
2026-09-07T16:41:40.1678237Z test_real_zip_data_descriptors_are_accepted (test_third_party_notices.ThirdPartyNoticesTest.test_real_zip_data_descriptors_are_accepted) ... ok
2026-09-07T16:41:40.1693451Z test_source_input_size_and_aggregate_limits_are_enforced (test_third_party_notices.ThirdPartyNoticesTest.test_source_input_size_and_aggregate_limits_are_enforced) ... ok
2026-09-07T16:41:40.1695840Z test_source_lines_provenance_requires_real_ordered_integer_range (test_third_party_notices.ThirdPartyNoticesTest.test_source_lines_provenance_requires_real_ordered_integer_range) ... ok
2026-09-07T16:41:40.1697805Z test_source_tampering_and_line_ending_normalization_fail (test_third_party_notices.ThirdPartyNoticesTest.test_source_tampering_and_line_ending_normalization_fail) ... ok
2026-09-07T16:41:40.1699845Z test_symlink_source_root_ancestor_and_file_fail_without_following (test_third_party_notices.ThirdPartyNoticesTest.test_symlink_source_root_ancestor_and_file_fail_without_following) ... ok
2026-09-07T16:41:40.1702103Z test_valid_app_checks_complete_namespace_and_does_not_read_non_notice_contents (test_third_party_notices.ThirdPartyNoticesTest.test_valid_app_checks_complete_namespace_and_does_not_read_non_notice_contents) ... ok
2026-09-07T16:41:40.1704583Z test_valid_stored_and_deflated_aab_matches_every_exact_resource (test_third_party_notices.ThirdPartyNoticesTest.test_valid_stored_and_deflated_aab_matches_every_exact_resource) ... ok
2026-09-07T16:41:40.1706642Z test_verbatim_crlf_and_notice_provenance_are_preserved (test_third_party_notices.ThirdPartyNoticesTest.test_verbatim_crlf_and_notice_provenance_are_preserved) ... ok
2026-09-07T16:41:40.1708394Z test_zip_encryption_and_nul_filename_fail (test_third_party_notices.ThirdPartyNoticesTest.test_zip_encryption_and_nul_filename_fail) ... ok
2026-09-07T16:41:40.1710222Z test_zip_eocd_count_lie_is_rejected_before_zipinfo_allocation (test_third_party_notices.ThirdPartyNoticesTest.test_zip_eocd_count_lie_is_rejected_before_zipinfo_allocation) ... ok
2026-09-07T16:41:40.1712062Z test_zip_symlink_and_zip64_extra_fail (test_third_party_notices.ThirdPartyNoticesTest.test_zip_symlink_and_zip64_extra_fail) ... ok
2026-09-07T16:41:40.1739933Z test_all_release_temporary_directories_use_signal_safe_cleanup (test_workflow_contract.WorkflowContractTest.test_all_release_temporary_directories_use_signal_safe_cleanup) ... ok
2026-09-07T16:41:40.1742088Z test_android_and_ios_release_packages_must_verify_notice_bytes (test_workflow_contract.WorkflowContractTest.test_android_and_ios_release_packages_must_verify_notice_bytes) ... ok
2026-09-07T16:41:40.1744379Z test_apple_signing_and_upload_scripts_require_identity_approval (test_workflow_contract.WorkflowContractTest.test_apple_signing_and_upload_scripts_require_identity_approval) ... ok
2026-09-07T16:41:40.1746325Z test_candidate_build_number_claim_cannot_be_removed (test_workflow_contract.WorkflowContractTest.test_candidate_build_number_claim_cannot_be_removed) ... ok
2026-09-07T16:41:40.1748134Z test_candidate_bundletool_download_must_be_bounded (test_workflow_contract.WorkflowContractTest.test_candidate_bundletool_download_must_be_bounded) ... ok
2026-09-07T16:41:40.1750121Z test_candidate_claim_requires_a_secretless_protected_environment (test_workflow_contract.WorkflowContractTest.test_candidate_claim_requires_a_secretless_protected_environment) ... ok
2026-09-07T16:41:40.1752078Z test_candidate_claim_transaction_cannot_be_scoped_per_sha (test_workflow_contract.WorkflowContractTest.test_candidate_claim_transaction_cannot_be_scoped_per_sha) ... ok
2026-09-07T16:41:40.1754418Z test_candidate_dependency_and_validation_evidence_must_be_retained (test_workflow_contract.WorkflowContractTest.test_candidate_dependency_and_validation_evidence_must_be_retained) ... ok
2026-09-07T16:41:40.1756913Z test_candidate_dependency_report_must_use_release_runtime (test_workflow_contract.WorkflowContractTest.test_candidate_dependency_report_must_use_release_runtime) ... ok
2026-09-07T16:41:40.1758828Z test_candidate_preflight_requires_reviewed_managed_device_image (test_workflow_contract.WorkflowContractTest.test_candidate_preflight_requires_reviewed_managed_device_image) ... ok
2026-09-07T16:41:40.1760912Z test_complete_ios_inventory_requires_successful_build_and_cleanup (test_workflow_contract.WorkflowContractTest.test_complete_ios_inventory_requires_successful_build_and_cleanup) ... ok
2026-09-07T16:41:40.1787714Z test_every_store_workflow_job_is_repository_disabled (test_workflow_contract.WorkflowContractTest.test_every_store_workflow_job_is_repository_disabled) ... ok
2026-09-07T16:41:40.1790017Z test_external_partial_rerun_evidence_cannot_be_removed (test_workflow_contract.WorkflowContractTest.test_external_partial_rerun_evidence_cannot_be_removed) ... ok
2026-09-07T16:41:40.1792282Z test_ios_app_launch_cannot_delay_finalization_or_claim_ownership_after_launch (test_workflow_contract.WorkflowContractTest.test_ios_app_launch_cannot_delay_finalization_or_claim_ownership_after_launch) ... ok
2026-09-07T16:41:40.1795445Z test_ios_app_launch_requires_its_own_preparation_and_finalization (test_workflow_contract.WorkflowContractTest.test_ios_app_launch_requires_its_own_preparation_and_finalization) ... ok
2026-09-07T16:41:40.1797581Z test_ios_app_launch_requires_owned_simulator_and_nonparallel_execution (test_workflow_contract.WorkflowContractTest.test_ios_app_launch_requires_owned_simulator_and_nonparallel_execution) ... ok
2026-09-07T16:41:40.1799779Z test_ios_app_launch_ui_test_cannot_be_replaced_with_a_build (test_workflow_contract.WorkflowContractTest.test_ios_app_launch_ui_test_cannot_be_replaced_with_a_build) ... ok
2026-09-07T16:41:40.1811576Z test_ios_artifact_validator_enforces_pinned_store_toolchain (test_workflow_contract.WorkflowContractTest.test_ios_artifact_validator_enforces_pinned_store_toolchain) ... ok
2026-09-07T16:41:40.1844268Z test_ios_build_phases_do_not_inherit_source_signing_secrets (test_workflow_contract.WorkflowContractTest.test_ios_build_phases_do_not_inherit_source_signing_secrets) ... ok
2026-09-07T16:41:40.1846198Z test_ios_profile_refusal_cannot_delete_a_preexisting_profile (test_workflow_contract.WorkflowContractTest.test_ios_profile_refusal_cannot_delete_a_preexisting_profile) ... ok
2026-09-07T16:41:40.1847964Z test_ios_signing_cleanup_is_fail_closed (test_workflow_contract.WorkflowContractTest.test_ios_signing_cleanup_is_fail_closed) ... ok
2026-09-07T16:41:40.1849831Z test_ios_upload_uses_scoped_key_directory_and_removes_raw_response (test_workflow_contract.WorkflowContractTest.test_ios_upload_uses_scoped_key_directory_and_removes_raw_response) ... ok
2026-09-07T16:41:40.1851913Z test_managed_device_runner_cannot_use_production_signing_material (test_workflow_contract.WorkflowContractTest.test_managed_device_runner_cannot_use_production_signing_material) ... ok
2026-09-07T16:41:40.1853846Z test_missing_shared_store_lock_is_rejected (test_workflow_contract.WorkflowContractTest.test_missing_shared_store_lock_is_rejected) ... ok
2026-09-07T16:41:40.1855679Z test_mobile_release_kit_android_signing_fallbacks_remain_bounded (test_workflow_contract.WorkflowContractTest.test_mobile_release_kit_android_signing_fallbacks_remain_bounded) ... ok
2026-09-07T16:41:40.1857733Z test_mobile_release_kit_ios_signing_mapping_is_release_target_only (test_workflow_contract.WorkflowContractTest.test_mobile_release_kit_ios_signing_mapping_is_release_target_only) ... ok
2026-09-07T16:41:40.1859548Z test_mutable_action_reference_is_rejected (test_workflow_contract.WorkflowContractTest.test_mutable_action_reference_is_rejected) ... ok
2026-09-07T16:41:40.1861357Z test_new_store_workflow_job_cannot_omit_the_release_stop (test_workflow_contract.WorkflowContractTest.test_new_store_workflow_job_cannot_omit_the_release_stop) ... ok
2026-09-07T16:41:40.1863689Z test_production_build_command_is_rejected (test_workflow_contract.WorkflowContractTest.test_production_build_command_is_rejected) ... ok
2026-09-07T16:41:40.1865083Z test_production_push_trigger_is_rejected (test_workflow_contract.WorkflowContractTest.test_production_push_trigger_is_rejected) ... ok
2026-09-07T16:41:40.1866798Z test_production_without_external_receipt_attestation_is_rejected (test_workflow_contract.WorkflowContractTest.test_production_without_external_receipt_attestation_is_rejected) ... ok
2026-09-07T16:41:40.1868769Z test_production_without_its_own_receipt_attestations_is_rejected (test_workflow_contract.WorkflowContractTest.test_production_without_its_own_receipt_attestations_is_rejected) ... ok
2026-09-07T16:41:40.1870971Z test_promotion_without_candidate_attestation_is_rejected (test_workflow_contract.WorkflowContractTest.test_promotion_without_candidate_attestation_is_rejected) ... ok
2026-09-07T16:41:40.1906535Z test_release_policy_includes_the_candidate_control_environment (test_workflow_contract.WorkflowContractTest.test_release_policy_includes_the_candidate_control_environment) ... ok
2026-09-07T16:41:40.1908913Z test_release_system_enforces_review_inventory_freshness (test_workflow_contract.WorkflowContractTest.test_release_system_enforces_review_inventory_freshness) ... ok
2026-09-07T16:41:40.1910804Z test_release_tool_download_failure_cannot_false_pass (test_workflow_contract.WorkflowContractTest.test_release_tool_download_failure_cannot_false_pass) ... ok
2026-09-07T16:41:40.1912597Z test_repository_workflows_satisfy_release_contract (test_workflow_contract.WorkflowContractTest.test_repository_workflows_satisfy_release_contract) ... ok
2026-09-07T16:41:40.1914558Z test_review_inventory_gate_has_full_git_history (test_workflow_contract.WorkflowContractTest.test_review_inventory_gate_has_full_git_history) ... ok
2026-09-07T16:41:40.1916326Z test_store_workflow_without_identity_ownership_gate_is_rejected (test_workflow_contract.WorkflowContractTest.test_store_workflow_without_identity_ownership_gate_is_rejected) ... ok
2026-09-07T16:41:40.1918065Z test_unreviewed_workflow_file_is_rejected (test_workflow_contract.WorkflowContractTest.test_unreviewed_workflow_file_is_rejected) ... ok
2026-09-07T16:41:40.1920001Z test_unsigned_android_inventory_is_required_and_tool_cleanup_is_scoped (test_workflow_contract.WorkflowContractTest.test_unsigned_android_inventory_is_required_and_tool_cleanup_is_scoped) ... ok
2026-09-07T16:41:40.1922109Z test_validation_requires_release_managed_device_runtime_gate (test_workflow_contract.WorkflowContractTest.test_validation_requires_release_managed_device_runtime_gate) ... ok
2026-09-07T16:41:40.1924307Z test_xcode_identity_guard_matches_the_exact_build_setting (test_workflow_contract.WorkflowContractTest.test_xcode_identity_guard_matches_the_exact_build_setting) ... ok
2026-09-07T16:41:40.1926396Z test_failed_directory_change_cannot_build_from_previous_directory (test_xcode_framework_phase.XcodeFrameworkPhaseTest.test_failed_directory_change_cannot_build_from_previous_directory) ... ok
2026-09-07T16:41:40.1928573Z test_failed_gradle_with_stale_framework_fails_without_normalizing (test_xcode_framework_phase.XcodeFrameworkPhaseTest.test_failed_gradle_with_stale_framework_fails_without_normalizing) ... ok
2026-09-07T16:41:40.1930710Z test_intentional_ide_override_still_skips_gradle_and_normalization (test_xcode_framework_phase.XcodeFrameworkPhaseTest.test_intentional_ide_override_still_skips_gradle_and_normalization) ... ok
2026-09-07T16:41:40.1966619Z test_successful_embed_normalizes_case_only_framework_name (test_xcode_framework_phase.XcodeFrameworkPhaseTest.test_successful_embed_normalizes_case_only_framework_name) ... ok
2026-09-07T16:41:40.1969118Z test_successful_gradle_still_rejects_missing_framework (test_xcode_framework_phase.XcodeFrameworkPhaseTest.test_successful_gradle_still_rejects_missing_framework) ... ok
2026-09-07T16:41:40.1970261Z 
2026-09-07T16:41:40.1970528Z ----------------------------------------------------------------------
2026-09-07T16:41:40.1971477Z Ran 334 tests in 105.704s
2026-09-07T16:41:40.1971724Z 
2026-09-07T16:41:40.1971858Z OK
2026-09-07T16:41:40.1972195Z release workflow contract: PASS
2026-09-07T16:41:40.1973267Z Verified freshness of 792 inventory rows in docs/review/INDEPENDENT_REVIEW_INVENTORY.csv; source review not attested
2026-09-07T16:41:40.5494109Z /tmp/parlor-release-tools.7v4jaP/shellcheck.tar.gz: OK
2026-09-07T16:41:40.5494598Z 
2026-09-07T16:41:40.5513610Z > Task :shared:storage:lintAnalyzeRelease
2026-09-07T16:41:40.6465403Z > Task :game-modes:mafia:compileReleaseJavaWithJavac NO-SOURCE
2026-09-07T16:41:40.6488939Z > Task :game-modes:mafia:mergeReleaseGeneratedProguardFiles
2026-09-07T16:41:40.6554061Z > Task :game-modes:mafia:exportReleaseConsumerProguardFiles
2026-09-07T16:41:40.7454574Z > Task :game-modes:mafia:bundleLibCompileToJarRelease
2026-09-07T16:41:40.8452532Z > Task :game-modes:mafia:bundleLibRuntimeToJarRelease
2026-09-07T16:41:40.8453525Z > Task :game-modes:mafia:processReleaseJavaRes
2026-09-07T16:41:40.9461668Z > Task :game-modes:mafia:createFullJarRelease
2026-09-07T16:41:40.9484686Z > Task :game-modes:mafia:generateReleaseLintModel
2026-09-07T16:41:41.0474308Z > Task :game-modes:mafia:extractReleaseAnnotations
2026-09-07T16:41:41.0493899Z > Task :game-modes:mafia:mergeReleaseConsumerProguardFiles
2026-09-07T16:41:41.0494919Z > Task :game-modes:mafia:mergeReleaseJavaResource
2026-09-07T16:41:41.3470161Z > Task :game-modes:mafia:syncReleaseLibJars
2026-09-07T16:41:41.3518501Z > Task :game-modes:mafia:bundleReleaseLocalLintAar
2026-09-07T16:41:41.8453282Z > Task :game-modes:whodunit:compileReleaseJavaWithJavac NO-SOURCE
2026-09-07T16:41:41.8506027Z > Task :game-modes:whodunit:mergeReleaseGeneratedProguardFiles
2026-09-07T16:41:41.8528984Z > Task :game-modes:whodunit:exportReleaseConsumerProguardFiles
2026-09-07T16:41:41.9474190Z > Task :game-modes:whodunit:bundleLibCompileToJarRelease
2026-09-07T16:41:42.4474161Z > Task :game-modes:mafia:lintVitalAnalyzeRelease
2026-09-07T16:41:42.5444131Z /tmp/parlor-release-tools.7v4jaP/actionlint.tar.gz: OK
2026-09-07T16:41:42.5444867Z > Task :game-modes:whodunit:bundleLibRuntimeToJarRelease
2026-09-07T16:41:42.5473809Z 
2026-09-07T16:41:42.5514319Z > Task :productionReleaseAutomationCheck
2026-09-07T16:41:42.6490409Z 
2026-09-07T16:41:42.6518171Z > Task :game-modes:whodunit:processReleaseJavaRes
2026-09-07T16:41:42.6564681Z > Task :game-modes:whodunit:createFullJarRelease
2026-09-07T16:41:42.7450468Z > Task :game-modes:whodunit:generateReleaseLintModel
2026-09-07T16:41:43.0454402Z > Task :game-modes:whodunit:extractReleaseAnnotations
2026-09-07T16:41:43.0474249Z > Task :game-modes:whodunit:mergeReleaseConsumerProguardFiles
2026-09-07T16:41:43.5444095Z > Task :game-modes:whodunit:mergeReleaseJavaResource
2026-09-07T16:41:44.0443550Z > Task :game-modes:whodunit:syncReleaseLibJars
2026-09-07T16:41:44.0474052Z > Task :game-modes:whodunit:bundleReleaseLocalLintAar
2026-09-07T16:41:44.1444057Z > Task :game-modes:mafia:generateReleaseLintVitalModel
2026-09-07T16:41:44.1474263Z > Task :game-modes:whodunit:generateReleaseLintVitalModel
2026-09-07T16:41:45.0443471Z > Task :game-modes:whodunit:lintVitalAnalyzeRelease
2026-09-07T16:41:45.3474386Z > Task :shared:transport-p2p:lintAnalyzeRelease
2026-09-07T16:41:47.3470480Z > Task :shared:networking-testing:compileReleaseKotlinAndroid
2026-09-07T16:41:47.4454483Z > Task :shared:networking-testing:extractReleaseAnnotations
2026-09-07T16:41:47.4474428Z > Task :shared:networking-testing:compileReleaseJavaWithJavac NO-SOURCE
2026-09-07T16:41:47.4494252Z > Task :shared:networking-testing:mergeReleaseGeneratedProguardFiles
2026-09-07T16:41:47.4514357Z > Task :shared:networking-testing:mergeReleaseConsumerProguardFiles
2026-09-07T16:41:47.4544171Z > Task :shared:networking-testing:processReleaseJavaRes
2026-09-07T16:41:47.4574021Z > Task :shared:networking-testing:mergeReleaseJavaResource
2026-09-07T16:41:47.4583724Z > Task :shared:networking-testing:syncReleaseLibJars
2026-09-07T16:41:47.4604109Z > Task :shared:networking-testing:bundleReleaseLocalLintAar
2026-09-07T16:41:47.5455951Z > Task :shared:networking-testing:bundleLibRuntimeToJarRelease
2026-09-07T16:41:47.5484219Z > Task :shared:networking-testing:createFullJarRelease
2026-09-07T16:41:47.7444359Z > Task :game-modes:mafia:generateReleaseUnitTestLintModel
2026-09-07T16:41:48.2468481Z > Task :game-modes:mafia:lintAnalyzeRelease
2026-09-07T16:41:48.3474255Z > Task :game-modes:whodunit:generateReleaseUnitTestLintModel
2026-09-07T16:41:49.1454323Z > Task :game-modes:whodunit:lintAnalyzeRelease
2026-09-07T16:41:49.2444081Z > Task :shared:content:generateReleaseUnitTestLintModel
2026-09-07T16:41:49.2474042Z > Task :game-modes:mafia:lintAnalyzeReleaseUnitTest
2026-09-07T16:41:49.3485087Z > Task :shared:core:generateReleaseUnitTestLintModel
2026-09-07T16:41:49.4450379Z > Task :shared:content:lintAnalyzeReleaseUnitTest
2026-09-07T16:41:49.4473227Z > Task :shared:core:lintAnalyzeReleaseUnitTest
2026-09-07T16:41:49.4511635Z > Task :shared:design-system:generateReleaseUnitTestLintModel
2026-09-07T16:41:49.4525384Z > Task :shared:engine:generateReleaseUnitTestLintModel
2026-09-07T16:41:49.6444263Z > Task :shared:engine:lintAnalyzeReleaseUnitTest
2026-09-07T16:41:49.6534057Z > Task :shared:networking:generateReleaseUnitTestLintModel
2026-09-07T16:41:49.7454650Z > Task :shared:design-system:lintAnalyzeReleaseUnitTest
2026-09-07T16:41:49.8494173Z > Task :shared:session:generateReleaseUnitTestLintModel
2026-09-07T16:41:49.8554110Z > Task :shared:networking:lintAnalyzeReleaseUnitTest
2026-09-07T16:41:49.8614382Z > Task :shared:storage:generateReleaseUnitTestLintModel
2026-09-07T16:41:50.0454098Z > Task :shared:storage:lintAnalyzeReleaseUnitTest
2026-09-07T16:41:50.1524525Z > Task :shared:transport-p2p:generateReleaseUnitTestLintModel
2026-09-07T16:41:50.1534012Z > Task :game-modes:whodunit:lintAnalyzeReleaseUnitTest
2026-09-07T16:41:50.2462569Z > Task :shared:session:lintAnalyzeReleaseUnitTest
2026-09-07T16:41:50.8444377Z > Task :shared:transport-p2p:lintAnalyzeReleaseUnitTest
2026-09-07T16:41:50.8504361Z > Task :shared:core:processDebugJavaRes
2026-09-07T16:41:50.8524248Z > Task :shared:engine-testing:bundleLibCompileToJarRelease
2026-09-07T16:41:50.8584337Z > Task :shared:core:compileDesktopMainJava NO-SOURCE
2026-09-07T16:41:50.8644280Z > Task :shared:core:desktopMainClasses
2026-09-07T16:41:50.9466887Z > Task :shared:core:desktopJar
2026-09-07T16:41:51.8484308Z > Task :shared:engine:compileDebugKotlinAndroid
2026-09-07T16:41:51.8485407Z > Task :shared:engine:compileDebugJavaWithJavac NO-SOURCE
2026-09-07T16:41:51.9454206Z > Task :shared:engine:bundleLibCompileToJarDebug
2026-09-07T16:41:52.8443842Z > Task :shared:engine:compileKotlinDesktop
2026-09-07T16:41:54.7494220Z > Task :shared:content:compileDebugKotlinAndroid
2026-09-07T16:41:54.7534390Z > Task :shared:content:compileDebugJavaWithJavac NO-SOURCE
2026-09-07T16:41:54.7564114Z > Task :shared:content:bundleLibCompileToJarDebug
2026-09-07T16:41:56.6454415Z > Task :shared:design-system:compileDebugKotlinAndroid
2026-09-07T16:41:56.6485009Z > Task :shared:design-system:compileDebugJavaWithJavac NO-SOURCE
2026-09-07T16:41:56.6533874Z > Task :shared:design-system:bundleLibCompileToJarDebug
2026-09-07T16:41:56.7443821Z > Task :shared:storage:compileDebugKotlinAndroid
2026-09-07T16:41:56.7484346Z > Task :shared:storage:compileDebugJavaWithJavac NO-SOURCE
2026-09-07T16:41:56.7493847Z > Task :shared:storage:bundleLibCompileToJarDebug
2026-09-07T16:41:56.7494708Z > Task :shared:content:bundleLibRuntimeToJarDebug
2026-09-07T16:41:56.7524010Z > Task :shared:content:processDebugJavaRes
2026-09-07T16:41:56.7553790Z > Task :shared:design-system:bundleLibRuntimeToJarDebug
2026-09-07T16:41:56.7583671Z > Task :shared:design-system:processDebugJavaRes
2026-09-07T16:41:56.7584538Z > Task :shared:engine:bundleLibRuntimeToJarDebug
2026-09-07T16:41:56.7613639Z > Task :shared:engine:processDebugJavaRes
2026-09-07T16:41:56.8446981Z > Task :shared:storage:bundleLibRuntimeToJarDebug
2026-09-07T16:41:56.8484095Z > Task :shared:storage:processDebugJavaRes
2026-09-07T16:41:56.8513729Z > Task :shared:engine:compileDesktopMainJava NO-SOURCE
2026-09-07T16:41:56.8523761Z > Task :shared:engine:desktopMainClasses
2026-09-07T16:41:56.8542148Z > Task :shared:engine:desktopJar
2026-09-07T16:41:57.2443585Z > Task :shared:networking:compileDebugKotlinAndroid
2026-09-07T16:41:57.2474137Z > Task :shared:networking:compileDebugJavaWithJavac NO-SOURCE
2026-09-07T16:41:57.2523870Z > Task :shared:networking:bundleLibCompileToJarDebug
2026-09-07T16:41:57.7454362Z > Task :shared:engine-testing:compileDebugKotlinAndroid
2026-09-07T16:41:57.8446053Z > Task :composeApp:compileReleaseKotlinAndroid
2026-09-07T16:41:57.9464175Z > Task :composeApp:compileReleaseJavaWithJavac NO-SOURCE
2026-09-07T16:41:59.7454046Z > Task :shared:content:compileKotlinDesktop
2026-09-07T16:41:59.7463768Z > Task :composeApp:mergeReleaseGeneratedProguardFiles
2026-09-07T16:41:59.8448307Z > Task :composeApp:processReleaseJavaRes
2026-09-07T16:42:00.7464098Z > Task :composeApp:expandReleaseArtProfileWildcards
2026-09-07T16:42:03.2481932Z > Task :composeApp:mergeReleaseJavaResource
2026-09-07T16:42:05.0464201Z > Task :shared:session:compileDebugKotlinAndroid
2026-09-07T16:42:05.5443951Z > Task :composeApp:generateReleaseLintVitalReportModel
2026-09-07T16:42:06.3443422Z 
2026-09-07T16:42:06.3444779Z > Task :composeApp:minifyReleaseWithR8
2026-09-07T16:42:06.3467930Z WARNING: R8: Class file resource provider does not support async parsing: com.android.builder.dexing.r8.ClassFileProviderFactory$OrderedClassFileResourceProvider
2026-09-07T16:42:06.3493703Z WARNING: R8: Class file resource provider does not support async parsing: com.android.builder.dexing.r8.ClassFileProviderFactory$OrderedClassFileResourceProvider
2026-09-07T16:42:06.6462013Z 
2026-09-07T16:42:06.6504321Z > Task :shared:transport-p2p:compileDebugKotlinAndroid
2026-09-07T16:42:06.6534199Z > Task :composeApp:produceReleaseComposeMapping
2026-09-07T16:42:06.6563841Z > Task :composeApp:reportReleaseComposeMappingErrors
2026-09-07T16:42:06.6581319Z > Task :composeApp:generateReleaseLintReportModel
2026-09-07T16:42:06.6582180Z > Task :composeApp:bundleReleaseClassesToCompileJar
2026-09-07T16:42:06.9464184Z > Task :composeApp:generateReleaseAndroidTestLintModel
2026-09-07T16:42:07.0443355Z > Task :composeApp:generateReleaseUnitTestLintModel
2026-09-07T16:42:10.8443857Z > Task :composeApp:lintAnalyzeReleaseAndroidTest
2026-09-07T16:42:14.3494647Z > Task :composeApp:lintAnalyzeReleaseUnitTest
2026-09-07T16:42:14.3536759Z > Task :shared:session:compileDebugJavaWithJavac NO-SOURCE
2026-09-07T16:42:14.4443712Z > Task :shared:session:bundleLibCompileToJarDebug
2026-09-07T16:42:19.2473751Z > Task :composeApp:lintVitalAnalyzeRelease
2026-09-07T16:42:19.2484019Z > Task :composeApp:lintVitalReportRelease SKIPPED
2026-09-07T16:42:19.2544140Z > Task :composeApp:lintVitalRelease SKIPPED
2026-09-07T16:42:36.6464262Z > Task :composeApp:lintAnalyzeRelease
2026-09-07T16:42:38.4464425Z 
2026-09-07T16:42:38.4494385Z > Task :composeApp:lintReportRelease
2026-09-07T16:42:38.4496104Z Wrote HTML report to file:///home/runner/work/parlor/parlor/composeApp/build/reports/lint-results-release.html
2026-09-07T16:42:38.4523353Z 
2026-09-07T16:42:38.4553686Z > Task :composeApp:lintRelease
2026-09-07T16:42:38.4554611Z > Task :shared:transport-p2p:compileDebugJavaWithJavac NO-SOURCE
2026-09-07T16:42:38.4584198Z > Task :shared:transport-p2p:bundleLibCompileToJarDebug
2026-09-07T16:42:38.4617203Z > Task :shared:engine-testing:compileDebugJavaWithJavac NO-SOURCE
2026-09-07T16:42:38.4636680Z > Task :shared:engine-testing:bundleLibCompileToJarDebug
2026-09-07T16:42:38.4663887Z > Task :shared:engine-testing:bundleLibRuntimeToJarDebug
2026-09-07T16:42:38.4674064Z > Task :shared:engine-testing:processDebugJavaRes
2026-09-07T16:42:38.4733861Z > Task :shared:networking:bundleLibRuntimeToJarDebug
2026-09-07T16:42:38.5443146Z > Task :shared:networking:processDebugJavaRes
2026-09-07T16:42:38.5473936Z > Task :shared:session:bundleLibRuntimeToJarDebug
2026-09-07T16:42:38.5513730Z > Task :shared:session:processDebugJavaRes
2026-09-07T16:42:38.6524287Z > Task :shared:transport-p2p:bundleLibRuntimeToJarDebug
2026-09-07T16:42:38.6614063Z > Task :shared:transport-p2p:processDebugJavaRes
2026-09-07T16:42:38.7474081Z > Task :composeApp:bundleReleaseClassesToRuntimeJar
2026-09-07T16:42:43.9465835Z > Task :composeApp:compileReleaseUnitTestKotlinAndroid
2026-09-07T16:42:43.9504392Z > Task :composeApp:compileReleaseUnitTestJavaWithJavac NO-SOURCE
2026-09-07T16:42:44.0466679Z > Task :composeApp:processReleaseUnitTestJavaRes
2026-09-07T16:42:44.4456010Z > Task :game-modes:mafia:compileDebugKotlinAndroid
2026-09-07T16:42:47.0444300Z > Task :game-modes:mafia:compileDebugJavaWithJavac NO-SOURCE
2026-09-07T16:42:47.1474131Z > Task :game-modes:mafia:bundleLibCompileToJarDebug
2026-09-07T16:42:47.2444023Z > Task :game-modes:mafia:bundleLibRuntimeToJarDebug
2026-09-07T16:42:47.3453693Z > Task :game-modes:mafia:processDebugJavaRes
2026-09-07T16:42:47.3504348Z > Task :composeApp:verifyReleaseLintWarnings
2026-09-07T16:42:47.3513743Z > Task :shared:content:compileDesktopMainJava NO-SOURCE
2026-09-07T16:42:47.3543627Z > Task :shared:content:desktopMainClasses
2026-09-07T16:42:47.4466112Z > Task :shared:content:desktopJar
2026-09-07T16:42:49.2454174Z > Task :game-modes:whodunit:compileDebugKotlinAndroid
2026-09-07T16:42:56.6454016Z > Task :composeApp:testReleaseUnitTest
2026-09-07T16:42:57.8464192Z > Task :game-modes:whodunit:compileDebugJavaWithJavac NO-SOURCE
2026-09-07T16:42:58.1474339Z > Task :game-modes:whodunit:bundleLibCompileToJarDebug
2026-09-07T16:42:58.5446214Z > Task :shared:design-system:compileKotlinDesktop
2026-09-07T16:42:58.6484058Z > Task :game-modes:whodunit:bundleLibRuntimeToJarDebug
2026-09-07T16:42:58.6543749Z > Task :game-modes:whodunit:processDebugJavaRes
2026-09-07T16:42:58.6603947Z > Task :shared:design-system:compileDesktopMainJava NO-SOURCE
2026-09-07T16:42:58.6626756Z > Task :shared:design-system:desktopMainClasses
2026-09-07T16:42:58.8464114Z > Task :shared:design-system:desktopJar
2026-09-07T16:43:00.7463837Z > Task :shared:storage:compileKotlinDesktop
2026-09-07T16:43:00.7464983Z > Task :shared:storage:compileDesktopMainJava NO-SOURCE
2026-09-07T16:43:00.7494253Z > Task :shared:storage:desktopMainClasses
2026-09-07T16:43:00.8443801Z > Task :shared:storage:desktopJar
2026-09-07T16:43:00.8453957Z > Task :shared:networking:compileKotlinDesktop
2026-09-07T16:43:00.8480495Z > Task :shared:networking:compileDesktopMainJava NO-SOURCE
2026-09-07T16:43:00.8503896Z > Task :shared:networking:desktopMainClasses
2026-09-07T16:43:00.9443728Z > Task :shared:networking:desktopJar
2026-09-07T16:43:03.0443590Z > Task :shared:engine-testing:compileKotlinDesktop
2026-09-07T16:43:09.4443919Z > Task :shared:session:compileKotlinDesktop
2026-09-07T16:43:09.4474547Z > Task :shared:session:compileDesktopMainJava NO-SOURCE
2026-09-07T16:43:09.4493603Z > Task :shared:session:desktopMainClasses
2026-09-07T16:43:09.6443680Z > Task :shared:session:desktopJar
2026-09-07T16:43:12.4474091Z > Task :composeApp:compileDebugKotlinAndroid
2026-09-07T16:43:12.4534260Z > Task :composeApp:compileDebugJavaWithJavac NO-SOURCE
2026-09-07T16:43:12.5454065Z > Task :composeApp:bundleDebugClassesToRuntimeJar
2026-09-07T16:43:12.6464448Z > Task :composeApp:bundleDebugClassesToCompileJar
2026-09-07T16:43:16.0444131Z > Task :shared:transport-p2p:compileKotlinDesktop
2026-09-07T16:43:16.0473891Z > Task :composeApp:processDebugJavaRes
2026-09-07T16:43:16.5455713Z > Task :composeApp:compileDebugUnitTestKotlinAndroid
2026-09-07T16:43:16.5513799Z > Task :composeApp:compileDebugUnitTestJavaWithJavac NO-SOURCE
2026-09-07T16:43:16.5624087Z > Task :composeApp:processDebugUnitTestJavaRes
2026-09-07T16:43:20.4443536Z > Task :composeApp:testDebugUnitTest
2026-09-07T16:43:20.4493858Z > Task :shared:transport-p2p:compileDesktopMainJava NO-SOURCE
2026-09-07T16:43:20.4543661Z > Task :shared:transport-p2p:desktopMainClasses
2026-09-07T16:43:20.6455893Z > Task :shared:transport-p2p:desktopJar
2026-09-07T16:43:20.6513884Z > Task :shared:engine-testing:compileDesktopMainJava NO-SOURCE
2026-09-07T16:43:20.6603825Z > Task :shared:engine-testing:desktopMainClasses
2026-09-07T16:43:20.7514114Z > Task :shared:engine-testing:desktopJar
2026-09-07T16:43:22.4445186Z > Task :shared:networking-testing:compileKotlinDesktop
2026-09-07T16:43:22.4454560Z > Task :shared:networking-testing:compileDesktopMainJava NO-SOURCE
2026-09-07T16:43:22.4463265Z > Task :shared:networking-testing:desktopMainClasses
2026-09-07T16:43:22.5443268Z > Task :shared:networking-testing:desktopJar
2026-09-07T16:43:24.1464377Z > Task :shared:content:compileTestKotlinDesktop
2026-09-07T16:43:24.1493688Z > Task :shared:content:compileDesktopTestJava NO-SOURCE
2026-09-07T16:43:24.1494348Z > Task :shared:content:desktopTestClasses
2026-09-07T16:43:27.4474241Z > Task :shared:content:desktopTest
2026-09-07T16:43:28.1479386Z > Task :shared:core:compileTestKotlinDesktop
2026-09-07T16:43:28.1495541Z > Task :shared:core:compileDesktopTestJava NO-SOURCE
2026-09-07T16:43:28.1513657Z > Task :shared:core:desktopTestClasses
2026-09-07T16:43:30.2459649Z > Task :shared:core:desktopTest
2026-09-07T16:43:32.8454087Z > Task :shared:design-system:compileTestKotlinDesktop
2026-09-07T16:43:32.8464335Z > Task :shared:design-system:compileDesktopTestJava NO-SOURCE
2026-09-07T16:43:32.8494099Z > Task :shared:design-system:desktopTestClasses
2026-09-07T16:43:32.8513572Z > Task :game-modes:mafia:compileKotlinDesktop
2026-09-07T16:43:32.8543634Z > Task :game-modes:mafia:compileDesktopMainJava NO-SOURCE
2026-09-07T16:43:32.8553704Z > Task :game-modes:mafia:desktopMainClasses
2026-09-07T16:43:33.0443620Z > Task :game-modes:mafia:desktopJar
2026-09-07T16:43:40.7454133Z > Task :game-modes:whodunit:compileKotlinDesktop
2026-09-07T16:43:40.7497025Z > Task :game-modes:whodunit:compileDesktopMainJava NO-SOURCE
2026-09-07T16:43:40.7540517Z > Task :game-modes:whodunit:desktopMainClasses
2026-09-07T16:43:41.2474158Z > Task :game-modes:whodunit:desktopJar
2026-09-07T16:43:41.6473411Z 
2026-09-07T16:43:41.6504109Z > Task :shared:design-system:desktopTest
2026-09-07T16:43:41.6523204Z 
2026-09-07T16:43:41.6524264Z ProvideAppLanguageDesktopTest[desktop] > locale_switches_resources_without_replacing_remembered_content_state()[desktop] FAILED
2026-09-07T16:43:41.6525611Z     org.opentest4j.AssertionFailedError at ProvideAppLanguageDesktopTest.kt:31
2026-09-07T16:43:41.8443334Z 
2026-09-07T16:43:41.8533988Z 40 tests completed, 1 failed
2026-09-07T16:43:41.9484711Z There were failing tests. See the report at: file:///home/runner/work/parlor/parlor/shared/design-system/build/reports/tests/desktopTest/index.html
2026-09-07T16:44:02.1463453Z 
2026-09-07T16:44:02.1520759Z > Task :game-modes:mafia:compileTestKotlinDesktop
2026-09-07T16:44:02.1584085Z > Task :game-modes:mafia:compileDesktopTestJava NO-SOURCE
2026-09-07T16:44:02.1725660Z > Task :game-modes:mafia:desktopTestClasses
2026-09-07T16:44:02.2454423Z > Task :composeApp:compileKotlinDesktop
2026-09-07T16:44:02.2503778Z > Task :composeApp:compileDesktopMainJava NO-SOURCE
2026-09-07T16:44:02.2504425Z > Task :composeApp:desktopMainClasses
2026-09-07T16:44:02.4443774Z > Task :composeApp:desktopJar
2026-09-07T16:44:11.9443565Z > Task :game-modes:whodunit:compileTestKotlinDesktop
2026-09-07T16:44:14.7454079Z > Task :composeApp:compileTestKotlinDesktop
2026-09-07T16:44:14.7523800Z > Task :composeApp:compileDesktopTestJava NO-SOURCE
2026-09-07T16:44:14.7553769Z > Task :composeApp:desktopTestClasses
2026-09-07T16:44:24.0504044Z > Task :composeApp:desktopTest
2026-09-07T16:44:27.0464104Z > Task :shared:engine:compileTestKotlinDesktop
2026-09-07T16:44:27.0493972Z > Task :shared:engine:compileDesktopTestJava NO-SOURCE
2026-09-07T16:44:27.0594074Z > Task :shared:engine:desktopTestClasses
2026-09-07T16:44:32.1494423Z > Task :game-modes:mafia:desktopTest
2026-09-07T16:44:37.7452091Z > Task :shared:engine:desktopTest
2026-09-07T16:44:38.8494128Z > Task :game-modes:whodunit:compileDesktopTestJava NO-SOURCE
2026-09-07T16:44:38.8604360Z > Task :game-modes:whodunit:desktopTestClasses
2026-09-07T16:44:39.1460118Z > Task :shared:engine-testing:compileTestKotlinDesktop
2026-09-07T16:44:39.1493679Z > Task :shared:engine-testing:compileDesktopTestJava NO-SOURCE
2026-09-07T16:44:39.1564390Z > Task :shared:engine-testing:desktopTestClasses
2026-09-07T16:44:41.8474086Z > Task :shared:engine-testing:desktopTest
2026-09-07T16:44:45.1488024Z > Task :shared:networking:compileTestKotlinDesktop
2026-09-07T16:44:45.1514103Z > Task :shared:networking:compileDesktopTestJava NO-SOURCE
2026-09-07T16:44:45.1573834Z > Task :shared:networking:desktopTestClasses
2026-09-07T16:44:49.7477837Z > Task :shared:networking:desktopTest
2026-09-07T16:44:51.4454102Z > Task :shared:networking-testing:compileTestKotlinDesktop
2026-09-07T16:44:51.4504103Z > Task :shared:networking-testing:compileDesktopTestJava NO-SOURCE
2026-09-07T16:44:51.4563824Z > Task :shared:networking-testing:desktopTestClasses
2026-09-07T16:44:56.6454538Z > Task :shared:networking-testing:desktopTest
2026-09-07T16:45:04.2464277Z > Task :shared:storage:compileTestKotlinDesktop
2026-09-07T16:45:04.2543911Z > Task :shared:storage:compileDesktopTestJava NO-SOURCE
2026-09-07T16:45:04.2574561Z > Task :shared:storage:desktopTestClasses
2026-09-07T16:45:07.6484160Z > Task :shared:storage:desktopTest
2026-09-07T16:45:08.8454186Z > Task :game-modes:whodunit:desktopTest
2026-09-07T16:45:11.8455707Z > Task :shared:session:compileTestKotlinDesktop
2026-09-07T16:45:11.8574100Z > Task :shared:session:compileDesktopTestJava NO-SOURCE
2026-09-07T16:45:11.8633760Z > Task :shared:session:desktopTestClasses
2026-09-07T16:45:19.4494229Z > Task :shared:session:desktopTest
2026-09-07T16:45:35.3443634Z > Task :shared:transport-p2p:compileTestKotlinDesktop
2026-09-07T16:45:35.3534315Z > Task :shared:transport-p2p:compileDesktopTestJava NO-SOURCE
2026-09-07T16:45:35.3674495Z > Task :shared:transport-p2p:desktopTestClasses
2026-09-07T16:45:37.8464009Z > Task :composeApp:detekt
2026-09-07T16:45:37.8493938Z > Task :game-modes:detekt NO-SOURCE
2026-09-07T16:45:37.8583761Z > Task :shared:detekt NO-SOURCE
2026-09-07T16:45:47.7515045Z > Task :game-modes:mafia:detekt
2026-09-07T16:45:54.9454029Z > Task :game-modes:whodunit:detekt
2026-09-07T16:45:55.6452304Z > Task :shared:content:detekt
2026-09-07T16:45:56.0471493Z > Task :shared:core:detekt
2026-09-07T16:45:57.6443260Z > Task :shared:design-system:detekt
2026-09-07T16:45:58.0443232Z > Task :shared:engine:detekt
2026-09-07T16:45:58.4450687Z > Task :shared:engine-testing:detekt
2026-09-07T16:46:01.5464186Z > Task :shared:networking:detekt
2026-09-07T16:46:01.9474180Z > Task :shared:networking-testing:detekt
2026-09-07T16:46:03.9484190Z > Task :shared:session:detekt
2026-09-07T16:46:04.3443451Z > Task :shared:storage:detekt
2026-09-07T16:46:05.3464238Z > Task :shared:transport-p2p:desktopTest
2026-09-07T16:46:06.5453565Z 
2026-09-07T16:46:06.5455462Z ProductionVerificationWorkflowContractTest[desktop] > apple_job_runs_kotlin_and_app_launch_tests_all_link_targets_and_unsigned_swift_release()[desktop] FAILED
2026-09-07T16:46:06.5514633Z     org.opentest4j.AssertionFailedError at ProductionVerificationWorkflowContractTest.kt:401
2026-09-07T16:46:07.8443020Z 
2026-09-07T16:46:07.8444068Z > Task :shared:transport-p2p:detekt
2026-09-07T16:46:07.8474009Z > Task :staticAnalysis
2026-09-07T16:46:08.5443487Z 
2026-09-07T16:46:08.5443522Z 
2026-09-07T16:46:08.5514080Z 277 tests completed, 1 failed, 3 skipped
2026-09-07T16:46:08.5514693Z > Task :shared:transport-p2p:desktopTest
2026-09-07T16:46:08.5544422Z There were failing tests. See the report at: file:///home/runner/work/parlor/parlor/shared/transport-p2p/build/reports/tests/desktopTest/index.html
2026-09-07T16:46:15.3443090Z 
2026-09-07T16:46:15.3504033Z > Task :composeApp:detektAndroidReleaseUnitTest
2026-09-07T16:46:19.2458943Z > Task :composeApp:detektDesktopMain
2026-09-07T16:46:21.1463962Z > Task :composeApp:detektAndroidRelease
2026-09-07T16:46:24.0474231Z > Task :composeApp:detektMetadataCommonMain
2026-09-07T16:46:24.0503997Z > Task :game-modes:mafia:detektAndroidRelease NO-SOURCE
2026-09-07T16:46:24.5443062Z > Task :game-modes:mafia:generateReleaseUnitTestStubRFile
2026-09-07T16:46:24.5494082Z > Task :shared:networking-testing:bundleLibCompileToJarRelease
2026-09-07T16:46:27.2484024Z > Task :composeApp:detektDesktopTest
2026-09-07T16:46:27.2513860Z > Task :game-modes:mafia:javaPreCompileReleaseUnitTest FROM-CACHE
2026-09-07T16:46:27.2514642Z > Task :game-modes:mafia:detektDesktopMain NO-SOURCE
2026-09-07T16:46:41.9444103Z > Task :game-modes:mafia:compileReleaseUnitTestKotlinAndroid
2026-09-07T16:46:41.9554281Z > Task :game-modes:mafia:compileReleaseUnitTestJavaWithJavac NO-SOURCE
2026-09-07T16:46:41.9614214Z > Task :game-modes:mafia:detektAndroidReleaseUnitTest NO-SOURCE
2026-09-07T16:46:44.2549358Z > Task :game-modes:mafia:detektMetadataCommonMain
2026-09-07T16:46:44.2570821Z > Task :game-modes:whodunit:detektAndroidRelease NO-SOURCE
2026-09-07T16:46:44.3454166Z > Task :game-modes:whodunit:generateReleaseUnitTestStubRFile
2026-09-07T16:46:51.0455116Z > Task :game-modes:whodunit:compileReleaseUnitTestKotlinAndroid
2026-09-07T16:46:51.0494601Z > Task :game-modes:whodunit:javaPreCompileReleaseUnitTest FROM-CACHE
2026-09-07T16:46:51.0524159Z > Task :game-modes:whodunit:compileReleaseUnitTestJavaWithJavac NO-SOURCE
2026-09-07T16:46:51.0553977Z > Task :game-modes:whodunit:detektAndroidReleaseUnitTest NO-SOURCE
2026-09-07T16:46:51.0583871Z > Task :game-modes:whodunit:detektDesktopMain NO-SOURCE
2026-09-07T16:46:57.2464292Z > Task :game-modes:mafia:detektDesktopTest
2026-09-07T16:47:21.0463963Z > Task :game-modes:whodunit:detektDesktopTest
2026-09-07T16:47:30.4443571Z > Task :game-modes:whodunit:detektMetadataCommonMain
2026-09-07T16:47:30.4494548Z > Task :shared:content:detektAndroidRelease NO-SOURCE
2026-09-07T16:47:30.4514231Z > Task :shared:content:generateReleaseUnitTestStubRFile
2026-09-07T16:47:37.2484170Z > Task :shared:content:compileReleaseUnitTestKotlinAndroid
2026-09-07T16:47:37.2544028Z > Task :shared:content:javaPreCompileReleaseUnitTest FROM-CACHE
2026-09-07T16:47:37.2634049Z > Task :shared:content:compileReleaseUnitTestJavaWithJavac NO-SOURCE
2026-09-07T16:47:37.2694112Z > Task :shared:content:detektAndroidReleaseUnitTest NO-SOURCE
2026-09-07T16:47:37.2784056Z > Task :shared:content:detektDesktopMain NO-SOURCE
2026-09-07T16:47:37.2813708Z > Task :shared:content:detektDesktopTest NO-SOURCE
2026-09-07T16:47:37.7444073Z > Task :shared:content:detektMetadataCommonMain
2026-09-07T16:47:37.7493739Z > Task :shared:core:detektAndroidRelease NO-SOURCE
2026-09-07T16:47:37.7523981Z > Task :shared:core:generateReleaseUnitTestStubRFile
2026-09-07T16:47:39.5445323Z > Task :shared:core:compileReleaseUnitTestKotlinAndroid
2026-09-07T16:47:39.5484166Z > Task :shared:core:javaPreCompileReleaseUnitTest FROM-CACHE
2026-09-07T16:47:39.5485189Z > Task :shared:core:compileReleaseUnitTestJavaWithJavac NO-SOURCE
2026-09-07T16:47:39.5514081Z > Task :shared:core:detektAndroidReleaseUnitTest NO-SOURCE
2026-09-07T16:47:39.5573800Z > Task :shared:core:detektDesktopMain NO-SOURCE
2026-09-07T16:47:39.5613672Z > Task :shared:core:detektDesktopTest NO-SOURCE
2026-09-07T16:47:39.8454039Z > Task :shared:core:detektMetadataCommonMain
2026-09-07T16:47:41.1464676Z > Task :shared:design-system:detektAndroidRelease
2026-09-07T16:47:41.2465496Z > Task :shared:design-system:generateReleaseUnitTestStubRFile
2026-09-07T16:47:44.8484505Z > Task :shared:design-system:compileReleaseUnitTestKotlinAndroid
2026-09-07T16:47:44.8554109Z > Task :shared:design-system:javaPreCompileReleaseUnitTest FROM-CACHE
2026-09-07T16:47:44.8633996Z > Task :shared:design-system:compileReleaseUnitTestJavaWithJavac NO-SOURCE
2026-09-07T16:47:44.8704090Z > Task :shared:design-system:detektAndroidReleaseUnitTest NO-SOURCE
2026-09-07T16:47:45.2454033Z > Task :shared:design-system:detektDesktopMain
2026-09-07T16:47:50.7464270Z > Task :shared:design-system:detektDesktopTest
2026-09-07T16:47:51.4443999Z > Task :shared:design-system:detektMetadataCommonMain
2026-09-07T16:47:51.4534035Z > Task :shared:engine:detektAndroidRelease NO-SOURCE
2026-09-07T16:47:51.4616317Z > Task :shared:engine:generateReleaseUnitTestStubRFile
2026-09-07T16:47:53.5504151Z > Task :shared:engine:compileReleaseUnitTestKotlinAndroid
2026-09-07T16:47:53.5533875Z > Task :shared:engine:javaPreCompileReleaseUnitTest FROM-CACHE
2026-09-07T16:47:53.5593819Z > Task :shared:engine:compileReleaseUnitTestJavaWithJavac NO-SOURCE
2026-09-07T16:47:53.5659133Z > Task :shared:engine:detektAndroidReleaseUnitTest NO-SOURCE
2026-09-07T16:47:53.5713810Z > Task :shared:engine:detektDesktopMain NO-SOURCE
2026-09-07T16:47:54.2464020Z > Task :shared:engine:detektDesktopTest
2026-09-07T16:47:54.4463919Z > Task :shared:engine:detektMetadataCommonMain
2026-09-07T16:47:54.4534604Z > Task :shared:engine-testing:detektAndroidRelease NO-SOURCE
2026-09-07T16:47:54.4561494Z > Task :shared:engine-testing:preReleaseUnitTestBuild UP-TO-DATE
2026-09-07T16:47:54.4617964Z > Task :shared:engine-testing:generateReleaseUnitTestStubRFile
2026-09-07T16:47:58.2485456Z > Task :shared:engine-testing:compileReleaseUnitTestKotlinAndroid
2026-09-07T16:47:58.2486044Z > Task :shared:engine-testing:javaPreCompileReleaseUnitTest FROM-CACHE
2026-09-07T16:47:58.2486584Z > Task :shared:engine-testing:compileReleaseUnitTestJavaWithJavac NO-SOURCE
2026-09-07T16:47:58.2487088Z > Task :shared:engine-testing:detektAndroidReleaseUnitTest NO-SOURCE
2026-09-07T16:47:58.2487504Z > Task :shared:engine-testing:detektDesktopMain NO-SOURCE
2026-09-07T16:47:58.2487871Z > Task :shared:engine-testing:detektDesktopTest NO-SOURCE
2026-09-07T16:47:58.4465635Z > Task :shared:engine-testing:detektMetadataCommonMain
2026-09-07T16:47:58.7450452Z > Task :shared:networking:detektAndroidRelease
2026-09-07T16:47:58.7524100Z > Task :shared:networking:generateReleaseUnitTestStubRFile
2026-09-07T16:48:01.7443664Z > Task :shared:networking:compileReleaseUnitTestKotlinAndroid
2026-09-07T16:48:01.7453617Z > Task :shared:networking:javaPreCompileReleaseUnitTest FROM-CACHE
2026-09-07T16:48:01.7486674Z > Task :shared:networking:compileReleaseUnitTestJavaWithJavac NO-SOURCE
2026-09-07T16:48:01.7513679Z > Task :shared:networking:detektAndroidReleaseUnitTest NO-SOURCE
2026-09-07T16:48:02.0444415Z > Task :shared:networking:detektDesktopMain
2026-09-07T16:48:02.0473859Z > Task :shared:networking:detektDesktopTest NO-SOURCE
2026-09-07T16:48:02.0474669Z 
2026-09-07T16:48:02.0503923Z > Task :game-modes:whodunit:desktopTest
2026-09-07T16:48:02.0538137Z 
2026-09-07T16:48:02.0564289Z WhodunitLocalLeaveTimerTest[desktop] > eliminationConfirmationTimeIsExcludedAndStayRestartsOnlyOneTicker()[desktop] FAILED
2026-09-07T16:48:02.0593769Z     kotlinx.coroutines.test.UncompletedCoroutinesError at TestBuilders.kt:353
2026-09-07T16:48:02.4443089Z 
2026-09-07T16:48:02.4493887Z > Task :shared:networking:detektMetadataCommonMain
2026-09-07T16:48:02.4494918Z > Task :shared:networking-testing:detektAndroidRelease NO-SOURCE
2026-09-07T16:48:02.4545362Z > Task :shared:networking-testing:preReleaseUnitTestBuild UP-TO-DATE
2026-09-07T16:48:02.4573779Z > Task :shared:networking-testing:generateReleaseUnitTestStubRFile
2026-09-07T16:48:03.4443981Z > Task :shared:networking-testing:compileReleaseUnitTestKotlinAndroid
2026-09-07T16:48:03.4483698Z > Task :shared:networking-testing:javaPreCompileReleaseUnitTest FROM-CACHE
2026-09-07T16:48:03.4484796Z > Task :shared:networking-testing:compileReleaseUnitTestJavaWithJavac NO-SOURCE
2026-09-07T16:48:03.4513495Z > Task :shared:networking-testing:detektAndroidReleaseUnitTest NO-SOURCE
2026-09-07T16:48:03.4523380Z > Task :shared:networking-testing:detektDesktopMain NO-SOURCE
2026-09-07T16:48:03.4543676Z > Task :shared:networking-testing:detektDesktopTest NO-SOURCE
2026-09-07T16:48:03.6444004Z > Task :shared:networking-testing:detektMetadataCommonMain
2026-09-07T16:48:03.6463764Z > Task :shared:session:detektAndroidRelease NO-SOURCE
2026-09-07T16:48:03.6488917Z > Task :shared:session:generateReleaseUnitTestStubRFile
2026-09-07T16:48:18.6444150Z > Task :shared:session:compileReleaseUnitTestKotlinAndroid
2026-09-07T16:48:18.6483909Z > Task :shared:session:javaPreCompileReleaseUnitTest FROM-CACHE
2026-09-07T16:48:18.6518743Z > Task :shared:session:compileReleaseUnitTestJavaWithJavac NO-SOURCE
2026-09-07T16:48:18.6543693Z > Task :shared:session:detektAndroidReleaseUnitTest NO-SOURCE
2026-09-07T16:48:18.6563608Z > Task :shared:session:detektDesktopMain NO-SOURCE
2026-09-07T16:48:19.4454060Z > Task :shared:session:detektDesktopTest
2026-09-07T16:48:19.4483627Z > Task :shared:storage:detektAndroidRelease NO-SOURCE
2026-09-07T16:48:19.4484324Z > Task :shared:storage:generateReleaseUnitTestStubRFile
2026-09-07T16:48:19.4484927Z > Task :shared:session:detektMetadataCommonMain
2026-09-07T16:48:19.4485555Z > Task :shared:storage:javaPreCompileReleaseUnitTest FROM-CACHE
2026-09-07T16:48:19.4486213Z > Task :shared:storage:detektDesktopMain NO-SOURCE
2026-09-07T16:48:19.4486767Z > Task :shared:storage:detektDesktopTest NO-SOURCE
2026-09-07T16:48:19.6456595Z > Task :shared:storage:detektMetadataCommonMain
2026-09-07T16:48:20.2464734Z > Task :shared:transport-p2p:detektAndroidRelease
2026-09-07T16:48:20.5443629Z > Task :shared:transport-p2p:generateReleaseUnitTestStubRFile
2026-09-07T16:48:22.3454545Z > Task :shared:storage:compileReleaseUnitTestKotlinAndroid
2026-09-07T16:48:22.3514005Z > Task :shared:storage:compileReleaseUnitTestJavaWithJavac NO-SOURCE
2026-09-07T16:48:22.3565404Z > Task :shared:storage:detektAndroidReleaseUnitTest NO-SOURCE
2026-09-07T16:48:22.3593791Z > Task :shared:transport-p2p:javaPreCompileReleaseUnitTest FROM-CACHE
2026-09-07T16:48:22.6464030Z > Task :shared:transport-p2p:detektDesktopMain
2026-09-07T16:48:23.0488973Z > Task :shared:transport-p2p:compileReleaseUnitTestKotlinAndroid
2026-09-07T16:48:23.0533455Z > Task :composeApp:buildReleasePreBundle
2026-09-07T16:48:23.0563624Z > Task :shared:transport-p2p:compileReleaseUnitTestJavaWithJavac NO-SOURCE
2026-09-07T16:48:23.0573594Z > Task :shared:transport-p2p:detektAndroidReleaseUnitTest NO-SOURCE
2026-09-07T16:48:24.5442603Z > Task :shared:transport-p2p:detektMetadataCommonMain
2026-09-07T16:48:24.5453641Z > Task :composeApp:verifyGameShellDispatch
2026-09-07T16:48:26.5442169Z 
2026-09-07T16:48:26.5474071Z > Task :composeApp:downloadKotlinNativeDistribution
2026-09-07T16:48:26.5475600Z Kotlin/Native bundle directory /home/runner/.konan/kotlin-native-prebuilt-linux-x86_64-2.4.10 is not empty. Native bundle files will be overwritten.
2026-09-07T16:48:26.6442246Z 
2026-09-07T16:48:26.6443574Z > Task :composeApp:mergeReleaseComposeMapping
2026-09-07T16:48:27.3464348Z > Task :composeApp:compileReleaseArtProfile
2026-09-07T16:48:28.8444178Z > Task :composeApp:packageReleaseBundle
2026-09-07T16:48:31.2463897Z > Task :composeApp:signReleaseBundle
2026-09-07T16:48:31.2493463Z > Task :composeApp:produceReleaseBundleIdeListingFile
2026-09-07T16:48:31.2533694Z > Task :composeApp:createReleaseBundleListingFileRedirect
2026-09-07T16:48:31.2613537Z > Task :composeApp:bundleRelease
2026-09-07T16:48:31.2633519Z > Task :productionAndroidCheck
2026-09-07T16:48:31.2673763Z > Task :composeApp:generateActualResourceCollectorsForIosSimulatorArm64Main
2026-09-07T16:48:34.1443166Z > Task :game-modes:mafia:downloadKotlinNativeDistribution
2026-09-07T16:48:34.1483939Z > Task :shared:content:downloadKotlinNativeDistribution
2026-09-07T16:48:34.1494306Z > Task :game-modes:mafia:generateActualResourceCollectorsForIosSimulatorArm64Main
2026-09-07T16:48:34.1495193Z > Task :shared:core:downloadKotlinNativeDistribution
2026-09-07T16:48:34.2443561Z > Task :shared:core:exportCrossCompilationMetadataForIosSimulatorArm64ApiElements
2026-09-07T16:48:34.2445545Z > Task :shared:engine:downloadKotlinNativeDistribution
2026-09-07T16:48:34.2503673Z > Task :shared:engine:exportCrossCompilationMetadataForIosSimulatorArm64ApiElements
2026-09-07T16:48:34.2504802Z > Task :shared:content:exportCrossCompilationMetadataForIosSimulatorArm64ApiElements
2026-09-07T16:48:34.2533593Z > Task :shared:design-system:downloadKotlinNativeDistribution
2026-09-07T16:48:34.4444059Z > Task :shared:design-system:generateActualResourceCollectorsForIosSimulatorArm64Main
2026-09-07T16:48:34.4445369Z > Task :shared:design-system:exportCrossCompilationMetadataForIosSimulatorArm64ApiElements
2026-09-07T16:48:34.4493815Z > Task :shared:networking:downloadKotlinNativeDistribution
2026-09-07T16:48:34.4524556Z > Task :shared:networking:exportCrossCompilationMetadataForIosSimulatorArm64ApiElements
2026-09-07T16:48:34.4533697Z > Task :shared:session:downloadKotlinNativeDistribution
2026-09-07T16:48:34.4573818Z > Task :shared:session:exportCrossCompilationMetadataForIosSimulatorArm64ApiElements
2026-09-07T16:48:34.5459351Z > Task :shared:storage:downloadKotlinNativeDistribution
2026-09-07T16:48:34.5494064Z > Task :shared:storage:exportCrossCompilationMetadataForIosSimulatorArm64ApiElements
2026-09-07T16:48:34.5507586Z > Task :game-modes:mafia:exportCrossCompilationMetadataForIosSimulatorArm64ApiElements
2026-09-07T16:48:34.5553769Z > Task :game-modes:whodunit:downloadKotlinNativeDistribution
2026-09-07T16:48:34.5555048Z > Task :game-modes:whodunit:generateActualResourceCollectorsForIosSimulatorArm64Main
2026-09-07T16:48:34.5583683Z > Task :game-modes:whodunit:exportCrossCompilationMetadataForIosSimulatorArm64ApiElements
2026-09-07T16:48:34.5636168Z > Task :shared:transport-p2p:downloadKotlinNativeDistribution
2026-09-07T16:48:34.5674771Z > Task :shared:transport-p2p:exportCrossCompilationMetadataForIosSimulatorArm64ApiElements
2026-09-07T16:48:34.5743540Z > Task :game-modes:mafia:assembleIosSimulatorArm64MainResources
2026-09-07T16:48:34.6454174Z > Task :game-modes:mafia:iosSimulatorArm64CopyHierarchicalMultiplatformResources
2026-09-07T16:48:34.6483772Z > Task :game-modes:mafia:iosSimulatorArm64ZipMultiplatformResourcesForPublication
2026-09-07T16:48:34.6543610Z > Task :game-modes:whodunit:assembleIosSimulatorArm64MainResources
2026-09-07T16:48:34.6573708Z > Task :game-modes:whodunit:iosSimulatorArm64CopyHierarchicalMultiplatformResources
2026-09-07T16:48:34.7443472Z > Task :game-modes:whodunit:iosSimulatorArm64ZipMultiplatformResourcesForPublication
2026-09-07T16:48:34.7503871Z > Task :shared:design-system:assembleIosSimulatorArm64MainResources
2026-09-07T16:48:34.7529678Z > Task :shared:design-system:iosSimulatorArm64CopyHierarchicalMultiplatformResources
2026-09-07T16:48:34.9444308Z > Task :shared:design-system:iosSimulatorArm64ZipMultiplatformResourcesForPublication
2026-09-07T16:48:35.0472479Z > Task :composeApp:iosSimulatorArm64ResolveResourcesFromDependencies
2026-09-07T16:48:35.1444278Z > Task :composeApp:assembleIosSimulatorArm64MainResources
2026-09-07T16:48:35.1494410Z > Task :composeApp:iosSimulatorArm64ResolveSelfResourcesCopyHierarchicalMultiplatformResources
2026-09-07T16:48:35.2464561Z > Task :composeApp:iosSimulatorArm64AggregateResources
2026-09-07T16:48:35.2524692Z > Task :composeApp:iosSimulatorArm64ProcessResources
2026-09-07T16:48:35.2583977Z > Task :shared:engine-testing:downloadKotlinNativeDistribution
2026-09-07T16:48:35.2614033Z > Task :shared:engine-testing:exportCrossCompilationMetadataForIosSimulatorArm64ApiElements
2026-09-07T16:48:35.2689757Z > Task :composeApp:computeLocalPackageDependencyInputFiles SKIPPED
2026-09-07T16:48:35.2754000Z > Task :composeApp:generateSyntheticLinkageSwiftPMImportProjectForCinteropsAndLdDump SKIPPED
2026-09-07T16:48:35.2784011Z > Task :composeApp:generateUmbrellaPackageIdentifierBasedResolutionForDefault SKIPPED
2026-09-07T16:48:35.2823773Z > Task :composeApp:fetchUmbrellaPackageIdentifierForDefault SKIPPED
2026-09-07T16:48:35.2873818Z > Task :composeApp:syncPersistedPackageResolvedToSynthetic SKIPPED
2026-09-07T16:48:35.2903787Z > Task :composeApp:fetchSyntheticImportProjectPackages SKIPPED
2026-09-07T16:48:35.2963915Z > Task :composeApp:convertSyntheticImportProjectIntoDefFileIphonesimulator SKIPPED
2026-09-07T16:48:35.2993033Z > Task :composeApp:assembleIosSimulatorArm64TestResources
2026-09-07T16:48:35.3443261Z > Task :composeApp:copyTestComposeResourcesForIosSimulatorArm64
2026-09-07T16:48:35.3458091Z > Task :composeApp:generateActualResourceCollectorsForIosX64Main
2026-09-07T16:48:35.3484309Z > Task :game-modes:mafia:generateActualResourceCollectorsForIosX64Main
2026-09-07T16:48:47.6454106Z > Task :shared:core:compileKotlinIosX64
2026-09-07T16:48:47.6533895Z > Task :shared:core:compileKotlinIosSimulatorArm64
2026-09-07T16:48:47.6593825Z > Task :shared:core:exportCrossCompilationMetadataForIosX64ApiElements
2026-09-07T16:48:50.5444677Z > Task :shared:engine:compileKotlinIosSimulatorArm64
2026-09-07T16:48:52.6443820Z > Task :shared:transport-p2p:detektDesktopTest
2026-09-07T16:48:53.4442787Z > Task :typeAwareStaticAnalysis
2026-09-07T16:48:53.4453808Z > Task :productionStaticAnalysis
2026-09-07T16:48:55.9454295Z > Task :shared:content:compileKotlinIosSimulatorArm64
2026-09-07T16:48:58.9443447Z > Task :shared:storage:compileKotlinIosSimulatorArm64
2026-09-07T16:49:00.7454199Z > Task :shared:engine-testing:compileKotlinIosSimulatorArm64
2026-09-07T16:49:02.0454037Z > Task :shared:networking:compileKotlinIosSimulatorArm64
2026-09-07T16:49:02.7473944Z > Task :shared:engine:compileKotlinIosX64
2026-09-07T16:49:05.6444483Z > Task :shared:design-system:compileKotlinIosSimulatorArm64
2026-09-07T16:49:05.6473867Z > Task :shared:engine:exportCrossCompilationMetadataForIosX64ApiElements
2026-09-07T16:49:09.4443131Z > Task :shared:content:compileKotlinIosX64
2026-09-07T16:49:09.4464026Z > Task :shared:content:exportCrossCompilationMetadataForIosX64ApiElements
2026-09-07T16:49:09.4484029Z > Task :shared:design-system:generateActualResourceCollectorsForIosX64Main
2026-09-07T16:49:16.3453255Z > Task :shared:session:compileKotlinIosSimulatorArm64
2026-09-07T16:49:22.2444025Z > Task :shared:design-system:compileKotlinIosX64
2026-09-07T16:49:22.6443083Z > Task :shared:transport-p2p:compileKotlinIosSimulatorArm64
2026-09-07T16:49:22.6474528Z > Task :shared:design-system:exportCrossCompilationMetadataForIosX64ApiElements
2026-09-07T16:49:30.7443993Z > Task :shared:networking:compileKotlinIosX64
2026-09-07T16:49:30.7473908Z > Task :shared:networking:exportCrossCompilationMetadataForIosX64ApiElements
2026-09-07T16:49:43.0443180Z > Task :shared:session:compileKotlinIosX64
2026-09-07T16:49:43.0463873Z > Task :shared:session:exportCrossCompilationMetadataForIosX64ApiElements
2026-09-07T16:49:44.9454069Z > Task :shared:storage:compileKotlinIosX64
2026-09-07T16:49:44.9483974Z > Task :shared:storage:exportCrossCompilationMetadataForIosX64ApiElements
2026-09-07T16:49:46.3454134Z > Task :game-modes:mafia:compileKotlinIosSimulatorArm64
2026-09-07T16:49:52.2464303Z > Task :game-modes:whodunit:compileKotlinIosSimulatorArm64
2026-09-07T16:50:00.8443201Z > Task :game-modes:mafia:exportCrossCompilationMetadataForIosX64ApiElements
2026-09-07T16:50:00.8474014Z > Task :game-modes:whodunit:generateActualResourceCollectorsForIosX64Main
2026-09-07T16:50:11.4443035Z > Task :game-modes:mafia:compileKotlinIosX64
2026-09-07T16:50:11.4453822Z > Task :game-modes:whodunit:exportCrossCompilationMetadataForIosX64ApiElements
2026-09-07T16:50:17.4444068Z > Task :composeApp:compileKotlinIosSimulatorArm64
2026-09-07T16:50:17.4493716Z > Task :composeApp:iosSimulatorArm64MainKlibrary
2026-09-07T16:50:18.4444426Z > Task :shared:transport-p2p:compileKotlinIosX64
2026-09-07T16:50:18.4513868Z > Task :shared:transport-p2p:exportCrossCompilationMetadataForIosX64ApiElements
2026-09-07T16:50:18.4573524Z > Task :game-modes:mafia:assembleIosX64MainResources
2026-09-07T16:50:18.4633484Z > Task :game-modes:mafia:iosX64CopyHierarchicalMultiplatformResources
2026-09-07T16:50:18.4693568Z > Task :game-modes:mafia:iosX64ZipMultiplatformResourcesForPublication
2026-09-07T16:50:18.4753505Z > Task :game-modes:whodunit:assembleIosX64MainResources
2026-09-07T16:50:18.4783586Z > Task :game-modes:whodunit:iosX64CopyHierarchicalMultiplatformResources
2026-09-07T16:50:18.4813588Z > Task :game-modes:whodunit:iosX64ZipMultiplatformResourcesForPublication
2026-09-07T16:50:18.4873535Z > Task :shared:design-system:assembleIosX64MainResources
2026-09-07T16:50:18.5464163Z > Task :shared:design-system:iosX64CopyHierarchicalMultiplatformResources
2026-09-07T16:50:18.5491108Z > Task :shared:design-system:iosX64ZipMultiplatformResourcesForPublication
2026-09-07T16:50:18.6454035Z > Task :composeApp:iosX64ResolveResourcesFromDependencies
2026-09-07T16:50:18.6483560Z > Task :composeApp:assembleIosX64MainResources
2026-09-07T16:50:18.6513744Z > Task :composeApp:iosX64ResolveSelfResourcesCopyHierarchicalMultiplatformResources
2026-09-07T16:50:18.6514548Z > Task :composeApp:iosX64AggregateResources
2026-09-07T16:50:18.6515040Z > Task :composeApp:iosX64ProcessResources
2026-09-07T16:50:19.3454022Z > Task :shared:engine-testing:compileKotlinIosX64
2026-09-07T16:50:19.3496891Z > Task :shared:engine-testing:exportCrossCompilationMetadataForIosX64ApiElements
2026-09-07T16:50:19.3543485Z > Task :composeApp:assembleIosX64TestResources
2026-09-07T16:50:19.4514033Z > Task :composeApp:copyTestComposeResourcesForIosX64
2026-09-07T16:50:19.4573795Z > Task :game-modes:mafia:iosSimulatorArm64ResolveResourcesFromDependencies
2026-09-07T16:50:19.4604613Z > Task :game-modes:mafia:iosSimulatorArm64ResolveSelfResourcesCopyHierarchicalMultiplatformResources
2026-09-07T16:50:19.4633448Z > Task :game-modes:mafia:iosSimulatorArm64AggregateResources
2026-09-07T16:50:19.4643414Z > Task :game-modes:mafia:iosSimulatorArm64ProcessResources
2026-09-07T16:50:19.4723715Z > Task :game-modes:mafia:iosSimulatorArm64MainKlibrary
2026-09-07T16:50:19.4753625Z > Task :shared:networking-testing:downloadKotlinNativeDistribution
2026-09-07T16:50:20.1443901Z > Task :shared:networking-testing:compileKotlinIosSimulatorArm64
2026-09-07T16:50:20.1484323Z > Task :shared:networking-testing:exportCrossCompilationMetadataForIosSimulatorArm64ApiElements
2026-09-07T16:50:21.2454747Z > Task :game-modes:mafia:compileTestKotlinIosSimulatorArm64
2026-09-07T16:50:21.2457609Z > Task :game-modes:mafia:computeLocalPackageDependencyInputFiles SKIPPED
2026-09-07T16:50:21.2531542Z > Task :game-modes:mafia:generateSyntheticLinkageSwiftPMImportProjectForCinteropsAndLdDump SKIPPED
2026-09-07T16:50:21.2583538Z > Task :game-modes:mafia:syncPersistedPackageResolvedToSynthetic SKIPPED
2026-09-07T16:50:21.2595287Z > Task :game-modes:mafia:fetchSyntheticImportProjectPackages SKIPPED
2026-09-07T16:50:21.2613633Z > Task :game-modes:mafia:convertSyntheticImportProjectIntoDefFileIphonesimulator SKIPPED
2026-09-07T16:50:21.2643571Z > Task :game-modes:mafia:assembleIosSimulatorArm64TestResources
2026-09-07T16:50:21.3464344Z > Task :game-modes:mafia:copyTestComposeResourcesForIosSimulatorArm64
2026-09-07T16:50:21.3513865Z > Task :game-modes:mafia:linkDebugTestIosSimulatorArm64 SKIPPED
2026-09-07T16:50:21.3603770Z > Task :game-modes:mafia:iosSimulatorArm64Test SKIPPED
2026-09-07T16:50:21.3633873Z > Task :game-modes:mafia:iosX64ResolveResourcesFromDependencies
2026-09-07T16:50:21.3634991Z > Task :game-modes:mafia:iosX64ResolveSelfResourcesCopyHierarchicalMultiplatformResources
2026-09-07T16:50:21.3693435Z > Task :game-modes:mafia:iosX64AggregateResources
2026-09-07T16:50:21.3743625Z > Task :game-modes:mafia:iosX64ProcessResources
2026-09-07T16:50:21.3783455Z > Task :game-modes:mafia:iosX64MainKlibrary
2026-09-07T16:50:21.6464542Z > Task :composeApp:compileTestKotlinIosSimulatorArm64
2026-09-07T16:50:21.6485431Z > Task :composeApp:linkDebugTestIosSimulatorArm64 SKIPPED
2026-09-07T16:50:21.6504570Z > Task :composeApp:iosSimulatorArm64Test SKIPPED
2026-09-07T16:50:21.6518852Z > Task :shared:networking-testing:exportCrossCompilationMetadataForIosX64ApiElements
2026-09-07T16:50:21.6543744Z > Task :game-modes:mafia:assembleIosX64TestResources
2026-09-07T16:50:21.6573457Z > Task :game-modes:mafia:copyTestComposeResourcesForIosX64
2026-09-07T16:50:21.6574220Z > Task :game-modes:mafia:preDebugUnitTestBuild UP-TO-DATE
2026-09-07T16:50:21.6574946Z > Task :shared:networking-testing:preDebugBuild UP-TO-DATE
2026-09-07T16:50:21.6575700Z > Task :shared:networking-testing:generateDebugResValues FROM-CACHE
2026-09-07T16:50:21.6576475Z > Task :shared:networking-testing:generateDebugResources FROM-CACHE
2026-09-07T16:50:21.6577148Z > Task :shared:networking-testing:packageDebugResources
2026-09-07T16:50:21.6577948Z > Task :shared:networking-testing:processDebugNavigationResources FROM-CACHE
2026-09-07T16:50:21.7443645Z > Task :shared:networking-testing:parseDebugLocalResources FROM-CACHE
2026-09-07T16:50:21.7473611Z > Task :shared:networking-testing:generateDebugRFile FROM-CACHE
2026-09-07T16:50:21.7474391Z > Task :game-modes:mafia:generateDebugUnitTestStubRFile FROM-CACHE
2026-09-07T16:50:22.1475816Z > Task :shared:networking-testing:compileKotlinIosX64
2026-09-07T16:50:23.8444179Z > Task :shared:networking-testing:compileDebugKotlinAndroid
2026-09-07T16:50:23.8463751Z > Task :shared:networking-testing:javaPreCompileDebug FROM-CACHE
2026-09-07T16:50:23.8509145Z > Task :shared:networking-testing:compileDebugJavaWithJavac NO-SOURCE
2026-09-07T16:50:23.8563676Z > Task :shared:networking-testing:bundleLibCompileToJarDebug
2026-09-07T16:50:24.1449482Z > Task :game-modes:mafia:compileTestKotlinIosX64
2026-09-07T16:50:24.1493687Z > Task :game-modes:mafia:linkDebugTestIosX64 SKIPPED
2026-09-07T16:50:24.1503396Z > Task :game-modes:mafia:iosX64Test SKIPPED
2026-09-07T16:50:24.1544196Z > Task :game-modes:mafia:javaPreCompileDebugUnitTest FROM-CACHE
2026-09-07T16:50:24.1563559Z > Task :shared:networking-testing:bundleLibRuntimeToJarDebug
2026-09-07T16:50:24.1593577Z > Task :shared:networking-testing:processDebugJavaRes
2026-09-07T16:50:24.1613498Z > Task :game-modes:mafia:processReleaseUnitTestJavaRes
2026-09-07T16:50:26.4464004Z > Task :game-modes:whodunit:compileKotlinIosX64
2026-09-07T16:50:27.0443248Z > Task :game-modes:mafia:compileDebugUnitTestKotlinAndroid
2026-09-07T16:50:27.0473885Z > Task :game-modes:mafia:compileDebugUnitTestJavaWithJavac NO-SOURCE
2026-09-07T16:50:27.0474713Z > Task :game-modes:mafia:processDebugUnitTestJavaRes
2026-09-07T16:50:28.9442700Z > Task :game-modes:mafia:testReleaseUnitTest
2026-09-07T16:50:29.0454266Z > Task :game-modes:whodunit:iosSimulatorArm64ResolveResourcesFromDependencies
2026-09-07T16:50:29.0484296Z > Task :game-modes:whodunit:iosSimulatorArm64ResolveSelfResourcesCopyHierarchicalMultiplatformResources
2026-09-07T16:50:29.0493773Z > Task :game-modes:whodunit:iosSimulatorArm64AggregateResources
2026-09-07T16:50:29.0523674Z > Task :game-modes:whodunit:iosSimulatorArm64ProcessResources
2026-09-07T16:50:29.0543549Z > Task :game-modes:whodunit:iosSimulatorArm64MainKlibrary
2026-09-07T16:50:30.2464095Z > Task :game-modes:whodunit:compileTestKotlinIosSimulatorArm64
2026-09-07T16:50:30.2534114Z > Task :game-modes:whodunit:computeLocalPackageDependencyInputFiles SKIPPED
2026-09-07T16:50:30.2535313Z > Task :game-modes:whodunit:generateSyntheticLinkageSwiftPMImportProjectForCinteropsAndLdDump SKIPPED
2026-09-07T16:50:30.2583736Z > Task :game-modes:whodunit:syncPersistedPackageResolvedToSynthetic SKIPPED
2026-09-07T16:50:30.2613767Z > Task :game-modes:whodunit:fetchSyntheticImportProjectPackages SKIPPED
2026-09-07T16:50:30.2636406Z > Task :game-modes:whodunit:convertSyntheticImportProjectIntoDefFileIphonesimulator SKIPPED
2026-09-07T16:50:30.2703504Z > Task :game-modes:whodunit:assembleIosSimulatorArm64TestResources
2026-09-07T16:50:30.2763715Z > Task :game-modes:whodunit:copyTestComposeResourcesForIosSimulatorArm64
2026-09-07T16:50:30.2793115Z > Task :game-modes:whodunit:linkDebugTestIosSimulatorArm64 SKIPPED
2026-09-07T16:50:30.2823593Z > Task :game-modes:whodunit:iosSimulatorArm64Test SKIPPED
2026-09-07T16:50:30.3454088Z > Task :game-modes:whodunit:iosX64ResolveResourcesFromDependencies
2026-09-07T16:50:30.3520910Z > Task :game-modes:whodunit:iosX64ResolveSelfResourcesCopyHierarchicalMultiplatformResources
2026-09-07T16:50:30.3543876Z > Task :game-modes:whodunit:iosX64AggregateResources
2026-09-07T16:50:30.3573607Z > Task :game-modes:whodunit:iosX64ProcessResources
2026-09-07T16:50:30.3603792Z > Task :game-modes:whodunit:iosX64MainKlibrary
2026-09-07T16:50:31.2443108Z > Task :game-modes:mafia:testDebugUnitTest
2026-09-07T16:50:31.3443205Z > Task :game-modes:whodunit:compileTestKotlinIosX64
2026-09-07T16:50:31.3463806Z > Task :game-modes:whodunit:assembleIosX64TestResources
2026-09-07T16:50:31.3464578Z > Task :game-modes:whodunit:copyTestComposeResourcesForIosX64
2026-09-07T16:50:31.3465258Z > Task :game-modes:whodunit:linkDebugTestIosX64 SKIPPED
2026-09-07T16:50:31.3465821Z > Task :game-modes:whodunit:iosX64Test SKIPPED
2026-09-07T16:50:31.3466785Z > Task :game-modes:whodunit:preDebugUnitTestBuild UP-TO-DATE
2026-09-07T16:50:31.3467505Z > Task :game-modes:whodunit:generateDebugUnitTestStubRFile FROM-CACHE
2026-09-07T16:50:31.3468126Z > Task :game-modes:mafia:allTests
2026-09-07T16:50:31.3468691Z > Task :game-modes:whodunit:javaPreCompileDebugUnitTest FROM-CACHE
2026-09-07T16:50:31.3469376Z > Task :game-modes:whodunit:processReleaseUnitTestJavaRes
2026-09-07T16:50:32.3484226Z > Task :game-modes:whodunit:compileDebugUnitTestKotlinAndroid
2026-09-07T16:50:32.3524654Z > Task :game-modes:whodunit:compileDebugUnitTestJavaWithJavac NO-SOURCE
2026-09-07T16:50:32.3573411Z > Task :game-modes:whodunit:processDebugUnitTestJavaRes
2026-09-07T16:50:33.1495423Z > Task :game-modes:whodunit:testReleaseUnitTest
2026-09-07T16:50:33.1524146Z > Task :shared:content:iosSimulatorArm64ProcessResources NO-SOURCE
2026-09-07T16:50:33.1583750Z > Task :shared:content:iosSimulatorArm64MainKlibrary
2026-09-07T16:50:34.0442762Z > Task :shared:content:compileTestKotlinIosSimulatorArm64
2026-09-07T16:50:34.0474170Z > Task :shared:content:computeLocalPackageDependencyInputFiles SKIPPED
2026-09-07T16:50:34.0477054Z > Task :shared:content:generateSyntheticLinkageSwiftPMImportProjectForCinteropsAndLdDump SKIPPED
2026-09-07T16:50:34.0503874Z > Task :shared:content:syncPersistedPackageResolvedToSynthetic SKIPPED
2026-09-07T16:50:34.0533641Z > Task :shared:content:fetchSyntheticImportProjectPackages SKIPPED
2026-09-07T16:50:34.0543363Z > Task :shared:content:convertSyntheticImportProjectIntoDefFileIphonesimulator SKIPPED
2026-09-07T16:50:34.0544519Z > Task :shared:content:linkDebugTestIosSimulatorArm64 SKIPPED
2026-09-07T16:50:34.0545422Z > Task :shared:content:iosSimulatorArm64Test SKIPPED
2026-09-07T16:50:34.0546176Z > Task :shared:content:iosX64ProcessResources NO-SOURCE
2026-09-07T16:50:34.0546907Z > Task :shared:content:iosX64MainKlibrary
2026-09-07T16:50:34.2443662Z > Task :game-modes:whodunit:testDebugUnitTest
2026-09-07T16:50:34.2473881Z > Task :shared:content:preDebugUnitTestBuild UP-TO-DATE
2026-09-07T16:50:34.2500639Z > Task :shared:content:generateDebugUnitTestStubRFile FROM-CACHE
2026-09-07T16:50:34.8444322Z > Task :shared:content:compileTestKotlinIosX64
2026-09-07T16:50:34.8454372Z > Task :shared:content:linkDebugTestIosX64 SKIPPED
2026-09-07T16:50:34.8483550Z > Task :shared:content:iosX64Test SKIPPED
2026-09-07T16:50:34.8513613Z > Task :shared:content:javaPreCompileDebugUnitTest FROM-CACHE
2026-09-07T16:50:34.8533632Z > Task :shared:content:processReleaseUnitTestJavaRes
2026-09-07T16:50:35.0444143Z > Task :composeApp:compileKotlinIosX64
2026-09-07T16:50:35.0482444Z > Task :composeApp:iosX64MainKlibrary
2026-09-07T16:50:35.3444969Z > Task :shared:content:compileDebugUnitTestKotlinAndroid
2026-09-07T16:50:35.3475297Z > Task :shared:content:compileDebugUnitTestJavaWithJavac NO-SOURCE
2026-09-07T16:50:35.3513492Z > Task :shared:content:processDebugUnitTestJavaRes
2026-09-07T16:50:37.3442608Z > Task :shared:content:testReleaseUnitTest
2026-09-07T16:50:37.3474159Z > Task :shared:core:iosSimulatorArm64ProcessResources NO-SOURCE
2026-09-07T16:50:37.3503732Z > Task :shared:core:iosSimulatorArm64MainKlibrary
2026-09-07T16:50:37.4464185Z > Task :composeApp:compileTestKotlinIosX64
2026-09-07T16:50:37.4473555Z > Task :composeApp:linkDebugTestIosX64 SKIPPED
2026-09-07T16:50:37.4508473Z > Task :composeApp:iosX64Test SKIPPED
2026-09-07T16:50:37.5444169Z > Task :composeApp:allTests
2026-09-07T16:50:37.5453595Z > Task :shared:core:computeLocalPackageDependencyInputFiles SKIPPED
2026-09-07T16:50:37.5503769Z > Task :shared:core:generateSyntheticLinkageSwiftPMImportProjectForCinteropsAndLdDump SKIPPED
2026-09-07T16:50:37.5533544Z > Task :shared:core:syncPersistedPackageResolvedToSynthetic SKIPPED
2026-09-07T16:50:37.5553843Z > Task :shared:core:fetchSyntheticImportProjectPackages SKIPPED
2026-09-07T16:50:37.5583845Z > Task :shared:core:convertSyntheticImportProjectIntoDefFileIphonesimulator SKIPPED
2026-09-07T16:50:37.5603655Z > Task :shared:core:iosX64ProcessResources NO-SOURCE
2026-09-07T16:50:37.5605105Z > Task :shared:core:iosX64MainKlibrary
2026-09-07T16:50:37.9454358Z > Task :shared:core:compileTestKotlinIosSimulatorArm64
2026-09-07T16:50:38.0444005Z > Task :shared:core:linkDebugTestIosSimulatorArm64 SKIPPED
2026-09-07T16:50:38.0474006Z > Task :shared:core:iosSimulatorArm64Test SKIPPED
2026-09-07T16:50:38.0503895Z > Task :shared:core:preDebugUnitTestBuild UP-TO-DATE
2026-09-07T16:50:38.0512263Z > Task :shared:core:generateDebugUnitTestStubRFile FROM-CACHE
2026-09-07T16:50:38.0537988Z > Task :shared:content:testDebugUnitTest
2026-09-07T16:50:38.0553586Z > Task :shared:content:allTests
2026-09-07T16:50:38.0583625Z > Task :shared:core:javaPreCompileDebugUnitTest FROM-CACHE
2026-09-07T16:50:38.0613768Z > Task :shared:core:processReleaseUnitTestJavaRes
2026-09-07T16:50:38.1443530Z > Task :shared:core:compileTestKotlinIosX64
2026-09-07T16:50:38.1445447Z > Task :shared:core:linkDebugTestIosX64 SKIPPED
2026-09-07T16:50:38.1473915Z > Task :shared:core:iosX64Test SKIPPED
2026-09-07T16:50:38.1503852Z > Task :shared:design-system:iosSimulatorArm64ResolveResourcesFromDependencies
2026-09-07T16:50:38.1533927Z > Task :shared:design-system:iosSimulatorArm64ResolveSelfResourcesCopyHierarchicalMultiplatformResources
2026-09-07T16:50:38.2455907Z > Task :shared:design-system:iosSimulatorArm64AggregateResources
2026-09-07T16:50:38.2484687Z > Task :shared:design-system:iosSimulatorArm64ProcessResources
2026-09-07T16:50:38.2504324Z > Task :shared:design-system:iosSimulatorArm64MainKlibrary
2026-09-07T16:50:38.5443737Z > Task :shared:core:compileDebugUnitTestKotlinAndroid
2026-09-07T16:50:38.5493759Z > Task :shared:core:compileDebugUnitTestJavaWithJavac NO-SOURCE
2026-09-07T16:50:38.5503648Z > Task :shared:core:processDebugUnitTestJavaRes
2026-09-07T16:50:39.2467391Z > Task :shared:design-system:compileTestKotlinIosSimulatorArm64
2026-09-07T16:50:39.2480009Z > Task :shared:design-system:computeLocalPackageDependencyInputFiles SKIPPED
2026-09-07T16:50:39.2504096Z > Task :shared:design-system:generateSyntheticLinkageSwiftPMImportProjectForCinteropsAndLdDump SKIPPED
2026-09-07T16:50:39.2533698Z > Task :shared:design-system:syncPersistedPackageResolvedToSynthetic SKIPPED
2026-09-07T16:50:39.2563730Z > Task :shared:design-system:fetchSyntheticImportProjectPackages SKIPPED
2026-09-07T16:50:39.2593865Z > Task :shared:design-system:convertSyntheticImportProjectIntoDefFileIphonesimulator SKIPPED
2026-09-07T16:50:39.2595029Z > Task :shared:design-system:assembleIosSimulatorArm64TestResources
2026-09-07T16:50:39.2623828Z > Task :shared:design-system:copyTestComposeResourcesForIosSimulatorArm64
2026-09-07T16:50:39.2642064Z > Task :shared:design-system:linkDebugTestIosSimulatorArm64 SKIPPED
2026-09-07T16:50:39.2655092Z > Task :shared:design-system:iosSimulatorArm64Test SKIPPED
2026-09-07T16:50:39.3490869Z > Task :shared:design-system:iosX64ResolveResourcesFromDependencies
2026-09-07T16:50:39.3554136Z > Task :shared:design-system:iosX64ResolveSelfResourcesCopyHierarchicalMultiplatformResources
2026-09-07T16:50:39.3606919Z > Task :shared:design-system:iosX64AggregateResources
2026-09-07T16:50:39.3686714Z > Task :shared:design-system:iosX64ProcessResources
2026-09-07T16:50:39.3725231Z > Task :shared:design-system:iosX64MainKlibrary
2026-09-07T16:50:39.6443349Z > Task :shared:core:testReleaseUnitTest
2026-09-07T16:50:39.6483955Z > Task :shared:design-system:assembleIosX64TestResources
2026-09-07T16:50:39.6543904Z > Task :shared:design-system:copyTestComposeResourcesForIosX64
2026-09-07T16:50:39.6570413Z > Task :shared:design-system:preDebugUnitTestBuild UP-TO-DATE
2026-09-07T16:50:39.6623835Z > Task :shared:design-system:generateDebugUnitTestStubRFile FROM-CACHE
2026-09-07T16:50:40.1443746Z > Task :shared:core:testDebugUnitTest
2026-09-07T16:50:40.2504265Z > Task :shared:core:allTests
2026-09-07T16:50:40.2526153Z > Task :shared:design-system:javaPreCompileDebugUnitTest FROM-CACHE
2026-09-07T16:50:40.2594598Z > Task :shared:design-system:processReleaseUnitTestJavaRes
2026-09-07T16:50:40.3444842Z > Task :shared:design-system:compileTestKotlinIosX64
2026-09-07T16:50:40.3473830Z > Task :shared:design-system:linkDebugTestIosX64 SKIPPED
2026-09-07T16:50:40.3503644Z > Task :shared:design-system:iosX64Test SKIPPED
2026-09-07T16:50:40.3504802Z > Task :shared:engine:iosSimulatorArm64ProcessResources NO-SOURCE
2026-09-07T16:50:40.3533696Z > Task :shared:engine:iosSimulatorArm64MainKlibrary
2026-09-07T16:50:40.4454306Z > Task :shared:design-system:compileDebugUnitTestKotlinAndroid
2026-09-07T16:50:40.4464195Z > Task :shared:design-system:compileDebugUnitTestJavaWithJavac NO-SOURCE
2026-09-07T16:50:40.4493955Z > Task :shared:design-system:processDebugUnitTestJavaRes
2026-09-07T16:50:40.8446264Z > Task :shared:engine:compileTestKotlinIosSimulatorArm64
2026-09-07T16:50:40.8489887Z > Task :shared:engine:computeLocalPackageDependencyInputFiles SKIPPED
2026-09-07T16:50:40.8491730Z > Task :shared:engine:generateSyntheticLinkageSwiftPMImportProjectForCinteropsAndLdDump SKIPPED
2026-09-07T16:50:40.8494886Z > Task :shared:engine:syncPersistedPackageResolvedToSynthetic SKIPPED
2026-09-07T16:50:40.8524439Z > Task :shared:engine:fetchSyntheticImportProjectPackages SKIPPED
2026-09-07T16:50:40.8573154Z > Task :shared:engine:convertSyntheticImportProjectIntoDefFileIphonesimulator SKIPPED
2026-09-07T16:50:40.8623655Z > Task :shared:engine:linkDebugTestIosSimulatorArm64 SKIPPED
2026-09-07T16:50:40.8624365Z > Task :shared:engine:iosSimulatorArm64Test SKIPPED
2026-09-07T16:50:40.8647167Z > Task :shared:engine:iosX64ProcessResources NO-SOURCE
2026-09-07T16:50:40.8703397Z > Task :shared:engine:iosX64MainKlibrary
2026-09-07T16:50:41.3494021Z > Task :shared:engine:compileTestKotlinIosX64
2026-09-07T16:50:41.3521487Z > Task :shared:engine:linkDebugTestIosX64 SKIPPED
2026-09-07T16:50:41.3547129Z > Task :shared:engine:iosX64Test SKIPPED
2026-09-07T16:50:41.3595605Z > Task :shared:engine:preDebugUnitTestBuild UP-TO-DATE
2026-09-07T16:50:41.3643644Z > Task :shared:engine:generateDebugUnitTestStubRFile FROM-CACHE
2026-09-07T16:50:42.0454431Z > Task :shared:design-system:testReleaseUnitTest
2026-09-07T16:50:42.0463703Z > Task :shared:engine:javaPreCompileDebugUnitTest FROM-CACHE
2026-09-07T16:50:42.0506268Z > Task :shared:engine:processReleaseUnitTestJavaRes
2026-09-07T16:50:42.1443092Z > Task :shared:design-system:testDebugUnitTest
2026-09-07T16:50:42.2444361Z > Task :shared:engine:compileDebugUnitTestKotlinAndroid
2026-09-07T16:50:42.2464077Z > Task :shared:engine:compileDebugUnitTestJavaWithJavac NO-SOURCE
2026-09-07T16:50:42.2483509Z > Task :shared:engine:processDebugUnitTestJavaRes
2026-09-07T16:50:42.2504937Z > Task :shared:design-system:allTests FAILED
2026-09-07T16:50:43.4443854Z > Task :shared:engine:testReleaseUnitTest
2026-09-07T16:50:43.5443195Z > Task :shared:engine:testDebugUnitTest
2026-09-07T16:51:35.5443288Z 
2026-09-07T16:51:35.5446323Z > Task :game-modes:whodunit:desktopTest
2026-09-07T16:51:35.5447038Z 
2026-09-07T16:51:35.5447656Z WhodunitLocalLeaveTimerTest[desktop] > classicConfirmationTimeIsExcludedAndStayRestartsOnlyOneTicker()[desktop] FAILED
2026-09-07T16:51:35.5448605Z     kotlinx.coroutines.test.UncompletedCoroutinesError at TestBuilders.kt:353
2026-09-07T16:53:40.8442399Z 
2026-09-07T16:53:40.8443773Z WhodunitHostLeaveTimerTest[desktop] > lifecycleResumeBehindConfirmationDoesNotRestartHiddenDiscussion()[desktop] FAILED
2026-09-07T16:53:40.8445268Z     kotlinx.coroutines.test.UncompletedCoroutinesError at TestBuilders.kt:353
2026-09-07T16:55:44.0442129Z 
2026-09-07T16:55:44.0443322Z WhodunitHostLeaveTimerTest[desktop] > stayAndLifecycleResumeDoNotReleaseManualPause()[desktop] FAILED
2026-09-07T16:55:44.0444073Z     kotlinx.coroutines.test.UncompletedCoroutinesError at TestBuilders.kt:353
2026-09-07T16:55:44.1442221Z 
2026-09-07T16:55:44.1442674Z 360 tests completed, 4 failed
2026-09-07T16:55:44.1443941Z There were failing tests. See the report at: file:///home/runner/work/parlor/parlor/game-modes/whodunit/build/reports/tests/desktopTest/index.html
2026-09-07T16:55:44.2443620Z 
2026-09-07T16:55:44.2444227Z FAILURE: Build failed with an exception.
2026-09-07T16:55:44.2445098Z 
2026-09-07T16:55:44.2445126Z 
2026-09-07T16:55:44.2445296Z * What went wrong:
2026-09-07T16:55:44.2445762Z Execution failed for task ':shared:design-system:allTests'.
2026-09-07T16:55:44.2446912Z > There were failing tests. See the report at: file:///home/runner/work/parlor/parlor/shared/design-system/build/reports/tests/allTests/index.html
2026-09-07T16:55:44.2447784Z 
2026-09-07T16:55:44.2447897Z * Try:
2026-09-07T16:55:44.2448302Z > Run with --info or --debug option to get more log output.
2026-09-07T16:55:44.2448823Z > Run with --scan to get full insights.
2026-09-07T16:55:44.2449289Z > Get more help at https://help.gradle.org.
2026-09-07T16:55:44.2449597Z 
2026-09-07T16:55:44.2449730Z * Exception is:
2026-09-07T16:55:44.2450643Z org.gradle.api.tasks.TaskExecutionException: Execution failed for task ':shared:design-system:allTests'.
2026-09-07T16:55:44.2452110Z 	at org.gradle.api.internal.tasks.execution.ExecuteActionsTaskExecuter.lambda$executeIfValid$1(ExecuteActionsTaskExecuter.java:130)
2026-09-07T16:55:44.2453474Z 	at org.gradle.internal.Try$Failure.ifSuccessfulOrElse(Try.java:293)
2026-09-07T16:55:44.2454291Z 	at org.gradle.api.internal.tasks.execution.ExecuteActionsTaskExecuter.executeIfValid(ExecuteActionsTaskExecuter.java:128)
2026-09-07T16:55:44.2455203Z 	at org.gradle.api.internal.tasks.execution.ExecuteActionsTaskExecuter.execute(ExecuteActionsTaskExecuter.java:116)
2026-09-07T16:55:44.2456156Z 	at org.gradle.api.internal.tasks.execution.ProblemsTaskPathTrackingTaskExecuter.execute(ProblemsTaskPathTrackingTaskExecuter.java:40)
2026-09-07T16:55:44.2457128Z 	at org.gradle.api.internal.tasks.execution.FinalizePropertiesTaskExecuter.execute(FinalizePropertiesTaskExecuter.java:46)
2026-09-07T16:55:44.2458065Z 	at org.gradle.api.internal.tasks.execution.ResolveTaskExecutionModeExecuter.execute(ResolveTaskExecutionModeExecuter.java:51)
2026-09-07T16:55:44.2458966Z [Incubating] Problems report is available at: file:///home/runner/work/parlor/parlor/build/reports/problems/problems-report.html
2026-09-07T16:55:44.2459851Z 	at org.gradle.api.internal.tasks.execution.SkipTaskWithNoActionsExecuter.execute(SkipTaskWithNoActionsExecuter.java:57)
2026-09-07T16:55:44.2460700Z 	at org.gradle.api.internal.tasks.execution.SkipOnlyIfTaskExecuter.execute(SkipOnlyIfTaskExecuter.java:74)
2026-09-07T16:55:44.2461499Z 	at org.gradle.api.internal.tasks.execution.CatchExceptionTaskExecuter.execute(CatchExceptionTaskExecuter.java:36)
2026-09-07T16:55:44.2462307Z 	at org.gradle.api.internal.tasks.execution.EventFiringTaskExecuter$1.executeTask(EventFiringTaskExecuter.java:77)
2026-09-07T16:55:44.2463444Z 	at org.gradle.api.internal.tasks.execution.EventFiringTaskExecuter$1.call(EventFiringTaskExecuter.java:55)
2026-09-07T16:55:44.2464791Z 	at org.gradle.api.internal.tasks.execution.EventFiringTaskExecuter$1.call(EventFiringTaskExecuter.java:52)
2026-09-07T16:55:44.2466399Z 	at org.gradle.internal.operations.DefaultBuildOperationRunner$CallableBuildOperationWorker.execute(DefaultBuildOperationRunner.java:210)
2026-09-07T16:55:44.2468228Z 	at org.gradle.internal.operations.DefaultBuildOperationRunner$CallableBuildOperationWorker.execute(DefaultBuildOperationRunner.java:205)
2026-09-07T16:55:44.2469882Z 	at org.gradle.internal.operations.DefaultBuildOperationRunner$2.execute(DefaultBuildOperationRunner.java:67)
2026-09-07T16:55:44.2471403Z 	at org.gradle.internal.operations.DefaultBuildOperationRunner$2.execute(DefaultBuildOperationRunner.java:60)
2026-09-07T16:55:44.2472762Z 	at org.gradle.internal.operations.DefaultBuildOperationRunner.execute(DefaultBuildOperationRunner.java:167)
2026-09-07T16:55:44.2473893Z 	at org.gradle.internal.operations.DefaultBuildOperationRunner.execute(DefaultBuildOperationRunner.java:60)
2026-09-07T16:55:44.2474692Z 	at org.gradle.internal.operations.DefaultBuildOperationRunner.call(DefaultBuildOperationRunner.java:54)
2026-09-07T16:55:44.2475468Z 	at org.gradle.api.internal.tasks.execution.EventFiringTaskExecuter.execute(EventFiringTaskExecuter.java:52)
2026-09-07T16:55:44.2476374Z 	at org.gradle.execution.plan.LocalTaskNodeExecutor.execute(LocalTaskNodeExecutor.java:42)
2026-09-07T16:55:44.2477179Z 	at org.gradle.execution.taskgraph.DefaultTaskExecutionGraph$InvokeNodeExecutorsAction.execute(DefaultTaskExecutionGraph.java:331)
2026-09-07T16:55:44.2478108Z 	at org.gradle.execution.taskgraph.DefaultTaskExecutionGraph$InvokeNodeExecutorsAction.execute(DefaultTaskExecutionGraph.java:318)
2026-09-07T16:55:44.2479108Z 	at org.gradle.execution.taskgraph.DefaultTaskExecutionGraph$BuildOperationAwareExecutionAction.lambda$execute$0(DefaultTaskExecutionGraph.java:314)
2026-09-07T16:55:44.2480043Z 	at org.gradle.internal.operations.CurrentBuildOperationRef.with(CurrentBuildOperationRef.java:85)
2026-09-07T16:55:44.2481069Z 	at org.gradle.execution.taskgraph.DefaultTaskExecutionGraph$BuildOperationAwareExecutionAction.execute(DefaultTaskExecutionGraph.java:314)
2026-09-07T16:55:44.2482103Z 	at org.gradle.execution.taskgraph.DefaultTaskExecutionGraph$BuildOperationAwareExecutionAction.execute(DefaultTaskExecutionGraph.java:303)
2026-09-07T16:55:44.2483177Z 	at org.gradle.execution.plan.DefaultPlanExecutor$ExecutorWorker.execute(DefaultPlanExecutor.java:459)
2026-09-07T16:55:44.2483876Z 	at org.gradle.execution.plan.DefaultPlanExecutor$ExecutorWorker.run(DefaultPlanExecutor.java:376)
2026-09-07T16:55:44.2484578Z 	at org.gradle.internal.concurrent.ExecutorPolicy$CatchAndRecordFailures.onExecute(ExecutorPolicy.java:64)
2026-09-07T16:55:44.2485299Z 	at org.gradle.internal.concurrent.AbstractManagedExecutor$1.run(AbstractManagedExecutor.java:48)
2026-09-07T16:55:44.2486492Z Caused by: org.gradle.api.GradleException: There were failing tests. See the report at: file:///home/runner/work/parlor/parlor/shared/design-system/build/reports/tests/allTests/index.html
2026-09-07T16:55:44.2487541Z 	at org.jetbrains.kotlin.gradle.testing.internal.KotlinTestReport.checkFailedTests(KotlinTestReport.kt:152)
2026-09-07T16:55:44.2488324Z 	at java.base/jdk.internal.reflect.DirectMethodHandleAccessor.invoke(DirectMethodHandleAccessor.java:103)
2026-09-07T16:55:44.2488958Z 	at org.gradle.internal.reflect.JavaMethod.invoke(JavaMethod.java:125)
2026-09-07T16:55:44.2489620Z 	at org.gradle.api.internal.project.taskfactory.StandardTaskAction.doExecute(StandardTaskAction.java:58)
2026-09-07T16:55:44.2490361Z 	at org.gradle.api.internal.project.taskfactory.StandardTaskAction.execute(StandardTaskAction.java:51)
2026-09-07T16:55:44.2491084Z 	at org.gradle.api.internal.project.taskfactory.StandardTaskAction.execute(StandardTaskAction.java:29)
2026-09-07T16:55:44.2491737Z 	at org.gradle.api.internal.tasks.execution.TaskExecution$3.run(TaskExecution.java:244)
2026-09-07T16:55:44.2492432Z 	at org.gradle.internal.operations.DefaultBuildOperationRunner$1.execute(DefaultBuildOperationRunner.java:30)
2026-09-07T16:55:44.2493406Z 	at org.gradle.internal.operations.DefaultBuildOperationRunner$1.execute(DefaultBuildOperationRunner.java:27)
2026-09-07T16:55:44.2494177Z 	at org.gradle.internal.operations.DefaultBuildOperationRunner$2.execute(DefaultBuildOperationRunner.java:67)
2026-09-07T16:55:44.2494939Z 	at org.gradle.internal.operations.DefaultBuildOperationRunner$2.execute(DefaultBuildOperationRunner.java:60)
2026-09-07T16:55:44.2495704Z 	at org.gradle.internal.operations.DefaultBuildOperationRunner.execute(DefaultBuildOperationRunner.java:167)
2026-09-07T16:55:44.2496485Z 	at org.gradle.internal.operations.DefaultBuildOperationRunner.execute(DefaultBuildOperationRunner.java:60)
2026-09-07T16:55:44.2497246Z 	at org.gradle.internal.operations.DefaultBuildOperationRunner.run(DefaultBuildOperationRunner.java:48)
2026-09-07T16:55:44.2497962Z 	at org.gradle.api.internal.tasks.execution.TaskExecution.executeAction(TaskExecution.java:229)
2026-09-07T16:55:44.2498653Z 	at org.gradle.api.internal.tasks.execution.TaskExecution.executeActions(TaskExecution.java:212)
2026-09-07T16:55:44.2499432Z 	at org.gradle.api.internal.tasks.execution.TaskExecution.executeWithPreviousOutputFiles(TaskExecution.java:195)
2026-09-07T16:55:44.2500158Z 	at org.gradle.api.internal.tasks.execution.TaskExecution.execute(TaskExecution.java:162)
2026-09-07T16:55:44.2500961Z 	at org.gradle.internal.execution.steps.ExecuteStep.executeInternal(ExecuteStep.java:105)
2026-09-07T16:55:44.2501568Z 	at org.gradle.internal.execution.steps.ExecuteStep.access$000(ExecuteStep.java:44)
2026-09-07T16:55:44.2502125Z 	at org.gradle.internal.execution.steps.ExecuteStep$1.call(ExecuteStep.java:59)
2026-09-07T16:55:44.2502657Z 	at org.gradle.internal.execution.steps.ExecuteStep$1.call(ExecuteStep.java:56)
2026-09-07T16:55:44.2503667Z 	at org.gradle.internal.operations.DefaultBuildOperationRunner$CallableBuildOperationWorker.execute(DefaultBuildOperationRunner.java:210)
2026-09-07T16:55:44.2504677Z 	at org.gradle.internal.operations.DefaultBuildOperationRunner$CallableBuildOperationWorker.execute(DefaultBuildOperationRunner.java:205)
2026-09-07T16:55:44.2505684Z 	at org.gradle.internal.operations.DefaultBuildOperationRunner$2.execute(DefaultBuildOperationRunner.java:67)
2026-09-07T16:55:44.2506494Z 	at org.gradle.internal.operations.DefaultBuildOperationRunner$2.execute(DefaultBuildOperationRunner.java:60)
2026-09-07T16:55:44.2507276Z 	at org.gradle.internal.operations.DefaultBuildOperationRunner.execute(DefaultBuildOperationRunner.java:167)
2026-09-07T16:55:44.2508057Z 	at org.gradle.internal.operations.DefaultBuildOperationRunner.execute(DefaultBuildOperationRunner.java:60)
2026-09-07T16:55:44.2508833Z 	at org.gradle.internal.operations.DefaultBuildOperationRunner.call(DefaultBuildOperationRunner.java:54)
2026-09-07T16:55:44.2509487Z 	at org.gradle.internal.execution.steps.ExecuteStep.execute(ExecuteStep.java:56)
2026-09-07T16:55:44.2510053Z 	at org.gradle.internal.execution.steps.ExecuteStep.execute(ExecuteStep.java:44)
2026-09-07T16:55:44.2510693Z 	at org.gradle.internal.execution.steps.CancelExecutionStep.execute(CancelExecutionStep.java:42)
2026-09-07T16:55:44.2511378Z 	at org.gradle.internal.execution.steps.TimeoutStep.executeWithoutTimeout(TimeoutStep.java:75)
2026-09-07T16:55:44.2511995Z 	at org.gradle.internal.execution.steps.TimeoutStep.execute(TimeoutStep.java:55)
2026-09-07T16:55:44.2512700Z 	at org.gradle.internal.execution.steps.PreCreateOutputParentsStep.execute(PreCreateOutputParentsStep.java:50)
2026-09-07T16:55:44.2513640Z 	at org.gradle.internal.execution.steps.PreCreateOutputParentsStep.execute(PreCreateOutputParentsStep.java:28)
2026-09-07T16:55:44.2514445Z 	at org.gradle.internal.execution.steps.RemovePreviousOutputsStep.execute(RemovePreviousOutputsStep.java:67)
2026-09-07T16:55:44.2515220Z 	at org.gradle.internal.execution.steps.RemovePreviousOutputsStep.execute(RemovePreviousOutputsStep.java:37)
2026-09-07T16:55:44.2516028Z 	at org.gradle.internal.execution.steps.BroadcastChangingOutputsStep.execute(BroadcastChangingOutputsStep.java:61)
2026-09-07T16:55:44.2516863Z 	at org.gradle.internal.execution.steps.BroadcastChangingOutputsStep.execute(BroadcastChangingOutputsStep.java:26)
2026-09-07T16:55:44.2517734Z 	at org.gradle.internal.execution.steps.CaptureOutputsAfterExecutionStep.execute(CaptureOutputsAfterExecutionStep.java:69)
2026-09-07T16:55:44.2518658Z 	at org.gradle.internal.execution.steps.CaptureOutputsAfterExecutionStep.execute(CaptureOutputsAfterExecutionStep.java:46)
2026-09-07T16:55:44.2519486Z 	at org.gradle.internal.execution.steps.ResolveInputChangesStep.execute(ResolveInputChangesStep.java:40)
2026-09-07T16:55:44.2520232Z 	at org.gradle.internal.execution.steps.ResolveInputChangesStep.execute(ResolveInputChangesStep.java:29)
2026-09-07T16:55:44.2520959Z 	at org.gradle.internal.execution.steps.BuildCacheStep.executeWithoutCache(BuildCacheStep.java:189)
2026-09-07T16:55:44.2521648Z 	at org.gradle.internal.execution.steps.BuildCacheStep.lambda$execute$1(BuildCacheStep.java:75)
2026-09-07T16:55:44.2522184Z 	at org.gradle.internal.Either$Right.fold(Either.java:175)
2026-09-07T16:55:44.2522674Z 	at org.gradle.internal.execution.caching.CachingState.fold(CachingState.java:62)
2026-09-07T16:55:44.2523366Z 	at org.gradle.internal.execution.steps.BuildCacheStep.execute(BuildCacheStep.java:73)
2026-09-07T16:55:44.2524116Z 	at org.gradle.internal.execution.steps.BuildCacheStep.execute(BuildCacheStep.java:48)
2026-09-07T16:55:44.2524787Z 	at org.gradle.internal.execution.steps.StoreExecutionStateStep.execute(StoreExecutionStateStep.java:46)
2026-09-07T16:55:44.2525526Z 	at org.gradle.internal.execution.steps.StoreExecutionStateStep.execute(StoreExecutionStateStep.java:35)
2026-09-07T16:55:44.2526240Z 	at org.gradle.internal.execution.steps.SkipUpToDateStep.executeBecause(SkipUpToDateStep.java:75)
2026-09-07T16:55:44.2527328Z 	at org.gradle.internal.execution.steps.SkipUpToDateStep.lambda$execute$2(SkipUpToDateStep.java:53)
2026-09-07T16:55:44.2528374Z 	at org.gradle.internal.execution.steps.SkipUpToDateStep.execute(SkipUpToDateStep.java:53)
2026-09-07T16:55:44.2529421Z 	at org.gradle.internal.execution.steps.SkipUpToDateStep.execute(SkipUpToDateStep.java:35)
2026-09-07T16:55:44.2530263Z 	at org.gradle.internal.execution.steps.legacy.MarkSnapshottingInputsFinishedStep.execute(MarkSnapshottingInputsFinishedStep.java:37)
2026-09-07T16:55:44.2531289Z 	at org.gradle.internal.execution.steps.legacy.MarkSnapshottingInputsFinishedStep.execute(MarkSnapshottingInputsFinishedStep.java:27)
2026-09-07T16:55:44.2532303Z 	at org.gradle.internal.execution.steps.ResolveIncrementalCachingStateStep.executeDelegate(ResolveIncrementalCachingStateStep.java:49)
2026-09-07T16:55:44.2533662Z 	at org.gradle.internal.execution.steps.ResolveIncrementalCachingStateStep.executeDelegate(ResolveIncrementalCachingStateStep.java:27)
2026-09-07T16:55:44.2534637Z 	at org.gradle.internal.execution.steps.AbstractResolveCachingStateStep.execute(AbstractResolveCachingStateStep.java:71)
2026-09-07T16:55:44.2535532Z 	at org.gradle.internal.execution.steps.AbstractResolveCachingStateStep.execute(AbstractResolveCachingStateStep.java:39)
2026-09-07T16:55:44.2536311Z 	at org.gradle.internal.execution.steps.ResolveChangesStep.execute(ResolveChangesStep.java:65)
2026-09-07T16:55:44.2536976Z 	at org.gradle.internal.execution.steps.ResolveChangesStep.execute(ResolveChangesStep.java:36)
2026-09-07T16:55:44.2537602Z 	at org.gradle.internal.execution.steps.ValidateStep.execute(ValidateStep.java:107)
2026-09-07T16:55:44.2538181Z 	at org.gradle.internal.execution.steps.ValidateStep.execute(ValidateStep.java:56)
2026-09-07T16:55:44.2538997Z 	at org.gradle.internal.execution.steps.AbstractCaptureStateBeforeExecutionStep.execute(AbstractCaptureStateBeforeExecutionStep.java:64)
2026-09-07T16:55:44.2540031Z 	at org.gradle.internal.execution.steps.AbstractCaptureStateBeforeExecutionStep.execute(AbstractCaptureStateBeforeExecutionStep.java:43)
2026-09-07T16:55:44.2541039Z 	at org.gradle.internal.execution.steps.AbstractSkipEmptyWorkStep.executeWithNonEmptySources(AbstractSkipEmptyWorkStep.java:125)
2026-09-07T16:55:44.2541934Z 	at org.gradle.internal.execution.steps.AbstractSkipEmptyWorkStep.execute(AbstractSkipEmptyWorkStep.java:61)
2026-09-07T16:55:44.2542719Z 	at org.gradle.internal.execution.steps.AbstractSkipEmptyWorkStep.execute(AbstractSkipEmptyWorkStep.java:36)
2026-09-07T16:55:44.2544081Z 	at org.gradle.internal.execution.steps.legacy.MarkSnapshottingInputsStartedStep.execute(MarkSnapshottingInputsStartedStep.java:38)
2026-09-07T16:55:44.2545487Z 	at org.gradle.internal.execution.steps.LoadPreviousExecutionStateStep.execute(LoadPreviousExecutionStateStep.java:36)
2026-09-07T16:55:44.2546375Z 	at org.gradle.internal.execution.steps.LoadPreviousExecutionStateStep.execute(LoadPreviousExecutionStateStep.java:23)
2026-09-07T16:55:44.2547184Z 	at org.gradle.internal.execution.steps.HandleStaleOutputsStep.execute(HandleStaleOutputsStep.java:75)
2026-09-07T16:55:44.2547921Z 	at org.gradle.internal.execution.steps.HandleStaleOutputsStep.execute(HandleStaleOutputsStep.java:41)
2026-09-07T16:55:44.2548732Z 	at org.gradle.internal.execution.steps.AssignMutableWorkspaceStep.lambda$execute$0(AssignMutableWorkspaceStep.java:35)
2026-09-07T16:55:44.2549504Z 	at org.gradle.api.internal.tasks.execution.TaskExecution$4.withWorkspace(TaskExecution.java:289)
2026-09-07T16:55:44.2550426Z 	at org.gradle.internal.execution.steps.AssignMutableWorkspaceStep.execute(AssignMutableWorkspaceStep.java:31)
2026-09-07T16:55:44.2551232Z 	at org.gradle.internal.execution.steps.AssignMutableWorkspaceStep.execute(AssignMutableWorkspaceStep.java:22)
2026-09-07T16:55:44.2551961Z 	at org.gradle.internal.execution.steps.ChoosePipelineStep.execute(ChoosePipelineStep.java:40)
2026-09-07T16:55:44.2552622Z 	at org.gradle.internal.execution.steps.ChoosePipelineStep.execute(ChoosePipelineStep.java:23)
2026-09-07T16:55:44.2553839Z 	at org.gradle.internal.execution.steps.ExecuteWorkBuildOperationFiringStep.lambda$execute$2(ExecuteWorkBuildOperationFiringStep.java:67)
2026-09-07T16:55:44.2554909Z 	at org.gradle.internal.execution.steps.ExecuteWorkBuildOperationFiringStep.execute(ExecuteWorkBuildOperationFiringStep.java:67)
2026-09-07T16:55:44.2556021Z 	at org.gradle.internal.execution.steps.ExecuteWorkBuildOperationFiringStep.execute(ExecuteWorkBuildOperationFiringStep.java:39)
2026-09-07T16:55:44.2556846Z 	at org.gradle.internal.execution.steps.IdentityCacheStep.execute(IdentityCacheStep.java:46)
2026-09-07T16:55:44.2557495Z 	at org.gradle.internal.execution.steps.IdentityCacheStep.execute(IdentityCacheStep.java:34)
2026-09-07T16:55:44.2558100Z 	at org.gradle.internal.execution.steps.IdentifyStep.execute(IdentifyStep.java:48)
2026-09-07T16:55:44.2558669Z 	at org.gradle.internal.execution.steps.IdentifyStep.execute(IdentifyStep.java:35)
2026-09-07T16:55:44.2559310Z 	at org.gradle.internal.execution.impl.DefaultExecutionEngine$1.execute(DefaultExecutionEngine.java:61)
2026-09-07T16:55:44.2560141Z 	at org.gradle.api.internal.tasks.execution.ExecuteActionsTaskExecuter.executeIfValid(ExecuteActionsTaskExecuter.java:127)
2026-09-07T16:55:44.2561223Z 	at org.gradle.api.internal.tasks.execution.ExecuteActionsTaskExecuter.execute(ExecuteActionsTaskExecuter.java:116)
2026-09-07T16:55:44.2562201Z 	at org.gradle.api.internal.tasks.execution.ProblemsTaskPathTrackingTaskExecuter.execute(ProblemsTaskPathTrackingTaskExecuter.java:40)
2026-09-07T16:55:44.2563298Z 	at org.gradle.api.internal.tasks.execution.FinalizePropertiesTaskExecuter.execute(FinalizePropertiesTaskExecuter.java:46)
2026-09-07T16:55:44.2564764Z 	at org.gradle.api.internal.tasks.execution.ResolveTaskExecutionModeExecuter.execute(ResolveTaskExecutionModeExecuter.java:51)
2026-09-07T16:55:44.2566227Z 	at org.gradle.api.internal.tasks.execution.SkipTaskWithNoActionsExecuter.execute(SkipTaskWithNoActionsExecuter.java:57)
2026-09-07T16:55:44.2567072Z 	at org.gradle.api.internal.tasks.execution.SkipOnlyIfTaskExecuter.execute(SkipOnlyIfTaskExecuter.java:74)
2026-09-07T16:55:44.2567887Z 	at org.gradle.api.internal.tasks.execution.CatchExceptionTaskExecuter.execute(CatchExceptionTaskExecuter.java:36)
2026-09-07T16:55:44.2569050Z 	at org.gradle.api.internal.tasks.execution.EventFiringTaskExecuter$1.executeTask(EventFiringTaskExecuter.java:77)
2026-09-07T16:55:44.2570511Z 	at org.gradle.api.internal.tasks.execution.EventFiringTaskExecuter$1.call(EventFiringTaskExecuter.java:55)
2026-09-07T16:55:44.2578448Z 	at org.gradle.api.internal.tasks.execution.EventFiringTaskExecuter$1.call(EventFiringTaskExecuter.java:52)
2026-09-07T16:55:44.2579406Z 	at org.gradle.internal.operations.DefaultBuildOperationRunner$CallableBuildOperationWorker.execute(DefaultBuildOperationRunner.java:210)
2026-09-07T16:55:44.2580453Z 	at org.gradle.internal.operations.DefaultBuildOperationRunner$CallableBuildOperationWorker.execute(DefaultBuildOperationRunner.java:205)
2026-09-07T16:55:44.2581357Z 	at org.gradle.internal.operations.DefaultBuildOperationRunner$2.execute(DefaultBuildOperationRunner.java:67)
2026-09-07T16:55:44.2582137Z 	at org.gradle.internal.operations.DefaultBuildOperationRunner$2.execute(DefaultBuildOperationRunner.java:60)
2026-09-07T16:55:44.2583211Z 	at org.gradle.internal.operations.DefaultBuildOperationRunner.execute(DefaultBuildOperationRunner.java:167)
2026-09-07T16:55:44.2584245Z 	at org.gradle.internal.operations.DefaultBuildOperationRunner.execute(DefaultBuildOperationRunner.java:60)
2026-09-07T16:55:44.2585248Z 	at org.gradle.internal.operations.DefaultBuildOperationRunner.call(DefaultBuildOperationRunner.java:54)
2026-09-07T16:55:44.2586052Z 	at org.gradle.api.internal.tasks.execution.EventFiringTaskExecuter.execute(EventFiringTaskExecuter.java:52)
2026-09-07T16:55:44.2586952Z 	at org.gradle.execution.plan.LocalTaskNodeExecutor.execute(LocalTaskNodeExecutor.java:42)
2026-09-07T16:55:44.2587765Z 	at org.gradle.execution.taskgraph.DefaultTaskExecutionGraph$InvokeNodeExecutorsAction.execute(DefaultTaskExecutionGraph.java:331)
2026-09-07T16:55:44.2588860Z 	at org.gradle.execution.taskgraph.DefaultTaskExecutionGraph$InvokeNodeExecutorsAction.execute(DefaultTaskExecutionGraph.java:318)
2026-09-07T16:55:44.2590158Z 	at org.gradle.execution.taskgraph.DefaultTaskExecutionGraph$BuildOperationAwareExecutionAction.lambda$execute$0(DefaultTaskExecutionGraph.java:314)
2026-09-07T16:55:44.2591260Z 	at org.gradle.internal.operations.CurrentBuildOperationRef.with(CurrentBuildOperationRef.java:85)
2026-09-07T16:55:44.2592141Z 	at org.gradle.execution.taskgraph.DefaultTaskExecutionGraph$BuildOperationAwareExecutionAction.execute(DefaultTaskExecutionGraph.java:314)
2026-09-07T16:55:44.2593521Z 	at org.gradle.execution.taskgraph.DefaultTaskExecutionGraph$BuildOperationAwareExecutionAction.execute(DefaultTaskExecutionGraph.java:303)
2026-09-07T16:55:44.2594407Z 	at org.gradle.execution.plan.DefaultPlanExecutor$ExecutorWorker.execute(DefaultPlanExecutor.java:459)
2026-09-07T16:55:44.2595149Z 	at org.gradle.execution.plan.DefaultPlanExecutor$ExecutorWorker.run(DefaultPlanExecutor.java:376)
2026-09-07T16:55:44.2595996Z 	at org.gradle.internal.concurrent.ExecutorPolicy$CatchAndRecordFailures.onExecute(ExecutorPolicy.java:64)
2026-09-07T16:55:44.2596742Z 	at org.gradle.internal.concurrent.AbstractManagedExecutor$1.run(AbstractManagedExecutor.java:48)
2026-09-07T16:55:44.2597133Z 
2026-09-07T16:55:44.2597139Z 
2026-09-07T16:55:44.2597247Z BUILD FAILED in 20m 3s
2026-09-07T16:55:44.2597535Z 1117 actionable tasks: 908 executed, 209 from cache
2026-09-07T16:55:44.3473810Z Configuration cache entry stored.
2026-09-07T16:55:44.6718777Z ##[error]Process completed with exit code 1.
2026-09-07T16:55:44.6770798Z ##[group]Run import runpy, sys
2026-09-07T16:55:44.6771139Z [36;1mimport runpy, sys[0m
2026-09-07T16:55:44.6771492Z [36;1msys.argv = ["verification_hygiene.py", "stop", "common-android"][0m
2026-09-07T16:55:44.6772027Z [36;1mrunpy.run_path("scripts/ci/verification_hygiene.py", run_name="__main__")[0m
2026-09-07T16:55:44.6908275Z shell: /usr/bin/python {0}
2026-09-07T16:55:44.6908542Z env:
2026-09-07T16:55:44.6908936Z   GRADLE_OPTS: -Dorg.gradle.project.kotlin.compiler.execution.strategy=in-process
2026-09-07T16:55:44.6909485Z   JAVA_HOME: /opt/hostedtoolcache/Java_Temurin-Hotspot_jdk/21.0.12-1/x64
2026-09-07T16:55:44.6909967Z   JAVA_HOME_21_X64: /opt/hostedtoolcache/Java_Temurin-Hotspot_jdk/21.0.12-1/x64
2026-09-07T16:55:44.6910355Z   MAVEN_ARGS: -ntp
2026-09-07T16:55:44.6910570Z ##[endgroup]
2026-09-07T16:55:45.3477121Z {"task": {"GITHUB_RUN_ID": "34143924756", "GITHUB_RUN_ATTEMPT": "1", "GITHUB_JOB": "desktop-android"}, "command": ["./gradlew", "--stop"], "started_at": "2026-09-07T16:55:44.740963+00:00", "exit_code": 0, "output": "No Gradle daemons are running.\n", "finished_at": "2026-09-07T16:55:45.345915+00:00"}
2026-09-07T16:55:45.3592507Z ##[group]Run import runpy, sys
2026-09-07T16:55:45.3593165Z [36;1mimport runpy, sys[0m
2026-09-07T16:55:45.3593565Z [36;1msys.argv = ["verification_hygiene.py", "stop", "managed-device"][0m
2026-09-07T16:55:45.3594075Z [36;1mrunpy.run_path("scripts/ci/verification_hygiene.py", run_name="__main__")[0m
2026-09-07T16:55:45.3664250Z shell: /usr/bin/python {0}
2026-09-07T16:55:45.3664517Z env:
2026-09-07T16:55:45.3664904Z   GRADLE_OPTS: -Dorg.gradle.project.kotlin.compiler.execution.strategy=in-process
2026-09-07T16:55:45.3665457Z   JAVA_HOME: /opt/hostedtoolcache/Java_Temurin-Hotspot_jdk/21.0.12-1/x64
2026-09-07T16:55:45.3665927Z   JAVA_HOME_21_X64: /opt/hostedtoolcache/Java_Temurin-Hotspot_jdk/21.0.12-1/x64
2026-09-07T16:55:45.3666525Z   MAVEN_ARGS: -ntp
2026-09-07T16:55:45.3666754Z ##[endgroup]
2026-09-07T16:55:46.0505289Z {"task": {"GITHUB_RUN_ID": "34143924756", "GITHUB_RUN_ATTEMPT": "1", "GITHUB_JOB": "desktop-android"}, "command": ["./gradlew", "--stop"], "started_at": "2026-09-07T16:55:45.414419+00:00", "exit_code": 0, "output": "No Gradle daemons are running.\n", "finished_at": "2026-09-07T16:55:46.049456+00:00"}
2026-09-07T16:55:46.0678497Z ##[group]Run actions/upload-artifact@043fb46d1a93c77aae656e7c1c64a875d1fc6a0a
2026-09-07T16:55:46.0678912Z with:
2026-09-07T16:55:46.0679134Z   name: desktop-android-verification
2026-09-07T16:55:46.0679413Z   if-no-files-found: warn
2026-09-07T16:55:46.0679644Z   retention-days: 14
2026-09-07T16:55:46.0681448Z   path: build/ci-evidence/
**/build/reports/detekt/
**/build/reports/tests/
**/build/test-results/**/*.xml
/home/runner/work/_temp/parlor-verification-34143924756-1-desktop-android-ownership.json
/home/runner/work/_temp/parlor-verification-34143924756-1-desktop-android-stop-*.json
**/build/reports/androidTests/managedDevice/
**/build/outputs/androidTest-results/managedDevice/
**/build/reports/lint-results-*
composeApp/build/outputs/mapping/release/
composeApp/build/outputs/bundle/release/*.aab

2026-09-07T16:55:46.0683524Z   compression-level: 6
2026-09-07T16:55:46.0683766Z   overwrite: false
2026-09-07T16:55:46.0683987Z   include-hidden-files: false
2026-09-07T16:55:46.0684259Z   archive: true
2026-09-07T16:55:46.0684460Z env:
2026-09-07T16:55:46.0684828Z   GRADLE_OPTS: -Dorg.gradle.project.kotlin.compiler.execution.strategy=in-process
2026-09-07T16:55:46.0685363Z   JAVA_HOME: /opt/hostedtoolcache/Java_Temurin-Hotspot_jdk/21.0.12-1/x64
2026-09-07T16:55:46.0685842Z   JAVA_HOME_21_X64: /opt/hostedtoolcache/Java_Temurin-Hotspot_jdk/21.0.12-1/x64
2026-09-07T16:55:46.0686212Z   MAVEN_ARGS: -ntp
2026-09-07T16:55:46.0686417Z ##[endgroup]
2026-09-07T16:55:50.0344764Z Multiple search paths detected. Calculating the least common ancestor of all paths
2026-09-07T16:55:50.0346637Z The least common ancestor is /home/runner/work. This will be the root directory of the artifact
2026-09-07T16:55:50.0347517Z With the provided path, there will be 1081 files uploaded
2026-09-07T16:55:50.0351952Z Artifact name is valid!
2026-09-07T16:55:50.0352357Z Root directory input is valid!
2026-09-07T16:55:50.2525591Z Uploading artifact: desktop-android-verification.zip
2026-09-07T16:55:50.2565498Z Beginning upload of artifact content to blob storage
2026-09-07T16:55:50.8551931Z Uploaded bytes 8388608
2026-09-07T16:55:52.2290319Z Uploaded bytes 15395519
2026-09-07T16:55:52.2384443Z Finished uploading artifact content to blob storage!
2026-09-07T16:55:52.2388040Z SHA256 digest of uploaded artifact is ca156701ba727fd0076da54d20c9f5310eaf93234ce1d06ba872bbde489032d9
2026-09-07T16:55:52.2390076Z Finalizing artifact upload
2026-09-07T16:55:52.4850549Z Artifact desktop-android-verification successfully finalized. Artifact ID 10027470175
2026-09-07T16:55:52.4851877Z Artifact desktop-android-verification has been successfully uploaded! Final size is 15395519 bytes. Artifact ID is 10027470175
2026-09-07T16:55:52.4856768Z Artifact download URL: https://github.com/Apdelrahman1911/parlor/actions/runs/34143924756/artifacts/10027470175
2026-09-07T16:55:52.5159013Z ##[group]Run import runpy, sys
2026-09-07T16:55:52.5159318Z [36;1mimport runpy, sys[0m
2026-09-07T16:55:52.5159619Z [36;1msys.argv = ["verification_hygiene.py", "cleanup"][0m
2026-09-07T16:55:52.5160096Z [36;1mrunpy.run_path("scripts/ci/verification_hygiene.py", run_name="__main__")[0m
2026-09-07T16:55:52.5228782Z shell: /usr/bin/python {0}
2026-09-07T16:55:52.5229042Z env:
2026-09-07T16:55:52.5229437Z   GRADLE_OPTS: -Dorg.gradle.project.kotlin.compiler.execution.strategy=in-process
2026-09-07T16:55:52.5229983Z   JAVA_HOME: /opt/hostedtoolcache/Java_Temurin-Hotspot_jdk/21.0.12-1/x64
2026-09-07T16:55:52.5230464Z   JAVA_HOME_21_X64: /opt/hostedtoolcache/Java_Temurin-Hotspot_jdk/21.0.12-1/x64
2026-09-07T16:55:52.5231050Z   MAVEN_ARGS: -ntp
2026-09-07T16:55:52.5231319Z   PARLOR_VERIFICATION_PREPARE_OUTCOME: success
2026-09-07T16:55:52.5231646Z   PARLOR_VERIFICATION_UPLOAD_OUTCOME: success
2026-09-07T16:55:52.5231955Z   PARLOR_VERIFICATION_ARTIFACT_ID: 10027470175
2026-09-07T16:55:52.5232494Z   PARLOR_VERIFICATION_ARTIFACT_DIGEST: ca156701ba727fd0076da54d20c9f5310eaf93234ce1d06ba872bbde489032d9
2026-09-07T16:55:52.5233151Z ##[endgroup]
2026-09-07T16:55:54.1677742Z {"task": {"GITHUB_RUN_ID": "34143924756", "GITHUB_RUN_ATTEMPT": "1", "GITHUB_JOB": "desktop-android"}, "started_at": "2026-09-07T16:55:52.569691+00:00", "removed": ["build", "build-logic/convention/build", "composeApp/build", "game-modes/mafia/build", "game-modes/whodunit/build", "scripts/__pycache__", "scripts/ci/__pycache__", "scripts/release/__pycache__", "scripts/release/tests/__pycache__", "scripts/verification/__pycache__", "shared/content/build", "shared/core/build", "shared/design-system/build", "shared/engine-testing/build", "shared/engine/build", "shared/networking-testing/build", "shared/networking/build", "shared/session/build", "shared/storage/build", "shared/transport-p2p/build"], "not_created": ["build-logic/build", "iosApp/build", "remediation-runs/2026-09-07-local-readiness/__pycache__", "remediation-runs/2026-09-07-local-readiness/evidence/release-content-followup/android-arm64-runner/__pycache__", "remediation-runs/2026-09-07-local-readiness/native/normal-ios-launch-proposal-01/__pycache__", "remediation-runs/2026-09-07-local-readiness/reviews/__pycache__", "scripts/verification/ios-readiness/__pycache__"], "retained": [], "upload": {"outcome": "success", "artifact_id": "10027470175", "artifact_digest": "ca156701ba727fd0076da54d20c9f5310eaf93234ce1d06ba872bbde489032d9"}, "preparation_outcome": "success", "errors": [], "gradle_stop": {"command": ["./gradlew", "--stop"], "started_at": "2026-09-07T16:55:52.569703+00:00", "exit_code": 0, "output": "No Gradle daemons are running.\n", "finished_at": "2026-09-07T16:55:53.145123+00:00"}, "result": "PASS", "finished_at": "2026-09-07T16:55:54.153754+00:00", "scope": "Only attested checkout build/Python-cache directories; no global caches or source", "worker_scope": "Gradle stop; workflow pins in-process Kotlin compiler execution. Other native/emulator worker termination needs separate evidence"}
2026-09-07T16:55:54.1834941Z ##[group]Run actions/upload-artifact@043fb46d1a93c77aae656e7c1c64a875d1fc6a0a
2026-09-07T16:55:54.1835565Z with:
2026-09-07T16:55:54.1835926Z   name: verification-cleanup-desktop-android
2026-09-07T16:55:54.1836403Z   if-no-files-found: warn
2026-09-07T16:55:54.1836757Z   retention-days: 14
2026-09-07T16:55:54.1837407Z   path: /home/runner/work/_temp/parlor-verification-34143924756-1-desktop-android-cleanup.json
2026-09-07T16:55:54.1838130Z   compression-level: 6
2026-09-07T16:55:54.1838486Z   overwrite: false
2026-09-07T16:55:54.1838815Z   include-hidden-files: false
2026-09-07T16:55:54.1839196Z   archive: true
2026-09-07T16:55:54.1839489Z env:
2026-09-07T16:55:54.1840036Z   GRADLE_OPTS: -Dorg.gradle.project.kotlin.compiler.execution.strategy=in-process
2026-09-07T16:55:54.1840875Z   JAVA_HOME: /opt/hostedtoolcache/Java_Temurin-Hotspot_jdk/21.0.12-1/x64
2026-09-07T16:55:54.1841658Z   JAVA_HOME_21_X64: /opt/hostedtoolcache/Java_Temurin-Hotspot_jdk/21.0.12-1/x64
2026-09-07T16:55:54.1842311Z   MAVEN_ARGS: -ntp
2026-09-07T16:55:54.1842647Z ##[endgroup]
2026-09-07T16:55:54.3943626Z With the provided path, there will be 1 file uploaded
2026-09-07T16:55:54.3955769Z Artifact name is valid!
2026-09-07T16:55:54.3956471Z Root directory input is valid!
2026-09-07T16:55:54.5914796Z Uploading artifact: verification-cleanup-desktop-android.zip
2026-09-07T16:55:54.5956317Z Beginning upload of artifact content to blob storage
2026-09-07T16:55:54.6497919Z Uploaded bytes 1060
2026-09-07T16:55:54.6602073Z Finished uploading artifact content to blob storage!
2026-09-07T16:55:54.6603033Z SHA256 digest of uploaded artifact is b1384eef125bced0b6a6ac8f8c99386d4db722d26b8d760f6bc21d95910eff6d
2026-09-07T16:55:54.6603891Z Finalizing artifact upload
2026-09-07T16:55:54.8552746Z Artifact verification-cleanup-desktop-android successfully finalized. Artifact ID 10027471216
2026-09-07T16:55:54.8554335Z Artifact verification-cleanup-desktop-android has been successfully uploaded! Final size is 1060 bytes. Artifact ID is 10027471216
2026-09-07T16:55:54.8557617Z Artifact download URL: https://github.com/Apdelrahman1911/parlor/actions/runs/34143924756/artifacts/10027471216
2026-09-07T16:55:54.8773830Z Post job cleanup.
2026-09-07T16:55:55.0282047Z Post job cleanup.
2026-09-07T16:55:55.1226378Z [command]/usr/bin/git version
2026-09-07T16:55:55.1271339Z git version 2.55.0
2026-09-07T16:55:55.1306152Z Temporarily overriding HOME='/home/runner/work/_temp/5e3d8d00-ae49-472d-92af-e83a7896f0f0' before making global git config changes
2026-09-07T16:55:55.1307456Z Adding repository directory to the temporary git global config as a safe directory
2026-09-07T16:55:55.1323431Z [command]/usr/bin/git config --global --add safe.directory /home/runner/work/parlor/parlor
2026-09-07T16:55:55.1356860Z Removing SSH command configuration
2026-09-07T16:55:55.1363731Z [command]/usr/bin/git config --local --name-only --get-regexp core\.sshCommand
2026-09-07T16:55:55.1399703Z [command]/usr/bin/git submodule foreach --recursive sh -c "git config --local --name-only --get-regexp 'core\.sshCommand' && git config --local --unset-all 'core.sshCommand' || :"
2026-09-07T16:55:55.1664734Z Removing HTTP extra header
2026-09-07T16:55:55.1670019Z [command]/usr/bin/git config --local --name-only --get-regexp http\.https\:\/\/github\.com\/\.extraheader
2026-09-07T16:55:55.1707188Z [command]/usr/bin/git submodule foreach --recursive sh -c "git config --local --name-only --get-regexp 'http\.https\:\/\/github\.com\/\.extraheader' && git config --local --unset-all 'http.https://github.com/.extraheader' || :"
2026-09-07T16:55:55.1965506Z Removing includeIf entries pointing to credentials config files
2026-09-07T16:55:55.1972719Z [command]/usr/bin/git config --local --name-only --get-regexp ^includeIf\.gitdir:
2026-09-07T16:55:55.2012739Z [command]/usr/bin/git submodule foreach --recursive git config --local --show-origin --name-only --get-regexp remote.origin.url
2026-09-07T16:55:55.2436885Z Cleaning up orphan processes
