Command line invocation:
    /Applications/Xcode.app/Contents/Developer/usr/bin/xcodebuild -project /private/var/folders/6m/vxwlbjsn7vs6h80_98w6x7p40000gn/T/parlor-audit-dsc01-apphost-05-7dr2h_e6/copy/iosApp/iosApp.xcodeproj -scheme iosApp -configuration Debug -sdk iphonesimulator -destination id=B5ADF7CB-94CB-4C69-848D-E02AB689362E -derivedDataPath /private/var/folders/6m/vxwlbjsn7vs6h80_98w6x7p40000gn/T/parlor-audit-dsc01-apphost-05-7dr2h_e6/DerivedData -resultBundlePath /private/var/folders/6m/vxwlbjsn7vs6h80_98w6x7p40000gn/T/parlor-audit-dsc01-apphost-05-7dr2h_e6/Results.xcresult -parallel-testing-enabled NO -maximum-concurrent-test-simulator-destinations 1 -disable-concurrent-destination-testing -jobs 1 -test-timeouts-enabled YES -default-test-execution-time-allowance 720 -maximum-test-execution-time-allowance 900 CODE_SIGNING_ALLOWED=NO CODE_SIGNING_REQUIRED=NO CODE_SIGN_IDENTITY= DEVELOPMENT_TEAM= ONLY_ACTIVE_ARCH=YES COMPILER_INDEX_STORE_ENABLE=NO test

Build settings from command line:
    CODE_SIGN_IDENTITY = 
    CODE_SIGNING_ALLOWED = NO
    CODE_SIGNING_REQUIRED = NO
    COMPILER_INDEX_STORE_ENABLE = NO
    DEVELOPMENT_TEAM = 
    ONLY_ACTIVE_ARCH = YES
    SDKROOT = iphonesimulator26.5

Writing result bundle at path:
	/private/var/folders/6m/vxwlbjsn7vs6h80_98w6x7p40000gn/T/parlor-audit-dsc01-apphost-05-7dr2h_e6/Results.xcresult

Build Preparation
Build task concurrency set to 1 via user default IDEBuildOperationMaxNumberOfConcurrentCompileTasks

note: Using codesigning identity override: 
ComputePackagePrebuildTargetDependencyGraph

Prepare packages

CreateBuildRequest

SendProjectDescription

CreateBuildOperation

ComputeTargetDependencyGraph
note: Building targets in dependency order
note: Target dependency graph (2 targets)
    Target 'iosAppUITests' in project 'iosApp'
        ➜ Explicit dependency on target 'iosApp' in project 'iosApp'
    Target 'iosApp' in project 'iosApp' (no dependencies)

GatherProvisioningInputs

CreateBuildDescription

ExecuteExternalTool /Applications/Xcode.app/Contents/Developer/Toolchains/XcodeDefault.xctoolchain/usr/bin/clang -v -E -dM -isysroot /Applications/Xcode.app/Contents/Developer/Platforms/iPhoneSimulator.platform/Developer/SDKs/iPhoneSimulator26.5.sdk -x c -c /dev/null

ExecuteExternalTool /Applications/Xcode.app/Contents/Developer/Toolchains/XcodeDefault.xctoolchain/usr/bin/swiftc --version

ExecuteExternalTool /Applications/Xcode.app/Contents/Developer/usr/bin/actool --print-asset-tag-combinations --output-format xml1 /var/folders/6m/vxwlbjsn7vs6h80_98w6x7p40000gn/T/parlor-audit-dsc01-apphost-05-7dr2h_e6/copy/iosApp/iosApp/Assets.xcassets

ExecuteExternalTool /Applications/Xcode.app/Contents/Developer/Toolchains/XcodeDefault.xctoolchain/usr/bin/ld -version_details

ExecuteExternalTool /Applications/Xcode.app/Contents/Developer/usr/bin/actool --version --output-format xml1

Build description signature: 010b56f8645dd0b97ed255d571506eaf
Build description path: /var/folders/6m/vxwlbjsn7vs6h80_98w6x7p40000gn/T/parlor-audit-dsc01-apphost-05-7dr2h_e6/DerivedData/Build/Intermediates.noindex/XCBuildData/010b56f8645dd0b97ed255d571506eaf.xcbuilddata
ClangStatCache /Applications/Xcode.app/Contents/Developer/Toolchains/XcodeDefault.xctoolchain/usr/bin/clang-stat-cache /Applications/Xcode.app/Contents/Developer/Platforms/iPhoneSimulator.platform/Developer/SDKs/iPhoneSimulator26.5.sdk /var/folders/6m/vxwlbjsn7vs6h80_98w6x7p40000gn/T/parlor-audit-dsc01-apphost-05-7dr2h_e6/DerivedData/SDKStatCaches.noindex/iphonesimulator26.5-23F73-6cfe768891a92b912361537c460fe42b.sdkstatcache
    cd /var/folders/6m/vxwlbjsn7vs6h80_98w6x7p40000gn/T/parlor-audit-dsc01-apphost-05-7dr2h_e6/copy/iosApp/iosApp.xcodeproj
    /Applications/Xcode.app/Contents/Developer/Toolchains/XcodeDefault.xctoolchain/usr/bin/clang-stat-cache /Applications/Xcode.app/Contents/Developer/Platforms/iPhoneSimulator.platform/Developer/SDKs/iPhoneSimulator26.5.sdk -o /var/folders/6m/vxwlbjsn7vs6h80_98w6x7p40000gn/T/parlor-audit-dsc01-apphost-05-7dr2h_e6/DerivedData/SDKStatCaches.noindex/iphonesimulator26.5-23F73-6cfe768891a92b912361537c460fe42b.sdkstatcache

CreateBuildDirectory /var/folders/6m/vxwlbjsn7vs6h80_98w6x7p40000gn/T/parlor-audit-dsc01-apphost-05-7dr2h_e6/DerivedData/Build/Products
    cd /var/folders/6m/vxwlbjsn7vs6h80_98w6x7p40000gn/T/parlor-audit-dsc01-apphost-05-7dr2h_e6/copy/iosApp/iosApp.xcodeproj
    builtin-create-build-directory /var/folders/6m/vxwlbjsn7vs6h80_98w6x7p40000gn/T/parlor-audit-dsc01-apphost-05-7dr2h_e6/DerivedData/Build/Products

CreateBuildDirectory /var/folders/6m/vxwlbjsn7vs6h80_98w6x7p40000gn/T/parlor-audit-dsc01-apphost-05-7dr2h_e6/DerivedData/Build/Intermediates.noindex
    cd /var/folders/6m/vxwlbjsn7vs6h80_98w6x7p40000gn/T/parlor-audit-dsc01-apphost-05-7dr2h_e6/copy/iosApp/iosApp.xcodeproj
    builtin-create-build-directory /var/folders/6m/vxwlbjsn7vs6h80_98w6x7p40000gn/T/parlor-audit-dsc01-apphost-05-7dr2h_e6/DerivedData/Build/Intermediates.noindex

CreateBuildDirectory /var/folders/6m/vxwlbjsn7vs6h80_98w6x7p40000gn/T/parlor-audit-dsc01-apphost-05-7dr2h_e6/DerivedData/Build/Products/Debug-iphonesimulator
    cd /var/folders/6m/vxwlbjsn7vs6h80_98w6x7p40000gn/T/parlor-audit-dsc01-apphost-05-7dr2h_e6/copy/iosApp/iosApp.xcodeproj
    builtin-create-build-directory /var/folders/6m/vxwlbjsn7vs6h80_98w6x7p40000gn/T/parlor-audit-dsc01-apphost-05-7dr2h_e6/DerivedData/Build/Products/Debug-iphonesimulator

WriteAuxiliaryFile /var/folders/6m/vxwlbjsn7vs6h80_98w6x7p40000gn/T/parlor-audit-dsc01-apphost-05-7dr2h_e6/DerivedData/Build/Intermediates.noindex/iosApp.build/Debug-iphonesimulator/iosApp-7b79493a8b7fc1f2fff3c51cd12ba024-VFS-iphonesimulator/all-product-headers.yaml
    cd /var/folders/6m/vxwlbjsn7vs6h80_98w6x7p40000gn/T/parlor-audit-dsc01-apphost-05-7dr2h_e6/copy/iosApp/iosApp.xcodeproj
    write-file /var/folders/6m/vxwlbjsn7vs6h80_98w6x7p40000gn/T/parlor-audit-dsc01-apphost-05-7dr2h_e6/DerivedData/Build/Intermediates.noindex/iosApp.build/Debug-iphonesimulator/iosApp-7b79493a8b7fc1f2fff3c51cd12ba024-VFS-iphonesimulator/all-product-headers.yaml

CreateBuildDirectory /var/folders/6m/vxwlbjsn7vs6h80_98w6x7p40000gn/T/parlor-audit-dsc01-apphost-05-7dr2h_e6/DerivedData/Build/Intermediates.noindex/SwiftExplicitPrecompiledModules
    cd /var/folders/6m/vxwlbjsn7vs6h80_98w6x7p40000gn/T/parlor-audit-dsc01-apphost-05-7dr2h_e6/copy/iosApp/iosApp.xcodeproj
    builtin-create-build-directory /var/folders/6m/vxwlbjsn7vs6h80_98w6x7p40000gn/T/parlor-audit-dsc01-apphost-05-7dr2h_e6/DerivedData/Build/Intermediates.noindex/SwiftExplicitPrecompiledModules

CreateBuildDirectory /var/folders/6m/vxwlbjsn7vs6h80_98w6x7p40000gn/T/parlor-audit-dsc01-apphost-05-7dr2h_e6/DerivedData/Build/Intermediates.noindex/ExplicitPrecompiledModules
    cd /var/folders/6m/vxwlbjsn7vs6h80_98w6x7p40000gn/T/parlor-audit-dsc01-apphost-05-7dr2h_e6/copy/iosApp/iosApp.xcodeproj
    builtin-create-build-directory /var/folders/6m/vxwlbjsn7vs6h80_98w6x7p40000gn/T/parlor-audit-dsc01-apphost-05-7dr2h_e6/DerivedData/Build/Intermediates.noindex/ExplicitPrecompiledModules

CreateBuildDirectory /var/folders/6m/vxwlbjsn7vs6h80_98w6x7p40000gn/T/parlor-audit-dsc01-apphost-05-7dr2h_e6/DerivedData/Build/Intermediates.noindex/EagerLinkingTBDs/Debug-iphonesimulator
    cd /var/folders/6m/vxwlbjsn7vs6h80_98w6x7p40000gn/T/parlor-audit-dsc01-apphost-05-7dr2h_e6/copy/iosApp/iosApp.xcodeproj
    builtin-create-build-directory /var/folders/6m/vxwlbjsn7vs6h80_98w6x7p40000gn/T/parlor-audit-dsc01-apphost-05-7dr2h_e6/DerivedData/Build/Intermediates.noindex/EagerLinkingTBDs/Debug-iphonesimulator

WriteAuxiliaryFile /var/folders/6m/vxwlbjsn7vs6h80_98w6x7p40000gn/T/parlor-audit-dsc01-apphost-05-7dr2h_e6/DerivedData/Build/Intermediates.noindex/iosApp.build/Debug-iphonesimulator/iosAppUITests.build/iosAppUITests.hmap (in target 'iosAppUITests' from project 'iosApp')
    cd /var/folders/6m/vxwlbjsn7vs6h80_98w6x7p40000gn/T/parlor-audit-dsc01-apphost-05-7dr2h_e6/copy/iosApp
    write-file /var/folders/6m/vxwlbjsn7vs6h80_98w6x7p40000gn/T/parlor-audit-dsc01-apphost-05-7dr2h_e6/DerivedData/Build/Intermediates.noindex/iosApp.build/Debug-iphonesimulator/iosAppUITests.build/iosAppUITests.hmap

WriteAuxiliaryFile /var/folders/6m/vxwlbjsn7vs6h80_98w6x7p40000gn/T/parlor-audit-dsc01-apphost-05-7dr2h_e6/DerivedData/Build/Intermediates.noindex/iosApp.build/Debug-iphonesimulator/iosAppUITests.build/iosAppUITests.DependencyStaticMetadataFileList (in target 'iosAppUITests' from project 'iosApp')
    cd /var/folders/6m/vxwlbjsn7vs6h80_98w6x7p40000gn/T/parlor-audit-dsc01-apphost-05-7dr2h_e6/copy/iosApp
    write-file /var/folders/6m/vxwlbjsn7vs6h80_98w6x7p40000gn/T/parlor-audit-dsc01-apphost-05-7dr2h_e6/DerivedData/Build/Intermediates.noindex/iosApp.build/Debug-iphonesimulator/iosAppUITests.build/iosAppUITests.DependencyStaticMetadataFileList

WriteAuxiliaryFile /var/folders/6m/vxwlbjsn7vs6h80_98w6x7p40000gn/T/parlor-audit-dsc01-apphost-05-7dr2h_e6/DerivedData/Build/Intermediates.noindex/iosApp.build/Debug-iphonesimulator/iosAppUITests.build/iosAppUITests.DependencyMetadataFileList (in target 'iosAppUITests' from project 'iosApp')
    cd /var/folders/6m/vxwlbjsn7vs6h80_98w6x7p40000gn/T/parlor-audit-dsc01-apphost-05-7dr2h_e6/copy/iosApp
    write-file /var/folders/6m/vxwlbjsn7vs6h80_98w6x7p40000gn/T/parlor-audit-dsc01-apphost-05-7dr2h_e6/DerivedData/Build/Intermediates.noindex/iosApp.build/Debug-iphonesimulator/iosAppUITests.build/iosAppUITests.DependencyMetadataFileList

WriteAuxiliaryFile /var/folders/6m/vxwlbjsn7vs6h80_98w6x7p40000gn/T/parlor-audit-dsc01-apphost-05-7dr2h_e6/DerivedData/Build/Intermediates.noindex/iosApp.build/Debug-iphonesimulator/iosAppUITests.build/iosAppUITests-project-headers.hmap (in target 'iosAppUITests' from project 'iosApp')
    cd /var/folders/6m/vxwlbjsn7vs6h80_98w6x7p40000gn/T/parlor-audit-dsc01-apphost-05-7dr2h_e6/copy/iosApp
    write-file /var/folders/6m/vxwlbjsn7vs6h80_98w6x7p40000gn/T/parlor-audit-dsc01-apphost-05-7dr2h_e6/DerivedData/Build/Intermediates.noindex/iosApp.build/Debug-iphonesimulator/iosAppUITests.build/iosAppUITests-project-headers.hmap

WriteAuxiliaryFile /var/folders/6m/vxwlbjsn7vs6h80_98w6x7p40000gn/T/parlor-audit-dsc01-apphost-05-7dr2h_e6/DerivedData/Build/Intermediates.noindex/iosApp.build/Debug-iphonesimulator/iosAppUITests.build/iosAppUITests-own-target-headers.hmap (in target 'iosAppUITests' from project 'iosApp')
    cd /var/folders/6m/vxwlbjsn7vs6h80_98w6x7p40000gn/T/parlor-audit-dsc01-apphost-05-7dr2h_e6/copy/iosApp
    write-file /var/folders/6m/vxwlbjsn7vs6h80_98w6x7p40000gn/T/parlor-audit-dsc01-apphost-05-7dr2h_e6/DerivedData/Build/Intermediates.noindex/iosApp.build/Debug-iphonesimulator/iosAppUITests.build/iosAppUITests-own-target-headers.hmap

WriteAuxiliaryFile /var/folders/6m/vxwlbjsn7vs6h80_98w6x7p40000gn/T/parlor-audit-dsc01-apphost-05-7dr2h_e6/DerivedData/Build/Intermediates.noindex/iosApp.build/Debug-iphonesimulator/iosAppUITests.build/iosAppUITests-generated-files.hmap (in target 'iosAppUITests' from project 'iosApp')
    cd /var/folders/6m/vxwlbjsn7vs6h80_98w6x7p40000gn/T/parlor-audit-dsc01-apphost-05-7dr2h_e6/copy/iosApp
    write-file /var/folders/6m/vxwlbjsn7vs6h80_98w6x7p40000gn/T/parlor-audit-dsc01-apphost-05-7dr2h_e6/DerivedData/Build/Intermediates.noindex/iosApp.build/Debug-iphonesimulator/iosAppUITests.build/iosAppUITests-generated-files.hmap

WriteAuxiliaryFile /var/folders/6m/vxwlbjsn7vs6h80_98w6x7p40000gn/T/parlor-audit-dsc01-apphost-05-7dr2h_e6/DerivedData/Build/Intermediates.noindex/iosApp.build/Debug-iphonesimulator/iosAppUITests.build/iosAppUITests-all-target-headers.hmap (in target 'iosAppUITests' from project 'iosApp')
    cd /var/folders/6m/vxwlbjsn7vs6h80_98w6x7p40000gn/T/parlor-audit-dsc01-apphost-05-7dr2h_e6/copy/iosApp
    write-file /var/folders/6m/vxwlbjsn7vs6h80_98w6x7p40000gn/T/parlor-audit-dsc01-apphost-05-7dr2h_e6/DerivedData/Build/Intermediates.noindex/iosApp.build/Debug-iphonesimulator/iosAppUITests.build/iosAppUITests-all-target-headers.hmap

WriteAuxiliaryFile /var/folders/6m/vxwlbjsn7vs6h80_98w6x7p40000gn/T/parlor-audit-dsc01-apphost-05-7dr2h_e6/DerivedData/Build/Intermediates.noindex/iosApp.build/Debug-iphonesimulator/iosAppUITests.build/iosAppUITests-all-non-framework-target-headers.hmap (in target 'iosAppUITests' from project 'iosApp')
    cd /var/folders/6m/vxwlbjsn7vs6h80_98w6x7p40000gn/T/parlor-audit-dsc01-apphost-05-7dr2h_e6/copy/iosApp
    write-file /var/folders/6m/vxwlbjsn7vs6h80_98w6x7p40000gn/T/parlor-audit-dsc01-apphost-05-7dr2h_e6/DerivedData/Build/Intermediates.noindex/iosApp.build/Debug-iphonesimulator/iosAppUITests.build/iosAppUITests-all-non-framework-target-headers.hmap

WriteAuxiliaryFile /var/folders/6m/vxwlbjsn7vs6h80_98w6x7p40000gn/T/parlor-audit-dsc01-apphost-05-7dr2h_e6/DerivedData/Build/Intermediates.noindex/iosApp.build/Debug-iphonesimulator/iosAppUITests.build/empty-iosAppUITests.plist (in target 'iosAppUITests' from project 'iosApp')
    cd /var/folders/6m/vxwlbjsn7vs6h80_98w6x7p40000gn/T/parlor-audit-dsc01-apphost-05-7dr2h_e6/copy/iosApp
    write-file /var/folders/6m/vxwlbjsn7vs6h80_98w6x7p40000gn/T/parlor-audit-dsc01-apphost-05-7dr2h_e6/DerivedData/Build/Intermediates.noindex/iosApp.build/Debug-iphonesimulator/iosAppUITests.build/empty-iosAppUITests.plist

WriteAuxiliaryFile /var/folders/6m/vxwlbjsn7vs6h80_98w6x7p40000gn/T/parlor-audit-dsc01-apphost-05-7dr2h_e6/DerivedData/Build/Intermediates.noindex/iosApp.build/Debug-iphonesimulator/iosAppUITests.build/ProductTypeInfoPlistAdditions.plist (in target 'iosAppUITests' from project 'iosApp')
    cd /var/folders/6m/vxwlbjsn7vs6h80_98w6x7p40000gn/T/parlor-audit-dsc01-apphost-05-7dr2h_e6/copy/iosApp
    write-file /var/folders/6m/vxwlbjsn7vs6h80_98w6x7p40000gn/T/parlor-audit-dsc01-apphost-05-7dr2h_e6/DerivedData/Build/Intermediates.noindex/iosApp.build/Debug-iphonesimulator/iosAppUITests.build/ProductTypeInfoPlistAdditions.plist

WriteAuxiliaryFile /var/folders/6m/vxwlbjsn7vs6h80_98w6x7p40000gn/T/parlor-audit-dsc01-apphost-05-7dr2h_e6/DerivedData/Build/Intermediates.noindex/iosApp.build/Debug-iphonesimulator/iosAppUITests.build/Objects-normal/arm64/iosAppUITests_const_extract_protocols.json (in target 'iosAppUITests' from project 'iosApp')
    cd /var/folders/6m/vxwlbjsn7vs6h80_98w6x7p40000gn/T/parlor-audit-dsc01-apphost-05-7dr2h_e6/copy/iosApp
    write-file /var/folders/6m/vxwlbjsn7vs6h80_98w6x7p40000gn/T/parlor-audit-dsc01-apphost-05-7dr2h_e6/DerivedData/Build/Intermediates.noindex/iosApp.build/Debug-iphonesimulator/iosAppUITests.build/Objects-normal/arm64/iosAppUITests_const_extract_protocols.json

WriteAuxiliaryFile /var/folders/6m/vxwlbjsn7vs6h80_98w6x7p40000gn/T/parlor-audit-dsc01-apphost-05-7dr2h_e6/DerivedData/Build/Intermediates.noindex/iosApp.build/Debug-iphonesimulator/iosAppUITests.build/Objects-normal/arm64/iosAppUITests.SwiftFileList (in target 'iosAppUITests' from project 'iosApp')
    cd /var/folders/6m/vxwlbjsn7vs6h80_98w6x7p40000gn/T/parlor-audit-dsc01-apphost-05-7dr2h_e6/copy/iosApp
    write-file /var/folders/6m/vxwlbjsn7vs6h80_98w6x7p40000gn/T/parlor-audit-dsc01-apphost-05-7dr2h_e6/DerivedData/Build/Intermediates.noindex/iosApp.build/Debug-iphonesimulator/iosAppUITests.build/Objects-normal/arm64/iosAppUITests.SwiftFileList

WriteAuxiliaryFile /var/folders/6m/vxwlbjsn7vs6h80_98w6x7p40000gn/T/parlor-audit-dsc01-apphost-05-7dr2h_e6/DerivedData/Build/Intermediates.noindex/iosApp.build/Debug-iphonesimulator/iosAppUITests.build/Objects-normal/arm64/iosAppUITests.SwiftConstValuesFileList (in target 'iosAppUITests' from project 'iosApp')
    cd /var/folders/6m/vxwlbjsn7vs6h80_98w6x7p40000gn/T/parlor-audit-dsc01-apphost-05-7dr2h_e6/copy/iosApp
    write-file /var/folders/6m/vxwlbjsn7vs6h80_98w6x7p40000gn/T/parlor-audit-dsc01-apphost-05-7dr2h_e6/DerivedData/Build/Intermediates.noindex/iosApp.build/Debug-iphonesimulator/iosAppUITests.build/Objects-normal/arm64/iosAppUITests.SwiftConstValuesFileList

WriteAuxiliaryFile /var/folders/6m/vxwlbjsn7vs6h80_98w6x7p40000gn/T/parlor-audit-dsc01-apphost-05-7dr2h_e6/DerivedData/Build/Intermediates.noindex/iosApp.build/Debug-iphonesimulator/iosAppUITests.build/Objects-normal/arm64/iosAppUITests.LinkFileList (in target 'iosAppUITests' from project 'iosApp')
    cd /var/folders/6m/vxwlbjsn7vs6h80_98w6x7p40000gn/T/parlor-audit-dsc01-apphost-05-7dr2h_e6/copy/iosApp
    write-file /var/folders/6m/vxwlbjsn7vs6h80_98w6x7p40000gn/T/parlor-audit-dsc01-apphost-05-7dr2h_e6/DerivedData/Build/Intermediates.noindex/iosApp.build/Debug-iphonesimulator/iosAppUITests.build/Objects-normal/arm64/iosAppUITests.LinkFileList

WriteAuxiliaryFile /var/folders/6m/vxwlbjsn7vs6h80_98w6x7p40000gn/T/parlor-audit-dsc01-apphost-05-7dr2h_e6/DerivedData/Build/Intermediates.noindex/iosApp.build/Debug-iphonesimulator/iosAppUITests.build/Objects-normal/arm64/iosAppUITests-OutputFileMap.json (in target 'iosAppUITests' from project 'iosApp')
    cd /var/folders/6m/vxwlbjsn7vs6h80_98w6x7p40000gn/T/parlor-audit-dsc01-apphost-05-7dr2h_e6/copy/iosApp
    write-file /var/folders/6m/vxwlbjsn7vs6h80_98w6x7p40000gn/T/parlor-audit-dsc01-apphost-05-7dr2h_e6/DerivedData/Build/Intermediates.noindex/iosApp.build/Debug-iphonesimulator/iosAppUITests.build/Objects-normal/arm64/iosAppUITests-OutputFileMap.json

note: Run script build phase 'Compile Kotlin Framework' will be run during every build because the option to run the script phase "Based on dependency analysis" is unchecked. (in target 'iosApp' from project 'iosApp')
WriteAuxiliaryFile /var/folders/6m/vxwlbjsn7vs6h80_98w6x7p40000gn/T/parlor-audit-dsc01-apphost-05-7dr2h_e6/DerivedData/Build/Intermediates.noindex/iosApp.build/Debug-iphonesimulator/iosApp.build/Script-F7AC9D762B0E10F7008B8A48.sh (in target 'iosApp' from project 'iosApp')
    cd /var/folders/6m/vxwlbjsn7vs6h80_98w6x7p40000gn/T/parlor-audit-dsc01-apphost-05-7dr2h_e6/copy/iosApp
    write-file /var/folders/6m/vxwlbjsn7vs6h80_98w6x7p40000gn/T/parlor-audit-dsc01-apphost-05-7dr2h_e6/DerivedData/Build/Intermediates.noindex/iosApp.build/Debug-iphonesimulator/iosApp.build/Script-F7AC9D762B0E10F7008B8A48.sh

WriteAuxiliaryFile /var/folders/6m/vxwlbjsn7vs6h80_98w6x7p40000gn/T/parlor-audit-dsc01-apphost-05-7dr2h_e6/DerivedData/Build/Intermediates.noindex/iosApp.build/Debug-iphonesimulator/iosApp.build/Parlor.hmap (in target 'iosApp' from project 'iosApp')
    cd /var/folders/6m/vxwlbjsn7vs6h80_98w6x7p40000gn/T/parlor-audit-dsc01-apphost-05-7dr2h_e6/copy/iosApp
    write-file /var/folders/6m/vxwlbjsn7vs6h80_98w6x7p40000gn/T/parlor-audit-dsc01-apphost-05-7dr2h_e6/DerivedData/Build/Intermediates.noindex/iosApp.build/Debug-iphonesimulator/iosApp.build/Parlor.hmap

WriteAuxiliaryFile /var/folders/6m/vxwlbjsn7vs6h80_98w6x7p40000gn/T/parlor-audit-dsc01-apphost-05-7dr2h_e6/DerivedData/Build/Intermediates.noindex/iosApp.build/Debug-iphonesimulator/iosApp.build/Parlor.DependencyStaticMetadataFileList (in target 'iosApp' from project 'iosApp')
    cd /var/folders/6m/vxwlbjsn7vs6h80_98w6x7p40000gn/T/parlor-audit-dsc01-apphost-05-7dr2h_e6/copy/iosApp
    write-file /var/folders/6m/vxwlbjsn7vs6h80_98w6x7p40000gn/T/parlor-audit-dsc01-apphost-05-7dr2h_e6/DerivedData/Build/Intermediates.noindex/iosApp.build/Debug-iphonesimulator/iosApp.build/Parlor.DependencyStaticMetadataFileList

WriteAuxiliaryFile /var/folders/6m/vxwlbjsn7vs6h80_98w6x7p40000gn/T/parlor-audit-dsc01-apphost-05-7dr2h_e6/DerivedData/Build/Intermediates.noindex/iosApp.build/Debug-iphonesimulator/iosApp.build/Parlor.DependencyMetadataFileList (in target 'iosApp' from project 'iosApp')
    cd /var/folders/6m/vxwlbjsn7vs6h80_98w6x7p40000gn/T/parlor-audit-dsc01-apphost-05-7dr2h_e6/copy/iosApp
    write-file /var/folders/6m/vxwlbjsn7vs6h80_98w6x7p40000gn/T/parlor-audit-dsc01-apphost-05-7dr2h_e6/DerivedData/Build/Intermediates.noindex/iosApp.build/Debug-iphonesimulator/iosApp.build/Parlor.DependencyMetadataFileList

WriteAuxiliaryFile /var/folders/6m/vxwlbjsn7vs6h80_98w6x7p40000gn/T/parlor-audit-dsc01-apphost-05-7dr2h_e6/DerivedData/Build/Intermediates.noindex/iosApp.build/Debug-iphonesimulator/iosApp.build/Parlor-project-headers.hmap (in target 'iosApp' from project 'iosApp')
    cd /var/folders/6m/vxwlbjsn7vs6h80_98w6x7p40000gn/T/parlor-audit-dsc01-apphost-05-7dr2h_e6/copy/iosApp
    write-file /var/folders/6m/vxwlbjsn7vs6h80_98w6x7p40000gn/T/parlor-audit-dsc01-apphost-05-7dr2h_e6/DerivedData/Build/Intermediates.noindex/iosApp.build/Debug-iphonesimulator/iosApp.build/Parlor-project-headers.hmap

WriteAuxiliaryFile /var/folders/6m/vxwlbjsn7vs6h80_98w6x7p40000gn/T/parlor-audit-dsc01-apphost-05-7dr2h_e6/DerivedData/Build/Intermediates.noindex/iosApp.build/Debug-iphonesimulator/iosApp.build/Parlor-own-target-headers.hmap (in target 'iosApp' from project 'iosApp')
    cd /var/folders/6m/vxwlbjsn7vs6h80_98w6x7p40000gn/T/parlor-audit-dsc01-apphost-05-7dr2h_e6/copy/iosApp
    write-file /var/folders/6m/vxwlbjsn7vs6h80_98w6x7p40000gn/T/parlor-audit-dsc01-apphost-05-7dr2h_e6/DerivedData/Build/Intermediates.noindex/iosApp.build/Debug-iphonesimulator/iosApp.build/Parlor-own-target-headers.hmap

WriteAuxiliaryFile /var/folders/6m/vxwlbjsn7vs6h80_98w6x7p40000gn/T/parlor-audit-dsc01-apphost-05-7dr2h_e6/DerivedData/Build/Intermediates.noindex/iosApp.build/Debug-iphonesimulator/iosApp.build/Parlor-generated-files.hmap (in target 'iosApp' from project 'iosApp')
    cd /var/folders/6m/vxwlbjsn7vs6h80_98w6x7p40000gn/T/parlor-audit-dsc01-apphost-05-7dr2h_e6/copy/iosApp
    write-file /var/folders/6m/vxwlbjsn7vs6h80_98w6x7p40000gn/T/parlor-audit-dsc01-apphost-05-7dr2h_e6/DerivedData/Build/Intermediates.noindex/iosApp.build/Debug-iphonesimulator/iosApp.build/Parlor-generated-files.hmap

WriteAuxiliaryFile /var/folders/6m/vxwlbjsn7vs6h80_98w6x7p40000gn/T/parlor-audit-dsc01-apphost-05-7dr2h_e6/DerivedData/Build/Intermediates.noindex/iosApp.build/Debug-iphonesimulator/iosApp.build/Parlor-all-target-headers.hmap (in target 'iosApp' from project 'iosApp')
    cd /var/folders/6m/vxwlbjsn7vs6h80_98w6x7p40000gn/T/parlor-audit-dsc01-apphost-05-7dr2h_e6/copy/iosApp
    write-file /var/folders/6m/vxwlbjsn7vs6h80_98w6x7p40000gn/T/parlor-audit-dsc01-apphost-05-7dr2h_e6/DerivedData/Build/Intermediates.noindex/iosApp.build/Debug-iphonesimulator/iosApp.build/Parlor-all-target-headers.hmap

WriteAuxiliaryFile /var/folders/6m/vxwlbjsn7vs6h80_98w6x7p40000gn/T/parlor-audit-dsc01-apphost-05-7dr2h_e6/DerivedData/Build/Intermediates.noindex/iosApp.build/Debug-iphonesimulator/iosApp.build/Parlor-all-non-framework-target-headers.hmap (in target 'iosApp' from project 'iosApp')
    cd /var/folders/6m/vxwlbjsn7vs6h80_98w6x7p40000gn/T/parlor-audit-dsc01-apphost-05-7dr2h_e6/copy/iosApp
    write-file /var/folders/6m/vxwlbjsn7vs6h80_98w6x7p40000gn/T/parlor-audit-dsc01-apphost-05-7dr2h_e6/DerivedData/Build/Intermediates.noindex/iosApp.build/Debug-iphonesimulator/iosApp.build/Parlor-all-non-framework-target-headers.hmap

WriteAuxiliaryFile /var/folders/6m/vxwlbjsn7vs6h80_98w6x7p40000gn/T/parlor-audit-dsc01-apphost-05-7dr2h_e6/DerivedData/Build/Intermediates.noindex/iosApp.build/Debug-iphonesimulator/iosApp.build/Parlor-DebugDylibPath-normal-arm64.txt (in target 'iosApp' from project 'iosApp')
    cd /var/folders/6m/vxwlbjsn7vs6h80_98w6x7p40000gn/T/parlor-audit-dsc01-apphost-05-7dr2h_e6/copy/iosApp
    write-file /var/folders/6m/vxwlbjsn7vs6h80_98w6x7p40000gn/T/parlor-audit-dsc01-apphost-05-7dr2h_e6/DerivedData/Build/Intermediates.noindex/iosApp.build/Debug-iphonesimulator/iosApp.build/Parlor-DebugDylibPath-normal-arm64.txt

WriteAuxiliaryFile /var/folders/6m/vxwlbjsn7vs6h80_98w6x7p40000gn/T/parlor-audit-dsc01-apphost-05-7dr2h_e6/DerivedData/Build/Intermediates.noindex/iosApp.build/Debug-iphonesimulator/iosApp.build/Parlor-DebugDylibInstallName-normal-arm64.txt (in target 'iosApp' from project 'iosApp')
    cd /var/folders/6m/vxwlbjsn7vs6h80_98w6x7p40000gn/T/parlor-audit-dsc01-apphost-05-7dr2h_e6/copy/iosApp
    write-file /var/folders/6m/vxwlbjsn7vs6h80_98w6x7p40000gn/T/parlor-audit-dsc01-apphost-05-7dr2h_e6/DerivedData/Build/Intermediates.noindex/iosApp.build/Debug-iphonesimulator/iosApp.build/Parlor-DebugDylibInstallName-normal-arm64.txt

WriteAuxiliaryFile /var/folders/6m/vxwlbjsn7vs6h80_98w6x7p40000gn/T/parlor-audit-dsc01-apphost-05-7dr2h_e6/DerivedData/Build/Intermediates.noindex/iosApp.build/Debug-iphonesimulator/iosApp.build/Objects-normal/arm64/iosApp_const_extract_protocols.json (in target 'iosApp' from project 'iosApp')
    cd /var/folders/6m/vxwlbjsn7vs6h80_98w6x7p40000gn/T/parlor-audit-dsc01-apphost-05-7dr2h_e6/copy/iosApp
    write-file /var/folders/6m/vxwlbjsn7vs6h80_98w6x7p40000gn/T/parlor-audit-dsc01-apphost-05-7dr2h_e6/DerivedData/Build/Intermediates.noindex/iosApp.build/Debug-iphonesimulator/iosApp.build/Objects-normal/arm64/iosApp_const_extract_protocols.json

WriteAuxiliaryFile /var/folders/6m/vxwlbjsn7vs6h80_98w6x7p40000gn/T/parlor-audit-dsc01-apphost-05-7dr2h_e6/DerivedData/Build/Intermediates.noindex/iosApp.build/Debug-iphonesimulator/iosApp.build/Objects-normal/arm64/iosApp-OutputFileMap.json (in target 'iosApp' from project 'iosApp')
    cd /var/folders/6m/vxwlbjsn7vs6h80_98w6x7p40000gn/T/parlor-audit-dsc01-apphost-05-7dr2h_e6/copy/iosApp
    write-file /var/folders/6m/vxwlbjsn7vs6h80_98w6x7p40000gn/T/parlor-audit-dsc01-apphost-05-7dr2h_e6/DerivedData/Build/Intermediates.noindex/iosApp.build/Debug-iphonesimulator/iosApp.build/Objects-normal/arm64/iosApp-OutputFileMap.json

WriteAuxiliaryFile /var/folders/6m/vxwlbjsn7vs6h80_98w6x7p40000gn/T/parlor-audit-dsc01-apphost-05-7dr2h_e6/DerivedData/Build/Intermediates.noindex/iosApp.build/Debug-iphonesimulator/iosApp.build/Objects-normal/arm64/Parlor.SwiftFileList (in target 'iosApp' from project 'iosApp')
    cd /var/folders/6m/vxwlbjsn7vs6h80_98w6x7p40000gn/T/parlor-audit-dsc01-apphost-05-7dr2h_e6/copy/iosApp
    write-file /var/folders/6m/vxwlbjsn7vs6h80_98w6x7p40000gn/T/parlor-audit-dsc01-apphost-05-7dr2h_e6/DerivedData/Build/Intermediates.noindex/iosApp.build/Debug-iphonesimulator/iosApp.build/Objects-normal/arm64/Parlor.SwiftFileList

WriteAuxiliaryFile /var/folders/6m/vxwlbjsn7vs6h80_98w6x7p40000gn/T/parlor-audit-dsc01-apphost-05-7dr2h_e6/DerivedData/Build/Intermediates.noindex/iosApp.build/Debug-iphonesimulator/iosApp.build/Objects-normal/arm64/Parlor.SwiftConstValuesFileList (in target 'iosApp' from project 'iosApp')
    cd /var/folders/6m/vxwlbjsn7vs6h80_98w6x7p40000gn/T/parlor-audit-dsc01-apphost-05-7dr2h_e6/copy/iosApp
    write-file /var/folders/6m/vxwlbjsn7vs6h80_98w6x7p40000gn/T/parlor-audit-dsc01-apphost-05-7dr2h_e6/DerivedData/Build/Intermediates.noindex/iosApp.build/Debug-iphonesimulator/iosApp.build/Objects-normal/arm64/Parlor.SwiftConstValuesFileList

WriteAuxiliaryFile /var/folders/6m/vxwlbjsn7vs6h80_98w6x7p40000gn/T/parlor-audit-dsc01-apphost-05-7dr2h_e6/DerivedData/Build/Intermediates.noindex/iosApp.build/Debug-iphonesimulator/iosApp.build/Objects-normal/arm64/Parlor.LinkFileList (in target 'iosApp' from project 'iosApp')
    cd /var/folders/6m/vxwlbjsn7vs6h80_98w6x7p40000gn/T/parlor-audit-dsc01-apphost-05-7dr2h_e6/copy/iosApp
    write-file /var/folders/6m/vxwlbjsn7vs6h80_98w6x7p40000gn/T/parlor-audit-dsc01-apphost-05-7dr2h_e6/DerivedData/Build/Intermediates.noindex/iosApp.build/Debug-iphonesimulator/iosApp.build/Objects-normal/arm64/Parlor.LinkFileList

MkDir /var/folders/6m/vxwlbjsn7vs6h80_98w6x7p40000gn/T/parlor-audit-dsc01-apphost-05-7dr2h_e6/DerivedData/Build/Products/Debug-iphonesimulator/iosAppUITests-Runner.app/PlugIns/iosAppUITests.xctest (in target 'iosAppUITests' from project 'iosApp')
    cd /var/folders/6m/vxwlbjsn7vs6h80_98w6x7p40000gn/T/parlor-audit-dsc01-apphost-05-7dr2h_e6/copy/iosApp
    /bin/mkdir -p /var/folders/6m/vxwlbjsn7vs6h80_98w6x7p40000gn/T/parlor-audit-dsc01-apphost-05-7dr2h_e6/DerivedData/Build/Products/Debug-iphonesimulator/iosAppUITests-Runner.app/PlugIns/iosAppUITests.xctest

MkDir /var/folders/6m/vxwlbjsn7vs6h80_98w6x7p40000gn/T/parlor-audit-dsc01-apphost-05-7dr2h_e6/DerivedData/Build/Products/Debug-iphonesimulator/Parlor.app (in target 'iosApp' from project 'iosApp')
    cd /var/folders/6m/vxwlbjsn7vs6h80_98w6x7p40000gn/T/parlor-audit-dsc01-apphost-05-7dr2h_e6/copy/iosApp
    /bin/mkdir -p /var/folders/6m/vxwlbjsn7vs6h80_98w6x7p40000gn/T/parlor-audit-dsc01-apphost-05-7dr2h_e6/DerivedData/Build/Products/Debug-iphonesimulator/Parlor.app

ValidateDevelopmentAssets /var/folders/6m/vxwlbjsn7vs6h80_98w6x7p40000gn/T/parlor-audit-dsc01-apphost-05-7dr2h_e6/DerivedData/Build/Intermediates.noindex/iosApp.build/Debug-iphonesimulator/iosApp.build (in target 'iosApp' from project 'iosApp')
    cd /var/folders/6m/vxwlbjsn7vs6h80_98w6x7p40000gn/T/parlor-audit-dsc01-apphost-05-7dr2h_e6/copy/iosApp
    builtin-validate-development-assets --validate YES_ERROR /var/folders/6m/vxwlbjsn7vs6h80_98w6x7p40000gn/T/parlor-audit-dsc01-apphost-05-7dr2h_e6/copy/iosApp/iosApp/Preview\ Content

PhaseScriptExecution Compile\ Kotlin\ Framework /var/folders/6m/vxwlbjsn7vs6h80_98w6x7p40000gn/T/parlor-audit-dsc01-apphost-05-7dr2h_e6/DerivedData/Build/Intermediates.noindex/iosApp.build/Debug-iphonesimulator/iosApp.build/Script-F7AC9D762B0E10F7008B8A48.sh (in target 'iosApp' from project 'iosApp')
    cd /var/folders/6m/vxwlbjsn7vs6h80_98w6x7p40000gn/T/parlor-audit-dsc01-apphost-05-7dr2h_e6/copy/iosApp
    export ACTION\=build
    export AD_HOC_CODE_SIGNING_ALLOWED\=YES
    export AGGREGATE_TRACKED_DOMAINS\=YES
    export ALLOW_BUILD_REQUEST_OVERRIDES\=NO
    export ALLOW_TARGET_PLATFORM_SPECIALIZATION\=NO
    export ALTERNATE_GROUP\=staff
    export ALTERNATE_MODE\=u+w,go-w,a+rX
    export ALTERNATE_OWNER\=abdelrahman
    export ALTERNATIVE_DISTRIBUTION_WEB\=NO
    export ALWAYS_EMBED_SWIFT_STANDARD_LIBRARIES\=NO
    export ALWAYS_SEARCH_USER_PATHS\=NO
    export ALWAYS_USE_SEPARATE_HEADERMAPS\=NO
    export APPLICATION_EXTENSION_API_ONLY\=NO
    export APPLY_RULES_IN_COPY_FILES\=NO
    export APPLY_RULES_IN_COPY_HEADERS\=NO
    export APP_NAME\=Parlor
    export APP_SHORTCUTS_ENABLE_FLEXIBLE_MATCHING\=YES
    export ARCHS\=arm64
    export ARCHS_BASE\=arm64
    export ARCHS_STANDARD\=arm64\ x86_64
    export ARCHS_STANDARD_32_64_BIT\=arm64\ x86_64
    export ARCHS_STANDARD_64_BIT\=arm64\ x86_64
    export ARCHS_STANDARD_INCLUDING_64_BIT\=arm64\ x86_64
    export ARCHS_UNIVERSAL_IPHONE_OS\=arm64\ x86_64
    export ASSETCATALOG_COMPILER_APPICON_NAME\=AppIcon
    export ASSETCATALOG_COMPILER_GLOBAL_ACCENT_COLOR_NAME\=AccentColor
    export ASSETCATALOG_FILTER_FOR_DEVICE_MODEL\=iPhone18,1
    export ASSETCATALOG_FILTER_FOR_DEVICE_OS_VERSION\=26.5
    export ASSETCATALOG_FILTER_FOR_THINNING_DEVICE_CONFIGURATION\=iPhone18,1
    export AUTOMATICALLY_MERGE_DEPENDENCIES\=NO
    export AUTOMATION_APPLE_EVENTS\=NO
    export AVAILABLE_PLATFORMS\=android\ appletvos\ appletvsimulator\ driverkit\ freebsd\ iphoneos\ iphonesimulator\ linux\ macosx\ none\ openbsd\ qnx\ watchos\ watchsimulator\ webassembly\ xros\ xrsimulator
    export BUILD_ACTIVE_RESOURCES_ONLY\=YES
    export BUILD_COMPONENTS\=headers\ build
    export BUILD_DIR\=/var/folders/6m/vxwlbjsn7vs6h80_98w6x7p40000gn/T/parlor-audit-dsc01-apphost-05-7dr2h_e6/DerivedData/Build/Products
    export BUILD_LIBRARY_FOR_DISTRIBUTION\=NO
    export BUILD_ONLY_KNOWN_LOCALIZATIONS\=NO
    export BUILD_ROOT\=/var/folders/6m/vxwlbjsn7vs6h80_98w6x7p40000gn/T/parlor-audit-dsc01-apphost-05-7dr2h_e6/DerivedData/Build/Products
    export BUILD_STYLE\=
    export BUILD_VARIANTS\=normal
    export BUILT_PRODUCTS_DIR\=/var/folders/6m/vxwlbjsn7vs6h80_98w6x7p40000gn/T/parlor-audit-dsc01-apphost-05-7dr2h_e6/DerivedData/Build/Products/Debug-iphonesimulator
    export BUNDLE_CONTENTS_FOLDER_PATH_deep\=Contents/
    export BUNDLE_EXECUTABLE_FOLDER_NAME_deep\=MacOS
    export BUNDLE_EXTENSIONS_FOLDER_PATH\=Extensions
    export BUNDLE_FORMAT\=shallow
    export BUNDLE_FRAMEWORKS_FOLDER_PATH\=Frameworks
    export BUNDLE_ID\=com.parlor.app
    export BUNDLE_PLUGINS_FOLDER_PATH\=PlugIns
    export BUNDLE_PRIVATE_HEADERS_FOLDER_PATH\=PrivateHeaders
    export BUNDLE_PUBLIC_HEADERS_FOLDER_PATH\=Headers
    export CACHE_ROOT\=/var/folders/6m/vxwlbjsn7vs6h80_98w6x7p40000gn/C/com.apple.DeveloperTools/26.5-17F42/Xcode
    export CCHROOT\=/var/folders/6m/vxwlbjsn7vs6h80_98w6x7p40000gn/C/com.apple.DeveloperTools/26.5-17F42/Xcode
    export CHMOD\=/bin/chmod
    export CHOWN\=chown
    export CLANG_ANALYZER_NONNULL\=YES
    export CLANG_ANALYZER_NUMBER_OBJECT_CONVERSION\=YES_AGGRESSIVE
    export CLANG_CACHE_FINE_GRAINED_OUTPUTS\=YES
    export CLANG_CXX_LANGUAGE_STANDARD\=gnu++14
    export CLANG_CXX_LIBRARY\=libc++
    export CLANG_ENABLE_EXPLICIT_MODULES\=YES
    export CLANG_ENABLE_MODULES\=YES
    export CLANG_ENABLE_OBJC_ARC\=YES
    export CLANG_ENABLE_OBJC_WEAK\=YES
    export CLANG_MODULES_BUILD_SESSION_FILE\=/var/folders/6m/vxwlbjsn7vs6h80_98w6x7p40000gn/T/parlor-audit-dsc01-apphost-05-7dr2h_e6/DerivedData/ModuleCache.noindex/Session.modulevalidation
    export CLANG_WARN_BLOCK_CAPTURE_AUTORELEASING\=YES
    export CLANG_WARN_BOOL_CONVERSION\=YES
    export CLANG_WARN_COMMA\=YES
    export CLANG_WARN_CONSTANT_CONVERSION\=YES
    export CLANG_WARN_DEPRECATED_OBJC_IMPLEMENTATIONS\=YES
    export CLANG_WARN_DIRECT_OBJC_ISA_USAGE\=YES_ERROR
    export CLANG_WARN_DOCUMENTATION_COMMENTS\=YES
    export CLANG_WARN_EMPTY_BODY\=YES
    export CLANG_WARN_ENUM_CONVERSION\=YES
    export CLANG_WARN_INFINITE_RECURSION\=YES
    export CLANG_WARN_INT_CONVERSION\=YES
    export CLANG_WARN_NON_LITERAL_NULL_CONVERSION\=YES
    export CLANG_WARN_OBJC_IMPLICIT_RETAIN_SELF\=YES
    export CLANG_WARN_OBJC_LITERAL_CONVERSION\=YES
    export CLANG_WARN_OBJC_ROOT_CLASS\=YES_ERROR
    export CLANG_WARN_QUOTED_INCLUDE_IN_FRAMEWORK_HEADER\=YES
    export CLANG_WARN_RANGE_LOOP_ANALYSIS\=YES
    export CLANG_WARN_STRICT_PROTOTYPES\=YES
    export CLANG_WARN_SUSPICIOUS_MOVE\=YES
    export CLANG_WARN_UNGUARDED_AVAILABILITY\=YES_AGGRESSIVE
    export CLANG_WARN_UNREACHABLE_CODE\=YES
    export CLANG_WARN__DUPLICATE_METHOD_MATCH\=YES
    export CLASS_FILE_DIR\=/var/folders/6m/vxwlbjsn7vs6h80_98w6x7p40000gn/T/parlor-audit-dsc01-apphost-05-7dr2h_e6/DerivedData/Build/Intermediates.noindex/iosApp.build/Debug-iphonesimulator/iosApp.build/JavaClasses
    export CLEAN_PRECOMPS\=YES
    export CLONE_HEADERS\=NO
    export CODESIGNING_FOLDER_PATH\=/var/folders/6m/vxwlbjsn7vs6h80_98w6x7p40000gn/T/parlor-audit-dsc01-apphost-05-7dr2h_e6/DerivedData/Build/Products/Debug-iphonesimulator/Parlor.app
    export CODE_SIGNING_ALLOWED\=NO
    export CODE_SIGNING_REQUIRED\=NO
    export CODE_SIGN_CONTEXT_CLASS\=XCiPhoneSimulatorCodeSignContext
    export CODE_SIGN_INJECT_BASE_ENTITLEMENTS\=YES
    export CODE_SIGN_STYLE\=Automatic
    export COLOR_DIAGNOSTICS\=NO
    export COMBINE_HIDPI_IMAGES\=NO
    export COMPILATION_CACHE_CAS_PATH\=/var/folders/6m/vxwlbjsn7vs6h80_98w6x7p40000gn/T/parlor-audit-dsc01-apphost-05-7dr2h_e6/DerivedData/CompilationCache.noindex
    export COMPILATION_CACHE_KEEP_CAS_DIRECTORY\=YES
    export COMPILER_INDEX_STORE_ENABLE\=NO
    export COMPOSITE_SDK_DIRS\=/var/folders/6m/vxwlbjsn7vs6h80_98w6x7p40000gn/T/parlor-audit-dsc01-apphost-05-7dr2h_e6/DerivedData/Build/Intermediates.noindex/CompositeSDKs
    export COMPRESS_PNG_FILES\=YES
    export CONFIGURATION\=Debug
    export CONFIGURATION_BUILD_DIR\=/var/folders/6m/vxwlbjsn7vs6h80_98w6x7p40000gn/T/parlor-audit-dsc01-apphost-05-7dr2h_e6/DerivedData/Build/Products/Debug-iphonesimulator
    export CONFIGURATION_TEMP_DIR\=/var/folders/6m/vxwlbjsn7vs6h80_98w6x7p40000gn/T/parlor-audit-dsc01-apphost-05-7dr2h_e6/DerivedData/Build/Intermediates.noindex/iosApp.build/Debug-iphonesimulator
    export CONTENTS_FOLDER_PATH\=Parlor.app
    export CONTENTS_FOLDER_PATH_SHALLOW_BUNDLE_NO\=Parlor.app/Contents
    export CONTENTS_FOLDER_PATH_SHALLOW_BUNDLE_YES\=Parlor.app
    export COPYING_PRESERVES_HFS_DATA\=NO
    export COPY_HEADERS_RUN_UNIFDEF\=NO
    export COPY_PHASE_STRIP\=NO
    export CORRESPONDING_DEVICE_PLATFORM_DIR\=/Applications/Xcode.app/Contents/Developer/Platforms/iPhoneOS.platform
    export CORRESPONDING_DEVICE_PLATFORM_NAME\=iphoneos
    export CORRESPONDING_DEVICE_SDK_DIR\=/Applications/Xcode.app/Contents/Developer/Platforms/iPhoneOS.platform/Developer/SDKs/iPhoneOS26.5.sdk
    export CORRESPONDING_DEVICE_SDK_NAME\=iphoneos26.5
    export CP\=/bin/cp
    export CREATE_INFOPLIST_SECTION_IN_BINARY\=NO
    export CURRENT_ARCH\=undefined_arch
    export CURRENT_PROJECT_VERSION\=1
    export CURRENT_VARIANT\=normal
    export DEAD_CODE_STRIPPING\=YES
    export DEBUGGING_SYMBOLS\=YES
    export DEBUG_INFORMATION_FORMAT\=dwarf
    export DEBUG_INFORMATION_VERSION\=compiler-default
    export DEFAULT_COMPILER\=com.apple.compilers.llvm.clang.1_0
    export DEFAULT_DEXT_INSTALL_PATH\=/System/Library/DriverExtensions
    export DEFAULT_KEXT_INSTALL_PATH\=/System/Library/Extensions
    export DEFINES_MODULE\=NO
    export DEPLOYMENT_LOCATION\=NO
    export DEPLOYMENT_POSTPROCESSING\=NO
    export DEPLOYMENT_TARGET_SETTING_NAME\=IPHONEOS_DEPLOYMENT_TARGET
    export DEPLOYMENT_TARGET_SUGGESTED_VALUES\=12.0\ 12.1\ 12.2\ 12.3\ 12.4\ 13.0\ 13.1\ 13.2\ 13.3\ 13.4\ 13.5\ 13.6\ 14.0\ 14.1\ 14.2\ 14.3\ 14.4\ 14.5\ 14.6\ 14.7\ 15.0\ 15.1\ 15.2\ 15.3\ 15.4\ 15.5\ 15.6\ 16.0\ 16.1\ 16.2\ 16.3\ 16.4\ 16.5\ 16.6\ 17.0\ 17.1\ 17.2\ 17.3\ 17.4\ 17.5\ 17.6\ 18.0\ 18.1\ 18.2\ 18.3\ 18.4\ 18.5\ 18.6\ 26.0\ 26.2\ 26.3\ 26.4\ 26.5
    export DERIVED_FILES_DIR\=/var/folders/6m/vxwlbjsn7vs6h80_98w6x7p40000gn/T/parlor-audit-dsc01-apphost-05-7dr2h_e6/DerivedData/Build/Intermediates.noindex/iosApp.build/Debug-iphonesimulator/iosApp.build/DerivedSources
    export DERIVED_FILE_DIR\=/var/folders/6m/vxwlbjsn7vs6h80_98w6x7p40000gn/T/parlor-audit-dsc01-apphost-05-7dr2h_e6/DerivedData/Build/Intermediates.noindex/iosApp.build/Debug-iphonesimulator/iosApp.build/DerivedSources
    export DERIVED_SOURCES_DIR\=/var/folders/6m/vxwlbjsn7vs6h80_98w6x7p40000gn/T/parlor-audit-dsc01-apphost-05-7dr2h_e6/DerivedData/Build/Intermediates.noindex/iosApp.build/Debug-iphonesimulator/iosApp.build/DerivedSources
    export DEVELOPER_APPLICATIONS_DIR\=/Applications/Xcode.app/Contents/Developer/Applications
    export DEVELOPER_BIN_DIR\=/Applications/Xcode.app/Contents/Developer/usr/bin
    export DEVELOPER_DIR\=/Applications/Xcode.app/Contents/Developer
    export DEVELOPER_FRAMEWORKS_DIR\=/Applications/Xcode.app/Contents/Developer/Library/Frameworks
    export DEVELOPER_FRAMEWORKS_DIR_QUOTED\=/Applications/Xcode.app/Contents/Developer/Library/Frameworks
    export DEVELOPER_LIBRARY_DIR\=/Applications/Xcode.app/Contents/Developer/Library
    export DEVELOPER_SDK_DIR\=/Applications/Xcode.app/Contents/Developer/Platforms/MacOSX.platform/Developer/SDKs
    export DEVELOPER_TOOLS_DIR\=/Applications/Xcode.app/Contents/Developer/Tools
    export DEVELOPER_USR_DIR\=/Applications/Xcode.app/Contents/Developer/usr
    export DEVELOPMENT_ASSET_PATHS\=\"iosApp/Preview\ Content\"
    export DEVELOPMENT_LANGUAGE\=en
    export DIAGNOSE_MISSING_TARGET_DEPENDENCIES\=YES
    export DIFF\=/usr/bin/diff
    export DOCUMENTATION_FOLDER_PATH\=Parlor.app/en.lproj/Documentation
    export DONT_GENERATE_INFOPLIST_FILE\=NO
    export DSTROOT\=/tmp/iosApp.dst
    export DT_TOOLCHAIN_DIR\=/Applications/Xcode.app/Contents/Developer/Toolchains/XcodeDefault.xctoolchain
    export DUMP_DEPENDENCIES\=NO
    export DUMP_DEPENDENCIES_OUTPUT_PATH\=/var/folders/6m/vxwlbjsn7vs6h80_98w6x7p40000gn/T/parlor-audit-dsc01-apphost-05-7dr2h_e6/DerivedData/Build/Intermediates.noindex/iosApp.build/Debug-iphonesimulator/iosApp.build/iosApp-BuildDependencyInfo.json
    export DWARF_DSYM_FILE_NAME\=Parlor.app.dSYM
    export DWARF_DSYM_FILE_SHOULD_ACCOMPANY_PRODUCT\=NO
    export DWARF_DSYM_FOLDER_PATH\=/var/folders/6m/vxwlbjsn7vs6h80_98w6x7p40000gn/T/parlor-audit-dsc01-apphost-05-7dr2h_e6/DerivedData/Build/Products/Debug-iphonesimulator
    export DYNAMIC_LIBRARY_EXTENSION\=dylib
    export EAGER_COMPILATION_ALLOW_SCRIPTS\=NO
    export EAGER_LINKING\=NO
    export EFFECTIVE_PLATFORM_NAME\=-iphonesimulator
    export EFFECTIVE_SWIFT_VERSION\=5
    export EMBEDDED_CONTENT_CONTAINS_SWIFT\=NO
    export EMBED_ASSET_PACKS_IN_PRODUCT_BUNDLE\=NO
    export ENABLE_APP_SANDBOX\=NO
    export ENABLE_CODE_COVERAGE\=YES
    export ENABLE_COHORT_ARCHS\=NO
    export ENABLE_CPLUSPLUS_BOUNDS_SAFE_BUFFERS\=NO
    export ENABLE_C_BOUNDS_SAFETY\=NO
    export ENABLE_DEBUG_DYLIB\=YES
    export ENABLE_DEFAULT_HEADER_SEARCH_PATHS\=YES
    export ENABLE_DEFAULT_SEARCH_PATHS\=YES
    export ENABLE_ENHANCED_SECURITY\=NO
    export ENABLE_HARDENED_RUNTIME\=NO
    export ENABLE_HEADER_DEPENDENCIES\=YES
    export ENABLE_INCOMING_NETWORK_CONNECTIONS\=NO
    export ENABLE_ON_DEMAND_RESOURCES\=YES
    export ENABLE_OUTGOING_NETWORK_CONNECTIONS\=NO
    export ENABLE_POINTER_AUTHENTICATION\=NO
    export ENABLE_PREVIEWS\=NO
    export ENABLE_RESOURCE_ACCESS_AUDIO_INPUT\=NO
    export ENABLE_RESOURCE_ACCESS_BLUETOOTH\=NO
    export ENABLE_RESOURCE_ACCESS_CALENDARS\=NO
    export ENABLE_RESOURCE_ACCESS_CAMERA\=NO
    export ENABLE_RESOURCE_ACCESS_CONTACTS\=NO
    export ENABLE_RESOURCE_ACCESS_LOCATION\=NO
    export ENABLE_RESOURCE_ACCESS_PHOTO_LIBRARY\=NO
    export ENABLE_RESOURCE_ACCESS_PRINTING\=NO
    export ENABLE_RESOURCE_ACCESS_USB\=NO
    export ENABLE_SDK_IMPORTS\=NO
    export ENABLE_SECURITY_COMPILER_WARNINGS\=NO
    export ENABLE_STRICT_OBJC_MSGSEND\=YES
    export ENABLE_TESTABILITY\=YES
    export ENABLE_TESTING_SEARCH_PATHS\=NO
    export ENABLE_USER_SCRIPT_SANDBOXING\=NO
    export ENABLE_XOJIT_PREVIEWS\=YES
    export ENFORCE_VALID_ARCHS\=YES
    export ENTITLEMENTS_ALLOWED\=NO
    export ENTITLEMENTS_DESTINATION\=__entitlements
    export ENTITLEMENTS_REQUIRED\=NO
    export EXCLUDED_INSTALLSRC_SUBDIRECTORY_PATTERNS\=.DS_Store\ .svn\ .git\ .hg\ CVS
    export EXCLUDED_RECURSIVE_SEARCH_PATH_SUBDIRECTORIES\=\*.nib\ \*.lproj\ \*.framework\ \*.gch\ \*.xcode\*\ \*.xcassets\ \*.icon\ \(\*\)\ .DS_Store\ CVS\ .svn\ .git\ .hg\ \*.pbproj\ \*.pbxproj
    export EXECUTABLES_FOLDER_PATH\=Parlor.app/Executables
    export EXECUTABLE_BLANK_INJECTION_DYLIB_PATH\=Parlor.app/__preview.dylib
    export EXECUTABLE_DEBUG_DYLIB_INSTALL_NAME\=@rpath/Parlor.debug.dylib
    export EXECUTABLE_DEBUG_DYLIB_PATH\=Parlor.app/Parlor.debug.dylib
    export EXECUTABLE_FOLDER_PATH\=Parlor.app
    export EXECUTABLE_FOLDER_PATH_SHALLOW_BUNDLE_NO\=Parlor.app/MacOS
    export EXECUTABLE_FOLDER_PATH_SHALLOW_BUNDLE_YES\=Parlor.app
    export EXECUTABLE_NAME\=Parlor
    export EXECUTABLE_PATH\=Parlor.app/Parlor
    export EXTENSIONS_FOLDER_PATH\=Parlor.app/Extensions
    export FILE_LIST\=/var/folders/6m/vxwlbjsn7vs6h80_98w6x7p40000gn/T/parlor-audit-dsc01-apphost-05-7dr2h_e6/DerivedData/Build/Intermediates.noindex/iosApp.build/Debug-iphonesimulator/iosApp.build/Objects/LinkFileList
    export FIXED_FILES_DIR\=/var/folders/6m/vxwlbjsn7vs6h80_98w6x7p40000gn/T/parlor-audit-dsc01-apphost-05-7dr2h_e6/DerivedData/Build/Intermediates.noindex/iosApp.build/Debug-iphonesimulator/iosApp.build/FixedFiles
    export FRAMEWORKS_FOLDER_PATH\=Parlor.app/Frameworks
    export FRAMEWORK_FLAG_PREFIX\=-framework
    export FRAMEWORK_SEARCH_PATHS\=/var/folders/6m/vxwlbjsn7vs6h80_98w6x7p40000gn/T/parlor-audit-dsc01-apphost-05-7dr2h_e6/DerivedData/Build/Products/Debug-iphonesimulator\ \ /var/folders/6m/vxwlbjsn7vs6h80_98w6x7p40000gn/T/parlor-audit-dsc01-apphost-05-7dr2h_e6/copy/iosApp/../composeApp/build/xcode-frameworks/Debug/iphonesimulator26.5
    export FRAMEWORK_VERSION\=A
    export FULL_PRODUCT_NAME\=Parlor.app
    export FUSE_BUILD_PHASES\=YES
    export FUSE_BUILD_SCRIPT_PHASES\=NO
    export GCC3_VERSION\=3.3
    export GCC_C_LANGUAGE_STANDARD\=gnu11
    export GCC_DYNAMIC_NO_PIC\=NO
    export GCC_INLINES_ARE_PRIVATE_EXTERN\=YES
    export GCC_NO_COMMON_BLOCKS\=YES
    export GCC_OBJC_LEGACY_DISPATCH\=YES
    export GCC_OPTIMIZATION_LEVEL\=0
    export GCC_PFE_FILE_C_DIALECTS\=c\ objective-c\ c++\ objective-c++
    export GCC_PREPROCESSOR_DEFINITIONS\=DEBUG\=1\ 
    export GCC_SYMBOLS_PRIVATE_EXTERN\=NO
    export GCC_TREAT_WARNINGS_AS_ERRORS\=NO
    export GCC_VERSION\=com.apple.compilers.llvm.clang.1_0
    export GCC_VERSION_IDENTIFIER\=com_apple_compilers_llvm_clang_1_0
    export GCC_WARN_64_TO_32_BIT_CONVERSION\=YES
    export GCC_WARN_ABOUT_RETURN_TYPE\=YES_ERROR
    export GCC_WARN_UNDECLARED_SELECTOR\=YES
    export GCC_WARN_UNINITIALIZED_AUTOS\=YES_AGGRESSIVE
    export GCC_WARN_UNUSED_FUNCTION\=YES
    export GCC_WARN_UNUSED_VARIABLE\=YES
    export GENERATED_MODULEMAP_DIR\=/var/folders/6m/vxwlbjsn7vs6h80_98w6x7p40000gn/T/parlor-audit-dsc01-apphost-05-7dr2h_e6/DerivedData/Build/Intermediates.noindex/GeneratedModuleMaps-iphonesimulator
    export GENERATE_INFOPLIST_FILE\=NO
    export GENERATE_INTERMEDIATE_TEXT_BASED_STUBS\=YES
    export GENERATE_PKGINFO_FILE\=YES
    export GENERATE_PRELINK_OBJECT_FILE\=NO
    export GENERATE_PROFILING_CODE\=NO
    export GENERATE_TEXT_BASED_STUBS\=NO
    export GID\=20
    export GROUP\=staff
    export HEADERMAP_INCLUDES_FLAT_ENTRIES_FOR_TARGET_BEING_BUILT\=YES
    export HEADERMAP_INCLUDES_FRAMEWORK_ENTRIES_FOR_ALL_PRODUCT_TYPES\=YES
    export HEADERMAP_INCLUDES_FRAMEWORK_ENTRIES_FOR_TARGETS_NOT_BEING_BUILT\=YES
    export HEADERMAP_INCLUDES_NONPUBLIC_NONPRIVATE_HEADERS\=YES
    export HEADERMAP_INCLUDES_PROJECT_HEADERS\=YES
    export HEADERMAP_USES_FRAMEWORK_PREFIX_ENTRIES\=YES
    export HEADERMAP_USES_VFS\=NO
    export HEADER_SEARCH_PATHS\=/var/folders/6m/vxwlbjsn7vs6h80_98w6x7p40000gn/T/parlor-audit-dsc01-apphost-05-7dr2h_e6/DerivedData/Build/Products/Debug-iphonesimulator/include\ 
    export HOME\=/Users/abdelrahman
    export HOST_ARCH\=arm64
    export HOST_PLATFORM\=macosx
    export ICONV\=/usr/bin/iconv
    export IMPLICIT_DEPENDENCY_DOMAIN\=default
    export INDEX_STORE_COMPRESS\=NO
    export INDEX_STORE_ONLY_PROJECT_FILES\=NO
    export INFOPLIST_ENABLE_CFBUNDLEICONS_MERGE\=YES
    export INFOPLIST_EXPAND_BUILD_SETTINGS\=YES
    export INFOPLIST_FILE\=iosApp/Info.plist
    export INFOPLIST_OUTPUT_FORMAT\=binary
    export INFOPLIST_PATH\=Parlor.app/Info.plist
    export INFOPLIST_PREPROCESS\=NO
    export INFOSTRINGS_PATH\=Parlor.app/en.lproj/InfoPlist.strings
    export INLINE_PRIVATE_FRAMEWORKS\=NO
    export INSTALLAPI_IGNORE_SKIP_INSTALL\=YES
    export INSTALLHDRS_COPY_PHASE\=NO
    export INSTALLHDRS_SCRIPT_PHASE\=NO
    export INSTALL_DIR\=/tmp/iosApp.dst/Applications
    export INSTALL_GROUP\=staff
    export INSTALL_MODE_FLAG\=u+w,go-w,a+rX
    export INSTALL_OWNER\=abdelrahman
    export INSTALL_PATH\=/Applications
    export INSTALL_ROOT\=/tmp/iosApp.dst
    export IPHONEOS_DEPLOYMENT_TARGET\=16.0
    export IS_UNOPTIMIZED_BUILD\=YES
    export JAVAC_DEFAULT_FLAGS\=-J-Xms64m\ -J-XX:NewSize\=4M\ -J-Dfile.encoding\=UTF8
    export JAVA_APP_STUB\=/System/Library/Frameworks/JavaVM.framework/Resources/MacOS/JavaApplicationStub
    export JAVA_ARCHIVE_CLASSES\=YES
    export JAVA_ARCHIVE_TYPE\=JAR
    export JAVA_COMPILER\=/usr/bin/javac
    export JAVA_FOLDER_PATH\=Parlor.app/Java
    export JAVA_FRAMEWORK_RESOURCES_DIRS\=Resources
    export JAVA_JAR_FLAGS\=cv
    export JAVA_SOURCE_SUBDIR\=.
    export JAVA_USE_DEPENDENCIES\=YES
    export JAVA_ZIP_FLAGS\=-urg
    export JIKES_DEFAULT_FLAGS\=+E\ +OLDCSO
    export KEEP_PRIVATE_EXTERNS\=NO
    export LD_DEPENDENCY_INFO_FILE\=/var/folders/6m/vxwlbjsn7vs6h80_98w6x7p40000gn/T/parlor-audit-dsc01-apphost-05-7dr2h_e6/DerivedData/Build/Intermediates.noindex/iosApp.build/Debug-iphonesimulator/iosApp.build/Objects-normal/undefined_arch/Parlor_dependency_info.dat
    export LD_EXPORT_SYMBOLS\=YES
    export LD_GENERATE_MAP_FILE\=NO
    export LD_MAP_FILE_PATH\=/var/folders/6m/vxwlbjsn7vs6h80_98w6x7p40000gn/T/parlor-audit-dsc01-apphost-05-7dr2h_e6/DerivedData/Build/Intermediates.noindex/iosApp.build/Debug-iphonesimulator/iosApp.build/Parlor-LinkMap-normal-undefined_arch.txt
    export LD_NO_PIE\=NO
    export LD_QUOTE_LINKER_ARGUMENTS_FOR_COMPILER_DRIVER\=YES
    export LD_RUNPATH_SEARCH_PATHS\=\ @executable_path/Frameworks
    export LD_RUNPATH_SEARCH_PATHS_YES\=@loader_path/../Frameworks
    export LD_SHARED_CACHE_ELIGIBLE\=Automatic
    export LD_WARN_DUPLICATE_LIBRARIES\=NO
    export LD_WARN_UNUSED_DYLIBS\=NO
    export LEGACY_DEVELOPER_DIR\=/Applications/Xcode.app/Contents/PlugIns/Xcode3Core.ideplugin/Contents/SharedSupport/Developer
    export LEX\=lex
    export LIBRARY_DEXT_INSTALL_PATH\=/Library/DriverExtensions
    export LIBRARY_FLAG_NOSPACE\=YES
    export LIBRARY_FLAG_PREFIX\=-l
    export LIBRARY_KEXT_INSTALL_PATH\=/Library/Extensions
    export LIBRARY_SEARCH_PATHS\=/var/folders/6m/vxwlbjsn7vs6h80_98w6x7p40000gn/T/parlor-audit-dsc01-apphost-05-7dr2h_e6/DerivedData/Build/Products/Debug-iphonesimulator\ 
    export LINKER_DISPLAYS_MANGLED_NAMES\=NO
    export LINK_FILE_LIST_normal_arm64\=/var/folders/6m/vxwlbjsn7vs6h80_98w6x7p40000gn/T/parlor-audit-dsc01-apphost-05-7dr2h_e6/DerivedData/Build/Intermediates.noindex/iosApp.build/Debug-iphonesimulator/iosApp.build/Objects-normal/arm64/Parlor.LinkFileList
    export LINK_OBJC_RUNTIME\=YES
    export LINK_WITH_STANDARD_LIBRARIES\=YES
    export LLVM_TARGET_TRIPLE_OS_VERSION\=ios16.0
    export LLVM_TARGET_TRIPLE_SUFFIX\=-simulator
    export LLVM_TARGET_TRIPLE_VENDOR\=apple
    export LM_AUX_CONST_METADATA_LIST_PATH_normal_arm64\=/var/folders/6m/vxwlbjsn7vs6h80_98w6x7p40000gn/T/parlor-audit-dsc01-apphost-05-7dr2h_e6/DerivedData/Build/Intermediates.noindex/iosApp.build/Debug-iphonesimulator/iosApp.build/Objects-normal/arm64/Parlor.SwiftConstValuesFileList
    export LOCALIZATION_EXPORT_SUPPORTED\=YES
    export LOCALIZATION_PREFERS_STRING_CATALOGS\=NO
    export LOCALIZED_RESOURCES_FOLDER_PATH\=Parlor.app/en.lproj
    export LOCALIZED_STRING_CODE_COMMENTS\=NO
    export LOCALIZED_STRING_MACRO_NAMES\=NSLocalizedString\ CFCopyLocalizedString
    export LOCALIZED_STRING_SWIFTUI_SUPPORT\=YES
    export LOCAL_ADMIN_APPS_DIR\=/Applications/Utilities
    export LOCAL_APPS_DIR\=/Applications
    export LOCAL_DEVELOPER_DIR\=/Library/Developer
    export LOCAL_LIBRARY_DIR\=/Library
    export LOCROOT\=/var/folders/6m/vxwlbjsn7vs6h80_98w6x7p40000gn/T/parlor-audit-dsc01-apphost-05-7dr2h_e6/copy/iosApp
    export LOCSYMROOT\=/var/folders/6m/vxwlbjsn7vs6h80_98w6x7p40000gn/T/parlor-audit-dsc01-apphost-05-7dr2h_e6/copy/iosApp
    export MACH_O_TYPE\=mh_execute
    export MAC_OS_X_PRODUCT_BUILD_VERSION\=25C56
    export MAC_OS_X_VERSION_ACTUAL\=260200
    export MAC_OS_X_VERSION_MAJOR\=260000
    export MAC_OS_X_VERSION_MINOR\=260200
    export MAKE_MERGEABLE\=NO
    export MARKETING_VERSION\=1.0.0
    export MERGEABLE_LIBRARY\=NO
    export MERGED_BINARY_TYPE\=none
    export MERGE_LINKED_LIBRARIES\=NO
    export METAL_LIBRARY_FILE_BASE\=default
    export METAL_LIBRARY_OUTPUT_DIR\=/var/folders/6m/vxwlbjsn7vs6h80_98w6x7p40000gn/T/parlor-audit-dsc01-apphost-05-7dr2h_e6/DerivedData/Build/Products/Debug-iphonesimulator/Parlor.app
    export MOBILE_RELEASE_IOS_CODE_SIGN_STYLE\=Automatic
    export MODULES_FOLDER_PATH\=Parlor.app/Modules
    export MODULE_CACHE_DIR\=/var/folders/6m/vxwlbjsn7vs6h80_98w6x7p40000gn/T/parlor-audit-dsc01-apphost-05-7dr2h_e6/DerivedData/ModuleCache.noindex
    export MTL_ENABLE_DEBUG_INFO\=INCLUDE_SOURCE
    export MTL_FAST_MATH\=YES
    export NATIVE_ARCH\=arm64
    export NATIVE_ARCH_32_BIT\=arm
    export NATIVE_ARCH_64_BIT\=arm64
    export NATIVE_ARCH_ACTUAL\=arm64
    export NO_COMMON\=YES
    export OBJC_ABI_VERSION\=2
    export OBJECT_FILE_DIR\=/var/folders/6m/vxwlbjsn7vs6h80_98w6x7p40000gn/T/parlor-audit-dsc01-apphost-05-7dr2h_e6/DerivedData/Build/Intermediates.noindex/iosApp.build/Debug-iphonesimulator/iosApp.build/Objects
    export OBJECT_FILE_DIR_normal\=/var/folders/6m/vxwlbjsn7vs6h80_98w6x7p40000gn/T/parlor-audit-dsc01-apphost-05-7dr2h_e6/DerivedData/Build/Intermediates.noindex/iosApp.build/Debug-iphonesimulator/iosApp.build/Objects-normal
    export OBJROOT\=/var/folders/6m/vxwlbjsn7vs6h80_98w6x7p40000gn/T/parlor-audit-dsc01-apphost-05-7dr2h_e6/DerivedData/Build/Intermediates.noindex
    export ONLY_ACTIVE_ARCH\=YES
    export OS\=MACOS
    export OSAC\=/usr/bin/osacompile
    export PACKAGE_TYPE\=com.apple.package-type.wrapper.application
    export PARLOR_BUILD_NUMBER\=1
    export PARLOR_VERSION_NAME\=1.0.0
    export PASCAL_STRINGS\=YES
    export PATH\=/Applications/Xcode.app/Contents/SharedFrameworks/SwiftBuild.framework/Versions/A/PlugIns/SWBBuildService.bundle/Contents/PlugIns/SWBUniversalPlatformPlugin.bundle/Contents/Frameworks/SWBUniversalPlatform.framework/Resources:/Applications/Xcode.app/Contents/Developer/Toolchains/XcodeDefault.xctoolchain/usr/bin:/Applications/Xcode.app/Contents/Developer/Toolchains/XcodeDefault.xctoolchain/usr/local/bin:/Applications/Xcode.app/Contents/Developer/Toolchains/XcodeDefault.xctoolchain/usr/libexec:/Applications/Xcode.app/Contents/Developer/Platforms/iPhoneSimulator.platform/usr/bin:/Applications/Xcode.app/Contents/Developer/Platforms/iPhoneSimulator.platform/usr/local/bin:/Applications/Xcode.app/Contents/Developer/Platforms/iPhoneSimulator.platform/Developer/usr/bin:/Applications/Xcode.app/Contents/Developer/Platforms/iPhoneSimulator.platform/Developer/usr/local/bin:/Applications/Xcode.app/Contents/Developer/usr/bin:/Applications/Xcode.app/Contents/Developer/usr/local/bin:/opt/homebrew/Cellar/openjdk@21/21.0.11/libexec/openjdk.jdk/Contents/Home/bin:/usr/bin:/bin:/usr/sbin:/sbin
    export PATH_PREFIXES_EXCLUDED_FROM_HEADER_DEPENDENCIES\=/usr/include\ /usr/local/include\ /System/Library/Frameworks\ /System/Library/PrivateFrameworks\ /Applications/Xcode.app/Contents/Developer/Headers\ /Applications/Xcode.app/Contents/Developer/SDKs\ /Applications/Xcode.app/Contents/Developer/Platforms
    export PBDEVELOPMENTPLIST_PATH\=Parlor.app/pbdevelopment.plist
    export PER_ARCH_MODULE_FILE_DIR\=/var/folders/6m/vxwlbjsn7vs6h80_98w6x7p40000gn/T/parlor-audit-dsc01-apphost-05-7dr2h_e6/DerivedData/Build/Intermediates.noindex/iosApp.build/Debug-iphonesimulator/iosApp.build/Objects-normal/undefined_arch
    export PER_ARCH_OBJECT_FILE_DIR\=/var/folders/6m/vxwlbjsn7vs6h80_98w6x7p40000gn/T/parlor-audit-dsc01-apphost-05-7dr2h_e6/DerivedData/Build/Intermediates.noindex/iosApp.build/Debug-iphonesimulator/iosApp.build/Objects-normal/undefined_arch
    export PER_VARIANT_OBJECT_FILE_DIR\=/var/folders/6m/vxwlbjsn7vs6h80_98w6x7p40000gn/T/parlor-audit-dsc01-apphost-05-7dr2h_e6/DerivedData/Build/Intermediates.noindex/iosApp.build/Debug-iphonesimulator/iosApp.build/Objects-normal
    export PKGINFO_FILE_PATH\=/var/folders/6m/vxwlbjsn7vs6h80_98w6x7p40000gn/T/parlor-audit-dsc01-apphost-05-7dr2h_e6/DerivedData/Build/Intermediates.noindex/iosApp.build/Debug-iphonesimulator/iosApp.build/PkgInfo
    export PKGINFO_PATH\=Parlor.app/PkgInfo
    export PLATFORM_DEVELOPER_APPLICATIONS_DIR\=/Applications/Xcode.app/Contents/Developer/Platforms/iPhoneSimulator.platform/Developer/Applications
    export PLATFORM_DEVELOPER_BIN_DIR\=/Applications/Xcode.app/Contents/Developer/Platforms/iPhoneSimulator.platform/Developer/usr/bin
    export PLATFORM_DEVELOPER_LIBRARY_DIR\=/Applications/Xcode.app/Contents/Developer/Platforms/iPhoneSimulator.platform/Developer/Library
    export PLATFORM_DEVELOPER_SDK_DIR\=/Applications/Xcode.app/Contents/Developer/Platforms/iPhoneSimulator.platform/Developer/SDKs
    export PLATFORM_DEVELOPER_TOOLS_DIR\=/Applications/Xcode.app/Contents/Developer/Platforms/iPhoneSimulator.platform/Developer/Tools
    export PLATFORM_DEVELOPER_USR_DIR\=/Applications/Xcode.app/Contents/Developer/Platforms/iPhoneSimulator.platform/Developer/usr
    export PLATFORM_DIR\=/Applications/Xcode.app/Contents/Developer/Platforms/iPhoneSimulator.platform
    export PLATFORM_DISPLAY_NAME\=iOS\ Simulator
    export PLATFORM_FAMILY_NAME\=iOS
    export PLATFORM_NAME\=iphonesimulator
    export PLATFORM_PREFERRED_ARCH\=x86_64
    export PLATFORM_PRODUCT_BUILD_VERSION\=23F73
    export PLATFORM_REQUIRES_SWIFT_AUTOLINK_EXTRACT\=NO
    export PLATFORM_REQUIRES_SWIFT_MODULEWRAP\=NO
    export PLATFORM_USES_DSYMS\=YES
    export PLIST_FILE_OUTPUT_FORMAT\=binary
    export PLUGINS_FOLDER_PATH\=Parlor.app/PlugIns
    export PRECOMPS_INCLUDE_HEADERS_FROM_BUILT_PRODUCTS_DIR\=YES
    export PRECOMP_DESTINATION_DIR\=/var/folders/6m/vxwlbjsn7vs6h80_98w6x7p40000gn/T/parlor-audit-dsc01-apphost-05-7dr2h_e6/DerivedData/Build/Intermediates.noindex/iosApp.build/Debug-iphonesimulator/iosApp.build/PrefixHeaders
    export PRIVATE_HEADERS_FOLDER_PATH\=Parlor.app/PrivateHeaders
    export PROCESSED_INFOPLIST_PATH\=/var/folders/6m/vxwlbjsn7vs6h80_98w6x7p40000gn/T/parlor-audit-dsc01-apphost-05-7dr2h_e6/DerivedData/Build/Intermediates.noindex/iosApp.build/Debug-iphonesimulator/iosApp.build/Objects-normal/undefined_arch/Processed-Info.plist
    export PRODUCT_BUNDLE_IDENTIFIER\=com.parlor.app.debug
    export PRODUCT_BUNDLE_PACKAGE_TYPE\=APPL
    export PRODUCT_MODULE_NAME\=Parlor
    export PRODUCT_NAME\=Parlor
    export PRODUCT_SETTINGS_PATH\=/var/folders/6m/vxwlbjsn7vs6h80_98w6x7p40000gn/T/parlor-audit-dsc01-apphost-05-7dr2h_e6/copy/iosApp/iosApp/Info.plist
    export PRODUCT_TYPE\=com.apple.product-type.application
    export PROFILING_CODE\=NO
    export PROJECT\=iosApp
    export PROJECT_DERIVED_FILE_DIR\=/var/folders/6m/vxwlbjsn7vs6h80_98w6x7p40000gn/T/parlor-audit-dsc01-apphost-05-7dr2h_e6/DerivedData/Build/Intermediates.noindex/iosApp.build/DerivedSources
    export PROJECT_DIR\=/var/folders/6m/vxwlbjsn7vs6h80_98w6x7p40000gn/T/parlor-audit-dsc01-apphost-05-7dr2h_e6/copy/iosApp
    export PROJECT_FILE_PATH\=/var/folders/6m/vxwlbjsn7vs6h80_98w6x7p40000gn/T/parlor-audit-dsc01-apphost-05-7dr2h_e6/copy/iosApp/iosApp.xcodeproj
    export PROJECT_GUID\=7b79493a8b7fc1f2fff3c51cd12ba024
    export PROJECT_NAME\=iosApp
    export PROJECT_TEMP_DIR\=/var/folders/6m/vxwlbjsn7vs6h80_98w6x7p40000gn/T/parlor-audit-dsc01-apphost-05-7dr2h_e6/DerivedData/Build/Intermediates.noindex/iosApp.build
    export PROJECT_TEMP_ROOT\=/var/folders/6m/vxwlbjsn7vs6h80_98w6x7p40000gn/T/parlor-audit-dsc01-apphost-05-7dr2h_e6/DerivedData/Build/Intermediates.noindex
    export PROVISIONING_PROFILE_REQUIRED\=NO
    export PROVISIONING_PROFILE_REQUIRED_YES_YES\=YES
    export PROVISIONING_PROFILE_SUPPORTED\=YES
    export PUBLIC_HEADERS_FOLDER_PATH\=Parlor.app/Headers
    export RECOMMENDED_IPHONEOS_DEPLOYMENT_TARGET\=15.0
    export RECURSIVE_SEARCH_PATHS_FOLLOW_SYMLINKS\=YES
    export REMOVE_CVS_FROM_RESOURCES\=YES
    export REMOVE_GIT_FROM_RESOURCES\=YES
    export REMOVE_HEADERS_FROM_EMBEDDED_BUNDLES\=YES
    export REMOVE_HG_FROM_RESOURCES\=YES
    export REMOVE_STATIC_EXECUTABLES_FROM_EMBEDDED_BUNDLES\=YES
    export REMOVE_SVN_FROM_RESOURCES\=YES
    export RESCHEDULE_INDEPENDENT_HEADERS_PHASES\=YES
    export REZ_COLLECTOR_DIR\=/var/folders/6m/vxwlbjsn7vs6h80_98w6x7p40000gn/T/parlor-audit-dsc01-apphost-05-7dr2h_e6/DerivedData/Build/Intermediates.noindex/iosApp.build/Debug-iphonesimulator/iosApp.build/ResourceManagerResources
    export REZ_OBJECTS_DIR\=/var/folders/6m/vxwlbjsn7vs6h80_98w6x7p40000gn/T/parlor-audit-dsc01-apphost-05-7dr2h_e6/DerivedData/Build/Intermediates.noindex/iosApp.build/Debug-iphonesimulator/iosApp.build/ResourceManagerResources/Objects
    export REZ_SEARCH_PATHS\=/var/folders/6m/vxwlbjsn7vs6h80_98w6x7p40000gn/T/parlor-audit-dsc01-apphost-05-7dr2h_e6/DerivedData/Build/Products/Debug-iphonesimulator\ 
    export RPATH_ORIGIN\=@loader_path
    export RUNTIME_EXCEPTION_ALLOW_DYLD_ENVIRONMENT_VARIABLES\=NO
    export RUNTIME_EXCEPTION_ALLOW_JIT\=NO
    export RUNTIME_EXCEPTION_ALLOW_UNSIGNED_EXECUTABLE_MEMORY\=NO
    export RUNTIME_EXCEPTION_DEBUGGING_TOOL\=NO
    export RUNTIME_EXCEPTION_DISABLE_EXECUTABLE_PAGE_PROTECTION\=NO
    export RUNTIME_EXCEPTION_DISABLE_LIBRARY_VALIDATION\=NO
    export SCANNING_PCM_KEEP_CACHE_DIRECTORY\=YES
    export SCAN_ALL_SOURCE_FILES_FOR_INCLUDES\=NO
    export SCRIPTS_FOLDER_PATH\=Parlor.app/Scripts
    export SCRIPT_INPUT_FILE_COUNT\=0
    export SCRIPT_INPUT_FILE_LIST_COUNT\=0
    export SCRIPT_OUTPUT_FILE_COUNT\=0
    export SCRIPT_OUTPUT_FILE_LIST_COUNT\=0
    export SDKROOT\=/Applications/Xcode.app/Contents/Developer/Platforms/iPhoneSimulator.platform/Developer/SDKs/iPhoneSimulator26.5.sdk
    export SDK_DIR\=/Applications/Xcode.app/Contents/Developer/Platforms/iPhoneSimulator.platform/Developer/SDKs/iPhoneSimulator26.5.sdk
    export SDK_DIR_iphonesimulator\=/Applications/Xcode.app/Contents/Developer/Platforms/iPhoneSimulator.platform/Developer/SDKs/iPhoneSimulator26.5.sdk
    export SDK_DIR_iphonesimulator26_5\=/Applications/Xcode.app/Contents/Developer/Platforms/iPhoneSimulator.platform/Developer/SDKs/iPhoneSimulator26.5.sdk
    export SDK_NAME\=iphonesimulator26.5
    export SDK_NAMES\=iphonesimulator26.5
    export SDK_PRODUCT_BUILD_VERSION\=23F73
    export SDK_STAT_CACHE_DIR\=/var/folders/6m/vxwlbjsn7vs6h80_98w6x7p40000gn/T/parlor-audit-dsc01-apphost-05-7dr2h_e6/DerivedData
    export SDK_STAT_CACHE_ENABLE\=YES
    export SDK_STAT_CACHE_PATH\=/var/folders/6m/vxwlbjsn7vs6h80_98w6x7p40000gn/T/parlor-audit-dsc01-apphost-05-7dr2h_e6/DerivedData/SDKStatCaches.noindex/iphonesimulator26.5-23F73-6cfe768891a92b912361537c460fe42b.sdkstatcache
    export SDK_VERSION\=26.5
    export SDK_VERSION_ACTUAL\=260500
    export SDK_VERSION_MAJOR\=260000
    export SDK_VERSION_MINOR\=260500
    export SED\=/usr/bin/sed
    export SEPARATE_STRIP\=NO
    export SEPARATE_SYMBOL_EDIT\=NO
    export SET_DIR_MODE_OWNER_GROUP\=YES
    export SET_FILE_MODE_OWNER_GROUP\=NO
    export SHALLOW_BUNDLE\=YES
    export SHALLOW_BUNDLE_TRIPLE\=ios-simulator
    export SHALLOW_BUNDLE_ios_macabi\=NO
    export SHALLOW_BUNDLE_macos\=NO
    export SHARED_DERIVED_FILE_DIR\=/var/folders/6m/vxwlbjsn7vs6h80_98w6x7p40000gn/T/parlor-audit-dsc01-apphost-05-7dr2h_e6/DerivedData/Build/Products/Debug-iphonesimulator/DerivedSources
    export SHARED_FRAMEWORKS_FOLDER_PATH\=Parlor.app/SharedFrameworks
    export SHARED_PRECOMPS_DIR\=/var/folders/6m/vxwlbjsn7vs6h80_98w6x7p40000gn/T/parlor-audit-dsc01-apphost-05-7dr2h_e6/DerivedData/Build/Intermediates.noindex/PrecompiledHeaders
    export SHARED_SUPPORT_FOLDER_PATH\=Parlor.app/SharedSupport
    export SKIP_INSTALL\=NO
    export SKIP_MERGEABLE_LIBRARY_BUNDLE_HOOK\=NO
    export SOURCE_ROOT\=/var/folders/6m/vxwlbjsn7vs6h80_98w6x7p40000gn/T/parlor-audit-dsc01-apphost-05-7dr2h_e6/copy/iosApp
    export SRCROOT\=/var/folders/6m/vxwlbjsn7vs6h80_98w6x7p40000gn/T/parlor-audit-dsc01-apphost-05-7dr2h_e6/copy/iosApp
    export STRINGSDATA_DIR\=/var/folders/6m/vxwlbjsn7vs6h80_98w6x7p40000gn/T/parlor-audit-dsc01-apphost-05-7dr2h_e6/DerivedData/Build/Intermediates.noindex/iosApp.build/Debug-iphonesimulator/iosApp.build/Objects-normal/undefined_arch
    export STRINGSDATA_ROOT\=/var/folders/6m/vxwlbjsn7vs6h80_98w6x7p40000gn/T/parlor-audit-dsc01-apphost-05-7dr2h_e6/DerivedData/Build/Intermediates.noindex/iosApp.build/Debug-iphonesimulator/iosApp.build
    export STRINGS_FILE_INFOPLIST_RENAME\=YES
    export STRINGS_FILE_OUTPUT_ENCODING\=binary
    export STRING_CATALOG_GENERATE_SYMBOLS\=NO
    export STRIP_BITCODE_FROM_COPIED_FILES\=NO
    export STRIP_INSTALLED_PRODUCT\=NO
    export STRIP_STYLE\=all
    export STRIP_SWIFT_SYMBOLS\=YES
    export SUPPORTED_DEVICE_FAMILIES\=1,2
    export SUPPORTED_PLATFORMS\=iphoneos\ iphonesimulator
    export SUPPORTS_MACCATALYST\=NO
    export SUPPORTS_ON_DEMAND_RESOURCES\=YES
    export SUPPORTS_TEXT_BASED_API\=NO
    export SUPPRESS_WARNINGS\=NO
    export SWIFT_ACTIVE_COMPILATION_CONDITIONS\=DEBUG
    export SWIFT_EMIT_CONST_VALUE_PROTOCOLS\=AnyResolverProviding\ AppEntity\ AppEnum\ AppExtension\ AppIntent\ AppIntentsPackage\ AppShortcutProviding\ AppShortcutsProvider\ AppUnionValue\ AppUnionValueCasesProviding\ DynamicOptionsProvider\ EntityQuery\ ExtensionPointDefining\ IntentValueQuery\ Resolver\ TransientEntity\ _AssistantIntentsProvider\ _GenerativeFunctionExtractable\ _IntentValueRepresentable
    export SWIFT_EMIT_LOC_STRINGS\=YES
    export SWIFT_ENABLE_EXPLICIT_MODULES\=YES
    export SWIFT_OPTIMIZATION_LEVEL\=-Onone
    export SWIFT_PLATFORM_TARGET_PREFIX\=ios
    export SWIFT_RESPONSE_FILE_PATH_normal_arm64\=/var/folders/6m/vxwlbjsn7vs6h80_98w6x7p40000gn/T/parlor-audit-dsc01-apphost-05-7dr2h_e6/DerivedData/Build/Intermediates.noindex/iosApp.build/Debug-iphonesimulator/iosApp.build/Objects-normal/arm64/Parlor.SwiftFileList
    export SWIFT_VERSION\=5.0
    export SYMROOT\=/var/folders/6m/vxwlbjsn7vs6h80_98w6x7p40000gn/T/parlor-audit-dsc01-apphost-05-7dr2h_e6/DerivedData/Build/Products
    export SYSTEM_ADMIN_APPS_DIR\=/Applications/Utilities
    export SYSTEM_APPS_DIR\=/Applications
    export SYSTEM_CORE_SERVICES_DIR\=/System/Library/CoreServices
    export SYSTEM_DEMOS_DIR\=/Applications/Extras
    export SYSTEM_DEVELOPER_APPS_DIR\=/Applications/Xcode.app/Contents/Developer/Applications
    export SYSTEM_DEVELOPER_BIN_DIR\=/Applications/Xcode.app/Contents/Developer/usr/bin
    export SYSTEM_DEVELOPER_DEMOS_DIR\=/Applications/Xcode.app/Contents/Developer/Applications/Utilities/Built\ Examples
    export SYSTEM_DEVELOPER_DIR\=/Applications/Xcode.app/Contents/Developer
    export SYSTEM_DEVELOPER_DOC_DIR\=/Applications/Xcode.app/Contents/Developer/ADC\ Reference\ Library
    export SYSTEM_DEVELOPER_GRAPHICS_TOOLS_DIR\=/Applications/Xcode.app/Contents/Developer/Applications/Graphics\ Tools
    export SYSTEM_DEVELOPER_JAVA_TOOLS_DIR\=/Applications/Xcode.app/Contents/Developer/Applications/Java\ Tools
    export SYSTEM_DEVELOPER_PERFORMANCE_TOOLS_DIR\=/Applications/Xcode.app/Contents/Developer/Applications/Performance\ Tools
    export SYSTEM_DEVELOPER_RELEASENOTES_DIR\=/Applications/Xcode.app/Contents/Developer/ADC\ Reference\ Library/releasenotes
    export SYSTEM_DEVELOPER_TOOLS\=/Applications/Xcode.app/Contents/Developer/Tools
    export SYSTEM_DEVELOPER_TOOLS_DOC_DIR\=/Applications/Xcode.app/Contents/Developer/ADC\ Reference\ Library/documentation/DeveloperTools
    export SYSTEM_DEVELOPER_TOOLS_RELEASENOTES_DIR\=/Applications/Xcode.app/Contents/Developer/ADC\ Reference\ Library/releasenotes/DeveloperTools
    export SYSTEM_DEVELOPER_USR_DIR\=/Applications/Xcode.app/Contents/Developer/usr
    export SYSTEM_DEVELOPER_UTILITIES_DIR\=/Applications/Xcode.app/Contents/Developer/Applications/Utilities
    export SYSTEM_DEXT_INSTALL_PATH\=/System/Library/DriverExtensions
    export SYSTEM_DOCUMENTATION_DIR\=/Library/Documentation
    export SYSTEM_EXTENSIONS_FOLDER_PATH\=Parlor.app/SystemExtensions
    export SYSTEM_EXTENSIONS_FOLDER_PATH_SHALLOW_BUNDLE_NO\=Parlor.app/Library/SystemExtensions
    export SYSTEM_EXTENSIONS_FOLDER_PATH_SHALLOW_BUNDLE_YES\=Parlor.app/SystemExtensions
    export SYSTEM_KEXT_INSTALL_PATH\=/System/Library/Extensions
    export SYSTEM_LIBRARY_DIR\=/System/Library
    export TAPI_DEMANGLE\=YES
    export TAPI_ENABLE_PROJECT_HEADERS\=NO
    export TAPI_LANGUAGE\=objective-c
    export TAPI_LANGUAGE_STANDARD\=compiler-default
    export TAPI_USE_SRCROOT\=YES
    export TAPI_VERIFY_MODE\=Pedantic
    export TARGETED_DEVICE_FAMILY\=1,2
    export TARGETNAME\=iosApp
    export TARGET_BUILD_DIR\=/var/folders/6m/vxwlbjsn7vs6h80_98w6x7p40000gn/T/parlor-audit-dsc01-apphost-05-7dr2h_e6/DerivedData/Build/Products/Debug-iphonesimulator
    export TARGET_DEVICE_IDENTIFIER\=B5ADF7CB-94CB-4C69-848D-E02AB689362E
    export TARGET_DEVICE_MODEL\=iPhone18,1
    export TARGET_DEVICE_OS_VERSION\=26.5
    export TARGET_DEVICE_PLATFORM_NAME\=iphonesimulator
    export TARGET_NAME\=iosApp
    export TARGET_TEMP_DIR\=/var/folders/6m/vxwlbjsn7vs6h80_98w6x7p40000gn/T/parlor-audit-dsc01-apphost-05-7dr2h_e6/DerivedData/Build/Intermediates.noindex/iosApp.build/Debug-iphonesimulator/iosApp.build
    export TEMP_DIR\=/var/folders/6m/vxwlbjsn7vs6h80_98w6x7p40000gn/T/parlor-audit-dsc01-apphost-05-7dr2h_e6/DerivedData/Build/Intermediates.noindex/iosApp.build/Debug-iphonesimulator/iosApp.build
    export TEMP_FILES_DIR\=/var/folders/6m/vxwlbjsn7vs6h80_98w6x7p40000gn/T/parlor-audit-dsc01-apphost-05-7dr2h_e6/DerivedData/Build/Intermediates.noindex/iosApp.build/Debug-iphonesimulator/iosApp.build
    export TEMP_FILE_DIR\=/var/folders/6m/vxwlbjsn7vs6h80_98w6x7p40000gn/T/parlor-audit-dsc01-apphost-05-7dr2h_e6/DerivedData/Build/Intermediates.noindex/iosApp.build/Debug-iphonesimulator/iosApp.build
    export TEMP_ROOT\=/var/folders/6m/vxwlbjsn7vs6h80_98w6x7p40000gn/T/parlor-audit-dsc01-apphost-05-7dr2h_e6/DerivedData/Build/Intermediates.noindex
    export TEMP_SANDBOX_DIR\=/var/folders/6m/vxwlbjsn7vs6h80_98w6x7p40000gn/T/parlor-audit-dsc01-apphost-05-7dr2h_e6/DerivedData/Build/Intermediates.noindex/TemporaryTaskSandboxes
    export TEST_FRAMEWORK_SEARCH_PATHS\=\ /Applications/Xcode.app/Contents/Developer/Platforms/iPhoneSimulator.platform/Developer/Library/Frameworks\ /Applications/Xcode.app/Contents/Developer/Platforms/iPhoneSimulator.platform/Developer/SDKs/iPhoneSimulator26.5.sdk/Developer/Library/Frameworks
    export TEST_LIBRARY_SEARCH_PATHS\=\ /Applications/Xcode.app/Contents/Developer/Platforms/iPhoneSimulator.platform/Developer/usr/lib
    export TOOLCHAINS\=com.apple.dt.toolchain.XcodeDefault
    export TOOLCHAIN_DIR\=/Applications/Xcode.app/Contents/Developer/Toolchains/XcodeDefault.xctoolchain
    export TREAT_MISSING_BASELINES_AS_TEST_FAILURES\=NO
    export TREAT_MISSING_SCRIPT_PHASE_OUTPUTS_AS_ERRORS\=NO
    export UID\=501
    export UNINSTALLED_PRODUCTS_DIR\=/var/folders/6m/vxwlbjsn7vs6h80_98w6x7p40000gn/T/parlor-audit-dsc01-apphost-05-7dr2h_e6/DerivedData/Build/Intermediates.noindex/UninstalledProducts
    export UNLOCALIZED_RESOURCES_FOLDER_PATH\=Parlor.app
    export UNLOCALIZED_RESOURCES_FOLDER_PATH_SHALLOW_BUNDLE_NO\=Parlor.app/Resources
    export UNLOCALIZED_RESOURCES_FOLDER_PATH_SHALLOW_BUNDLE_YES\=Parlor.app
    export UNSTRIPPED_PRODUCT\=NO
    export USER\=abdelrahman
    export USER_APPS_DIR\=/Users/abdelrahman/Applications
    export USER_LIBRARY_DIR\=/Users/abdelrahman/Library
    export USE_DYNAMIC_NO_PIC\=YES
    export USE_HEADERMAP\=YES
    export USE_HEADER_SYMLINKS\=NO
    export VALIDATE_DEVELOPMENT_ASSET_PATHS\=YES_ERROR
    export VALIDATE_PRODUCT\=NO
    export VALID_ARCHS\=arm64\ x86_64
    export VERBOSE_PBXCP\=NO
    export VERSIONPLIST_PATH\=Parlor.app/version.plist
    export VERSION_INFO_BUILDER\=abdelrahman
    export VERSION_INFO_FILE\=Parlor_vers.c
    export VERSION_INFO_STRING\=\"@\(\#\)PROGRAM:Parlor\ \ PROJECT:iosApp-1\"
    export WORKSPACE_DIR\=/var/folders/6m/vxwlbjsn7vs6h80_98w6x7p40000gn/T/parlor-audit-dsc01-apphost-05-7dr2h_e6/copy/iosApp/iosApp.xcodeproj
    export WRAPPER_EXTENSION\=app
    export WRAPPER_NAME\=Parlor.app
    export WRAPPER_SUFFIX\=.app
    export WRAP_ASSET_PACKS_IN_SEPARATE_DIRECTORIES\=NO
    export XCODE_APP_SUPPORT_DIR\=/Applications/Xcode.app/Contents/Developer/Library/Xcode
    export XCODE_PRODUCT_BUILD_VERSION\=17F42
    export XCODE_VERSION_ACTUAL\=2650
    export XCODE_VERSION_MAJOR\=2600
    export XCODE_VERSION_MINOR\=2650
    export XPCSERVICES_FOLDER_PATH\=Parlor.app/XPCServices
    export YACC\=yacc
    export _DISCOVER_COMMAND_LINE_LINKER_INPUTS\=YES
    export _DISCOVER_COMMAND_LINE_LINKER_INPUTS_INCLUDE_WL\=YES
    export _LD_MULTIARCH\=YES
    export _WRAPPER_CONTENTS_DIR_SHALLOW_BUNDLE_NO\=/Contents
    export _WRAPPER_PARENT_PATH_SHALLOW_BUNDLE_NO\=/..
    export _WRAPPER_RESOURCES_DIR_SHALLOW_BUNDLE_NO\=/Resources
    export __DIAGNOSE_DEPRECATED_ARCHS\=YES
    export __IS_NOT_MACOS\=YES
    export __IS_NOT_MACOS_macosx\=NO
    export __IS_NOT_SIMULATOR\=NO
    export __IS_NOT_SIMULATOR_simulator\=NO
    export __ORIGINAL_SDK_DEFINED_LLVM_TARGET_TRIPLE_SYS\=ios
    export arch\=undefined_arch
    export variant\=normal
    /bin/sh -c /var/folders/6m/vxwlbjsn7vs6h80_98w6x7p40000gn/T/parlor-audit-dsc01-apphost-05-7dr2h_e6/DerivedData/Build/Intermediates.noindex/iosApp.build/Debug-iphonesimulator/iosApp.build/Script-F7AC9D762B0E10F7008B8A48.sh

Welcome to Gradle 8.13!

Here are the highlights of this release:
 - Daemon JVM auto-provisioning
 - Enhancements for Scala plugin and JUnit testing
 - Improvements for build authors and plugin developers

For more details see https://docs.gradle.org/8.13/release-notes.html

To honour the JVM settings for this build a single-use Daemon process will be forked. For more on this, please refer to https://docs.gradle.org/8.13/userguide/gradle_daemon.html#sec:disabling_the_daemon in the Gradle documentation.
Daemon will be stopped at the end of the build 
Type-safe project accessors is an incubating feature.
> Task :build-logic:convention:checkKotlinGradlePluginConfigurationErrors SKIPPED
> Task :build-logic:convention:compileKotlin
> Task :build-logic:convention:compileJava NO-SOURCE
> Task :build-logic:convention:pluginDescriptors
> Task :build-logic:convention:processResources
> Task :build-logic:convention:classes
> Task :build-logic:convention:jar

> Configure project :composeApp
WARNING: The option setting 'android.experimental.lint.version=9.1.1' is experimental.
w: ⚠️ Deprecated Gradle Version
The used Gradle version (Gradle 8.13) is deprecated and will not be supported in future Kotlin Gradle Plugin releases.
The minimum supported Gradle version will become Gradle 8.14.4 in Kotlin 2.5.0.

This warning can be suppressed in 'gradle.properties':
    kotlin.suppressGradlePluginWarnings=DeprecatedGradleVersionWarning
Solution: Please update the Gradle version to at least Gradle 8.14.4.

w: ⚠️ Native task 'iosX64Test' is disabled
Task 'iosX64Test' for target 'ios_x64' cannot run on the current host (macos-aarch64).
Reason: architecture mismatch - target requires X64, current host is ARM64
Solution: To suppress this warning, add 'kotlin.native.ignoreDisabledTargets=true' to gradle.properties.


> Task :composeApp:checkSandboxAndWriteProtection
> Task :composeApp:checkSyntheticImportProjectIsCorrectlyIntegrated SKIPPED
> Task :composeApp:generateSyntheticLinkageSwiftPMImportProjectForEmbedAndSignLinkage SKIPPED
> Task :composeApp:kmpPartiallyResolvedDependenciesChecker
> Task :composeApp:checkKotlinGradlePluginConfigurationErrors SKIPPED
> Task :composeApp:downloadKotlinNativeDistribution
> Task :composeApp:convertXmlValueResourcesForAppleMain NO-SOURCE
> Task :composeApp:copyNonXmlValueResourcesForAppleMain NO-SOURCE
> Task :composeApp:prepareComposeResourcesTaskForAppleMain NO-SOURCE
> Task :composeApp:generateResourceAccessorsForAppleMain NO-SOURCE
> Task :composeApp:convertXmlValueResourcesForCommonMain
> Task :composeApp:copyNonXmlValueResourcesForCommonMain NO-SOURCE
> Task :composeApp:prepareComposeResourcesTaskForCommonMain
> Task :composeApp:generateResourceAccessorsForCommonMain
> Task :composeApp:convertXmlValueResourcesForIosMain NO-SOURCE
> Task :composeApp:copyNonXmlValueResourcesForIosMain NO-SOURCE
> Task :composeApp:prepareComposeResourcesTaskForIosMain NO-SOURCE
> Task :composeApp:generateResourceAccessorsForIosMain NO-SOURCE
> Task :composeApp:convertXmlValueResourcesForIosSimulatorArm64Main NO-SOURCE
> Task :composeApp:copyNonXmlValueResourcesForIosSimulatorArm64Main NO-SOURCE
> Task :composeApp:prepareComposeResourcesTaskForIosSimulatorArm64Main NO-SOURCE
> Task :composeApp:generateResourceAccessorsForIosSimulatorArm64Main NO-SOURCE
> Task :composeApp:convertXmlValueResourcesForNativeMain NO-SOURCE
> Task :composeApp:copyNonXmlValueResourcesForNativeMain NO-SOURCE
> Task :composeApp:prepareComposeResourcesTaskForNativeMain NO-SOURCE
> Task :composeApp:generateResourceAccessorsForNativeMain NO-SOURCE
> Task :composeApp:generateActualResourceCollectorsForIosSimulatorArm64Main
> Task :composeApp:generateComposeResClass
> Task :composeApp:generateExpectResourceCollectorsForCommonMain
> Task :composeApp:generateParlorVersion
> Task :game-modes:mafia:kmpPartiallyResolvedDependenciesChecker
> Task :game-modes:mafia:checkKotlinGradlePluginConfigurationErrors SKIPPED
> Task :game-modes:mafia:downloadKotlinNativeDistribution
> Task :game-modes:mafia:convertXmlValueResourcesForAppleMain NO-SOURCE
> Task :game-modes:mafia:copyNonXmlValueResourcesForAppleMain NO-SOURCE
> Task :game-modes:mafia:prepareComposeResourcesTaskForAppleMain NO-SOURCE
> Task :game-modes:mafia:generateResourceAccessorsForAppleMain NO-SOURCE
> Task :game-modes:mafia:convertXmlValueResourcesForCommonMain
> Task :game-modes:mafia:copyNonXmlValueResourcesForCommonMain NO-SOURCE
> Task :game-modes:mafia:prepareComposeResourcesTaskForCommonMain
> Task :game-modes:mafia:generateResourceAccessorsForCommonMain
> Task :game-modes:mafia:convertXmlValueResourcesForIosMain NO-SOURCE
> Task :game-modes:mafia:copyNonXmlValueResourcesForIosMain NO-SOURCE
> Task :game-modes:mafia:prepareComposeResourcesTaskForIosMain NO-SOURCE
> Task :game-modes:mafia:generateResourceAccessorsForIosMain NO-SOURCE
> Task :game-modes:mafia:convertXmlValueResourcesForIosSimulatorArm64Main NO-SOURCE
> Task :game-modes:mafia:copyNonXmlValueResourcesForIosSimulatorArm64Main NO-SOURCE
> Task :game-modes:mafia:prepareComposeResourcesTaskForIosSimulatorArm64Main NO-SOURCE
> Task :game-modes:mafia:generateResourceAccessorsForIosSimulatorArm64Main NO-SOURCE
> Task :game-modes:mafia:convertXmlValueResourcesForNativeMain NO-SOURCE
> Task :game-modes:mafia:copyNonXmlValueResourcesForNativeMain NO-SOURCE
> Task :game-modes:mafia:prepareComposeResourcesTaskForNativeMain NO-SOURCE
> Task :game-modes:mafia:generateResourceAccessorsForNativeMain NO-SOURCE
> Task :game-modes:mafia:generateActualResourceCollectorsForIosSimulatorArm64Main
> Task :game-modes:mafia:generateComposeResClass
> Task :game-modes:mafia:generateExpectResourceCollectorsForCommonMain
> Task :shared:content:kmpPartiallyResolvedDependenciesChecker
> Task :shared:content:checkKotlinGradlePluginConfigurationErrors SKIPPED
> Task :shared:content:downloadKotlinNativeDistribution
> Task :shared:core:kmpPartiallyResolvedDependenciesChecker
> Task :shared:core:checkKotlinGradlePluginConfigurationErrors SKIPPED
> Task :shared:core:downloadKotlinNativeDistribution
> Task :shared:core:compileKotlinIosSimulatorArm64
> Task :shared:core:exportCrossCompilationMetadataForIosSimulatorArm64ApiElements
> Task :shared:engine:kmpPartiallyResolvedDependenciesChecker
> Task :shared:engine:checkKotlinGradlePluginConfigurationErrors SKIPPED
> Task :shared:engine:downloadKotlinNativeDistribution
> Task :shared:engine:compileKotlinIosSimulatorArm64
> Task :shared:engine:exportCrossCompilationMetadataForIosSimulatorArm64ApiElements
> Task :shared:content:compileKotlinIosSimulatorArm64
> Task :shared:content:exportCrossCompilationMetadataForIosSimulatorArm64ApiElements
> Task :shared:design-system:kmpPartiallyResolvedDependenciesChecker
> Task :shared:design-system:checkKotlinGradlePluginConfigurationErrors SKIPPED
> Task :shared:design-system:downloadKotlinNativeDistribution
> Task :shared:design-system:convertXmlValueResourcesForAppleMain NO-SOURCE
> Task :shared:design-system:copyNonXmlValueResourcesForAppleMain NO-SOURCE
> Task :shared:design-system:prepareComposeResourcesTaskForAppleMain NO-SOURCE
> Task :shared:design-system:generateResourceAccessorsForAppleMain NO-SOURCE
> Task :shared:design-system:convertXmlValueResourcesForCommonMain
> Task :shared:design-system:copyNonXmlValueResourcesForCommonMain
> Task :shared:design-system:prepareComposeResourcesTaskForCommonMain
> Task :shared:design-system:generateResourceAccessorsForCommonMain
> Task :shared:design-system:convertXmlValueResourcesForIosMain NO-SOURCE
> Task :shared:design-system:copyNonXmlValueResourcesForIosMain NO-SOURCE
> Task :shared:design-system:prepareComposeResourcesTaskForIosMain NO-SOURCE
> Task :shared:design-system:generateResourceAccessorsForIosMain NO-SOURCE
> Task :shared:design-system:convertXmlValueResourcesForIosSimulatorArm64Main NO-SOURCE
> Task :shared:design-system:copyNonXmlValueResourcesForIosSimulatorArm64Main NO-SOURCE
> Task :shared:design-system:prepareComposeResourcesTaskForIosSimulatorArm64Main NO-SOURCE
> Task :shared:design-system:generateResourceAccessorsForIosSimulatorArm64Main NO-SOURCE
> Task :shared:design-system:convertXmlValueResourcesForNativeMain NO-SOURCE
> Task :shared:design-system:copyNonXmlValueResourcesForNativeMain NO-SOURCE
> Task :shared:design-system:prepareComposeResourcesTaskForNativeMain NO-SOURCE
> Task :shared:design-system:generateResourceAccessorsForNativeMain NO-SOURCE
> Task :shared:design-system:generateActualResourceCollectorsForIosSimulatorArm64Main
> Task :shared:design-system:generateComposeResClass
> Task :shared:design-system:generateExpectResourceCollectorsForCommonMain
> Task :shared:design-system:compileKotlinIosSimulatorArm64
> Task :shared:design-system:exportCrossCompilationMetadataForIosSimulatorArm64ApiElements
> Task :shared:networking:kmpPartiallyResolvedDependenciesChecker
> Task :shared:networking:checkKotlinGradlePluginConfigurationErrors SKIPPED
> Task :shared:networking:downloadKotlinNativeDistribution
> Task :shared:networking:compileKotlinIosSimulatorArm64
> Task :shared:networking:exportCrossCompilationMetadataForIosSimulatorArm64ApiElements
> Task :shared:session:kmpPartiallyResolvedDependenciesChecker
> Task :shared:session:checkKotlinGradlePluginConfigurationErrors SKIPPED
> Task :shared:session:downloadKotlinNativeDistribution
> Task :shared:session:compileKotlinIosSimulatorArm64
> Task :shared:session:exportCrossCompilationMetadataForIosSimulatorArm64ApiElements
> Task :shared:storage:kmpPartiallyResolvedDependenciesChecker
> Task :shared:storage:checkKotlinGradlePluginConfigurationErrors SKIPPED
> Task :shared:storage:downloadKotlinNativeDistribution
> Task :shared:storage:compileKotlinIosSimulatorArm64
> Task :shared:storage:exportCrossCompilationMetadataForIosSimulatorArm64ApiElements
> Task :game-modes:mafia:compileKotlinIosSimulatorArm64
> Task :game-modes:mafia:exportCrossCompilationMetadataForIosSimulatorArm64ApiElements
> Task :game-modes:whodunit:kmpPartiallyResolvedDependenciesChecker
> Task :game-modes:whodunit:checkKotlinGradlePluginConfigurationErrors SKIPPED
> Task :game-modes:whodunit:downloadKotlinNativeDistribution
> Task :game-modes:whodunit:convertXmlValueResourcesForAppleMain NO-SOURCE
> Task :game-modes:whodunit:copyNonXmlValueResourcesForAppleMain NO-SOURCE
> Task :game-modes:whodunit:prepareComposeResourcesTaskForAppleMain NO-SOURCE
> Task :game-modes:whodunit:generateResourceAccessorsForAppleMain NO-SOURCE
> Task :game-modes:whodunit:convertXmlValueResourcesForCommonMain
> Task :game-modes:whodunit:copyNonXmlValueResourcesForCommonMain
> Task :game-modes:whodunit:prepareComposeResourcesTaskForCommonMain
> Task :game-modes:whodunit:generateResourceAccessorsForCommonMain
> Task :game-modes:whodunit:convertXmlValueResourcesForIosMain NO-SOURCE
> Task :game-modes:whodunit:copyNonXmlValueResourcesForIosMain NO-SOURCE
> Task :game-modes:whodunit:prepareComposeResourcesTaskForIosMain NO-SOURCE
> Task :game-modes:whodunit:generateResourceAccessorsForIosMain NO-SOURCE
> Task :game-modes:whodunit:convertXmlValueResourcesForIosSimulatorArm64Main NO-SOURCE
> Task :game-modes:whodunit:copyNonXmlValueResourcesForIosSimulatorArm64Main NO-SOURCE
> Task :game-modes:whodunit:prepareComposeResourcesTaskForIosSimulatorArm64Main NO-SOURCE
> Task :game-modes:whodunit:generateResourceAccessorsForIosSimulatorArm64Main NO-SOURCE
> Task :game-modes:whodunit:convertXmlValueResourcesForNativeMain NO-SOURCE
> Task :game-modes:whodunit:copyNonXmlValueResourcesForNativeMain NO-SOURCE
> Task :game-modes:whodunit:prepareComposeResourcesTaskForNativeMain NO-SOURCE
> Task :game-modes:whodunit:generateResourceAccessorsForNativeMain NO-SOURCE
> Task :game-modes:whodunit:generateActualResourceCollectorsForIosSimulatorArm64Main
> Task :game-modes:whodunit:generateComposeResClass
> Task :game-modes:whodunit:generateExpectResourceCollectorsForCommonMain
> Task :game-modes:whodunit:compileKotlinIosSimulatorArm64
> Task :game-modes:whodunit:exportCrossCompilationMetadataForIosSimulatorArm64ApiElements
> Task :shared:transport-p2p:kmpPartiallyResolvedDependenciesChecker
> Task :shared:transport-p2p:checkKotlinGradlePluginConfigurationErrors SKIPPED
> Task :shared:transport-p2p:downloadKotlinNativeDistribution
> Task :shared:transport-p2p:compileKotlinIosSimulatorArm64
> Task :shared:transport-p2p:exportCrossCompilationMetadataForIosSimulatorArm64ApiElements
> Task :composeApp:compileKotlinIosSimulatorArm64
> Task :composeApp:computeLocalPackageDependencyInputFiles
> Task :composeApp:generateSyntheticLinkageSwiftPMImportProjectForCinteropsAndLdDump SKIPPED
> Task :composeApp:serializeSwiftPMDependenciesMetadataForLockFiles
> Task :game-modes:mafia:serializeSwiftPMDependenciesMetadataForLockFiles
> Task :game-modes:whodunit:serializeSwiftPMDependenciesMetadataForLockFiles
> Task :shared:content:serializeSwiftPMDependenciesMetadataForLockFiles
> Task :shared:core:serializeSwiftPMDependenciesMetadataForLockFiles
> Task :shared:design-system:serializeSwiftPMDependenciesMetadataForLockFiles
> Task :shared:engine:serializeSwiftPMDependenciesMetadataForLockFiles
> Task :shared:engine-testing:serializeSwiftPMDependenciesMetadataForLockFiles
> Task :shared:networking:serializeSwiftPMDependenciesMetadataForLockFiles
> Task :shared:networking-testing:serializeSwiftPMDependenciesMetadataForLockFiles
> Task :shared:session:serializeSwiftPMDependenciesMetadataForLockFiles
> Task :shared:storage:serializeSwiftPMDependenciesMetadataForLockFiles
> Task :shared:transport-p2p:serializeSwiftPMDependenciesMetadataForLockFiles
> Task :composeApp:generateUmbrellaPackageIdentifierBasedResolutionForDefault SKIPPED
> Task :composeApp:fetchUmbrellaPackageIdentifierForDefault SKIPPED
> Task :composeApp:syncPersistedPackageResolvedToSynthetic SKIPPED
> Task :composeApp:fetchSyntheticImportProjectPackages SKIPPED
> Task :composeApp:convertSyntheticImportProjectIntoDefFileIphonesimulator
> Task :composeApp:linkDebugFrameworkIosSimulatorArm64
> Task :composeApp:assembleDebugAppleFrameworkForXcodeIosSimulatorArm64
> Task :composeApp:createBuildSystemDirectory
> Task :composeApp:symbolicLinkToAssembleDebugAppleFrameworkForXcodeIosSimulatorArm64
> Task :composeApp:copyDsymForEmbedAndSignAppleFrameworkForXcode SKIPPED
> Task :composeApp:checkCanSyncComposeResourcesForIos
> Task :game-modes:mafia:convertXmlValueResourcesForIosArm64Main NO-SOURCE
> Task :game-modes:mafia:copyNonXmlValueResourcesForIosArm64Main NO-SOURCE
> Task :game-modes:mafia:prepareComposeResourcesTaskForIosArm64Main NO-SOURCE
> Task :game-modes:mafia:assembleIosArm64MainResources
> Task :game-modes:mafia:iosArm64CopyHierarchicalMultiplatformResources
> Task :game-modes:mafia:iosArm64ZipMultiplatformResourcesForPublication
> Task :game-modes:whodunit:convertXmlValueResourcesForIosArm64Main NO-SOURCE
> Task :game-modes:whodunit:copyNonXmlValueResourcesForIosArm64Main NO-SOURCE
> Task :game-modes:whodunit:prepareComposeResourcesTaskForIosArm64Main NO-SOURCE
> Task :game-modes:whodunit:assembleIosArm64MainResources
> Task :game-modes:whodunit:iosArm64CopyHierarchicalMultiplatformResources
> Task :game-modes:whodunit:iosArm64ZipMultiplatformResourcesForPublication
> Task :shared:design-system:convertXmlValueResourcesForIosArm64Main NO-SOURCE
> Task :shared:design-system:copyNonXmlValueResourcesForIosArm64Main NO-SOURCE
> Task :shared:design-system:prepareComposeResourcesTaskForIosArm64Main NO-SOURCE
> Task :shared:design-system:assembleIosArm64MainResources
> Task :shared:design-system:iosArm64CopyHierarchicalMultiplatformResources
> Task :shared:design-system:iosArm64ZipMultiplatformResourcesForPublication
> Task :composeApp:iosArm64ResolveResourcesFromDependencies
> Task :composeApp:convertXmlValueResourcesForIosArm64Main NO-SOURCE
> Task :composeApp:copyNonXmlValueResourcesForIosArm64Main NO-SOURCE
> Task :composeApp:prepareComposeResourcesTaskForIosArm64Main NO-SOURCE
> Task :composeApp:assembleIosArm64MainResources
> Task :composeApp:iosArm64ResolveSelfResourcesCopyHierarchicalMultiplatformResources
> Task :composeApp:iosArm64AggregateResources
> Task :game-modes:mafia:assembleIosSimulatorArm64MainResources
> Task :game-modes:mafia:iosSimulatorArm64CopyHierarchicalMultiplatformResources
> Task :game-modes:mafia:iosSimulatorArm64ZipMultiplatformResourcesForPublication
> Task :game-modes:whodunit:assembleIosSimulatorArm64MainResources
> Task :game-modes:whodunit:iosSimulatorArm64CopyHierarchicalMultiplatformResources
> Task :game-modes:whodunit:iosSimulatorArm64ZipMultiplatformResourcesForPublication
> Task :shared:design-system:assembleIosSimulatorArm64MainResources
> Task :shared:design-system:iosSimulatorArm64CopyHierarchicalMultiplatformResources
> Task :shared:design-system:iosSimulatorArm64ZipMultiplatformResourcesForPublication
> Task :composeApp:iosSimulatorArm64ResolveResourcesFromDependencies
> Task :composeApp:assembleIosSimulatorArm64MainResources
> Task :composeApp:iosSimulatorArm64ResolveSelfResourcesCopyHierarchicalMultiplatformResources
> Task :composeApp:iosSimulatorArm64AggregateResources
> Task :game-modes:mafia:convertXmlValueResourcesForIosX64Main NO-SOURCE
> Task :game-modes:mafia:copyNonXmlValueResourcesForIosX64Main NO-SOURCE
> Task :game-modes:mafia:prepareComposeResourcesTaskForIosX64Main NO-SOURCE
> Task :game-modes:mafia:assembleIosX64MainResources
> Task :game-modes:mafia:iosX64CopyHierarchicalMultiplatformResources
> Task :game-modes:mafia:iosX64ZipMultiplatformResourcesForPublication
> Task :game-modes:whodunit:convertXmlValueResourcesForIosX64Main NO-SOURCE
> Task :game-modes:whodunit:copyNonXmlValueResourcesForIosX64Main NO-SOURCE
> Task :game-modes:whodunit:prepareComposeResourcesTaskForIosX64Main NO-SOURCE
> Task :game-modes:whodunit:assembleIosX64MainResources
> Task :game-modes:whodunit:iosX64CopyHierarchicalMultiplatformResources
> Task :game-modes:whodunit:iosX64ZipMultiplatformResourcesForPublication
> Task :shared:design-system:convertXmlValueResourcesForIosX64Main NO-SOURCE
> Task :shared:design-system:copyNonXmlValueResourcesForIosX64Main NO-SOURCE
> Task :shared:design-system:prepareComposeResourcesTaskForIosX64Main NO-SOURCE
> Task :shared:design-system:assembleIosX64MainResources
> Task :shared:design-system:iosX64CopyHierarchicalMultiplatformResources
> Task :shared:design-system:iosX64ZipMultiplatformResourcesForPublication
> Task :composeApp:iosX64ResolveResourcesFromDependencies
> Task :composeApp:convertXmlValueResourcesForIosX64Main NO-SOURCE
> Task :composeApp:copyNonXmlValueResourcesForIosX64Main NO-SOURCE
> Task :composeApp:prepareComposeResourcesTaskForIosX64Main NO-SOURCE
> Task :composeApp:assembleIosX64MainResources
> Task :composeApp:iosX64ResolveSelfResourcesCopyHierarchicalMultiplatformResources
> Task :composeApp:iosX64AggregateResources
> Task :composeApp:syncComposeResourcesForIos
> Task :composeApp:validateArchitecturesForEmbedAndSignAppleFrameworkForXcode
> Task :composeApp:embedAndSignAppleFrameworkForXcode

[Incubating] Problems report is available at: file:///private/var/folders/6m/vxwlbjsn7vs6h80_98w6x7p40000gn/T/parlor-audit-dsc01-apphost-05-7dr2h_e6/copy/build/reports/problems/problems-report.html

BUILD SUCCESSFUL in 1m 33s
137 actionable tasks: 137 executed
No Gradle daemons are running.

Ld /var/folders/6m/vxwlbjsn7vs6h80_98w6x7p40000gn/T/parlor-audit-dsc01-apphost-05-7dr2h_e6/DerivedData/Build/Products/Debug-iphonesimulator/Parlor.app/__preview.dylib normal (in target 'iosApp' from project 'iosApp')
    cd /var/folders/6m/vxwlbjsn7vs6h80_98w6x7p40000gn/T/parlor-audit-dsc01-apphost-05-7dr2h_e6/copy/iosApp
    /Applications/Xcode.app/Contents/Developer/Toolchains/XcodeDefault.xctoolchain/usr/bin/clang -Xlinker -reproducible -target arm64-apple-ios16.0-simulator -dynamiclib -isysroot /Applications/Xcode.app/Contents/Developer/Platforms/iPhoneSimulator.platform/Developer/SDKs/iPhoneSimulator26.5.sdk -O0 -L/var/folders/6m/vxwlbjsn7vs6h80_98w6x7p40000gn/T/parlor-audit-dsc01-apphost-05-7dr2h_e6/DerivedData/Build/Products/Debug-iphonesimulator -F/var/folders/6m/vxwlbjsn7vs6h80_98w6x7p40000gn/T/parlor-audit-dsc01-apphost-05-7dr2h_e6/DerivedData/Build/Products/Debug-iphonesimulator -F/var/folders/6m/vxwlbjsn7vs6h80_98w6x7p40000gn/T/parlor-audit-dsc01-apphost-05-7dr2h_e6/copy/composeApp/build/xcode-frameworks/Debug/iphonesimulator26.5 -install_name @rpath/Parlor.debug.dylib -Xlinker -dead_strip -rdynamic -Xlinker -no_deduplicate -Xlinker -objc_abi_version -Xlinker 2 -Xlinker -dependency_info -Xlinker /var/folders/6m/vxwlbjsn7vs6h80_98w6x7p40000gn/T/parlor-audit-dsc01-apphost-05-7dr2h_e6/DerivedData/Build/Intermediates.noindex/iosApp.build/Debug-iphonesimulator/iosApp.build/Objects-normal/arm64/Parlor_dependency_info.dat -o /var/folders/6m/vxwlbjsn7vs6h80_98w6x7p40000gn/T/parlor-audit-dsc01-apphost-05-7dr2h_e6/DerivedData/Build/Products/Debug-iphonesimulator/Parlor.app/__preview.dylib

MkDir /var/folders/6m/vxwlbjsn7vs6h80_98w6x7p40000gn/T/parlor-audit-dsc01-apphost-05-7dr2h_e6/DerivedData/Build/Intermediates.noindex/iosApp.build/Debug-iphonesimulator/iosApp.build/assetcatalog_output/unthinned (in target 'iosApp' from project 'iosApp')
    cd /var/folders/6m/vxwlbjsn7vs6h80_98w6x7p40000gn/T/parlor-audit-dsc01-apphost-05-7dr2h_e6/copy/iosApp
    /bin/mkdir -p /var/folders/6m/vxwlbjsn7vs6h80_98w6x7p40000gn/T/parlor-audit-dsc01-apphost-05-7dr2h_e6/DerivedData/Build/Intermediates.noindex/iosApp.build/Debug-iphonesimulator/iosApp.build/assetcatalog_output/unthinned

MkDir /var/folders/6m/vxwlbjsn7vs6h80_98w6x7p40000gn/T/parlor-audit-dsc01-apphost-05-7dr2h_e6/DerivedData/Build/Intermediates.noindex/iosApp.build/Debug-iphonesimulator/iosApp.build/assetcatalog_output/thinned (in target 'iosApp' from project 'iosApp')
    cd /var/folders/6m/vxwlbjsn7vs6h80_98w6x7p40000gn/T/parlor-audit-dsc01-apphost-05-7dr2h_e6/copy/iosApp
    /bin/mkdir -p /var/folders/6m/vxwlbjsn7vs6h80_98w6x7p40000gn/T/parlor-audit-dsc01-apphost-05-7dr2h_e6/DerivedData/Build/Intermediates.noindex/iosApp.build/Debug-iphonesimulator/iosApp.build/assetcatalog_output/thinned

GenerateAssetSymbols /var/folders/6m/vxwlbjsn7vs6h80_98w6x7p40000gn/T/parlor-audit-dsc01-apphost-05-7dr2h_e6/copy/iosApp/iosApp/Assets.xcassets (in target 'iosApp' from project 'iosApp')
    cd /var/folders/6m/vxwlbjsn7vs6h80_98w6x7p40000gn/T/parlor-audit-dsc01-apphost-05-7dr2h_e6/copy/iosApp
    /Applications/Xcode.app/Contents/Developer/usr/bin/actool /var/folders/6m/vxwlbjsn7vs6h80_98w6x7p40000gn/T/parlor-audit-dsc01-apphost-05-7dr2h_e6/copy/iosApp/iosApp/Assets.xcassets --compile /var/folders/6m/vxwlbjsn7vs6h80_98w6x7p40000gn/T/parlor-audit-dsc01-apphost-05-7dr2h_e6/DerivedData/Build/Products/Debug-iphonesimulator/Parlor.app --output-format human-readable-text --notices --warnings --export-dependency-info /var/folders/6m/vxwlbjsn7vs6h80_98w6x7p40000gn/T/parlor-audit-dsc01-apphost-05-7dr2h_e6/DerivedData/Build/Intermediates.noindex/iosApp.build/Debug-iphonesimulator/iosApp.build/assetcatalog_dependencies --output-partial-info-plist /var/folders/6m/vxwlbjsn7vs6h80_98w6x7p40000gn/T/parlor-audit-dsc01-apphost-05-7dr2h_e6/DerivedData/Build/Intermediates.noindex/iosApp.build/Debug-iphonesimulator/iosApp.build/assetcatalog_generated_info.plist --app-icon AppIcon --accent-color AccentColor --compress-pngs --enable-on-demand-resources YES --development-region en --target-device iphone --target-device ipad --minimum-deployment-target 16.0 --platform iphonesimulator --bundle-identifier com.parlor.app.debug --generate-swift-asset-symbol-extensions NO --generate-swift-asset-symbols /var/folders/6m/vxwlbjsn7vs6h80_98w6x7p40000gn/T/parlor-audit-dsc01-apphost-05-7dr2h_e6/DerivedData/Build/Intermediates.noindex/iosApp.build/Debug-iphonesimulator/iosApp.build/DerivedSources/GeneratedAssetSymbols.swift --generate-objc-asset-symbols /var/folders/6m/vxwlbjsn7vs6h80_98w6x7p40000gn/T/parlor-audit-dsc01-apphost-05-7dr2h_e6/DerivedData/Build/Intermediates.noindex/iosApp.build/Debug-iphonesimulator/iosApp.build/DerivedSources/GeneratedAssetSymbols.h --generate-asset-symbol-index /var/folders/6m/vxwlbjsn7vs6h80_98w6x7p40000gn/T/parlor-audit-dsc01-apphost-05-7dr2h_e6/DerivedData/Build/Intermediates.noindex/iosApp.build/Debug-iphonesimulator/iosApp.build/DerivedSources/GeneratedAssetSymbols-Index.plist
/* com.apple.actool.compilation-results */
/var/folders/6m/vxwlbjsn7vs6h80_98w6x7p40000gn/T/parlor-audit-dsc01-apphost-05-7dr2h_e6/DerivedData/Build/Intermediates.noindex/iosApp.build/Debug-iphonesimulator/iosApp.build/DerivedSources/GeneratedAssetSymbols-Index.plist
/var/folders/6m/vxwlbjsn7vs6h80_98w6x7p40000gn/T/parlor-audit-dsc01-apphost-05-7dr2h_e6/DerivedData/Build/Intermediates.noindex/iosApp.build/Debug-iphonesimulator/iosApp.build/DerivedSources/GeneratedAssetSymbols.h
/var/folders/6m/vxwlbjsn7vs6h80_98w6x7p40000gn/T/parlor-audit-dsc01-apphost-05-7dr2h_e6/DerivedData/Build/Intermediates.noindex/iosApp.build/Debug-iphonesimulator/iosApp.build/DerivedSources/GeneratedAssetSymbols.swift


CpResource /var/folders/6m/vxwlbjsn7vs6h80_98w6x7p40000gn/T/parlor-audit-dsc01-apphost-05-7dr2h_e6/DerivedData/Build/Products/Debug-iphonesimulator/Parlor.app/PrivacyInfo.xcprivacy /var/folders/6m/vxwlbjsn7vs6h80_98w6x7p40000gn/T/parlor-audit-dsc01-apphost-05-7dr2h_e6/copy/iosApp/iosApp/PrivacyInfo.xcprivacy (in target 'iosApp' from project 'iosApp')
    cd /var/folders/6m/vxwlbjsn7vs6h80_98w6x7p40000gn/T/parlor-audit-dsc01-apphost-05-7dr2h_e6/copy/iosApp
    builtin-copy -exclude .DS_Store -exclude CVS -exclude .svn -exclude .git -exclude .hg -resolve-src-symlinks /var/folders/6m/vxwlbjsn7vs6h80_98w6x7p40000gn/T/parlor-audit-dsc01-apphost-05-7dr2h_e6/copy/iosApp/iosApp/PrivacyInfo.xcprivacy /var/folders/6m/vxwlbjsn7vs6h80_98w6x7p40000gn/T/parlor-audit-dsc01-apphost-05-7dr2h_e6/DerivedData/Build/Products/Debug-iphonesimulator/Parlor.app

CopyStringsFile /var/folders/6m/vxwlbjsn7vs6h80_98w6x7p40000gn/T/parlor-audit-dsc01-apphost-05-7dr2h_e6/DerivedData/Build/Products/Debug-iphonesimulator/Parlor.app/en.lproj/InfoPlist.strings /var/folders/6m/vxwlbjsn7vs6h80_98w6x7p40000gn/T/parlor-audit-dsc01-apphost-05-7dr2h_e6/copy/iosApp/iosApp/en.lproj/InfoPlist.strings (in target 'iosApp' from project 'iosApp')
    cd /var/folders/6m/vxwlbjsn7vs6h80_98w6x7p40000gn/T/parlor-audit-dsc01-apphost-05-7dr2h_e6/copy/iosApp
    builtin-copyStrings --validate --outputencoding binary --outfilename InfoPlist.strings --outdir /var/folders/6m/vxwlbjsn7vs6h80_98w6x7p40000gn/T/parlor-audit-dsc01-apphost-05-7dr2h_e6/DerivedData/Build/Products/Debug-iphonesimulator/Parlor.app/en.lproj -- /var/folders/6m/vxwlbjsn7vs6h80_98w6x7p40000gn/T/parlor-audit-dsc01-apphost-05-7dr2h_e6/copy/iosApp/iosApp/en.lproj/InfoPlist.strings
/var/folders/6m/vxwlbjsn7vs6h80_98w6x7p40000gn/T/parlor-audit-dsc01-apphost-05-7dr2h_e6/copy/iosApp/iosApp/en.lproj/InfoPlist.strings:1:1: note: detected encoding of input file as Unicode (UTF-8) (in target 'iosApp' from project 'iosApp')

CopyStringsFile /var/folders/6m/vxwlbjsn7vs6h80_98w6x7p40000gn/T/parlor-audit-dsc01-apphost-05-7dr2h_e6/DerivedData/Build/Products/Debug-iphonesimulator/Parlor.app/ar.lproj/InfoPlist.strings /var/folders/6m/vxwlbjsn7vs6h80_98w6x7p40000gn/T/parlor-audit-dsc01-apphost-05-7dr2h_e6/copy/iosApp/iosApp/ar.lproj/InfoPlist.strings (in target 'iosApp' from project 'iosApp')
    cd /var/folders/6m/vxwlbjsn7vs6h80_98w6x7p40000gn/T/parlor-audit-dsc01-apphost-05-7dr2h_e6/copy/iosApp
    builtin-copyStrings --validate --outputencoding binary --outfilename InfoPlist.strings --outdir /var/folders/6m/vxwlbjsn7vs6h80_98w6x7p40000gn/T/parlor-audit-dsc01-apphost-05-7dr2h_e6/DerivedData/Build/Products/Debug-iphonesimulator/Parlor.app/ar.lproj -- /var/folders/6m/vxwlbjsn7vs6h80_98w6x7p40000gn/T/parlor-audit-dsc01-apphost-05-7dr2h_e6/copy/iosApp/iosApp/ar.lproj/InfoPlist.strings
/var/folders/6m/vxwlbjsn7vs6h80_98w6x7p40000gn/T/parlor-audit-dsc01-apphost-05-7dr2h_e6/copy/iosApp/iosApp/ar.lproj/InfoPlist.strings:1:1: note: detected encoding of input file as Unicode (UTF-8) (in target 'iosApp' from project 'iosApp')

CompileAssetCatalogVariant thinned /var/folders/6m/vxwlbjsn7vs6h80_98w6x7p40000gn/T/parlor-audit-dsc01-apphost-05-7dr2h_e6/DerivedData/Build/Products/Debug-iphonesimulator/Parlor.app /var/folders/6m/vxwlbjsn7vs6h80_98w6x7p40000gn/T/parlor-audit-dsc01-apphost-05-7dr2h_e6/copy/iosApp/iosApp/Assets.xcassets (in target 'iosApp' from project 'iosApp')
    cd /var/folders/6m/vxwlbjsn7vs6h80_98w6x7p40000gn/T/parlor-audit-dsc01-apphost-05-7dr2h_e6/copy/iosApp
    /Applications/Xcode.app/Contents/Developer/usr/bin/actool /var/folders/6m/vxwlbjsn7vs6h80_98w6x7p40000gn/T/parlor-audit-dsc01-apphost-05-7dr2h_e6/copy/iosApp/iosApp/Assets.xcassets --compile /var/folders/6m/vxwlbjsn7vs6h80_98w6x7p40000gn/T/parlor-audit-dsc01-apphost-05-7dr2h_e6/DerivedData/Build/Intermediates.noindex/iosApp.build/Debug-iphonesimulator/iosApp.build/assetcatalog_output/thinned --output-format human-readable-text --notices --warnings --export-dependency-info /var/folders/6m/vxwlbjsn7vs6h80_98w6x7p40000gn/T/parlor-audit-dsc01-apphost-05-7dr2h_e6/DerivedData/Build/Intermediates.noindex/iosApp.build/Debug-iphonesimulator/iosApp.build/assetcatalog_dependencies_thinned --output-partial-info-plist /var/folders/6m/vxwlbjsn7vs6h80_98w6x7p40000gn/T/parlor-audit-dsc01-apphost-05-7dr2h_e6/DerivedData/Build/Intermediates.noindex/iosApp.build/Debug-iphonesimulator/iosApp.build/assetcatalog_generated_info.plist_thinned --app-icon AppIcon --accent-color AccentColor --compress-pngs --enable-on-demand-resources YES --filter-for-thinning-device-configuration iPhone18,1 --filter-for-device-os-version 26.5 --development-region en --target-device iphone --target-device ipad --minimum-deployment-target 16.0 --platform iphonesimulator
/* com.apple.actool.compilation-results */
/var/folders/6m/vxwlbjsn7vs6h80_98w6x7p40000gn/T/parlor-audit-dsc01-apphost-05-7dr2h_e6/DerivedData/Build/Intermediates.noindex/iosApp.build/Debug-iphonesimulator/iosApp.build/assetcatalog_generated_info.plist_thinned
/var/folders/6m/vxwlbjsn7vs6h80_98w6x7p40000gn/T/parlor-audit-dsc01-apphost-05-7dr2h_e6/DerivedData/Build/Intermediates.noindex/iosApp.build/Debug-iphonesimulator/iosApp.build/assetcatalog_output/thinned/AppIcon60x60@2x.png
/var/folders/6m/vxwlbjsn7vs6h80_98w6x7p40000gn/T/parlor-audit-dsc01-apphost-05-7dr2h_e6/DerivedData/Build/Intermediates.noindex/iosApp.build/Debug-iphonesimulator/iosApp.build/assetcatalog_output/thinned/AppIcon76x76@2x~ipad.png
/var/folders/6m/vxwlbjsn7vs6h80_98w6x7p40000gn/T/parlor-audit-dsc01-apphost-05-7dr2h_e6/DerivedData/Build/Intermediates.noindex/iosApp.build/Debug-iphonesimulator/iosApp.build/assetcatalog_output/thinned/Assets.car


SwiftDriver iosApp normal arm64 com.apple.xcode.tools.swift.compiler (in target 'iosApp' from project 'iosApp')
    cd /var/folders/6m/vxwlbjsn7vs6h80_98w6x7p40000gn/T/parlor-audit-dsc01-apphost-05-7dr2h_e6/copy/iosApp
    builtin-SwiftDriver -- /Applications/Xcode.app/Contents/Developer/Toolchains/XcodeDefault.xctoolchain/usr/bin/swiftc -module-name Parlor -Onone @/var/folders/6m/vxwlbjsn7vs6h80_98w6x7p40000gn/T/parlor-audit-dsc01-apphost-05-7dr2h_e6/DerivedData/Build/Intermediates.noindex/iosApp.build/Debug-iphonesimulator/iosApp.build/Objects-normal/arm64/Parlor.SwiftFileList -DDEBUG -enable-bare-slash-regex -enable-experimental-feature DebugDescriptionMacro -sdk /Applications/Xcode.app/Contents/Developer/Platforms/iPhoneSimulator.platform/Developer/SDKs/iPhoneSimulator26.5.sdk -target arm64-apple-ios16.0-simulator -g -module-cache-path /var/folders/6m/vxwlbjsn7vs6h80_98w6x7p40000gn/T/parlor-audit-dsc01-apphost-05-7dr2h_e6/DerivedData/ModuleCache.noindex -Xfrontend -serialize-debugging-options -enable-testing -Xcc -D_LIBCPP_HARDENING_MODE\=_LIBCPP_HARDENING_MODE_DEBUG -swift-version 5 -I /var/folders/6m/vxwlbjsn7vs6h80_98w6x7p40000gn/T/parlor-audit-dsc01-apphost-05-7dr2h_e6/DerivedData/Build/Products/Debug-iphonesimulator -F /var/folders/6m/vxwlbjsn7vs6h80_98w6x7p40000gn/T/parlor-audit-dsc01-apphost-05-7dr2h_e6/DerivedData/Build/Products/Debug-iphonesimulator -F /var/folders/6m/vxwlbjsn7vs6h80_98w6x7p40000gn/T/parlor-audit-dsc01-apphost-05-7dr2h_e6/copy/composeApp/build/xcode-frameworks/Debug/iphonesimulator26.5 -emit-localized-strings -emit-localized-strings-path /var/folders/6m/vxwlbjsn7vs6h80_98w6x7p40000gn/T/parlor-audit-dsc01-apphost-05-7dr2h_e6/DerivedData/Build/Intermediates.noindex/iosApp.build/Debug-iphonesimulator/iosApp.build/Objects-normal/arm64 -c -j10 -enable-batch-mode -incremental -Xcc -ivfsstatcache -Xcc /var/folders/6m/vxwlbjsn7vs6h80_98w6x7p40000gn/T/parlor-audit-dsc01-apphost-05-7dr2h_e6/DerivedData/SDKStatCaches.noindex/iphonesimulator26.5-23F73-6cfe768891a92b912361537c460fe42b.sdkstatcache -output-file-map /var/folders/6m/vxwlbjsn7vs6h80_98w6x7p40000gn/T/parlor-audit-dsc01-apphost-05-7dr2h_e6/DerivedData/Build/Intermediates.noindex/iosApp.build/Debug-iphonesimulator/iosApp.build/Objects-normal/arm64/iosApp-OutputFileMap.json -use-frontend-parseable-output -save-temps -no-color-diagnostics -explicit-module-build -module-cache-path /var/folders/6m/vxwlbjsn7vs6h80_98w6x7p40000gn/T/parlor-audit-dsc01-apphost-05-7dr2h_e6/DerivedData/Build/Intermediates.noindex/SwiftExplicitPrecompiledModules -clang-scanner-module-cache-path /var/folders/6m/vxwlbjsn7vs6h80_98w6x7p40000gn/T/parlor-audit-dsc01-apphost-05-7dr2h_e6/DerivedData/ModuleCache.noindex -sdk-module-cache-path /var/folders/6m/vxwlbjsn7vs6h80_98w6x7p40000gn/T/parlor-audit-dsc01-apphost-05-7dr2h_e6/DerivedData/ModuleCache.noindex -serialize-diagnostics -emit-dependencies -emit-module -emit-module-path /var/folders/6m/vxwlbjsn7vs6h80_98w6x7p40000gn/T/parlor-audit-dsc01-apphost-05-7dr2h_e6/DerivedData/Build/Intermediates.noindex/iosApp.build/Debug-iphonesimulator/iosApp.build/Objects-normal/arm64/Parlor.swiftmodule -validate-clang-modules-once -clang-build-session-file /var/folders/6m/vxwlbjsn7vs6h80_98w6x7p40000gn/T/parlor-audit-dsc01-apphost-05-7dr2h_e6/DerivedData/ModuleCache.noindex/Session.modulevalidation -Xcc -I/var/folders/6m/vxwlbjsn7vs6h80_98w6x7p40000gn/T/parlor-audit-dsc01-apphost-05-7dr2h_e6/DerivedData/Build/Intermediates.noindex/iosApp.build/Debug-iphonesimulator/iosApp.build/swift-overrides.hmap -emit-const-values -Xfrontend -const-gather-protocols-file -Xfrontend /var/folders/6m/vxwlbjsn7vs6h80_98w6x7p40000gn/T/parlor-audit-dsc01-apphost-05-7dr2h_e6/DerivedData/Build/Intermediates.noindex/iosApp.build/Debug-iphonesimulator/iosApp.build/Objects-normal/arm64/iosApp_const_extract_protocols.json -Xcc -iquote -Xcc /var/folders/6m/vxwlbjsn7vs6h80_98w6x7p40000gn/T/parlor-audit-dsc01-apphost-05-7dr2h_e6/DerivedData/Build/Intermediates.noindex/iosApp.build/Debug-iphonesimulator/iosApp.build/Parlor-generated-files.hmap -Xcc -I/var/folders/6m/vxwlbjsn7vs6h80_98w6x7p40000gn/T/parlor-audit-dsc01-apphost-05-7dr2h_e6/DerivedData/Build/Intermediates.noindex/iosApp.build/Debug-iphonesimulator/iosApp.build/Parlor-own-target-headers.hmap -Xcc -I/var/folders/6m/vxwlbjsn7vs6h80_98w6x7p40000gn/T/parlor-audit-dsc01-apphost-05-7dr2h_e6/DerivedData/Build/Intermediates.noindex/iosApp.build/Debug-iphonesimulator/iosApp.build/Parlor-all-target-headers.hmap -Xcc -iquote -Xcc /var/folders/6m/vxwlbjsn7vs6h80_98w6x7p40000gn/T/parlor-audit-dsc01-apphost-05-7dr2h_e6/DerivedData/Build/Intermediates.noindex/iosApp.build/Debug-iphonesimulator/iosApp.build/Parlor-project-headers.hmap -Xcc -I/var/folders/6m/vxwlbjsn7vs6h80_98w6x7p40000gn/T/parlor-audit-dsc01-apphost-05-7dr2h_e6/DerivedData/Build/Products/Debug-iphonesimulator/include -Xcc -I/var/folders/6m/vxwlbjsn7vs6h80_98w6x7p40000gn/T/parlor-audit-dsc01-apphost-05-7dr2h_e6/DerivedData/Build/Intermediates.noindex/iosApp.build/Debug-iphonesimulator/iosApp.build/DerivedSources-normal/arm64 -Xcc -I/var/folders/6m/vxwlbjsn7vs6h80_98w6x7p40000gn/T/parlor-audit-dsc01-apphost-05-7dr2h_e6/DerivedData/Build/Intermediates.noindex/iosApp.build/Debug-iphonesimulator/iosApp.build/DerivedSources/arm64 -Xcc -I/var/folders/6m/vxwlbjsn7vs6h80_98w6x7p40000gn/T/parlor-audit-dsc01-apphost-05-7dr2h_e6/DerivedData/Build/Intermediates.noindex/iosApp.build/Debug-iphonesimulator/iosApp.build/DerivedSources -Xcc -DDEBUG\=1 -emit-objc-header -emit-objc-header-path /var/folders/6m/vxwlbjsn7vs6h80_98w6x7p40000gn/T/parlor-audit-dsc01-apphost-05-7dr2h_e6/DerivedData/Build/Intermediates.noindex/iosApp.build/Debug-iphonesimulator/iosApp.build/Objects-normal/arm64/Parlor-Swift.h -working-directory /var/folders/6m/vxwlbjsn7vs6h80_98w6x7p40000gn/T/parlor-audit-dsc01-apphost-05-7dr2h_e6/copy/iosApp -experimental-emit-module-separately -disable-cmo

LinkAssetCatalog /var/folders/6m/vxwlbjsn7vs6h80_98w6x7p40000gn/T/parlor-audit-dsc01-apphost-05-7dr2h_e6/copy/iosApp/iosApp/Assets.xcassets (in target 'iosApp' from project 'iosApp')
    cd /var/folders/6m/vxwlbjsn7vs6h80_98w6x7p40000gn/T/parlor-audit-dsc01-apphost-05-7dr2h_e6/copy/iosApp
    builtin-linkAssetCatalog --thinned /var/folders/6m/vxwlbjsn7vs6h80_98w6x7p40000gn/T/parlor-audit-dsc01-apphost-05-7dr2h_e6/DerivedData/Build/Intermediates.noindex/iosApp.build/Debug-iphonesimulator/iosApp.build/assetcatalog_output/thinned --thinned-dependencies /var/folders/6m/vxwlbjsn7vs6h80_98w6x7p40000gn/T/parlor-audit-dsc01-apphost-05-7dr2h_e6/DerivedData/Build/Intermediates.noindex/iosApp.build/Debug-iphonesimulator/iosApp.build/assetcatalog_dependencies_thinned --thinned-info-plist-content /var/folders/6m/vxwlbjsn7vs6h80_98w6x7p40000gn/T/parlor-audit-dsc01-apphost-05-7dr2h_e6/DerivedData/Build/Intermediates.noindex/iosApp.build/Debug-iphonesimulator/iosApp.build/assetcatalog_generated_info.plist_thinned --unthinned /var/folders/6m/vxwlbjsn7vs6h80_98w6x7p40000gn/T/parlor-audit-dsc01-apphost-05-7dr2h_e6/DerivedData/Build/Intermediates.noindex/iosApp.build/Debug-iphonesimulator/iosApp.build/assetcatalog_output/unthinned --unthinned-dependencies /var/folders/6m/vxwlbjsn7vs6h80_98w6x7p40000gn/T/parlor-audit-dsc01-apphost-05-7dr2h_e6/DerivedData/Build/Intermediates.noindex/iosApp.build/Debug-iphonesimulator/iosApp.build/assetcatalog_dependencies_unthinned --unthinned-info-plist-content /var/folders/6m/vxwlbjsn7vs6h80_98w6x7p40000gn/T/parlor-audit-dsc01-apphost-05-7dr2h_e6/DerivedData/Build/Intermediates.noindex/iosApp.build/Debug-iphonesimulator/iosApp.build/assetcatalog_generated_info.plist_unthinned --output /var/folders/6m/vxwlbjsn7vs6h80_98w6x7p40000gn/T/parlor-audit-dsc01-apphost-05-7dr2h_e6/DerivedData/Build/Products/Debug-iphonesimulator/Parlor.app --plist-output /var/folders/6m/vxwlbjsn7vs6h80_98w6x7p40000gn/T/parlor-audit-dsc01-apphost-05-7dr2h_e6/DerivedData/Build/Intermediates.noindex/iosApp.build/Debug-iphonesimulator/iosApp.build/assetcatalog_generated_info.plist
note: Emplaced /var/folders/6m/vxwlbjsn7vs6h80_98w6x7p40000gn/T/parlor-audit-dsc01-apphost-05-7dr2h_e6/DerivedData/Build/Products/Debug-iphonesimulator/Parlor.app/AppIcon60x60@2x.png (in target 'iosApp' from project 'iosApp')
note: Emplaced /var/folders/6m/vxwlbjsn7vs6h80_98w6x7p40000gn/T/parlor-audit-dsc01-apphost-05-7dr2h_e6/DerivedData/Build/Products/Debug-iphonesimulator/Parlor.app/AppIcon76x76@2x~ipad.png (in target 'iosApp' from project 'iosApp')
note: Emplaced /var/folders/6m/vxwlbjsn7vs6h80_98w6x7p40000gn/T/parlor-audit-dsc01-apphost-05-7dr2h_e6/DerivedData/Build/Products/Debug-iphonesimulator/Parlor.app/Assets.car (in target 'iosApp' from project 'iosApp')

SwiftExplicitDependencyGeneratePcm arm64 /var/folders/6m/vxwlbjsn7vs6h80_98w6x7p40000gn/T/parlor-audit-dsc01-apphost-05-7dr2h_e6/DerivedData/ModuleCache.noindex/_SwiftConcurrencyShims-4D2ZZ5Y75ODK62JN46WU3ESUE.pcm

SwiftExplicitDependencyGeneratePcm arm64 /var/folders/6m/vxwlbjsn7vs6h80_98w6x7p40000gn/T/parlor-audit-dsc01-apphost-05-7dr2h_e6/DerivedData/ModuleCache.noindex/ptrcheck-2QTMEJS47JVPF30HRSGVYEDJQ.pcm

SwiftExplicitDependencyGeneratePcm arm64 /var/folders/6m/vxwlbjsn7vs6h80_98w6x7p40000gn/T/parlor-audit-dsc01-apphost-05-7dr2h_e6/DerivedData/ModuleCache.noindex/_Builtin_stdarg-3PUIRZN78FWYD1E2NEDJ70YFY.pcm

SwiftExplicitDependencyGeneratePcm arm64 /var/folders/6m/vxwlbjsn7vs6h80_98w6x7p40000gn/T/parlor-audit-dsc01-apphost-05-7dr2h_e6/DerivedData/ModuleCache.noindex/SwiftShims-45I7LZT4NXE3L6JNG3A4FJHEI.pcm

SwiftExplicitDependencyGeneratePcm arm64 /var/folders/6m/vxwlbjsn7vs6h80_98w6x7p40000gn/T/parlor-audit-dsc01-apphost-05-7dr2h_e6/DerivedData/ModuleCache.noindex/_Builtin_float-3WWGNY8DKDFXDXCBRMENTS4SM.pcm

SwiftExplicitDependencyGeneratePcm arm64 /var/folders/6m/vxwlbjsn7vs6h80_98w6x7p40000gn/T/parlor-audit-dsc01-apphost-05-7dr2h_e6/DerivedData/ModuleCache.noindex/_AvailabilityInternal-AT66LDVXA6YMTL716IZ3QU8IA.pcm

SwiftExplicitDependencyGeneratePcm arm64 /var/folders/6m/vxwlbjsn7vs6h80_98w6x7p40000gn/T/parlor-audit-dsc01-apphost-05-7dr2h_e6/DerivedData/ModuleCache.noindex/DeveloperToolsSupport-2JKQ0U0TLLMZ27T8UJLIYF9T4.pcm

SwiftExplicitDependencyGeneratePcm arm64 /var/folders/6m/vxwlbjsn7vs6h80_98w6x7p40000gn/T/parlor-audit-dsc01-apphost-05-7dr2h_e6/DerivedData/ModuleCache.noindex/_DarwinFoundation1-52ZNC2R2GJUX6WUD5UTO1O4IP.pcm

SwiftExplicitDependencyGeneratePcm arm64 /var/folders/6m/vxwlbjsn7vs6h80_98w6x7p40000gn/T/parlor-audit-dsc01-apphost-05-7dr2h_e6/DerivedData/ModuleCache.noindex/ptrauth-CCZOW9A74110SIE0G4DI3S1L8.pcm

SwiftExplicitDependencyGeneratePcm arm64 /var/folders/6m/vxwlbjsn7vs6h80_98w6x7p40000gn/T/parlor-audit-dsc01-apphost-05-7dr2h_e6/DerivedData/ModuleCache.noindex/_Builtin_limits-5FDPU4W9WCMSJNS7WJABRXPL3.pcm

SwiftExplicitDependencyGeneratePcm arm64 /var/folders/6m/vxwlbjsn7vs6h80_98w6x7p40000gn/T/parlor-audit-dsc01-apphost-05-7dr2h_e6/DerivedData/ModuleCache.noindex/_Builtin_stddef-9B4QATQTK2BTVIJQOXNCXIDWH.pcm

SwiftExplicitDependencyGeneratePcm arm64 /var/folders/6m/vxwlbjsn7vs6h80_98w6x7p40000gn/T/parlor-audit-dsc01-apphost-05-7dr2h_e6/DerivedData/ModuleCache.noindex/_Builtin_stdbool-3LSCAK66RS4UXEOPA9ZS765TV.pcm

SwiftExplicitDependencyGeneratePcm arm64 /var/folders/6m/vxwlbjsn7vs6h80_98w6x7p40000gn/T/parlor-audit-dsc01-apphost-05-7dr2h_e6/DerivedData/ModuleCache.noindex/_DarwinFoundation2-8OB4HFF4UA05TX9R7FRY8XF2F.pcm

ProcessInfoPlistFile /var/folders/6m/vxwlbjsn7vs6h80_98w6x7p40000gn/T/parlor-audit-dsc01-apphost-05-7dr2h_e6/DerivedData/Build/Products/Debug-iphonesimulator/Parlor.app/Info.plist /var/folders/6m/vxwlbjsn7vs6h80_98w6x7p40000gn/T/parlor-audit-dsc01-apphost-05-7dr2h_e6/copy/iosApp/iosApp/Info.plist (in target 'iosApp' from project 'iosApp')
    cd /var/folders/6m/vxwlbjsn7vs6h80_98w6x7p40000gn/T/parlor-audit-dsc01-apphost-05-7dr2h_e6/copy/iosApp
    builtin-infoPlistUtility /var/folders/6m/vxwlbjsn7vs6h80_98w6x7p40000gn/T/parlor-audit-dsc01-apphost-05-7dr2h_e6/copy/iosApp/iosApp/Info.plist -producttype com.apple.product-type.application -genpkginfo /var/folders/6m/vxwlbjsn7vs6h80_98w6x7p40000gn/T/parlor-audit-dsc01-apphost-05-7dr2h_e6/DerivedData/Build/Products/Debug-iphonesimulator/Parlor.app/PkgInfo -expandbuildsettings -format binary -platform iphonesimulator -additionalcontentfile /var/folders/6m/vxwlbjsn7vs6h80_98w6x7p40000gn/T/parlor-audit-dsc01-apphost-05-7dr2h_e6/DerivedData/Build/Intermediates.noindex/iosApp.build/Debug-iphonesimulator/iosApp.build/assetcatalog_generated_info.plist -o /var/folders/6m/vxwlbjsn7vs6h80_98w6x7p40000gn/T/parlor-audit-dsc01-apphost-05-7dr2h_e6/DerivedData/Build/Products/Debug-iphonesimulator/Parlor.app/Info.plist

SwiftExplicitDependencyGeneratePcm arm64 /var/folders/6m/vxwlbjsn7vs6h80_98w6x7p40000gn/T/parlor-audit-dsc01-apphost-05-7dr2h_e6/DerivedData/ModuleCache.noindex/sys_types-5KDRJ39T8OFZVT4COMJM201OA.pcm

SwiftExplicitDependencyGeneratePcm arm64 /var/folders/6m/vxwlbjsn7vs6h80_98w6x7p40000gn/T/parlor-audit-dsc01-apphost-05-7dr2h_e6/DerivedData/ModuleCache.noindex/_Builtin_tgmath-9D4MMY8AM7BV3HMF84QA2QPY4.pcm

SwiftExplicitDependencyGeneratePcm arm64 /var/folders/6m/vxwlbjsn7vs6h80_98w6x7p40000gn/T/parlor-audit-dsc01-apphost-05-7dr2h_e6/DerivedData/ModuleCache.noindex/_Builtin_stdint-41HZYKHBA020BMF4U7BJFUQK7.pcm

SwiftExplicitDependencyGeneratePcm arm64 /var/folders/6m/vxwlbjsn7vs6h80_98w6x7p40000gn/T/parlor-audit-dsc01-apphost-05-7dr2h_e6/DerivedData/ModuleCache.noindex/_Builtin_stdatomic-57TMDB33ZNTCEF0IC6LJCVVKL.pcm

SwiftExplicitDependencyGeneratePcm arm64 /var/folders/6m/vxwlbjsn7vs6h80_98w6x7p40000gn/T/parlor-audit-dsc01-apphost-05-7dr2h_e6/DerivedData/ModuleCache.noindex/_Builtin_intrinsics-CZ74SFA7K18JGAB70X7UFHH63.pcm

SwiftExplicitDependencyGeneratePcm arm64 /var/folders/6m/vxwlbjsn7vs6h80_98w6x7p40000gn/T/parlor-audit-dsc01-apphost-05-7dr2h_e6/DerivedData/ModuleCache.noindex/_DarwinFoundation3-BDH4QAVZIBRS251VMPCO7QOQN.pcm

SwiftExplicitDependencyGeneratePcm arm64 /var/folders/6m/vxwlbjsn7vs6h80_98w6x7p40000gn/T/parlor-audit-dsc01-apphost-05-7dr2h_e6/DerivedData/ModuleCache.noindex/simd-AIPORJ0M55SZ7IL8ALKE7ZCJF.pcm

SwiftExplicitDependencyGeneratePcm arm64 /var/folders/6m/vxwlbjsn7vs6h80_98w6x7p40000gn/T/parlor-audit-dsc01-apphost-05-7dr2h_e6/DerivedData/ModuleCache.noindex/_Builtin_inttypes-1JOJ35JRE4IRICPP92AWHYEVY.pcm

SwiftExplicitDependencyGeneratePcm arm64 /var/folders/6m/vxwlbjsn7vs6h80_98w6x7p40000gn/T/parlor-audit-dsc01-apphost-05-7dr2h_e6/DerivedData/ModuleCache.noindex/Spatial-2WMWDDLDFN7515AS5RYU7HCEK.pcm

SwiftExplicitDependencyGeneratePcm arm64 /var/folders/6m/vxwlbjsn7vs6h80_98w6x7p40000gn/T/parlor-audit-dsc01-apphost-05-7dr2h_e6/DerivedData/ModuleCache.noindex/Darwin-5P6IZTBGRKL7JZJJRHZPAMYZ2.pcm

SwiftExplicitDependencyGeneratePcm arm64 /var/folders/6m/vxwlbjsn7vs6h80_98w6x7p40000gn/T/parlor-audit-dsc01-apphost-05-7dr2h_e6/DerivedData/ModuleCache.noindex/ObjectiveC-45HJO1IXNY6T4VQIYBIEKK6OT.pcm

SwiftExplicitDependencyGeneratePcm arm64 /var/folders/6m/vxwlbjsn7vs6h80_98w6x7p40000gn/T/parlor-audit-dsc01-apphost-05-7dr2h_e6/DerivedData/ModuleCache.noindex/MachO-AD29OZK31FGOIXDGT8L49CFRH.pcm

SwiftExplicitDependencyGeneratePcm arm64 /var/folders/6m/vxwlbjsn7vs6h80_98w6x7p40000gn/T/parlor-audit-dsc01-apphost-05-7dr2h_e6/DerivedData/ModuleCache.noindex/os_object-BYH58XUPNVXTKDRA4YOYFGBCD.pcm

SwiftExplicitDependencyGeneratePcm arm64 /var/folders/6m/vxwlbjsn7vs6h80_98w6x7p40000gn/T/parlor-audit-dsc01-apphost-05-7dr2h_e6/DerivedData/ModuleCache.noindex/os_workgroup-DHX37WEI11L3K5P6YPVMDOKDG.pcm

SwiftExplicitDependencyGeneratePcm arm64 /var/folders/6m/vxwlbjsn7vs6h80_98w6x7p40000gn/T/parlor-audit-dsc01-apphost-05-7dr2h_e6/DerivedData/ModuleCache.noindex/Dispatch-AML21VBVCMWV3OD035O5G4WAI.pcm

SwiftExplicitDependencyGeneratePcm arm64 /var/folders/6m/vxwlbjsn7vs6h80_98w6x7p40000gn/T/parlor-audit-dsc01-apphost-05-7dr2h_e6/DerivedData/ModuleCache.noindex/XPC-5SSDCTBSW0QB5T61WA8ZVBPBE.pcm

SwiftExplicitDependencyGeneratePcm arm64 /var/folders/6m/vxwlbjsn7vs6h80_98w6x7p40000gn/T/parlor-audit-dsc01-apphost-05-7dr2h_e6/DerivedData/ModuleCache.noindex/CoreFoundation-6CBO3ZV1BZPQ5EBIRWA0C46L8.pcm

SwiftExplicitDependencyGeneratePcm arm64 /var/folders/6m/vxwlbjsn7vs6h80_98w6x7p40000gn/T/parlor-audit-dsc01-apphost-05-7dr2h_e6/DerivedData/ModuleCache.noindex/os-6U49VJKKF9TDK5U1WD9ZOKHPD.pcm

SwiftExplicitDependencyGeneratePcm arm64 /var/folders/6m/vxwlbjsn7vs6h80_98w6x7p40000gn/T/parlor-audit-dsc01-apphost-05-7dr2h_e6/DerivedData/ModuleCache.noindex/CFNetwork-C5TFZNJH632J0QQZPVWGRR5FX.pcm

SwiftExplicitDependencyGeneratePcm arm64 /var/folders/6m/vxwlbjsn7vs6h80_98w6x7p40000gn/T/parlor-audit-dsc01-apphost-05-7dr2h_e6/DerivedData/ModuleCache.noindex/CoreGraphics-4H2V8OLBDHXTKIYERFOGUG6OS.pcm

SwiftExplicitDependencyGeneratePcm arm64 /var/folders/6m/vxwlbjsn7vs6h80_98w6x7p40000gn/T/parlor-audit-dsc01-apphost-05-7dr2h_e6/DerivedData/ModuleCache.noindex/Security-D30GIHATZJYQDJ8RVPK9CUUH7.pcm

SwiftExplicitDependencyGeneratePcm arm64 /var/folders/6m/vxwlbjsn7vs6h80_98w6x7p40000gn/T/parlor-audit-dsc01-apphost-05-7dr2h_e6/DerivedData/ModuleCache.noindex/CoreText-2IIGSWLIA1ULOFEIPU2JI8656.pcm

SwiftExplicitDependencyGeneratePcm arm64 /var/folders/6m/vxwlbjsn7vs6h80_98w6x7p40000gn/T/parlor-audit-dsc01-apphost-05-7dr2h_e6/DerivedData/ModuleCache.noindex/Foundation-1ALUHSG0RLXBW0V93H60WY2X7.pcm

SwiftExplicitDependencyGeneratePcm arm64 /var/folders/6m/vxwlbjsn7vs6h80_98w6x7p40000gn/T/parlor-audit-dsc01-apphost-05-7dr2h_e6/DerivedData/ModuleCache.noindex/ImageIO-5GM8O5X8OWHHTEH0DFQF4VAT0.pcm

SwiftExplicitDependencyGeneratePcm arm64 /var/folders/6m/vxwlbjsn7vs6h80_98w6x7p40000gn/T/parlor-audit-dsc01-apphost-05-7dr2h_e6/DerivedData/ModuleCache.noindex/UIUtilities-9SV6QQZXV2A8RY8QTTBDKMHVN.pcm

SwiftExplicitDependencyGeneratePcm arm64 /var/folders/6m/vxwlbjsn7vs6h80_98w6x7p40000gn/T/parlor-audit-dsc01-apphost-05-7dr2h_e6/DerivedData/ModuleCache.noindex/UserNotifications-917C7UQOGARMZ14BWXC66H7EP.pcm

SwiftExplicitDependencyGeneratePcm arm64 /var/folders/6m/vxwlbjsn7vs6h80_98w6x7p40000gn/T/parlor-audit-dsc01-apphost-05-7dr2h_e6/DerivedData/ModuleCache.noindex/CoreData-BOFENV80S8G7X4L53CH00P5YK.pcm

SwiftExplicitDependencyGeneratePcm arm64 /var/folders/6m/vxwlbjsn7vs6h80_98w6x7p40000gn/T/parlor-audit-dsc01-apphost-05-7dr2h_e6/DerivedData/ModuleCache.noindex/IOSurface-DVY0GAWR9OXI5S9WTF2N2ZKNT.pcm

SwiftExplicitDependencyGeneratePcm arm64 /var/folders/6m/vxwlbjsn7vs6h80_98w6x7p40000gn/T/parlor-audit-dsc01-apphost-05-7dr2h_e6/DerivedData/ModuleCache.noindex/OSLog-203ZIEHQFM9XWG3X0R3JJ4SPE.pcm

SwiftExplicitDependencyGeneratePcm arm64 /var/folders/6m/vxwlbjsn7vs6h80_98w6x7p40000gn/T/parlor-audit-dsc01-apphost-05-7dr2h_e6/DerivedData/ModuleCache.noindex/Metal-5KRL8EGD9G0J02F6DRTC1NVE8.pcm

SwiftExplicitDependencyGeneratePcm arm64 /var/folders/6m/vxwlbjsn7vs6h80_98w6x7p40000gn/T/parlor-audit-dsc01-apphost-05-7dr2h_e6/DerivedData/Build/Intermediates.noindex/SwiftExplicitPrecompiledModules/ComposeApp-DK7M9RE8Y7TA7Q1GSLYBQ1PAI.pcm

SwiftExplicitDependencyGeneratePcm arm64 /var/folders/6m/vxwlbjsn7vs6h80_98w6x7p40000gn/T/parlor-audit-dsc01-apphost-05-7dr2h_e6/DerivedData/ModuleCache.noindex/UniformTypeIdentifiers-4NKH3V3WRGMD0ORG8VYA5MN2X.pcm

SwiftExplicitDependencyGeneratePcm arm64 /var/folders/6m/vxwlbjsn7vs6h80_98w6x7p40000gn/T/parlor-audit-dsc01-apphost-05-7dr2h_e6/DerivedData/ModuleCache.noindex/DataDetection-6BJEVRKQN0XCONVH59ADNNPDW.pcm

SwiftExplicitDependencyGeneratePcm arm64 /var/folders/6m/vxwlbjsn7vs6h80_98w6x7p40000gn/T/parlor-audit-dsc01-apphost-05-7dr2h_e6/DerivedData/ModuleCache.noindex/CoreTransferable-E700BXCD7E9WVAR568V2WZ93S.pcm

SwiftExplicitDependencyGeneratePcm arm64 /var/folders/6m/vxwlbjsn7vs6h80_98w6x7p40000gn/T/parlor-audit-dsc01-apphost-05-7dr2h_e6/DerivedData/ModuleCache.noindex/Symbols-U87PFCBGLEI2COMDMOFKNH11.pcm

SwiftExplicitDependencyGeneratePcm arm64 /var/folders/6m/vxwlbjsn7vs6h80_98w6x7p40000gn/T/parlor-audit-dsc01-apphost-05-7dr2h_e6/DerivedData/ModuleCache.noindex/OpenGLES-E5N4LJIFSPOIH7W6K202SKI3Q.pcm

SwiftExplicitDependencyGeneratePcm arm64 /var/folders/6m/vxwlbjsn7vs6h80_98w6x7p40000gn/T/parlor-audit-dsc01-apphost-05-7dr2h_e6/DerivedData/ModuleCache.noindex/FileProvider-B5G3ODRAXAIBB3T7A6IIVMUK4.pcm

SwiftExplicitDependencyGeneratePcm arm64 /var/folders/6m/vxwlbjsn7vs6h80_98w6x7p40000gn/T/parlor-audit-dsc01-apphost-05-7dr2h_e6/DerivedData/ModuleCache.noindex/CoreVideo-1B1O25XBPIP200OGLTNADBJMG.pcm

SwiftExplicitDependencyGeneratePcm arm64 /var/folders/6m/vxwlbjsn7vs6h80_98w6x7p40000gn/T/parlor-audit-dsc01-apphost-05-7dr2h_e6/DerivedData/ModuleCache.noindex/Accessibility-25WAN6NHVFMUSLM2SUJ7HZRX.pcm

SwiftExplicitDependencyGeneratePcm arm64 /var/folders/6m/vxwlbjsn7vs6h80_98w6x7p40000gn/T/parlor-audit-dsc01-apphost-05-7dr2h_e6/DerivedData/ModuleCache.noindex/QuartzCore-1COKYX936XUXI0FD59Q2WJGGN.pcm

SwiftExplicitDependencyGeneratePcm arm64 /var/folders/6m/vxwlbjsn7vs6h80_98w6x7p40000gn/T/parlor-audit-dsc01-apphost-05-7dr2h_e6/DerivedData/ModuleCache.noindex/CoreImage-53E48JQTGE8SWBBC2N5OLHNLE.pcm

SwiftExplicitDependencyGeneratePcm arm64 /var/folders/6m/vxwlbjsn7vs6h80_98w6x7p40000gn/T/parlor-audit-dsc01-apphost-05-7dr2h_e6/DerivedData/ModuleCache.noindex/SwiftUICore-628866EPQG6YNG0OPRTU0FONS.pcm

SwiftExplicitDependencyGeneratePcm arm64 /var/folders/6m/vxwlbjsn7vs6h80_98w6x7p40000gn/T/parlor-audit-dsc01-apphost-05-7dr2h_e6/DerivedData/ModuleCache.noindex/UIKit-24BYWL94IW4QAAEGVXQBKJ0P.pcm

SwiftExplicitDependencyGeneratePcm arm64 /var/folders/6m/vxwlbjsn7vs6h80_98w6x7p40000gn/T/parlor-audit-dsc01-apphost-05-7dr2h_e6/DerivedData/ModuleCache.noindex/SwiftUI-35HEI2EJDYQ7K6WGHAC2KWTF8.pcm

SwiftEmitModule normal arm64 Emitting\ module\ for\ Parlor (in target 'iosApp' from project 'iosApp')

EmitSwiftModule normal arm64 (in target 'iosApp' from project 'iosApp')
    cd /var/folders/6m/vxwlbjsn7vs6h80_98w6x7p40000gn/T/parlor-audit-dsc01-apphost-05-7dr2h_e6/copy/iosApp
    

SwiftCompile normal arm64 Compiling\ ContentView.swift /var/folders/6m/vxwlbjsn7vs6h80_98w6x7p40000gn/T/parlor-audit-dsc01-apphost-05-7dr2h_e6/copy/iosApp/iosApp/ContentView.swift (in target 'iosApp' from project 'iosApp')

SwiftCompile normal arm64 /var/folders/6m/vxwlbjsn7vs6h80_98w6x7p40000gn/T/parlor-audit-dsc01-apphost-05-7dr2h_e6/copy/iosApp/iosApp/ContentView.swift (in target 'iosApp' from project 'iosApp')
    cd /var/folders/6m/vxwlbjsn7vs6h80_98w6x7p40000gn/T/parlor-audit-dsc01-apphost-05-7dr2h_e6/copy/iosApp
    

SwiftDriverJobDiscovery normal arm64 Emitting module for Parlor (in target 'iosApp' from project 'iosApp')

SwiftDriver\ Compilation\ Requirements iosApp normal arm64 com.apple.xcode.tools.swift.compiler (in target 'iosApp' from project 'iosApp')
    cd /var/folders/6m/vxwlbjsn7vs6h80_98w6x7p40000gn/T/parlor-audit-dsc01-apphost-05-7dr2h_e6/copy/iosApp
    builtin-Swift-Compilation-Requirements -- /Applications/Xcode.app/Contents/Developer/Toolchains/XcodeDefault.xctoolchain/usr/bin/swiftc -module-name Parlor -Onone @/var/folders/6m/vxwlbjsn7vs6h80_98w6x7p40000gn/T/parlor-audit-dsc01-apphost-05-7dr2h_e6/DerivedData/Build/Intermediates.noindex/iosApp.build/Debug-iphonesimulator/iosApp.build/Objects-normal/arm64/Parlor.SwiftFileList -DDEBUG -enable-bare-slash-regex -enable-experimental-feature DebugDescriptionMacro -sdk /Applications/Xcode.app/Contents/Developer/Platforms/iPhoneSimulator.platform/Developer/SDKs/iPhoneSimulator26.5.sdk -target arm64-apple-ios16.0-simulator -g -module-cache-path /var/folders/6m/vxwlbjsn7vs6h80_98w6x7p40000gn/T/parlor-audit-dsc01-apphost-05-7dr2h_e6/DerivedData/ModuleCache.noindex -Xfrontend -serialize-debugging-options -enable-testing -Xcc -D_LIBCPP_HARDENING_MODE\=_LIBCPP_HARDENING_MODE_DEBUG -swift-version 5 -I /var/folders/6m/vxwlbjsn7vs6h80_98w6x7p40000gn/T/parlor-audit-dsc01-apphost-05-7dr2h_e6/DerivedData/Build/Products/Debug-iphonesimulator -F /var/folders/6m/vxwlbjsn7vs6h80_98w6x7p40000gn/T/parlor-audit-dsc01-apphost-05-7dr2h_e6/DerivedData/Build/Products/Debug-iphonesimulator -F /var/folders/6m/vxwlbjsn7vs6h80_98w6x7p40000gn/T/parlor-audit-dsc01-apphost-05-7dr2h_e6/copy/composeApp/build/xcode-frameworks/Debug/iphonesimulator26.5 -emit-localized-strings -emit-localized-strings-path /var/folders/6m/vxwlbjsn7vs6h80_98w6x7p40000gn/T/parlor-audit-dsc01-apphost-05-7dr2h_e6/DerivedData/Build/Intermediates.noindex/iosApp.build/Debug-iphonesimulator/iosApp.build/Objects-normal/arm64 -c -j10 -enable-batch-mode -incremental -Xcc -ivfsstatcache -Xcc /var/folders/6m/vxwlbjsn7vs6h80_98w6x7p40000gn/T/parlor-audit-dsc01-apphost-05-7dr2h_e6/DerivedData/SDKStatCaches.noindex/iphonesimulator26.5-23F73-6cfe768891a92b912361537c460fe42b.sdkstatcache -output-file-map /var/folders/6m/vxwlbjsn7vs6h80_98w6x7p40000gn/T/parlor-audit-dsc01-apphost-05-7dr2h_e6/DerivedData/Build/Intermediates.noindex/iosApp.build/Debug-iphonesimulator/iosApp.build/Objects-normal/arm64/iosApp-OutputFileMap.json -use-frontend-parseable-output -save-temps -no-color-diagnostics -explicit-module-build -module-cache-path /var/folders/6m/vxwlbjsn7vs6h80_98w6x7p40000gn/T/parlor-audit-dsc01-apphost-05-7dr2h_e6/DerivedData/Build/Intermediates.noindex/SwiftExplicitPrecompiledModules -clang-scanner-module-cache-path /var/folders/6m/vxwlbjsn7vs6h80_98w6x7p40000gn/T/parlor-audit-dsc01-apphost-05-7dr2h_e6/DerivedData/ModuleCache.noindex -sdk-module-cache-path /var/folders/6m/vxwlbjsn7vs6h80_98w6x7p40000gn/T/parlor-audit-dsc01-apphost-05-7dr2h_e6/DerivedData/ModuleCache.noindex -serialize-diagnostics -emit-dependencies -emit-module -emit-module-path /var/folders/6m/vxwlbjsn7vs6h80_98w6x7p40000gn/T/parlor-audit-dsc01-apphost-05-7dr2h_e6/DerivedData/Build/Intermediates.noindex/iosApp.build/Debug-iphonesimulator/iosApp.build/Objects-normal/arm64/Parlor.swiftmodule -validate-clang-modules-once -clang-build-session-file /var/folders/6m/vxwlbjsn7vs6h80_98w6x7p40000gn/T/parlor-audit-dsc01-apphost-05-7dr2h_e6/DerivedData/ModuleCache.noindex/Session.modulevalidation -Xcc -I/var/folders/6m/vxwlbjsn7vs6h80_98w6x7p40000gn/T/parlor-audit-dsc01-apphost-05-7dr2h_e6/DerivedData/Build/Intermediates.noindex/iosApp.build/Debug-iphonesimulator/iosApp.build/swift-overrides.hmap -emit-const-values -Xfrontend -const-gather-protocols-file -Xfrontend /var/folders/6m/vxwlbjsn7vs6h80_98w6x7p40000gn/T/parlor-audit-dsc01-apphost-05-7dr2h_e6/DerivedData/Build/Intermediates.noindex/iosApp.build/Debug-iphonesimulator/iosApp.build/Objects-normal/arm64/iosApp_const_extract_protocols.json -Xcc -iquote -Xcc /var/folders/6m/vxwlbjsn7vs6h80_98w6x7p40000gn/T/parlor-audit-dsc01-apphost-05-7dr2h_e6/DerivedData/Build/Intermediates.noindex/iosApp.build/Debug-iphonesimulator/iosApp.build/Parlor-generated-files.hmap -Xcc -I/var/folders/6m/vxwlbjsn7vs6h80_98w6x7p40000gn/T/parlor-audit-dsc01-apphost-05-7dr2h_e6/DerivedData/Build/Intermediates.noindex/iosApp.build/Debug-iphonesimulator/iosApp.build/Parlor-own-target-headers.hmap -Xcc -I/var/folders/6m/vxwlbjsn7vs6h80_98w6x7p40000gn/T/parlor-audit-dsc01-apphost-05-7dr2h_e6/DerivedData/Build/Intermediates.noindex/iosApp.build/Debug-iphonesimulator/iosApp.build/Parlor-all-target-headers.hmap -Xcc -iquote -Xcc /var/folders/6m/vxwlbjsn7vs6h80_98w6x7p40000gn/T/parlor-audit-dsc01-apphost-05-7dr2h_e6/DerivedData/Build/Intermediates.noindex/iosApp.build/Debug-iphonesimulator/iosApp.build/Parlor-project-headers.hmap -Xcc -I/var/folders/6m/vxwlbjsn7vs6h80_98w6x7p40000gn/T/parlor-audit-dsc01-apphost-05-7dr2h_e6/DerivedData/Build/Products/Debug-iphonesimulator/include -Xcc -I/var/folders/6m/vxwlbjsn7vs6h80_98w6x7p40000gn/T/parlor-audit-dsc01-apphost-05-7dr2h_e6/DerivedData/Build/Intermediates.noindex/iosApp.build/Debug-iphonesimulator/iosApp.build/DerivedSources-normal/arm64 -Xcc -I/var/folders/6m/vxwlbjsn7vs6h80_98w6x7p40000gn/T/parlor-audit-dsc01-apphost-05-7dr2h_e6/DerivedData/Build/Intermediates.noindex/iosApp.build/Debug-iphonesimulator/iosApp.build/DerivedSources/arm64 -Xcc -I/var/folders/6m/vxwlbjsn7vs6h80_98w6x7p40000gn/T/parlor-audit-dsc01-apphost-05-7dr2h_e6/DerivedData/Build/Intermediates.noindex/iosApp.build/Debug-iphonesimulator/iosApp.build/DerivedSources -Xcc -DDEBUG\=1 -emit-objc-header -emit-objc-header-path /var/folders/6m/vxwlbjsn7vs6h80_98w6x7p40000gn/T/parlor-audit-dsc01-apphost-05-7dr2h_e6/DerivedData/Build/Intermediates.noindex/iosApp.build/Debug-iphonesimulator/iosApp.build/Objects-normal/arm64/Parlor-Swift.h -working-directory /var/folders/6m/vxwlbjsn7vs6h80_98w6x7p40000gn/T/parlor-audit-dsc01-apphost-05-7dr2h_e6/copy/iosApp -experimental-emit-module-separately -disable-cmo

SwiftDriverJobDiscovery normal arm64 Compiling ContentView.swift (in target 'iosApp' from project 'iosApp')

SwiftCompile normal arm64 Compiling\ iOSApp.swift /var/folders/6m/vxwlbjsn7vs6h80_98w6x7p40000gn/T/parlor-audit-dsc01-apphost-05-7dr2h_e6/copy/iosApp/iosApp/iOSApp.swift (in target 'iosApp' from project 'iosApp')

SwiftCompile normal arm64 /var/folders/6m/vxwlbjsn7vs6h80_98w6x7p40000gn/T/parlor-audit-dsc01-apphost-05-7dr2h_e6/copy/iosApp/iosApp/iOSApp.swift (in target 'iosApp' from project 'iosApp')
    cd /var/folders/6m/vxwlbjsn7vs6h80_98w6x7p40000gn/T/parlor-audit-dsc01-apphost-05-7dr2h_e6/copy/iosApp
    

SwiftMergeGeneratedHeaders /var/folders/6m/vxwlbjsn7vs6h80_98w6x7p40000gn/T/parlor-audit-dsc01-apphost-05-7dr2h_e6/DerivedData/Build/Intermediates.noindex/iosApp.build/Debug-iphonesimulator/iosApp.build/DerivedSources/Parlor-Swift.h /var/folders/6m/vxwlbjsn7vs6h80_98w6x7p40000gn/T/parlor-audit-dsc01-apphost-05-7dr2h_e6/DerivedData/Build/Intermediates.noindex/iosApp.build/Debug-iphonesimulator/iosApp.build/Objects-normal/arm64/Parlor-Swift.h (in target 'iosApp' from project 'iosApp')
    cd /var/folders/6m/vxwlbjsn7vs6h80_98w6x7p40000gn/T/parlor-audit-dsc01-apphost-05-7dr2h_e6/copy/iosApp
    builtin-swiftHeaderTool -arch arm64 /var/folders/6m/vxwlbjsn7vs6h80_98w6x7p40000gn/T/parlor-audit-dsc01-apphost-05-7dr2h_e6/DerivedData/Build/Intermediates.noindex/iosApp.build/Debug-iphonesimulator/iosApp.build/Objects-normal/arm64/Parlor-Swift.h -o /var/folders/6m/vxwlbjsn7vs6h80_98w6x7p40000gn/T/parlor-audit-dsc01-apphost-05-7dr2h_e6/DerivedData/Build/Intermediates.noindex/iosApp.build/Debug-iphonesimulator/iosApp.build/DerivedSources/Parlor-Swift.h

SwiftDriverJobDiscovery normal arm64 Compiling iOSApp.swift (in target 'iosApp' from project 'iosApp')

Copy /var/folders/6m/vxwlbjsn7vs6h80_98w6x7p40000gn/T/parlor-audit-dsc01-apphost-05-7dr2h_e6/DerivedData/Build/Products/Debug-iphonesimulator/Parlor.swiftmodule/arm64-apple-ios-simulator.swiftmodule /var/folders/6m/vxwlbjsn7vs6h80_98w6x7p40000gn/T/parlor-audit-dsc01-apphost-05-7dr2h_e6/DerivedData/Build/Intermediates.noindex/iosApp.build/Debug-iphonesimulator/iosApp.build/Objects-normal/arm64/Parlor.swiftmodule (in target 'iosApp' from project 'iosApp')
    cd /var/folders/6m/vxwlbjsn7vs6h80_98w6x7p40000gn/T/parlor-audit-dsc01-apphost-05-7dr2h_e6/copy/iosApp
    builtin-copy -exclude .DS_Store -exclude CVS -exclude .svn -exclude .git -exclude .hg -resolve-src-symlinks -rename /var/folders/6m/vxwlbjsn7vs6h80_98w6x7p40000gn/T/parlor-audit-dsc01-apphost-05-7dr2h_e6/DerivedData/Build/Intermediates.noindex/iosApp.build/Debug-iphonesimulator/iosApp.build/Objects-normal/arm64/Parlor.swiftmodule /var/folders/6m/vxwlbjsn7vs6h80_98w6x7p40000gn/T/parlor-audit-dsc01-apphost-05-7dr2h_e6/DerivedData/Build/Products/Debug-iphonesimulator/Parlor.swiftmodule/arm64-apple-ios-simulator.swiftmodule

Copy /var/folders/6m/vxwlbjsn7vs6h80_98w6x7p40000gn/T/parlor-audit-dsc01-apphost-05-7dr2h_e6/DerivedData/Build/Products/Debug-iphonesimulator/Parlor.swiftmodule/arm64-apple-ios-simulator.swiftdoc /var/folders/6m/vxwlbjsn7vs6h80_98w6x7p40000gn/T/parlor-audit-dsc01-apphost-05-7dr2h_e6/DerivedData/Build/Intermediates.noindex/iosApp.build/Debug-iphonesimulator/iosApp.build/Objects-normal/arm64/Parlor.swiftdoc (in target 'iosApp' from project 'iosApp')
    cd /var/folders/6m/vxwlbjsn7vs6h80_98w6x7p40000gn/T/parlor-audit-dsc01-apphost-05-7dr2h_e6/copy/iosApp
    builtin-copy -exclude .DS_Store -exclude CVS -exclude .svn -exclude .git -exclude .hg -resolve-src-symlinks -rename /var/folders/6m/vxwlbjsn7vs6h80_98w6x7p40000gn/T/parlor-audit-dsc01-apphost-05-7dr2h_e6/DerivedData/Build/Intermediates.noindex/iosApp.build/Debug-iphonesimulator/iosApp.build/Objects-normal/arm64/Parlor.swiftdoc /var/folders/6m/vxwlbjsn7vs6h80_98w6x7p40000gn/T/parlor-audit-dsc01-apphost-05-7dr2h_e6/DerivedData/Build/Products/Debug-iphonesimulator/Parlor.swiftmodule/arm64-apple-ios-simulator.swiftdoc

Copy /var/folders/6m/vxwlbjsn7vs6h80_98w6x7p40000gn/T/parlor-audit-dsc01-apphost-05-7dr2h_e6/DerivedData/Build/Products/Debug-iphonesimulator/Parlor.swiftmodule/arm64-apple-ios-simulator.abi.json /var/folders/6m/vxwlbjsn7vs6h80_98w6x7p40000gn/T/parlor-audit-dsc01-apphost-05-7dr2h_e6/DerivedData/Build/Intermediates.noindex/iosApp.build/Debug-iphonesimulator/iosApp.build/Objects-normal/arm64/Parlor.abi.json (in target 'iosApp' from project 'iosApp')
    cd /var/folders/6m/vxwlbjsn7vs6h80_98w6x7p40000gn/T/parlor-audit-dsc01-apphost-05-7dr2h_e6/copy/iosApp
    builtin-copy -exclude .DS_Store -exclude CVS -exclude .svn -exclude .git -exclude .hg -resolve-src-symlinks -rename /var/folders/6m/vxwlbjsn7vs6h80_98w6x7p40000gn/T/parlor-audit-dsc01-apphost-05-7dr2h_e6/DerivedData/Build/Intermediates.noindex/iosApp.build/Debug-iphonesimulator/iosApp.build/Objects-normal/arm64/Parlor.abi.json /var/folders/6m/vxwlbjsn7vs6h80_98w6x7p40000gn/T/parlor-audit-dsc01-apphost-05-7dr2h_e6/DerivedData/Build/Products/Debug-iphonesimulator/Parlor.swiftmodule/arm64-apple-ios-simulator.abi.json

Copy /var/folders/6m/vxwlbjsn7vs6h80_98w6x7p40000gn/T/parlor-audit-dsc01-apphost-05-7dr2h_e6/DerivedData/Build/Products/Debug-iphonesimulator/Parlor.swiftmodule/Project/arm64-apple-ios-simulator.swiftsourceinfo /var/folders/6m/vxwlbjsn7vs6h80_98w6x7p40000gn/T/parlor-audit-dsc01-apphost-05-7dr2h_e6/DerivedData/Build/Intermediates.noindex/iosApp.build/Debug-iphonesimulator/iosApp.build/Objects-normal/arm64/Parlor.swiftsourceinfo (in target 'iosApp' from project 'iosApp')
    cd /var/folders/6m/vxwlbjsn7vs6h80_98w6x7p40000gn/T/parlor-audit-dsc01-apphost-05-7dr2h_e6/copy/iosApp
    builtin-copy -exclude .DS_Store -exclude CVS -exclude .svn -exclude .git -exclude .hg -resolve-src-symlinks -rename /var/folders/6m/vxwlbjsn7vs6h80_98w6x7p40000gn/T/parlor-audit-dsc01-apphost-05-7dr2h_e6/DerivedData/Build/Intermediates.noindex/iosApp.build/Debug-iphonesimulator/iosApp.build/Objects-normal/arm64/Parlor.swiftsourceinfo /var/folders/6m/vxwlbjsn7vs6h80_98w6x7p40000gn/T/parlor-audit-dsc01-apphost-05-7dr2h_e6/DerivedData/Build/Products/Debug-iphonesimulator/Parlor.swiftmodule/Project/arm64-apple-ios-simulator.swiftsourceinfo

SwiftCompile normal arm64 Compiling\ ComposeContainerViewController.swift /var/folders/6m/vxwlbjsn7vs6h80_98w6x7p40000gn/T/parlor-audit-dsc01-apphost-05-7dr2h_e6/copy/iosApp/iosApp/ComposeContainerViewController.swift (in target 'iosApp' from project 'iosApp')

SwiftCompile normal arm64 /var/folders/6m/vxwlbjsn7vs6h80_98w6x7p40000gn/T/parlor-audit-dsc01-apphost-05-7dr2h_e6/copy/iosApp/iosApp/ComposeContainerViewController.swift (in target 'iosApp' from project 'iosApp')
    cd /var/folders/6m/vxwlbjsn7vs6h80_98w6x7p40000gn/T/parlor-audit-dsc01-apphost-05-7dr2h_e6/copy/iosApp
    

SwiftDriverJobDiscovery normal arm64 Compiling ComposeContainerViewController.swift (in target 'iosApp' from project 'iosApp')

SwiftCompile normal arm64 Compiling\ GeneratedAssetSymbols.swift /var/folders/6m/vxwlbjsn7vs6h80_98w6x7p40000gn/T/parlor-audit-dsc01-apphost-05-7dr2h_e6/DerivedData/Build/Intermediates.noindex/iosApp.build/Debug-iphonesimulator/iosApp.build/DerivedSources/GeneratedAssetSymbols.swift (in target 'iosApp' from project 'iosApp')

SwiftCompile normal arm64 /var/folders/6m/vxwlbjsn7vs6h80_98w6x7p40000gn/T/parlor-audit-dsc01-apphost-05-7dr2h_e6/DerivedData/Build/Intermediates.noindex/iosApp.build/Debug-iphonesimulator/iosApp.build/DerivedSources/GeneratedAssetSymbols.swift (in target 'iosApp' from project 'iosApp')
    cd /var/folders/6m/vxwlbjsn7vs6h80_98w6x7p40000gn/T/parlor-audit-dsc01-apphost-05-7dr2h_e6/copy/iosApp
    

SwiftDriverJobDiscovery normal arm64 Compiling GeneratedAssetSymbols.swift (in target 'iosApp' from project 'iosApp')

SwiftDriver\ Compilation iosApp normal arm64 com.apple.xcode.tools.swift.compiler (in target 'iosApp' from project 'iosApp')
    cd /var/folders/6m/vxwlbjsn7vs6h80_98w6x7p40000gn/T/parlor-audit-dsc01-apphost-05-7dr2h_e6/copy/iosApp
    builtin-Swift-Compilation -- /Applications/Xcode.app/Contents/Developer/Toolchains/XcodeDefault.xctoolchain/usr/bin/swiftc -module-name Parlor -Onone @/var/folders/6m/vxwlbjsn7vs6h80_98w6x7p40000gn/T/parlor-audit-dsc01-apphost-05-7dr2h_e6/DerivedData/Build/Intermediates.noindex/iosApp.build/Debug-iphonesimulator/iosApp.build/Objects-normal/arm64/Parlor.SwiftFileList -DDEBUG -enable-bare-slash-regex -enable-experimental-feature DebugDescriptionMacro -sdk /Applications/Xcode.app/Contents/Developer/Platforms/iPhoneSimulator.platform/Developer/SDKs/iPhoneSimulator26.5.sdk -target arm64-apple-ios16.0-simulator -g -module-cache-path /var/folders/6m/vxwlbjsn7vs6h80_98w6x7p40000gn/T/parlor-audit-dsc01-apphost-05-7dr2h_e6/DerivedData/ModuleCache.noindex -Xfrontend -serialize-debugging-options -enable-testing -Xcc -D_LIBCPP_HARDENING_MODE\=_LIBCPP_HARDENING_MODE_DEBUG -swift-version 5 -I /var/folders/6m/vxwlbjsn7vs6h80_98w6x7p40000gn/T/parlor-audit-dsc01-apphost-05-7dr2h_e6/DerivedData/Build/Products/Debug-iphonesimulator -F /var/folders/6m/vxwlbjsn7vs6h80_98w6x7p40000gn/T/parlor-audit-dsc01-apphost-05-7dr2h_e6/DerivedData/Build/Products/Debug-iphonesimulator -F /var/folders/6m/vxwlbjsn7vs6h80_98w6x7p40000gn/T/parlor-audit-dsc01-apphost-05-7dr2h_e6/copy/composeApp/build/xcode-frameworks/Debug/iphonesimulator26.5 -emit-localized-strings -emit-localized-strings-path /var/folders/6m/vxwlbjsn7vs6h80_98w6x7p40000gn/T/parlor-audit-dsc01-apphost-05-7dr2h_e6/DerivedData/Build/Intermediates.noindex/iosApp.build/Debug-iphonesimulator/iosApp.build/Objects-normal/arm64 -c -j10 -enable-batch-mode -incremental -Xcc -ivfsstatcache -Xcc /var/folders/6m/vxwlbjsn7vs6h80_98w6x7p40000gn/T/parlor-audit-dsc01-apphost-05-7dr2h_e6/DerivedData/SDKStatCaches.noindex/iphonesimulator26.5-23F73-6cfe768891a92b912361537c460fe42b.sdkstatcache -output-file-map /var/folders/6m/vxwlbjsn7vs6h80_98w6x7p40000gn/T/parlor-audit-dsc01-apphost-05-7dr2h_e6/DerivedData/Build/Intermediates.noindex/iosApp.build/Debug-iphonesimulator/iosApp.build/Objects-normal/arm64/iosApp-OutputFileMap.json -use-frontend-parseable-output -save-temps -no-color-diagnostics -explicit-module-build -module-cache-path /var/folders/6m/vxwlbjsn7vs6h80_98w6x7p40000gn/T/parlor-audit-dsc01-apphost-05-7dr2h_e6/DerivedData/Build/Intermediates.noindex/SwiftExplicitPrecompiledModules -clang-scanner-module-cache-path /var/folders/6m/vxwlbjsn7vs6h80_98w6x7p40000gn/T/parlor-audit-dsc01-apphost-05-7dr2h_e6/DerivedData/ModuleCache.noindex -sdk-module-cache-path /var/folders/6m/vxwlbjsn7vs6h80_98w6x7p40000gn/T/parlor-audit-dsc01-apphost-05-7dr2h_e6/DerivedData/ModuleCache.noindex -serialize-diagnostics -emit-dependencies -emit-module -emit-module-path /var/folders/6m/vxwlbjsn7vs6h80_98w6x7p40000gn/T/parlor-audit-dsc01-apphost-05-7dr2h_e6/DerivedData/Build/Intermediates.noindex/iosApp.build/Debug-iphonesimulator/iosApp.build/Objects-normal/arm64/Parlor.swiftmodule -validate-clang-modules-once -clang-build-session-file /var/folders/6m/vxwlbjsn7vs6h80_98w6x7p40000gn/T/parlor-audit-dsc01-apphost-05-7dr2h_e6/DerivedData/ModuleCache.noindex/Session.modulevalidation -Xcc -I/var/folders/6m/vxwlbjsn7vs6h80_98w6x7p40000gn/T/parlor-audit-dsc01-apphost-05-7dr2h_e6/DerivedData/Build/Intermediates.noindex/iosApp.build/Debug-iphonesimulator/iosApp.build/swift-overrides.hmap -emit-const-values -Xfrontend -const-gather-protocols-file -Xfrontend /var/folders/6m/vxwlbjsn7vs6h80_98w6x7p40000gn/T/parlor-audit-dsc01-apphost-05-7dr2h_e6/DerivedData/Build/Intermediates.noindex/iosApp.build/Debug-iphonesimulator/iosApp.build/Objects-normal/arm64/iosApp_const_extract_protocols.json -Xcc -iquote -Xcc /var/folders/6m/vxwlbjsn7vs6h80_98w6x7p40000gn/T/parlor-audit-dsc01-apphost-05-7dr2h_e6/DerivedData/Build/Intermediates.noindex/iosApp.build/Debug-iphonesimulator/iosApp.build/Parlor-generated-files.hmap -Xcc -I/var/folders/6m/vxwlbjsn7vs6h80_98w6x7p40000gn/T/parlor-audit-dsc01-apphost-05-7dr2h_e6/DerivedData/Build/Intermediates.noindex/iosApp.build/Debug-iphonesimulator/iosApp.build/Parlor-own-target-headers.hmap -Xcc -I/var/folders/6m/vxwlbjsn7vs6h80_98w6x7p40000gn/T/parlor-audit-dsc01-apphost-05-7dr2h_e6/DerivedData/Build/Intermediates.noindex/iosApp.build/Debug-iphonesimulator/iosApp.build/Parlor-all-target-headers.hmap -Xcc -iquote -Xcc /var/folders/6m/vxwlbjsn7vs6h80_98w6x7p40000gn/T/parlor-audit-dsc01-apphost-05-7dr2h_e6/DerivedData/Build/Intermediates.noindex/iosApp.build/Debug-iphonesimulator/iosApp.build/Parlor-project-headers.hmap -Xcc -I/var/folders/6m/vxwlbjsn7vs6h80_98w6x7p40000gn/T/parlor-audit-dsc01-apphost-05-7dr2h_e6/DerivedData/Build/Products/Debug-iphonesimulator/include -Xcc -I/var/folders/6m/vxwlbjsn7vs6h80_98w6x7p40000gn/T/parlor-audit-dsc01-apphost-05-7dr2h_e6/DerivedData/Build/Intermediates.noindex/iosApp.build/Debug-iphonesimulator/iosApp.build/DerivedSources-normal/arm64 -Xcc -I/var/folders/6m/vxwlbjsn7vs6h80_98w6x7p40000gn/T/parlor-audit-dsc01-apphost-05-7dr2h_e6/DerivedData/Build/Intermediates.noindex/iosApp.build/Debug-iphonesimulator/iosApp.build/DerivedSources/arm64 -Xcc -I/var/folders/6m/vxwlbjsn7vs6h80_98w6x7p40000gn/T/parlor-audit-dsc01-apphost-05-7dr2h_e6/DerivedData/Build/Intermediates.noindex/iosApp.build/Debug-iphonesimulator/iosApp.build/DerivedSources -Xcc -DDEBUG\=1 -emit-objc-header -emit-objc-header-path /var/folders/6m/vxwlbjsn7vs6h80_98w6x7p40000gn/T/parlor-audit-dsc01-apphost-05-7dr2h_e6/DerivedData/Build/Intermediates.noindex/iosApp.build/Debug-iphonesimulator/iosApp.build/Objects-normal/arm64/Parlor-Swift.h -working-directory /var/folders/6m/vxwlbjsn7vs6h80_98w6x7p40000gn/T/parlor-audit-dsc01-apphost-05-7dr2h_e6/copy/iosApp -experimental-emit-module-separately -disable-cmo

Ld /var/folders/6m/vxwlbjsn7vs6h80_98w6x7p40000gn/T/parlor-audit-dsc01-apphost-05-7dr2h_e6/DerivedData/Build/Products/Debug-iphonesimulator/Parlor.app/Parlor.debug.dylib normal (in target 'iosApp' from project 'iosApp')
    cd /var/folders/6m/vxwlbjsn7vs6h80_98w6x7p40000gn/T/parlor-audit-dsc01-apphost-05-7dr2h_e6/copy/iosApp
    /Applications/Xcode.app/Contents/Developer/Toolchains/XcodeDefault.xctoolchain/usr/bin/clang -Xlinker -reproducible -target arm64-apple-ios16.0-simulator -dynamiclib -isysroot /Applications/Xcode.app/Contents/Developer/Platforms/iPhoneSimulator.platform/Developer/SDKs/iPhoneSimulator26.5.sdk -O0 -L/var/folders/6m/vxwlbjsn7vs6h80_98w6x7p40000gn/T/parlor-audit-dsc01-apphost-05-7dr2h_e6/DerivedData/Build/Intermediates.noindex/EagerLinkingTBDs/Debug-iphonesimulator -L/var/folders/6m/vxwlbjsn7vs6h80_98w6x7p40000gn/T/parlor-audit-dsc01-apphost-05-7dr2h_e6/DerivedData/Build/Products/Debug-iphonesimulator -F/var/folders/6m/vxwlbjsn7vs6h80_98w6x7p40000gn/T/parlor-audit-dsc01-apphost-05-7dr2h_e6/DerivedData/Build/Intermediates.noindex/EagerLinkingTBDs/Debug-iphonesimulator -F/var/folders/6m/vxwlbjsn7vs6h80_98w6x7p40000gn/T/parlor-audit-dsc01-apphost-05-7dr2h_e6/DerivedData/Build/Products/Debug-iphonesimulator -F/var/folders/6m/vxwlbjsn7vs6h80_98w6x7p40000gn/T/parlor-audit-dsc01-apphost-05-7dr2h_e6/copy/composeApp/build/xcode-frameworks/Debug/iphonesimulator26.5 -filelist /var/folders/6m/vxwlbjsn7vs6h80_98w6x7p40000gn/T/parlor-audit-dsc01-apphost-05-7dr2h_e6/DerivedData/Build/Intermediates.noindex/iosApp.build/Debug-iphonesimulator/iosApp.build/Objects-normal/arm64/Parlor.LinkFileList -install_name @rpath/Parlor.debug.dylib -Xlinker -rpath -Xlinker /usr/lib/swift -Xlinker -rpath -Xlinker @executable_path/Frameworks -Xlinker -dead_strip -Xlinker -object_path_lto -Xlinker /var/folders/6m/vxwlbjsn7vs6h80_98w6x7p40000gn/T/parlor-audit-dsc01-apphost-05-7dr2h_e6/DerivedData/Build/Intermediates.noindex/iosApp.build/Debug-iphonesimulator/iosApp.build/Objects-normal/arm64/Parlor_lto.o -rdynamic -Xlinker -no_deduplicate -Xlinker -objc_abi_version -Xlinker 2 -Xlinker -dependency_info -Xlinker /var/folders/6m/vxwlbjsn7vs6h80_98w6x7p40000gn/T/parlor-audit-dsc01-apphost-05-7dr2h_e6/DerivedData/Build/Intermediates.noindex/iosApp.build/Debug-iphonesimulator/iosApp.build/Objects-normal/arm64/Parlor_dependency_info.dat -fobjc-link-runtime -L/Applications/Xcode.app/Contents/Developer/Toolchains/XcodeDefault.xctoolchain/usr/lib/swift/iphonesimulator -L/usr/lib/swift -Xlinker -add_ast_path -Xlinker /var/folders/6m/vxwlbjsn7vs6h80_98w6x7p40000gn/T/parlor-audit-dsc01-apphost-05-7dr2h_e6/DerivedData/Build/Intermediates.noindex/iosApp.build/Debug-iphonesimulator/iosApp.build/Objects-normal/arm64/Parlor.swiftmodule @/var/folders/6m/vxwlbjsn7vs6h80_98w6x7p40000gn/T/parlor-audit-dsc01-apphost-05-7dr2h_e6/DerivedData/Build/Intermediates.noindex/iosApp.build/Debug-iphonesimulator/iosApp.build/Objects-normal/arm64/Parlor-linker-args.resp -Xlinker -alias -Xlinker _main -Xlinker ___debug_main_executable_dylib_entry_point -o /var/folders/6m/vxwlbjsn7vs6h80_98w6x7p40000gn/T/parlor-audit-dsc01-apphost-05-7dr2h_e6/DerivedData/Build/Products/Debug-iphonesimulator/Parlor.app/Parlor.debug.dylib

ConstructStubExecutorLinkFileList /var/folders/6m/vxwlbjsn7vs6h80_98w6x7p40000gn/T/parlor-audit-dsc01-apphost-05-7dr2h_e6/DerivedData/Build/Intermediates.noindex/iosApp.build/Debug-iphonesimulator/iosApp.build/Parlor-ExecutorLinkFileList-normal-arm64.txt (in target 'iosApp' from project 'iosApp')
    cd /var/folders/6m/vxwlbjsn7vs6h80_98w6x7p40000gn/T/parlor-audit-dsc01-apphost-05-7dr2h_e6/copy/iosApp
    construct-stub-executor-link-file-list /var/folders/6m/vxwlbjsn7vs6h80_98w6x7p40000gn/T/parlor-audit-dsc01-apphost-05-7dr2h_e6/DerivedData/Build/Products/Debug-iphonesimulator/Parlor.app/Parlor.debug.dylib /Applications/Xcode.app/Contents/Developer/Platforms/iPhoneSimulator.platform/Developer/usr/lib/libPreviewsJITStubExecutor_no_swift_entry_point.a /Applications/Xcode.app/Contents/Developer/Platforms/iPhoneSimulator.platform/Developer/usr/lib/libPreviewsJITStubExecutor.a --output /var/folders/6m/vxwlbjsn7vs6h80_98w6x7p40000gn/T/parlor-audit-dsc01-apphost-05-7dr2h_e6/DerivedData/Build/Intermediates.noindex/iosApp.build/Debug-iphonesimulator/iosApp.build/Parlor-ExecutorLinkFileList-normal-arm64.txt
note: Using stub executor library with Swift entry point. (in target 'iosApp' from project 'iosApp')

Ld /var/folders/6m/vxwlbjsn7vs6h80_98w6x7p40000gn/T/parlor-audit-dsc01-apphost-05-7dr2h_e6/DerivedData/Build/Products/Debug-iphonesimulator/Parlor.app/Parlor normal (in target 'iosApp' from project 'iosApp')
    cd /var/folders/6m/vxwlbjsn7vs6h80_98w6x7p40000gn/T/parlor-audit-dsc01-apphost-05-7dr2h_e6/copy/iosApp
    /Applications/Xcode.app/Contents/Developer/Toolchains/XcodeDefault.xctoolchain/usr/bin/clang -Xlinker -reproducible -target arm64-apple-ios16.0-simulator -isysroot /Applications/Xcode.app/Contents/Developer/Platforms/iPhoneSimulator.platform/Developer/SDKs/iPhoneSimulator26.5.sdk -O0 -L/var/folders/6m/vxwlbjsn7vs6h80_98w6x7p40000gn/T/parlor-audit-dsc01-apphost-05-7dr2h_e6/DerivedData/Build/Products/Debug-iphonesimulator -F/var/folders/6m/vxwlbjsn7vs6h80_98w6x7p40000gn/T/parlor-audit-dsc01-apphost-05-7dr2h_e6/DerivedData/Build/Products/Debug-iphonesimulator -F/var/folders/6m/vxwlbjsn7vs6h80_98w6x7p40000gn/T/parlor-audit-dsc01-apphost-05-7dr2h_e6/copy/composeApp/build/xcode-frameworks/Debug/iphonesimulator26.5 -Xlinker -rpath -Xlinker @executable_path -Xlinker -rpath -Xlinker @executable_path/Frameworks -rdynamic -Xlinker -no_deduplicate -Xlinker -objc_abi_version -Xlinker 2 -e ___debug_blank_executor_main -Xlinker -sectcreate -Xlinker __TEXT -Xlinker __debug_dylib -Xlinker /var/folders/6m/vxwlbjsn7vs6h80_98w6x7p40000gn/T/parlor-audit-dsc01-apphost-05-7dr2h_e6/DerivedData/Build/Intermediates.noindex/iosApp.build/Debug-iphonesimulator/iosApp.build/Parlor-DebugDylibPath-normal-arm64.txt -Xlinker -sectcreate -Xlinker __TEXT -Xlinker __debug_instlnm -Xlinker /var/folders/6m/vxwlbjsn7vs6h80_98w6x7p40000gn/T/parlor-audit-dsc01-apphost-05-7dr2h_e6/DerivedData/Build/Intermediates.noindex/iosApp.build/Debug-iphonesimulator/iosApp.build/Parlor-DebugDylibInstallName-normal-arm64.txt -Xlinker -filelist -Xlinker /var/folders/6m/vxwlbjsn7vs6h80_98w6x7p40000gn/T/parlor-audit-dsc01-apphost-05-7dr2h_e6/DerivedData/Build/Intermediates.noindex/iosApp.build/Debug-iphonesimulator/iosApp.build/Parlor-ExecutorLinkFileList-normal-arm64.txt /var/folders/6m/vxwlbjsn7vs6h80_98w6x7p40000gn/T/parlor-audit-dsc01-apphost-05-7dr2h_e6/DerivedData/Build/Products/Debug-iphonesimulator/Parlor.app/Parlor.debug.dylib -o /var/folders/6m/vxwlbjsn7vs6h80_98w6x7p40000gn/T/parlor-audit-dsc01-apphost-05-7dr2h_e6/DerivedData/Build/Products/Debug-iphonesimulator/Parlor.app/Parlor

ExtractAppIntentsMetadata (in target 'iosApp' from project 'iosApp')
    cd /var/folders/6m/vxwlbjsn7vs6h80_98w6x7p40000gn/T/parlor-audit-dsc01-apphost-05-7dr2h_e6/copy/iosApp
    /Applications/Xcode.app/Contents/Developer/Toolchains/XcodeDefault.xctoolchain/usr/bin/appintentsmetadataprocessor --toolchain-dir /Applications/Xcode.app/Contents/Developer/Toolchains/XcodeDefault.xctoolchain --module-name Parlor --sdk-root /Applications/Xcode.app/Contents/Developer/Platforms/iPhoneSimulator.platform/Developer/SDKs/iPhoneSimulator26.5.sdk --xcode-version 17F42 --platform-family iOS --deployment-target 16.0 --bundle-identifier com.parlor.app.debug --output /var/folders/6m/vxwlbjsn7vs6h80_98w6x7p40000gn/T/parlor-audit-dsc01-apphost-05-7dr2h_e6/DerivedData/Build/Products/Debug-iphonesimulator/Parlor.app --target-triple arm64-apple-ios16.0-simulator --binary-file /var/folders/6m/vxwlbjsn7vs6h80_98w6x7p40000gn/T/parlor-audit-dsc01-apphost-05-7dr2h_e6/DerivedData/Build/Products/Debug-iphonesimulator/Parlor.app/Parlor --dependency-file /var/folders/6m/vxwlbjsn7vs6h80_98w6x7p40000gn/T/parlor-audit-dsc01-apphost-05-7dr2h_e6/DerivedData/Build/Intermediates.noindex/iosApp.build/Debug-iphonesimulator/iosApp.build/Objects-normal/arm64/Parlor_dependency_info.dat --stringsdata-file /var/folders/6m/vxwlbjsn7vs6h80_98w6x7p40000gn/T/parlor-audit-dsc01-apphost-05-7dr2h_e6/DerivedData/Build/Intermediates.noindex/iosApp.build/Debug-iphonesimulator/iosApp.build/Objects-normal/arm64/ExtractedAppShortcutsMetadata.stringsdata --source-file-list /var/folders/6m/vxwlbjsn7vs6h80_98w6x7p40000gn/T/parlor-audit-dsc01-apphost-05-7dr2h_e6/DerivedData/Build/Intermediates.noindex/iosApp.build/Debug-iphonesimulator/iosApp.build/Objects-normal/arm64/Parlor.SwiftFileList --metadata-file-list /var/folders/6m/vxwlbjsn7vs6h80_98w6x7p40000gn/T/parlor-audit-dsc01-apphost-05-7dr2h_e6/DerivedData/Build/Intermediates.noindex/iosApp.build/Debug-iphonesimulator/iosApp.build/Parlor.DependencyMetadataFileList --static-metadata-file-list /var/folders/6m/vxwlbjsn7vs6h80_98w6x7p40000gn/T/parlor-audit-dsc01-apphost-05-7dr2h_e6/DerivedData/Build/Intermediates.noindex/iosApp.build/Debug-iphonesimulator/iosApp.build/Parlor.DependencyStaticMetadataFileList --swift-const-vals-list /var/folders/6m/vxwlbjsn7vs6h80_98w6x7p40000gn/T/parlor-audit-dsc01-apphost-05-7dr2h_e6/DerivedData/Build/Intermediates.noindex/iosApp.build/Debug-iphonesimulator/iosApp.build/Objects-normal/arm64/Parlor.SwiftConstValuesFileList --compile-time-extraction --deployment-aware-processing --validate-assistant-intents --no-app-shortcuts-localization
2026-09-06 19:28:25.949 appintentsmetadataprocessor[8028:2891218] Starting appintentsmetadataprocessor export
2026-09-06 19:28:25.953 appintentsmetadataprocessor[8028:2891218] warning: Metadata extraction skipped. No AppIntents.framework dependency found.

CopySwiftLibs /var/folders/6m/vxwlbjsn7vs6h80_98w6x7p40000gn/T/parlor-audit-dsc01-apphost-05-7dr2h_e6/DerivedData/Build/Products/Debug-iphonesimulator/Parlor.app (in target 'iosApp' from project 'iosApp')
    cd /var/folders/6m/vxwlbjsn7vs6h80_98w6x7p40000gn/T/parlor-audit-dsc01-apphost-05-7dr2h_e6/copy/iosApp
    builtin-swiftStdLibTool --copy --verbose --scan-executable /var/folders/6m/vxwlbjsn7vs6h80_98w6x7p40000gn/T/parlor-audit-dsc01-apphost-05-7dr2h_e6/DerivedData/Build/Products/Debug-iphonesimulator/Parlor.app/Parlor.debug.dylib --scan-folder /var/folders/6m/vxwlbjsn7vs6h80_98w6x7p40000gn/T/parlor-audit-dsc01-apphost-05-7dr2h_e6/DerivedData/Build/Products/Debug-iphonesimulator/Parlor.app/Frameworks --scan-folder /var/folders/6m/vxwlbjsn7vs6h80_98w6x7p40000gn/T/parlor-audit-dsc01-apphost-05-7dr2h_e6/DerivedData/Build/Products/Debug-iphonesimulator/Parlor.app/PlugIns --scan-folder /var/folders/6m/vxwlbjsn7vs6h80_98w6x7p40000gn/T/parlor-audit-dsc01-apphost-05-7dr2h_e6/DerivedData/Build/Products/Debug-iphonesimulator/Parlor.app/SystemExtensions --scan-folder /var/folders/6m/vxwlbjsn7vs6h80_98w6x7p40000gn/T/parlor-audit-dsc01-apphost-05-7dr2h_e6/DerivedData/Build/Products/Debug-iphonesimulator/Parlor.app/Extensions --platform iphonesimulator --toolchain /Applications/Xcode.app/Contents/Developer/Toolchains/XcodeDefault.xctoolchain --destination /var/folders/6m/vxwlbjsn7vs6h80_98w6x7p40000gn/T/parlor-audit-dsc01-apphost-05-7dr2h_e6/DerivedData/Build/Products/Debug-iphonesimulator/Parlor.app/Frameworks --strip-bitcode --strip-bitcode-tool /Applications/Xcode.app/Contents/Developer/Toolchains/XcodeDefault.xctoolchain/usr/bin/bitcode_strip --emit-dependency-info /var/folders/6m/vxwlbjsn7vs6h80_98w6x7p40000gn/T/parlor-audit-dsc01-apphost-05-7dr2h_e6/DerivedData/Build/Intermediates.noindex/iosApp.build/Debug-iphonesimulator/iosApp.build/SwiftStdLibToolInputDependencies.dep --filter-for-swift-os
Ignoring --strip-bitcode because --sign was not passed

AppIntentsSSUTraining (in target 'iosApp' from project 'iosApp')
    cd /var/folders/6m/vxwlbjsn7vs6h80_98w6x7p40000gn/T/parlor-audit-dsc01-apphost-05-7dr2h_e6/copy/iosApp
    /Applications/Xcode.app/Contents/Developer/Toolchains/XcodeDefault.xctoolchain/usr/bin/appintentsnltrainingprocessor --infoplist-path /var/folders/6m/vxwlbjsn7vs6h80_98w6x7p40000gn/T/parlor-audit-dsc01-apphost-05-7dr2h_e6/DerivedData/Build/Products/Debug-iphonesimulator/Parlor.app/Info.plist --temp-dir-path /var/folders/6m/vxwlbjsn7vs6h80_98w6x7p40000gn/T/parlor-audit-dsc01-apphost-05-7dr2h_e6/DerivedData/Build/Intermediates.noindex/iosApp.build/Debug-iphonesimulator/iosApp.build/ssu --bundle-id com.parlor.app.debug --product-path /var/folders/6m/vxwlbjsn7vs6h80_98w6x7p40000gn/T/parlor-audit-dsc01-apphost-05-7dr2h_e6/DerivedData/Build/Products/Debug-iphonesimulator/Parlor.app --extracted-metadata-path /var/folders/6m/vxwlbjsn7vs6h80_98w6x7p40000gn/T/parlor-audit-dsc01-apphost-05-7dr2h_e6/DerivedData/Build/Products/Debug-iphonesimulator/Parlor.app/Metadata.appintents --metadata-file-list /var/folders/6m/vxwlbjsn7vs6h80_98w6x7p40000gn/T/parlor-audit-dsc01-apphost-05-7dr2h_e6/DerivedData/Build/Intermediates.noindex/iosApp.build/Debug-iphonesimulator/iosApp.build/Parlor.DependencyMetadataFileList --source-file /var/folders/6m/vxwlbjsn7vs6h80_98w6x7p40000gn/T/parlor-audit-dsc01-apphost-05-7dr2h_e6/DerivedData/Build/Products/Debug-iphonesimulator/Parlor.app/Info.plist --archive-ssu-assets
2026-09-06 19:28:26.019 appintentsnltrainingprocessor[8031:2891235] Parsing options for appintentsnltrainingprocessor
2026-09-06 19:28:26.019 appintentsnltrainingprocessor[8031:2891235] Starting AppIntents SSU YAML Generation
2026-09-06 19:28:26.021 appintentsnltrainingprocessor[8031:2891235] No AppShortcuts found - Skipping.

SwiftDriver iosAppUITests normal arm64 com.apple.xcode.tools.swift.compiler (in target 'iosAppUITests' from project 'iosApp')
    cd /var/folders/6m/vxwlbjsn7vs6h80_98w6x7p40000gn/T/parlor-audit-dsc01-apphost-05-7dr2h_e6/copy/iosApp
    builtin-SwiftDriver -- /Applications/Xcode.app/Contents/Developer/Toolchains/XcodeDefault.xctoolchain/usr/bin/swiftc -module-name iosAppUITests -Onone @/var/folders/6m/vxwlbjsn7vs6h80_98w6x7p40000gn/T/parlor-audit-dsc01-apphost-05-7dr2h_e6/DerivedData/Build/Intermediates.noindex/iosApp.build/Debug-iphonesimulator/iosAppUITests.build/Objects-normal/arm64/iosAppUITests.SwiftFileList -DDEBUG -module-alias Testing\=_Testing_Unavailable -plugin-path /Applications/Xcode.app/Contents/Developer/Toolchains/XcodeDefault.xctoolchain/usr/lib/swift/host/plugins/testing -enable-bare-slash-regex -enable-experimental-feature DebugDescriptionMacro -sdk /Applications/Xcode.app/Contents/Developer/Platforms/iPhoneSimulator.platform/Developer/SDKs/iPhoneSimulator26.5.sdk -target arm64-apple-ios16.0-simulator -g -module-cache-path /var/folders/6m/vxwlbjsn7vs6h80_98w6x7p40000gn/T/parlor-audit-dsc01-apphost-05-7dr2h_e6/DerivedData/ModuleCache.noindex -Xfrontend -serialize-debugging-options -enable-testing -Xcc -D_LIBCPP_HARDENING_MODE\=_LIBCPP_HARDENING_MODE_DEBUG -swift-version 5 -I /var/folders/6m/vxwlbjsn7vs6h80_98w6x7p40000gn/T/parlor-audit-dsc01-apphost-05-7dr2h_e6/DerivedData/Build/Products/Debug-iphonesimulator -Isystem /Applications/Xcode.app/Contents/Developer/Platforms/iPhoneSimulator.platform/Developer/usr/lib -F /var/folders/6m/vxwlbjsn7vs6h80_98w6x7p40000gn/T/parlor-audit-dsc01-apphost-05-7dr2h_e6/DerivedData/Build/Products/Debug-iphonesimulator -F /Applications/Xcode.app/Contents/Developer/Platforms/iPhoneSimulator.platform/Developer/Library/Frameworks -F /Applications/Xcode.app/Contents/Developer/Platforms/iPhoneSimulator.platform/Developer/SDKs/iPhoneSimulator26.5.sdk/Developer/Library/Frameworks -c -j10 -enable-batch-mode -incremental -Xcc -ivfsstatcache -Xcc /var/folders/6m/vxwlbjsn7vs6h80_98w6x7p40000gn/T/parlor-audit-dsc01-apphost-05-7dr2h_e6/DerivedData/SDKStatCaches.noindex/iphonesimulator26.5-23F73-6cfe768891a92b912361537c460fe42b.sdkstatcache -output-file-map /var/folders/6m/vxwlbjsn7vs6h80_98w6x7p40000gn/T/parlor-audit-dsc01-apphost-05-7dr2h_e6/DerivedData/Build/Intermediates.noindex/iosApp.build/Debug-iphonesimulator/iosAppUITests.build/Objects-normal/arm64/iosAppUITests-OutputFileMap.json -use-frontend-parseable-output -save-temps -no-color-diagnostics -explicit-module-build -module-cache-path /var/folders/6m/vxwlbjsn7vs6h80_98w6x7p40000gn/T/parlor-audit-dsc01-apphost-05-7dr2h_e6/DerivedData/Build/Intermediates.noindex/SwiftExplicitPrecompiledModules -clang-scanner-module-cache-path /var/folders/6m/vxwlbjsn7vs6h80_98w6x7p40000gn/T/parlor-audit-dsc01-apphost-05-7dr2h_e6/DerivedData/ModuleCache.noindex -sdk-module-cache-path /var/folders/6m/vxwlbjsn7vs6h80_98w6x7p40000gn/T/parlor-audit-dsc01-apphost-05-7dr2h_e6/DerivedData/ModuleCache.noindex -serialize-diagnostics -emit-dependencies -emit-module -emit-module-path /var/folders/6m/vxwlbjsn7vs6h80_98w6x7p40000gn/T/parlor-audit-dsc01-apphost-05-7dr2h_e6/DerivedData/Build/Intermediates.noindex/iosApp.build/Debug-iphonesimulator/iosAppUITests.build/Objects-normal/arm64/iosAppUITests.swiftmodule -validate-clang-modules-once -clang-build-session-file /var/folders/6m/vxwlbjsn7vs6h80_98w6x7p40000gn/T/parlor-audit-dsc01-apphost-05-7dr2h_e6/DerivedData/ModuleCache.noindex/Session.modulevalidation -Xcc -I/var/folders/6m/vxwlbjsn7vs6h80_98w6x7p40000gn/T/parlor-audit-dsc01-apphost-05-7dr2h_e6/DerivedData/Build/Intermediates.noindex/iosApp.build/Debug-iphonesimulator/iosAppUITests.build/swift-overrides.hmap -emit-const-values -Xfrontend -const-gather-protocols-file -Xfrontend /var/folders/6m/vxwlbjsn7vs6h80_98w6x7p40000gn/T/parlor-audit-dsc01-apphost-05-7dr2h_e6/DerivedData/Build/Intermediates.noindex/iosApp.build/Debug-iphonesimulator/iosAppUITests.build/Objects-normal/arm64/iosAppUITests_const_extract_protocols.json -Xcc -iquote -Xcc /var/folders/6m/vxwlbjsn7vs6h80_98w6x7p40000gn/T/parlor-audit-dsc01-apphost-05-7dr2h_e6/DerivedData/Build/Intermediates.noindex/iosApp.build/Debug-iphonesimulator/iosAppUITests.build/iosAppUITests-generated-files.hmap -Xcc -I/var/folders/6m/vxwlbjsn7vs6h80_98w6x7p40000gn/T/parlor-audit-dsc01-apphost-05-7dr2h_e6/DerivedData/Build/Intermediates.noindex/iosApp.build/Debug-iphonesimulator/iosAppUITests.build/iosAppUITests-own-target-headers.hmap -Xcc -I/var/folders/6m/vxwlbjsn7vs6h80_98w6x7p40000gn/T/parlor-audit-dsc01-apphost-05-7dr2h_e6/DerivedData/Build/Intermediates.noindex/iosApp.build/Debug-iphonesimulator/iosAppUITests.build/iosAppUITests-all-target-headers.hmap -Xcc -iquote -Xcc /var/folders/6m/vxwlbjsn7vs6h80_98w6x7p40000gn/T/parlor-audit-dsc01-apphost-05-7dr2h_e6/DerivedData/Build/Intermediates.noindex/iosApp.build/Debug-iphonesimulator/iosAppUITests.build/iosAppUITests-project-headers.hmap -Xcc -I/var/folders/6m/vxwlbjsn7vs6h80_98w6x7p40000gn/T/parlor-audit-dsc01-apphost-05-7dr2h_e6/DerivedData/Build/Products/Debug-iphonesimulator/include -Xcc -I/var/folders/6m/vxwlbjsn7vs6h80_98w6x7p40000gn/T/parlor-audit-dsc01-apphost-05-7dr2h_e6/DerivedData/Build/Intermediates.noindex/iosApp.build/Debug-iphonesimulator/iosAppUITests.build/DerivedSources-normal/arm64 -Xcc -I/var/folders/6m/vxwlbjsn7vs6h80_98w6x7p40000gn/T/parlor-audit-dsc01-apphost-05-7dr2h_e6/DerivedData/Build/Intermediates.noindex/iosApp.build/Debug-iphonesimulator/iosAppUITests.build/DerivedSources/arm64 -Xcc -I/var/folders/6m/vxwlbjsn7vs6h80_98w6x7p40000gn/T/parlor-audit-dsc01-apphost-05-7dr2h_e6/DerivedData/Build/Intermediates.noindex/iosApp.build/Debug-iphonesimulator/iosAppUITests.build/DerivedSources -Xcc -DDEBUG\=1 -emit-objc-header -emit-objc-header-path /var/folders/6m/vxwlbjsn7vs6h80_98w6x7p40000gn/T/parlor-audit-dsc01-apphost-05-7dr2h_e6/DerivedData/Build/Intermediates.noindex/iosApp.build/Debug-iphonesimulator/iosAppUITests.build/Objects-normal/arm64/iosAppUITests-Swift.h -working-directory /var/folders/6m/vxwlbjsn7vs6h80_98w6x7p40000gn/T/parlor-audit-dsc01-apphost-05-7dr2h_e6/copy/iosApp -experimental-emit-module-separately -disable-cmo

SwiftExplicitDependencyGeneratePcm arm64 /var/folders/6m/vxwlbjsn7vs6h80_98w6x7p40000gn/T/parlor-audit-dsc01-apphost-05-7dr2h_e6/DerivedData/Build/Intermediates.noindex/SwiftExplicitPrecompiledModules/XCUIAutomation-A92FTJ15KUZFSQJXZD9ETXZTP.pcm

SwiftExplicitDependencyGeneratePcm arm64 /var/folders/6m/vxwlbjsn7vs6h80_98w6x7p40000gn/T/parlor-audit-dsc01-apphost-05-7dr2h_e6/DerivedData/Build/Intermediates.noindex/SwiftExplicitPrecompiledModules/XCTest-4OL2URGM2M4KBT80UNFLCNWZ7.pcm

SwiftExplicitDependencyCompileModuleFromInterface arm64 /var/folders/6m/vxwlbjsn7vs6h80_98w6x7p40000gn/T/parlor-audit-dsc01-apphost-05-7dr2h_e6/DerivedData/Build/Intermediates.noindex/SwiftExplicitPrecompiledModules/XCUIAutomation-FSU8JTNDDNM9.swiftmodule

SwiftExplicitDependencyCompileModuleFromInterface arm64 /var/folders/6m/vxwlbjsn7vs6h80_98w6x7p40000gn/T/parlor-audit-dsc01-apphost-05-7dr2h_e6/DerivedData/Build/Intermediates.noindex/SwiftExplicitPrecompiledModules/XCTest-3JSY93P5NMS0H.swiftmodule

SwiftEmitModule normal arm64 Emitting\ module\ for\ iosAppUITests (in target 'iosAppUITests' from project 'iosApp')

EmitSwiftModule normal arm64 (in target 'iosAppUITests' from project 'iosApp')
    cd /var/folders/6m/vxwlbjsn7vs6h80_98w6x7p40000gn/T/parlor-audit-dsc01-apphost-05-7dr2h_e6/copy/iosApp
    

SwiftCompile normal arm64 Compiling\ ComposeContainerViewController.swift /var/folders/6m/vxwlbjsn7vs6h80_98w6x7p40000gn/T/parlor-audit-dsc01-apphost-05-7dr2h_e6/copy/iosApp/iosApp/ComposeContainerViewController.swift (in target 'iosAppUITests' from project 'iosApp')

SwiftCompile normal arm64 /var/folders/6m/vxwlbjsn7vs6h80_98w6x7p40000gn/T/parlor-audit-dsc01-apphost-05-7dr2h_e6/copy/iosApp/iosApp/ComposeContainerViewController.swift (in target 'iosAppUITests' from project 'iosApp')
    cd /var/folders/6m/vxwlbjsn7vs6h80_98w6x7p40000gn/T/parlor-audit-dsc01-apphost-05-7dr2h_e6/copy/iosApp
    

SwiftDriverJobDiscovery normal arm64 Emitting module for iosAppUITests (in target 'iosAppUITests' from project 'iosApp')

SwiftDriver\ Compilation\ Requirements iosAppUITests normal arm64 com.apple.xcode.tools.swift.compiler (in target 'iosAppUITests' from project 'iosApp')
    cd /var/folders/6m/vxwlbjsn7vs6h80_98w6x7p40000gn/T/parlor-audit-dsc01-apphost-05-7dr2h_e6/copy/iosApp
    builtin-Swift-Compilation-Requirements -- /Applications/Xcode.app/Contents/Developer/Toolchains/XcodeDefault.xctoolchain/usr/bin/swiftc -module-name iosAppUITests -Onone @/var/folders/6m/vxwlbjsn7vs6h80_98w6x7p40000gn/T/parlor-audit-dsc01-apphost-05-7dr2h_e6/DerivedData/Build/Intermediates.noindex/iosApp.build/Debug-iphonesimulator/iosAppUITests.build/Objects-normal/arm64/iosAppUITests.SwiftFileList -DDEBUG -module-alias Testing\=_Testing_Unavailable -plugin-path /Applications/Xcode.app/Contents/Developer/Toolchains/XcodeDefault.xctoolchain/usr/lib/swift/host/plugins/testing -enable-bare-slash-regex -enable-experimental-feature DebugDescriptionMacro -sdk /Applications/Xcode.app/Contents/Developer/Platforms/iPhoneSimulator.platform/Developer/SDKs/iPhoneSimulator26.5.sdk -target arm64-apple-ios16.0-simulator -g -module-cache-path /var/folders/6m/vxwlbjsn7vs6h80_98w6x7p40000gn/T/parlor-audit-dsc01-apphost-05-7dr2h_e6/DerivedData/ModuleCache.noindex -Xfrontend -serialize-debugging-options -enable-testing -Xcc -D_LIBCPP_HARDENING_MODE\=_LIBCPP_HARDENING_MODE_DEBUG -swift-version 5 -I /var/folders/6m/vxwlbjsn7vs6h80_98w6x7p40000gn/T/parlor-audit-dsc01-apphost-05-7dr2h_e6/DerivedData/Build/Products/Debug-iphonesimulator -Isystem /Applications/Xcode.app/Contents/Developer/Platforms/iPhoneSimulator.platform/Developer/usr/lib -F /var/folders/6m/vxwlbjsn7vs6h80_98w6x7p40000gn/T/parlor-audit-dsc01-apphost-05-7dr2h_e6/DerivedData/Build/Products/Debug-iphonesimulator -F /Applications/Xcode.app/Contents/Developer/Platforms/iPhoneSimulator.platform/Developer/Library/Frameworks -F /Applications/Xcode.app/Contents/Developer/Platforms/iPhoneSimulator.platform/Developer/SDKs/iPhoneSimulator26.5.sdk/Developer/Library/Frameworks -c -j10 -enable-batch-mode -incremental -Xcc -ivfsstatcache -Xcc /var/folders/6m/vxwlbjsn7vs6h80_98w6x7p40000gn/T/parlor-audit-dsc01-apphost-05-7dr2h_e6/DerivedData/SDKStatCaches.noindex/iphonesimulator26.5-23F73-6cfe768891a92b912361537c460fe42b.sdkstatcache -output-file-map /var/folders/6m/vxwlbjsn7vs6h80_98w6x7p40000gn/T/parlor-audit-dsc01-apphost-05-7dr2h_e6/DerivedData/Build/Intermediates.noindex/iosApp.build/Debug-iphonesimulator/iosAppUITests.build/Objects-normal/arm64/iosAppUITests-OutputFileMap.json -use-frontend-parseable-output -save-temps -no-color-diagnostics -explicit-module-build -module-cache-path /var/folders/6m/vxwlbjsn7vs6h80_98w6x7p40000gn/T/parlor-audit-dsc01-apphost-05-7dr2h_e6/DerivedData/Build/Intermediates.noindex/SwiftExplicitPrecompiledModules -clang-scanner-module-cache-path /var/folders/6m/vxwlbjsn7vs6h80_98w6x7p40000gn/T/parlor-audit-dsc01-apphost-05-7dr2h_e6/DerivedData/ModuleCache.noindex -sdk-module-cache-path /var/folders/6m/vxwlbjsn7vs6h80_98w6x7p40000gn/T/parlor-audit-dsc01-apphost-05-7dr2h_e6/DerivedData/ModuleCache.noindex -serialize-diagnostics -emit-dependencies -emit-module -emit-module-path /var/folders/6m/vxwlbjsn7vs6h80_98w6x7p40000gn/T/parlor-audit-dsc01-apphost-05-7dr2h_e6/DerivedData/Build/Intermediates.noindex/iosApp.build/Debug-iphonesimulator/iosAppUITests.build/Objects-normal/arm64/iosAppUITests.swiftmodule -validate-clang-modules-once -clang-build-session-file /var/folders/6m/vxwlbjsn7vs6h80_98w6x7p40000gn/T/parlor-audit-dsc01-apphost-05-7dr2h_e6/DerivedData/ModuleCache.noindex/Session.modulevalidation -Xcc -I/var/folders/6m/vxwlbjsn7vs6h80_98w6x7p40000gn/T/parlor-audit-dsc01-apphost-05-7dr2h_e6/DerivedData/Build/Intermediates.noindex/iosApp.build/Debug-iphonesimulator/iosAppUITests.build/swift-overrides.hmap -emit-const-values -Xfrontend -const-gather-protocols-file -Xfrontend /var/folders/6m/vxwlbjsn7vs6h80_98w6x7p40000gn/T/parlor-audit-dsc01-apphost-05-7dr2h_e6/DerivedData/Build/Intermediates.noindex/iosApp.build/Debug-iphonesimulator/iosAppUITests.build/Objects-normal/arm64/iosAppUITests_const_extract_protocols.json -Xcc -iquote -Xcc /var/folders/6m/vxwlbjsn7vs6h80_98w6x7p40000gn/T/parlor-audit-dsc01-apphost-05-7dr2h_e6/DerivedData/Build/Intermediates.noindex/iosApp.build/Debug-iphonesimulator/iosAppUITests.build/iosAppUITests-generated-files.hmap -Xcc -I/var/folders/6m/vxwlbjsn7vs6h80_98w6x7p40000gn/T/parlor-audit-dsc01-apphost-05-7dr2h_e6/DerivedData/Build/Intermediates.noindex/iosApp.build/Debug-iphonesimulator/iosAppUITests.build/iosAppUITests-own-target-headers.hmap -Xcc -I/var/folders/6m/vxwlbjsn7vs6h80_98w6x7p40000gn/T/parlor-audit-dsc01-apphost-05-7dr2h_e6/DerivedData/Build/Intermediates.noindex/iosApp.build/Debug-iphonesimulator/iosAppUITests.build/iosAppUITests-all-target-headers.hmap -Xcc -iquote -Xcc /var/folders/6m/vxwlbjsn7vs6h80_98w6x7p40000gn/T/parlor-audit-dsc01-apphost-05-7dr2h_e6/DerivedData/Build/Intermediates.noindex/iosApp.build/Debug-iphonesimulator/iosAppUITests.build/iosAppUITests-project-headers.hmap -Xcc -I/var/folders/6m/vxwlbjsn7vs6h80_98w6x7p40000gn/T/parlor-audit-dsc01-apphost-05-7dr2h_e6/DerivedData/Build/Products/Debug-iphonesimulator/include -Xcc -I/var/folders/6m/vxwlbjsn7vs6h80_98w6x7p40000gn/T/parlor-audit-dsc01-apphost-05-7dr2h_e6/DerivedData/Build/Intermediates.noindex/iosApp.build/Debug-iphonesimulator/iosAppUITests.build/DerivedSources-normal/arm64 -Xcc -I/var/folders/6m/vxwlbjsn7vs6h80_98w6x7p40000gn/T/parlor-audit-dsc01-apphost-05-7dr2h_e6/DerivedData/Build/Intermediates.noindex/iosApp.build/Debug-iphonesimulator/iosAppUITests.build/DerivedSources/arm64 -Xcc -I/var/folders/6m/vxwlbjsn7vs6h80_98w6x7p40000gn/T/parlor-audit-dsc01-apphost-05-7dr2h_e6/DerivedData/Build/Intermediates.noindex/iosApp.build/Debug-iphonesimulator/iosAppUITests.build/DerivedSources -Xcc -DDEBUG\=1 -emit-objc-header -emit-objc-header-path /var/folders/6m/vxwlbjsn7vs6h80_98w6x7p40000gn/T/parlor-audit-dsc01-apphost-05-7dr2h_e6/DerivedData/Build/Intermediates.noindex/iosApp.build/Debug-iphonesimulator/iosAppUITests.build/Objects-normal/arm64/iosAppUITests-Swift.h -working-directory /var/folders/6m/vxwlbjsn7vs6h80_98w6x7p40000gn/T/parlor-audit-dsc01-apphost-05-7dr2h_e6/copy/iosApp -experimental-emit-module-separately -disable-cmo

SwiftDriverJobDiscovery normal arm64 Compiling ComposeContainerViewController.swift (in target 'iosAppUITests' from project 'iosApp')

SwiftCompile normal arm64 Compiling\ ComposeContainerViewControllerTests.swift /var/folders/6m/vxwlbjsn7vs6h80_98w6x7p40000gn/T/parlor-audit-dsc01-apphost-05-7dr2h_e6/copy/iosApp/iosAppUITests/ComposeContainerViewControllerTests.swift (in target 'iosAppUITests' from project 'iosApp')

SwiftCompile normal arm64 /var/folders/6m/vxwlbjsn7vs6h80_98w6x7p40000gn/T/parlor-audit-dsc01-apphost-05-7dr2h_e6/copy/iosApp/iosAppUITests/ComposeContainerViewControllerTests.swift (in target 'iosAppUITests' from project 'iosApp')
    cd /var/folders/6m/vxwlbjsn7vs6h80_98w6x7p40000gn/T/parlor-audit-dsc01-apphost-05-7dr2h_e6/copy/iosApp
    

SwiftDriverJobDiscovery normal arm64 Compiling ComposeContainerViewControllerTests.swift (in target 'iosAppUITests' from project 'iosApp')

SwiftMergeGeneratedHeaders /var/folders/6m/vxwlbjsn7vs6h80_98w6x7p40000gn/T/parlor-audit-dsc01-apphost-05-7dr2h_e6/DerivedData/Build/Intermediates.noindex/iosApp.build/Debug-iphonesimulator/iosAppUITests.build/DerivedSources/iosAppUITests-Swift.h /var/folders/6m/vxwlbjsn7vs6h80_98w6x7p40000gn/T/parlor-audit-dsc01-apphost-05-7dr2h_e6/DerivedData/Build/Intermediates.noindex/iosApp.build/Debug-iphonesimulator/iosAppUITests.build/Objects-normal/arm64/iosAppUITests-Swift.h (in target 'iosAppUITests' from project 'iosApp')
    cd /var/folders/6m/vxwlbjsn7vs6h80_98w6x7p40000gn/T/parlor-audit-dsc01-apphost-05-7dr2h_e6/copy/iosApp
    builtin-swiftHeaderTool -arch arm64 /var/folders/6m/vxwlbjsn7vs6h80_98w6x7p40000gn/T/parlor-audit-dsc01-apphost-05-7dr2h_e6/DerivedData/Build/Intermediates.noindex/iosApp.build/Debug-iphonesimulator/iosAppUITests.build/Objects-normal/arm64/iosAppUITests-Swift.h -o /var/folders/6m/vxwlbjsn7vs6h80_98w6x7p40000gn/T/parlor-audit-dsc01-apphost-05-7dr2h_e6/DerivedData/Build/Intermediates.noindex/iosApp.build/Debug-iphonesimulator/iosAppUITests.build/DerivedSources/iosAppUITests-Swift.h

Copy /var/folders/6m/vxwlbjsn7vs6h80_98w6x7p40000gn/T/parlor-audit-dsc01-apphost-05-7dr2h_e6/DerivedData/Build/Products/Debug-iphonesimulator/iosAppUITests.swiftmodule/arm64-apple-ios-simulator.swiftmodule /var/folders/6m/vxwlbjsn7vs6h80_98w6x7p40000gn/T/parlor-audit-dsc01-apphost-05-7dr2h_e6/DerivedData/Build/Intermediates.noindex/iosApp.build/Debug-iphonesimulator/iosAppUITests.build/Objects-normal/arm64/iosAppUITests.swiftmodule (in target 'iosAppUITests' from project 'iosApp')
    cd /var/folders/6m/vxwlbjsn7vs6h80_98w6x7p40000gn/T/parlor-audit-dsc01-apphost-05-7dr2h_e6/copy/iosApp
    builtin-copy -exclude .DS_Store -exclude CVS -exclude .svn -exclude .git -exclude .hg -resolve-src-symlinks -rename /var/folders/6m/vxwlbjsn7vs6h80_98w6x7p40000gn/T/parlor-audit-dsc01-apphost-05-7dr2h_e6/DerivedData/Build/Intermediates.noindex/iosApp.build/Debug-iphonesimulator/iosAppUITests.build/Objects-normal/arm64/iosAppUITests.swiftmodule /var/folders/6m/vxwlbjsn7vs6h80_98w6x7p40000gn/T/parlor-audit-dsc01-apphost-05-7dr2h_e6/DerivedData/Build/Products/Debug-iphonesimulator/iosAppUITests.swiftmodule/arm64-apple-ios-simulator.swiftmodule

Copy /var/folders/6m/vxwlbjsn7vs6h80_98w6x7p40000gn/T/parlor-audit-dsc01-apphost-05-7dr2h_e6/DerivedData/Build/Products/Debug-iphonesimulator/iosAppUITests.swiftmodule/arm64-apple-ios-simulator.swiftdoc /var/folders/6m/vxwlbjsn7vs6h80_98w6x7p40000gn/T/parlor-audit-dsc01-apphost-05-7dr2h_e6/DerivedData/Build/Intermediates.noindex/iosApp.build/Debug-iphonesimulator/iosAppUITests.build/Objects-normal/arm64/iosAppUITests.swiftdoc (in target 'iosAppUITests' from project 'iosApp')
    cd /var/folders/6m/vxwlbjsn7vs6h80_98w6x7p40000gn/T/parlor-audit-dsc01-apphost-05-7dr2h_e6/copy/iosApp
    builtin-copy -exclude .DS_Store -exclude CVS -exclude .svn -exclude .git -exclude .hg -resolve-src-symlinks -rename /var/folders/6m/vxwlbjsn7vs6h80_98w6x7p40000gn/T/parlor-audit-dsc01-apphost-05-7dr2h_e6/DerivedData/Build/Intermediates.noindex/iosApp.build/Debug-iphonesimulator/iosAppUITests.build/Objects-normal/arm64/iosAppUITests.swiftdoc /var/folders/6m/vxwlbjsn7vs6h80_98w6x7p40000gn/T/parlor-audit-dsc01-apphost-05-7dr2h_e6/DerivedData/Build/Products/Debug-iphonesimulator/iosAppUITests.swiftmodule/arm64-apple-ios-simulator.swiftdoc

Copy /var/folders/6m/vxwlbjsn7vs6h80_98w6x7p40000gn/T/parlor-audit-dsc01-apphost-05-7dr2h_e6/DerivedData/Build/Products/Debug-iphonesimulator/iosAppUITests.swiftmodule/arm64-apple-ios-simulator.abi.json /var/folders/6m/vxwlbjsn7vs6h80_98w6x7p40000gn/T/parlor-audit-dsc01-apphost-05-7dr2h_e6/DerivedData/Build/Intermediates.noindex/iosApp.build/Debug-iphonesimulator/iosAppUITests.build/Objects-normal/arm64/iosAppUITests.abi.json (in target 'iosAppUITests' from project 'iosApp')
    cd /var/folders/6m/vxwlbjsn7vs6h80_98w6x7p40000gn/T/parlor-audit-dsc01-apphost-05-7dr2h_e6/copy/iosApp
    builtin-copy -exclude .DS_Store -exclude CVS -exclude .svn -exclude .git -exclude .hg -resolve-src-symlinks -rename /var/folders/6m/vxwlbjsn7vs6h80_98w6x7p40000gn/T/parlor-audit-dsc01-apphost-05-7dr2h_e6/DerivedData/Build/Intermediates.noindex/iosApp.build/Debug-iphonesimulator/iosAppUITests.build/Objects-normal/arm64/iosAppUITests.abi.json /var/folders/6m/vxwlbjsn7vs6h80_98w6x7p40000gn/T/parlor-audit-dsc01-apphost-05-7dr2h_e6/DerivedData/Build/Products/Debug-iphonesimulator/iosAppUITests.swiftmodule/arm64-apple-ios-simulator.abi.json

Copy /var/folders/6m/vxwlbjsn7vs6h80_98w6x7p40000gn/T/parlor-audit-dsc01-apphost-05-7dr2h_e6/DerivedData/Build/Products/Debug-iphonesimulator/iosAppUITests.swiftmodule/Project/arm64-apple-ios-simulator.swiftsourceinfo /var/folders/6m/vxwlbjsn7vs6h80_98w6x7p40000gn/T/parlor-audit-dsc01-apphost-05-7dr2h_e6/DerivedData/Build/Intermediates.noindex/iosApp.build/Debug-iphonesimulator/iosAppUITests.build/Objects-normal/arm64/iosAppUITests.swiftsourceinfo (in target 'iosAppUITests' from project 'iosApp')
    cd /var/folders/6m/vxwlbjsn7vs6h80_98w6x7p40000gn/T/parlor-audit-dsc01-apphost-05-7dr2h_e6/copy/iosApp
    builtin-copy -exclude .DS_Store -exclude CVS -exclude .svn -exclude .git -exclude .hg -resolve-src-symlinks -rename /var/folders/6m/vxwlbjsn7vs6h80_98w6x7p40000gn/T/parlor-audit-dsc01-apphost-05-7dr2h_e6/DerivedData/Build/Intermediates.noindex/iosApp.build/Debug-iphonesimulator/iosAppUITests.build/Objects-normal/arm64/iosAppUITests.swiftsourceinfo /var/folders/6m/vxwlbjsn7vs6h80_98w6x7p40000gn/T/parlor-audit-dsc01-apphost-05-7dr2h_e6/DerivedData/Build/Products/Debug-iphonesimulator/iosAppUITests.swiftmodule/Project/arm64-apple-ios-simulator.swiftsourceinfo

SwiftCompile normal arm64 Compiling\ IOSAppLaunchUITests.swift /var/folders/6m/vxwlbjsn7vs6h80_98w6x7p40000gn/T/parlor-audit-dsc01-apphost-05-7dr2h_e6/copy/iosApp/iosAppUITests/IOSAppLaunchUITests.swift (in target 'iosAppUITests' from project 'iosApp')

SwiftCompile normal arm64 /var/folders/6m/vxwlbjsn7vs6h80_98w6x7p40000gn/T/parlor-audit-dsc01-apphost-05-7dr2h_e6/copy/iosApp/iosAppUITests/IOSAppLaunchUITests.swift (in target 'iosAppUITests' from project 'iosApp')
    cd /var/folders/6m/vxwlbjsn7vs6h80_98w6x7p40000gn/T/parlor-audit-dsc01-apphost-05-7dr2h_e6/copy/iosApp
    

SwiftDriverJobDiscovery normal arm64 Compiling IOSAppLaunchUITests.swift (in target 'iosAppUITests' from project 'iosApp')

SwiftDriver\ Compilation iosAppUITests normal arm64 com.apple.xcode.tools.swift.compiler (in target 'iosAppUITests' from project 'iosApp')
    cd /var/folders/6m/vxwlbjsn7vs6h80_98w6x7p40000gn/T/parlor-audit-dsc01-apphost-05-7dr2h_e6/copy/iosApp
    builtin-Swift-Compilation -- /Applications/Xcode.app/Contents/Developer/Toolchains/XcodeDefault.xctoolchain/usr/bin/swiftc -module-name iosAppUITests -Onone @/var/folders/6m/vxwlbjsn7vs6h80_98w6x7p40000gn/T/parlor-audit-dsc01-apphost-05-7dr2h_e6/DerivedData/Build/Intermediates.noindex/iosApp.build/Debug-iphonesimulator/iosAppUITests.build/Objects-normal/arm64/iosAppUITests.SwiftFileList -DDEBUG -module-alias Testing\=_Testing_Unavailable -plugin-path /Applications/Xcode.app/Contents/Developer/Toolchains/XcodeDefault.xctoolchain/usr/lib/swift/host/plugins/testing -enable-bare-slash-regex -enable-experimental-feature DebugDescriptionMacro -sdk /Applications/Xcode.app/Contents/Developer/Platforms/iPhoneSimulator.platform/Developer/SDKs/iPhoneSimulator26.5.sdk -target arm64-apple-ios16.0-simulator -g -module-cache-path /var/folders/6m/vxwlbjsn7vs6h80_98w6x7p40000gn/T/parlor-audit-dsc01-apphost-05-7dr2h_e6/DerivedData/ModuleCache.noindex -Xfrontend -serialize-debugging-options -enable-testing -Xcc -D_LIBCPP_HARDENING_MODE\=_LIBCPP_HARDENING_MODE_DEBUG -swift-version 5 -I /var/folders/6m/vxwlbjsn7vs6h80_98w6x7p40000gn/T/parlor-audit-dsc01-apphost-05-7dr2h_e6/DerivedData/Build/Products/Debug-iphonesimulator -Isystem /Applications/Xcode.app/Contents/Developer/Platforms/iPhoneSimulator.platform/Developer/usr/lib -F /var/folders/6m/vxwlbjsn7vs6h80_98w6x7p40000gn/T/parlor-audit-dsc01-apphost-05-7dr2h_e6/DerivedData/Build/Products/Debug-iphonesimulator -F /Applications/Xcode.app/Contents/Developer/Platforms/iPhoneSimulator.platform/Developer/Library/Frameworks -F /Applications/Xcode.app/Contents/Developer/Platforms/iPhoneSimulator.platform/Developer/SDKs/iPhoneSimulator26.5.sdk/Developer/Library/Frameworks -c -j10 -enable-batch-mode -incremental -Xcc -ivfsstatcache -Xcc /var/folders/6m/vxwlbjsn7vs6h80_98w6x7p40000gn/T/parlor-audit-dsc01-apphost-05-7dr2h_e6/DerivedData/SDKStatCaches.noindex/iphonesimulator26.5-23F73-6cfe768891a92b912361537c460fe42b.sdkstatcache -output-file-map /var/folders/6m/vxwlbjsn7vs6h80_98w6x7p40000gn/T/parlor-audit-dsc01-apphost-05-7dr2h_e6/DerivedData/Build/Intermediates.noindex/iosApp.build/Debug-iphonesimulator/iosAppUITests.build/Objects-normal/arm64/iosAppUITests-OutputFileMap.json -use-frontend-parseable-output -save-temps -no-color-diagnostics -explicit-module-build -module-cache-path /var/folders/6m/vxwlbjsn7vs6h80_98w6x7p40000gn/T/parlor-audit-dsc01-apphost-05-7dr2h_e6/DerivedData/Build/Intermediates.noindex/SwiftExplicitPrecompiledModules -clang-scanner-module-cache-path /var/folders/6m/vxwlbjsn7vs6h80_98w6x7p40000gn/T/parlor-audit-dsc01-apphost-05-7dr2h_e6/DerivedData/ModuleCache.noindex -sdk-module-cache-path /var/folders/6m/vxwlbjsn7vs6h80_98w6x7p40000gn/T/parlor-audit-dsc01-apphost-05-7dr2h_e6/DerivedData/ModuleCache.noindex -serialize-diagnostics -emit-dependencies -emit-module -emit-module-path /var/folders/6m/vxwlbjsn7vs6h80_98w6x7p40000gn/T/parlor-audit-dsc01-apphost-05-7dr2h_e6/DerivedData/Build/Intermediates.noindex/iosApp.build/Debug-iphonesimulator/iosAppUITests.build/Objects-normal/arm64/iosAppUITests.swiftmodule -validate-clang-modules-once -clang-build-session-file /var/folders/6m/vxwlbjsn7vs6h80_98w6x7p40000gn/T/parlor-audit-dsc01-apphost-05-7dr2h_e6/DerivedData/ModuleCache.noindex/Session.modulevalidation -Xcc -I/var/folders/6m/vxwlbjsn7vs6h80_98w6x7p40000gn/T/parlor-audit-dsc01-apphost-05-7dr2h_e6/DerivedData/Build/Intermediates.noindex/iosApp.build/Debug-iphonesimulator/iosAppUITests.build/swift-overrides.hmap -emit-const-values -Xfrontend -const-gather-protocols-file -Xfrontend /var/folders/6m/vxwlbjsn7vs6h80_98w6x7p40000gn/T/parlor-audit-dsc01-apphost-05-7dr2h_e6/DerivedData/Build/Intermediates.noindex/iosApp.build/Debug-iphonesimulator/iosAppUITests.build/Objects-normal/arm64/iosAppUITests_const_extract_protocols.json -Xcc -iquote -Xcc /var/folders/6m/vxwlbjsn7vs6h80_98w6x7p40000gn/T/parlor-audit-dsc01-apphost-05-7dr2h_e6/DerivedData/Build/Intermediates.noindex/iosApp.build/Debug-iphonesimulator/iosAppUITests.build/iosAppUITests-generated-files.hmap -Xcc -I/var/folders/6m/vxwlbjsn7vs6h80_98w6x7p40000gn/T/parlor-audit-dsc01-apphost-05-7dr2h_e6/DerivedData/Build/Intermediates.noindex/iosApp.build/Debug-iphonesimulator/iosAppUITests.build/iosAppUITests-own-target-headers.hmap -Xcc -I/var/folders/6m/vxwlbjsn7vs6h80_98w6x7p40000gn/T/parlor-audit-dsc01-apphost-05-7dr2h_e6/DerivedData/Build/Intermediates.noindex/iosApp.build/Debug-iphonesimulator/iosAppUITests.build/iosAppUITests-all-target-headers.hmap -Xcc -iquote -Xcc /var/folders/6m/vxwlbjsn7vs6h80_98w6x7p40000gn/T/parlor-audit-dsc01-apphost-05-7dr2h_e6/DerivedData/Build/Intermediates.noindex/iosApp.build/Debug-iphonesimulator/iosAppUITests.build/iosAppUITests-project-headers.hmap -Xcc -I/var/folders/6m/vxwlbjsn7vs6h80_98w6x7p40000gn/T/parlor-audit-dsc01-apphost-05-7dr2h_e6/DerivedData/Build/Products/Debug-iphonesimulator/include -Xcc -I/var/folders/6m/vxwlbjsn7vs6h80_98w6x7p40000gn/T/parlor-audit-dsc01-apphost-05-7dr2h_e6/DerivedData/Build/Intermediates.noindex/iosApp.build/Debug-iphonesimulator/iosAppUITests.build/DerivedSources-normal/arm64 -Xcc -I/var/folders/6m/vxwlbjsn7vs6h80_98w6x7p40000gn/T/parlor-audit-dsc01-apphost-05-7dr2h_e6/DerivedData/Build/Intermediates.noindex/iosApp.build/Debug-iphonesimulator/iosAppUITests.build/DerivedSources/arm64 -Xcc -I/var/folders/6m/vxwlbjsn7vs6h80_98w6x7p40000gn/T/parlor-audit-dsc01-apphost-05-7dr2h_e6/DerivedData/Build/Intermediates.noindex/iosApp.build/Debug-iphonesimulator/iosAppUITests.build/DerivedSources -Xcc -DDEBUG\=1 -emit-objc-header -emit-objc-header-path /var/folders/6m/vxwlbjsn7vs6h80_98w6x7p40000gn/T/parlor-audit-dsc01-apphost-05-7dr2h_e6/DerivedData/Build/Intermediates.noindex/iosApp.build/Debug-iphonesimulator/iosAppUITests.build/Objects-normal/arm64/iosAppUITests-Swift.h -working-directory /var/folders/6m/vxwlbjsn7vs6h80_98w6x7p40000gn/T/parlor-audit-dsc01-apphost-05-7dr2h_e6/copy/iosApp -experimental-emit-module-separately -disable-cmo

RegisterExecutionPolicyException /var/folders/6m/vxwlbjsn7vs6h80_98w6x7p40000gn/T/parlor-audit-dsc01-apphost-05-7dr2h_e6/DerivedData/Build/Products/Debug-iphonesimulator/Parlor.app (in target 'iosApp' from project 'iosApp')
    cd /var/folders/6m/vxwlbjsn7vs6h80_98w6x7p40000gn/T/parlor-audit-dsc01-apphost-05-7dr2h_e6/copy/iosApp
    builtin-RegisterExecutionPolicyException /var/folders/6m/vxwlbjsn7vs6h80_98w6x7p40000gn/T/parlor-audit-dsc01-apphost-05-7dr2h_e6/DerivedData/Build/Products/Debug-iphonesimulator/Parlor.app

Validate /var/folders/6m/vxwlbjsn7vs6h80_98w6x7p40000gn/T/parlor-audit-dsc01-apphost-05-7dr2h_e6/DerivedData/Build/Products/Debug-iphonesimulator/Parlor.app (in target 'iosApp' from project 'iosApp')
    cd /var/folders/6m/vxwlbjsn7vs6h80_98w6x7p40000gn/T/parlor-audit-dsc01-apphost-05-7dr2h_e6/copy/iosApp
    builtin-validationUtility /var/folders/6m/vxwlbjsn7vs6h80_98w6x7p40000gn/T/parlor-audit-dsc01-apphost-05-7dr2h_e6/DerivedData/Build/Products/Debug-iphonesimulator/Parlor.app -shallow-bundle -infoplist-subpath Info.plist

Touch /var/folders/6m/vxwlbjsn7vs6h80_98w6x7p40000gn/T/parlor-audit-dsc01-apphost-05-7dr2h_e6/DerivedData/Build/Products/Debug-iphonesimulator/Parlor.app (in target 'iosApp' from project 'iosApp')
    cd /var/folders/6m/vxwlbjsn7vs6h80_98w6x7p40000gn/T/parlor-audit-dsc01-apphost-05-7dr2h_e6/copy/iosApp
    /usr/bin/touch -c /var/folders/6m/vxwlbjsn7vs6h80_98w6x7p40000gn/T/parlor-audit-dsc01-apphost-05-7dr2h_e6/DerivedData/Build/Products/Debug-iphonesimulator/Parlor.app

ProcessInfoPlistFile /var/folders/6m/vxwlbjsn7vs6h80_98w6x7p40000gn/T/parlor-audit-dsc01-apphost-05-7dr2h_e6/DerivedData/Build/Products/Debug-iphonesimulator/iosAppUITests-Runner.app/PlugIns/iosAppUITests.xctest/Info.plist /var/folders/6m/vxwlbjsn7vs6h80_98w6x7p40000gn/T/parlor-audit-dsc01-apphost-05-7dr2h_e6/DerivedData/Build/Intermediates.noindex/iosApp.build/Debug-iphonesimulator/iosAppUITests.build/empty-iosAppUITests.plist (in target 'iosAppUITests' from project 'iosApp')
    cd /var/folders/6m/vxwlbjsn7vs6h80_98w6x7p40000gn/T/parlor-audit-dsc01-apphost-05-7dr2h_e6/copy/iosApp
    builtin-infoPlistUtility /var/folders/6m/vxwlbjsn7vs6h80_98w6x7p40000gn/T/parlor-audit-dsc01-apphost-05-7dr2h_e6/DerivedData/Build/Intermediates.noindex/iosApp.build/Debug-iphonesimulator/iosAppUITests.build/empty-iosAppUITests.plist -producttype com.apple.product-type.bundle.ui-testing -expandbuildsettings -format binary -platform iphonesimulator -additionalcontentfile /var/folders/6m/vxwlbjsn7vs6h80_98w6x7p40000gn/T/parlor-audit-dsc01-apphost-05-7dr2h_e6/DerivedData/Build/Intermediates.noindex/iosApp.build/Debug-iphonesimulator/iosAppUITests.build/ProductTypeInfoPlistAdditions.plist -o /var/folders/6m/vxwlbjsn7vs6h80_98w6x7p40000gn/T/parlor-audit-dsc01-apphost-05-7dr2h_e6/DerivedData/Build/Products/Debug-iphonesimulator/iosAppUITests-Runner.app/PlugIns/iosAppUITests.xctest/Info.plist

Ld /var/folders/6m/vxwlbjsn7vs6h80_98w6x7p40000gn/T/parlor-audit-dsc01-apphost-05-7dr2h_e6/DerivedData/Build/Products/Debug-iphonesimulator/iosAppUITests-Runner.app/PlugIns/iosAppUITests.xctest/iosAppUITests normal (in target 'iosAppUITests' from project 'iosApp')
    cd /var/folders/6m/vxwlbjsn7vs6h80_98w6x7p40000gn/T/parlor-audit-dsc01-apphost-05-7dr2h_e6/copy/iosApp
    /Applications/Xcode.app/Contents/Developer/Toolchains/XcodeDefault.xctoolchain/usr/bin/clang -Xlinker -reproducible -target arm64-apple-ios16.0-simulator -bundle -isysroot /Applications/Xcode.app/Contents/Developer/Platforms/iPhoneSimulator.platform/Developer/SDKs/iPhoneSimulator26.5.sdk -O0 -L/var/folders/6m/vxwlbjsn7vs6h80_98w6x7p40000gn/T/parlor-audit-dsc01-apphost-05-7dr2h_e6/DerivedData/Build/Intermediates.noindex/EagerLinkingTBDs/Debug-iphonesimulator -L/var/folders/6m/vxwlbjsn7vs6h80_98w6x7p40000gn/T/parlor-audit-dsc01-apphost-05-7dr2h_e6/DerivedData/Build/Products/Debug-iphonesimulator -L/Applications/Xcode.app/Contents/Developer/Platforms/iPhoneSimulator.platform/Developer/usr/lib -F/var/folders/6m/vxwlbjsn7vs6h80_98w6x7p40000gn/T/parlor-audit-dsc01-apphost-05-7dr2h_e6/DerivedData/Build/Intermediates.noindex/EagerLinkingTBDs/Debug-iphonesimulator -F/var/folders/6m/vxwlbjsn7vs6h80_98w6x7p40000gn/T/parlor-audit-dsc01-apphost-05-7dr2h_e6/DerivedData/Build/Products/Debug-iphonesimulator -iframework /Applications/Xcode.app/Contents/Developer/Platforms/iPhoneSimulator.platform/Developer/Library/Frameworks -iframework /Applications/Xcode.app/Contents/Developer/Platforms/iPhoneSimulator.platform/Developer/SDKs/iPhoneSimulator26.5.sdk/Developer/Library/Frameworks -filelist /var/folders/6m/vxwlbjsn7vs6h80_98w6x7p40000gn/T/parlor-audit-dsc01-apphost-05-7dr2h_e6/DerivedData/Build/Intermediates.noindex/iosApp.build/Debug-iphonesimulator/iosAppUITests.build/Objects-normal/arm64/iosAppUITests.LinkFileList -Xlinker -rpath -Xlinker /usr/lib/swift -Xlinker -rpath -Xlinker @loader_path/Frameworks -Xlinker -dead_strip -Xlinker -object_path_lto -Xlinker /var/folders/6m/vxwlbjsn7vs6h80_98w6x7p40000gn/T/parlor-audit-dsc01-apphost-05-7dr2h_e6/DerivedData/Build/Intermediates.noindex/iosApp.build/Debug-iphonesimulator/iosAppUITests.build/Objects-normal/arm64/iosAppUITests_lto.o -rdynamic -Xlinker -no_deduplicate -Xlinker -objc_abi_version -Xlinker 2 -Xlinker -dependency_info -Xlinker /var/folders/6m/vxwlbjsn7vs6h80_98w6x7p40000gn/T/parlor-audit-dsc01-apphost-05-7dr2h_e6/DerivedData/Build/Intermediates.noindex/iosApp.build/Debug-iphonesimulator/iosAppUITests.build/Objects-normal/arm64/iosAppUITests_dependency_info.dat -fobjc-link-runtime -L/Applications/Xcode.app/Contents/Developer/Toolchains/XcodeDefault.xctoolchain/usr/lib/swift/iphonesimulator -L/usr/lib/swift -Xlinker -add_ast_path -Xlinker /var/folders/6m/vxwlbjsn7vs6h80_98w6x7p40000gn/T/parlor-audit-dsc01-apphost-05-7dr2h_e6/DerivedData/Build/Intermediates.noindex/iosApp.build/Debug-iphonesimulator/iosAppUITests.build/Objects-normal/arm64/iosAppUITests.swiftmodule @/var/folders/6m/vxwlbjsn7vs6h80_98w6x7p40000gn/T/parlor-audit-dsc01-apphost-05-7dr2h_e6/DerivedData/Build/Intermediates.noindex/iosApp.build/Debug-iphonesimulator/iosAppUITests.build/Objects-normal/arm64/iosAppUITests-linker-args.resp -Xlinker -needed_framework -Xlinker XCTest -framework XCTest -Xlinker -needed-lXCTestSwiftSupport -lXCTestSwiftSupport -o /var/folders/6m/vxwlbjsn7vs6h80_98w6x7p40000gn/T/parlor-audit-dsc01-apphost-05-7dr2h_e6/DerivedData/Build/Products/Debug-iphonesimulator/iosAppUITests-Runner.app/PlugIns/iosAppUITests.xctest/iosAppUITests

ExtractAppIntentsMetadata (in target 'iosAppUITests' from project 'iosApp')
    cd /var/folders/6m/vxwlbjsn7vs6h80_98w6x7p40000gn/T/parlor-audit-dsc01-apphost-05-7dr2h_e6/copy/iosApp
    /Applications/Xcode.app/Contents/Developer/Toolchains/XcodeDefault.xctoolchain/usr/bin/appintentsmetadataprocessor --toolchain-dir /Applications/Xcode.app/Contents/Developer/Toolchains/XcodeDefault.xctoolchain --module-name iosAppUITests --sdk-root /Applications/Xcode.app/Contents/Developer/Platforms/iPhoneSimulator.platform/Developer/SDKs/iPhoneSimulator26.5.sdk --xcode-version 17F42 --platform-family iOS --deployment-target 16.0 --bundle-identifier com.parlor.app.uitests --output /var/folders/6m/vxwlbjsn7vs6h80_98w6x7p40000gn/T/parlor-audit-dsc01-apphost-05-7dr2h_e6/DerivedData/Build/Products/Debug-iphonesimulator/iosAppUITests-Runner.app/PlugIns/iosAppUITests.xctest --target-triple arm64-apple-ios16.0-simulator --binary-file /var/folders/6m/vxwlbjsn7vs6h80_98w6x7p40000gn/T/parlor-audit-dsc01-apphost-05-7dr2h_e6/DerivedData/Build/Products/Debug-iphonesimulator/iosAppUITests-Runner.app/PlugIns/iosAppUITests.xctest/iosAppUITests --dependency-file /var/folders/6m/vxwlbjsn7vs6h80_98w6x7p40000gn/T/parlor-audit-dsc01-apphost-05-7dr2h_e6/DerivedData/Build/Intermediates.noindex/iosApp.build/Debug-iphonesimulator/iosAppUITests.build/Objects-normal/arm64/iosAppUITests_dependency_info.dat --stringsdata-file /var/folders/6m/vxwlbjsn7vs6h80_98w6x7p40000gn/T/parlor-audit-dsc01-apphost-05-7dr2h_e6/DerivedData/Build/Intermediates.noindex/iosApp.build/Debug-iphonesimulator/iosAppUITests.build/Objects-normal/arm64/ExtractedAppShortcutsMetadata.stringsdata --source-file-list /var/folders/6m/vxwlbjsn7vs6h80_98w6x7p40000gn/T/parlor-audit-dsc01-apphost-05-7dr2h_e6/DerivedData/Build/Intermediates.noindex/iosApp.build/Debug-iphonesimulator/iosAppUITests.build/Objects-normal/arm64/iosAppUITests.SwiftFileList --metadata-file-list /var/folders/6m/vxwlbjsn7vs6h80_98w6x7p40000gn/T/parlor-audit-dsc01-apphost-05-7dr2h_e6/DerivedData/Build/Intermediates.noindex/iosApp.build/Debug-iphonesimulator/iosAppUITests.build/iosAppUITests.DependencyMetadataFileList --static-metadata-file-list /var/folders/6m/vxwlbjsn7vs6h80_98w6x7p40000gn/T/parlor-audit-dsc01-apphost-05-7dr2h_e6/DerivedData/Build/Intermediates.noindex/iosApp.build/Debug-iphonesimulator/iosAppUITests.build/iosAppUITests.DependencyStaticMetadataFileList --swift-const-vals-list /var/folders/6m/vxwlbjsn7vs6h80_98w6x7p40000gn/T/parlor-audit-dsc01-apphost-05-7dr2h_e6/DerivedData/Build/Intermediates.noindex/iosApp.build/Debug-iphonesimulator/iosAppUITests.build/Objects-normal/arm64/iosAppUITests.SwiftConstValuesFileList --compile-time-extraction --deployment-aware-processing --validate-assistant-intents --no-app-shortcuts-localization
2026-09-06 19:28:27.596 appintentsmetadataprocessor[8050:2891408] Starting appintentsmetadataprocessor export
2026-09-06 19:28:27.597 appintentsmetadataprocessor[8050:2891408] warning: Metadata extraction skipped. No AppIntents.framework dependency found.

CopySwiftLibs /var/folders/6m/vxwlbjsn7vs6h80_98w6x7p40000gn/T/parlor-audit-dsc01-apphost-05-7dr2h_e6/DerivedData/Build/Products/Debug-iphonesimulator/iosAppUITests-Runner.app/PlugIns/iosAppUITests.xctest (in target 'iosAppUITests' from project 'iosApp')
    cd /var/folders/6m/vxwlbjsn7vs6h80_98w6x7p40000gn/T/parlor-audit-dsc01-apphost-05-7dr2h_e6/copy/iosApp
    builtin-swiftStdLibTool --copy --verbose --scan-executable /var/folders/6m/vxwlbjsn7vs6h80_98w6x7p40000gn/T/parlor-audit-dsc01-apphost-05-7dr2h_e6/DerivedData/Build/Products/Debug-iphonesimulator/iosAppUITests-Runner.app/PlugIns/iosAppUITests.xctest/iosAppUITests --scan-folder /var/folders/6m/vxwlbjsn7vs6h80_98w6x7p40000gn/T/parlor-audit-dsc01-apphost-05-7dr2h_e6/DerivedData/Build/Products/Debug-iphonesimulator/iosAppUITests-Runner.app/PlugIns/iosAppUITests.xctest/Frameworks --scan-folder /var/folders/6m/vxwlbjsn7vs6h80_98w6x7p40000gn/T/parlor-audit-dsc01-apphost-05-7dr2h_e6/DerivedData/Build/Products/Debug-iphonesimulator/iosAppUITests-Runner.app/PlugIns/iosAppUITests.xctest/PlugIns --scan-folder /var/folders/6m/vxwlbjsn7vs6h80_98w6x7p40000gn/T/parlor-audit-dsc01-apphost-05-7dr2h_e6/DerivedData/Build/Products/Debug-iphonesimulator/iosAppUITests-Runner.app/PlugIns/iosAppUITests.xctest/SystemExtensions --scan-folder /var/folders/6m/vxwlbjsn7vs6h80_98w6x7p40000gn/T/parlor-audit-dsc01-apphost-05-7dr2h_e6/DerivedData/Build/Products/Debug-iphonesimulator/iosAppUITests-Runner.app/PlugIns/iosAppUITests.xctest/Extensions --platform iphonesimulator --toolchain /Applications/Xcode.app/Contents/Developer/Toolchains/XcodeDefault.xctoolchain --destination /var/folders/6m/vxwlbjsn7vs6h80_98w6x7p40000gn/T/parlor-audit-dsc01-apphost-05-7dr2h_e6/DerivedData/Build/Products/Debug-iphonesimulator/iosAppUITests-Runner.app/PlugIns/iosAppUITests.xctest/Frameworks --strip-bitcode --scan-executable /Applications/Xcode.app/Contents/Developer/Platforms/iPhoneSimulator.platform/Developer/usr/lib/libXCTestSwiftSupport.dylib --strip-bitcode-tool /Applications/Xcode.app/Contents/Developer/Toolchains/XcodeDefault.xctoolchain/usr/bin/bitcode_strip --emit-dependency-info /var/folders/6m/vxwlbjsn7vs6h80_98w6x7p40000gn/T/parlor-audit-dsc01-apphost-05-7dr2h_e6/DerivedData/Build/Intermediates.noindex/iosApp.build/Debug-iphonesimulator/iosAppUITests.build/SwiftStdLibToolInputDependencies.dep --filter-for-swift-os
Ignoring --strip-bitcode because --sign was not passed

AppIntentsSSUTraining (in target 'iosAppUITests' from project 'iosApp')
    cd /var/folders/6m/vxwlbjsn7vs6h80_98w6x7p40000gn/T/parlor-audit-dsc01-apphost-05-7dr2h_e6/copy/iosApp
    /Applications/Xcode.app/Contents/Developer/Toolchains/XcodeDefault.xctoolchain/usr/bin/appintentsnltrainingprocessor --infoplist-path /var/folders/6m/vxwlbjsn7vs6h80_98w6x7p40000gn/T/parlor-audit-dsc01-apphost-05-7dr2h_e6/DerivedData/Build/Products/Debug-iphonesimulator/iosAppUITests-Runner.app/PlugIns/iosAppUITests.xctest/Info.plist --temp-dir-path /var/folders/6m/vxwlbjsn7vs6h80_98w6x7p40000gn/T/parlor-audit-dsc01-apphost-05-7dr2h_e6/DerivedData/Build/Intermediates.noindex/iosApp.build/Debug-iphonesimulator/iosAppUITests.build/ssu --bundle-id com.parlor.app.uitests --product-path /var/folders/6m/vxwlbjsn7vs6h80_98w6x7p40000gn/T/parlor-audit-dsc01-apphost-05-7dr2h_e6/DerivedData/Build/Products/Debug-iphonesimulator/iosAppUITests-Runner.app/PlugIns/iosAppUITests.xctest --extracted-metadata-path /var/folders/6m/vxwlbjsn7vs6h80_98w6x7p40000gn/T/parlor-audit-dsc01-apphost-05-7dr2h_e6/DerivedData/Build/Products/Debug-iphonesimulator/iosAppUITests-Runner.app/PlugIns/iosAppUITests.xctest/Metadata.appintents --metadata-file-list /var/folders/6m/vxwlbjsn7vs6h80_98w6x7p40000gn/T/parlor-audit-dsc01-apphost-05-7dr2h_e6/DerivedData/Build/Intermediates.noindex/iosApp.build/Debug-iphonesimulator/iosAppUITests.build/iosAppUITests.DependencyMetadataFileList --source-file /var/folders/6m/vxwlbjsn7vs6h80_98w6x7p40000gn/T/parlor-audit-dsc01-apphost-05-7dr2h_e6/DerivedData/Build/Products/Debug-iphonesimulator/iosAppUITests-Runner.app/PlugIns/iosAppUITests.xctest/Info.plist --archive-ssu-assets
2026-09-06 19:28:27.615 appintentsnltrainingprocessor[8051:2891409] Parsing options for appintentsnltrainingprocessor
2026-09-06 19:28:27.616 appintentsnltrainingprocessor[8051:2891409] Starting AppIntents SSU YAML Generation
2026-09-06 19:28:27.616 appintentsnltrainingprocessor[8051:2891409] No AppShortcuts found - Skipping.

CopyPlistFile /var/folders/6m/vxwlbjsn7vs6h80_98w6x7p40000gn/T/parlor-audit-dsc01-apphost-05-7dr2h_e6/DerivedData/Build/Products/Debug-iphonesimulator/iosAppUITests-Runner.app/Info.plist /Applications/Xcode.app/Contents/Developer/Platforms/iPhoneSimulator.platform/Developer/Library/Xcode/Agents/XCTRunner.app/Info.plist (in target 'iosAppUITests' from project 'iosApp')
    cd /var/folders/6m/vxwlbjsn7vs6h80_98w6x7p40000gn/T/parlor-audit-dsc01-apphost-05-7dr2h_e6/copy/iosApp
    builtin-copyPlist --validate --convert xml1 --macro-expansion WRAPPEDPRODUCTNAME iosAppUITests-Runner --macro-expansion WRAPPEDPRODUCTBUNDLEIDENTIFIER com.parlor.app.uitests.xctrunner --macro-expansion TESTPRODUCTNAME iosAppUITests --macro-expansion TESTPRODUCTBUNDLEIDENTIFIER com.parlor.app.uitests --copy-value UIDeviceFamily /var/folders/6m/vxwlbjsn7vs6h80_98w6x7p40000gn/T/parlor-audit-dsc01-apphost-05-7dr2h_e6/DerivedData/Build/Products/Debug-iphonesimulator/iosAppUITests-Runner.app/PlugIns/iosAppUITests.xctest/Info.plist --outdir /var/folders/6m/vxwlbjsn7vs6h80_98w6x7p40000gn/T/parlor-audit-dsc01-apphost-05-7dr2h_e6/DerivedData/Build/Products/Debug-iphonesimulator/iosAppUITests-Runner.app -- /Applications/Xcode.app/Contents/Developer/Platforms/iPhoneSimulator.platform/Developer/Library/Xcode/Agents/XCTRunner.app/Info.plist

MkDir /var/folders/6m/vxwlbjsn7vs6h80_98w6x7p40000gn/T/parlor-audit-dsc01-apphost-05-7dr2h_e6/DerivedData/Build/Products/Debug-iphonesimulator/iosAppUITests-Runner.app (in target 'iosAppUITests' from project 'iosApp')
    cd /var/folders/6m/vxwlbjsn7vs6h80_98w6x7p40000gn/T/parlor-audit-dsc01-apphost-05-7dr2h_e6/copy/iosApp
    /bin/mkdir -p /var/folders/6m/vxwlbjsn7vs6h80_98w6x7p40000gn/T/parlor-audit-dsc01-apphost-05-7dr2h_e6/DerivedData/Build/Products/Debug-iphonesimulator/iosAppUITests-Runner.app

CopyAndPreserveArchs /var/folders/6m/vxwlbjsn7vs6h80_98w6x7p40000gn/T/parlor-audit-dsc01-apphost-05-7dr2h_e6/DerivedData/Build/Products/Debug-iphonesimulator/iosAppUITests-Runner.app/iosAppUITests-Runner (in target 'iosAppUITests' from project 'iosApp')
    cd /var/folders/6m/vxwlbjsn7vs6h80_98w6x7p40000gn/T/parlor-audit-dsc01-apphost-05-7dr2h_e6/copy/iosApp
    /Applications/Xcode.app/Contents/Developer/Toolchains/XcodeDefault.xctoolchain/usr/bin/lipo /Applications/Xcode.app/Contents/Developer/Platforms/iPhoneSimulator.platform/Developer/Library/Xcode/Agents/XCTRunner.app/XCTRunner -output /var/folders/6m/vxwlbjsn7vs6h80_98w6x7p40000gn/T/parlor-audit-dsc01-apphost-05-7dr2h_e6/DerivedData/Build/Products/Debug-iphonesimulator/iosAppUITests-Runner.app/iosAppUITests-Runner -extract arm64

Copy /var/folders/6m/vxwlbjsn7vs6h80_98w6x7p40000gn/T/parlor-audit-dsc01-apphost-05-7dr2h_e6/DerivedData/Build/Products/Debug-iphonesimulator/iosAppUITests-Runner.app/PkgInfo /Applications/Xcode.app/Contents/Developer/Platforms/iPhoneSimulator.platform/Developer/Library/Xcode/Agents/XCTRunner.app/PkgInfo (in target 'iosAppUITests' from project 'iosApp')
    cd /var/folders/6m/vxwlbjsn7vs6h80_98w6x7p40000gn/T/parlor-audit-dsc01-apphost-05-7dr2h_e6/copy/iosApp
    builtin-copy -exclude .DS_Store -exclude CVS -exclude .svn -exclude .git -exclude .hg -resolve-src-symlinks /Applications/Xcode.app/Contents/Developer/Platforms/iPhoneSimulator.platform/Developer/Library/Xcode/Agents/XCTRunner.app/PkgInfo /var/folders/6m/vxwlbjsn7vs6h80_98w6x7p40000gn/T/parlor-audit-dsc01-apphost-05-7dr2h_e6/DerivedData/Build/Products/Debug-iphonesimulator/iosAppUITests-Runner.app

Copy /var/folders/6m/vxwlbjsn7vs6h80_98w6x7p40000gn/T/parlor-audit-dsc01-apphost-05-7dr2h_e6/DerivedData/Build/Products/Debug-iphonesimulator/iosAppUITests-Runner.app/Frameworks/libXCTestSwiftSupport.dylib /Applications/Xcode.app/Contents/Developer/Platforms/iPhoneSimulator.platform/Developer/usr/lib/libXCTestSwiftSupport.dylib (in target 'iosAppUITests' from project 'iosApp')
    cd /var/folders/6m/vxwlbjsn7vs6h80_98w6x7p40000gn/T/parlor-audit-dsc01-apphost-05-7dr2h_e6/copy/iosApp
    builtin-copy -exclude .DS_Store -exclude CVS -exclude .svn -exclude .git -exclude .hg -exclude Headers -exclude PrivateHeaders -exclude Modules -exclude \*.tbd -resolve-src-symlinks /Applications/Xcode.app/Contents/Developer/Platforms/iPhoneSimulator.platform/Developer/usr/lib/libXCTestSwiftSupport.dylib /var/folders/6m/vxwlbjsn7vs6h80_98w6x7p40000gn/T/parlor-audit-dsc01-apphost-05-7dr2h_e6/DerivedData/Build/Products/Debug-iphonesimulator/iosAppUITests-Runner.app/Frameworks

Copy /var/folders/6m/vxwlbjsn7vs6h80_98w6x7p40000gn/T/parlor-audit-dsc01-apphost-05-7dr2h_e6/DerivedData/Build/Products/Debug-iphonesimulator/iosAppUITests-Runner.app/Frameworks/XCUnit.framework /Applications/Xcode.app/Contents/Developer/Platforms/iPhoneSimulator.platform/Developer/Library/PrivateFrameworks/XCUnit.framework (in target 'iosAppUITests' from project 'iosApp')
    cd /var/folders/6m/vxwlbjsn7vs6h80_98w6x7p40000gn/T/parlor-audit-dsc01-apphost-05-7dr2h_e6/copy/iosApp
    builtin-copy -exclude .DS_Store -exclude CVS -exclude .svn -exclude .git -exclude .hg -exclude Headers -exclude PrivateHeaders -exclude Modules -exclude \*.tbd -resolve-src-symlinks /Applications/Xcode.app/Contents/Developer/Platforms/iPhoneSimulator.platform/Developer/Library/PrivateFrameworks/XCUnit.framework /var/folders/6m/vxwlbjsn7vs6h80_98w6x7p40000gn/T/parlor-audit-dsc01-apphost-05-7dr2h_e6/DerivedData/Build/Products/Debug-iphonesimulator/iosAppUITests-Runner.app/Frameworks

Copy /var/folders/6m/vxwlbjsn7vs6h80_98w6x7p40000gn/T/parlor-audit-dsc01-apphost-05-7dr2h_e6/DerivedData/Build/Products/Debug-iphonesimulator/iosAppUITests-Runner.app/Frameworks/XCUIAutomation.framework /Applications/Xcode.app/Contents/Developer/Platforms/iPhoneSimulator.platform/Developer/Library/Frameworks/XCUIAutomation.framework (in target 'iosAppUITests' from project 'iosApp')
    cd /var/folders/6m/vxwlbjsn7vs6h80_98w6x7p40000gn/T/parlor-audit-dsc01-apphost-05-7dr2h_e6/copy/iosApp
    builtin-copy -exclude .DS_Store -exclude CVS -exclude .svn -exclude .git -exclude .hg -exclude Headers -exclude PrivateHeaders -exclude Modules -exclude \*.tbd -resolve-src-symlinks /Applications/Xcode.app/Contents/Developer/Platforms/iPhoneSimulator.platform/Developer/Library/Frameworks/XCUIAutomation.framework /var/folders/6m/vxwlbjsn7vs6h80_98w6x7p40000gn/T/parlor-audit-dsc01-apphost-05-7dr2h_e6/DerivedData/Build/Products/Debug-iphonesimulator/iosAppUITests-Runner.app/Frameworks

Copy /var/folders/6m/vxwlbjsn7vs6h80_98w6x7p40000gn/T/parlor-audit-dsc01-apphost-05-7dr2h_e6/DerivedData/Build/Products/Debug-iphonesimulator/iosAppUITests-Runner.app/Frameworks/XCTestSupport.framework /Applications/Xcode.app/Contents/Developer/Platforms/iPhoneSimulator.platform/Developer/Library/PrivateFrameworks/XCTestSupport.framework (in target 'iosAppUITests' from project 'iosApp')
    cd /var/folders/6m/vxwlbjsn7vs6h80_98w6x7p40000gn/T/parlor-audit-dsc01-apphost-05-7dr2h_e6/copy/iosApp
    builtin-copy -exclude .DS_Store -exclude CVS -exclude .svn -exclude .git -exclude .hg -exclude Headers -exclude PrivateHeaders -exclude Modules -exclude \*.tbd -resolve-src-symlinks /Applications/Xcode.app/Contents/Developer/Platforms/iPhoneSimulator.platform/Developer/Library/PrivateFrameworks/XCTestSupport.framework /var/folders/6m/vxwlbjsn7vs6h80_98w6x7p40000gn/T/parlor-audit-dsc01-apphost-05-7dr2h_e6/DerivedData/Build/Products/Debug-iphonesimulator/iosAppUITests-Runner.app/Frameworks

Copy /var/folders/6m/vxwlbjsn7vs6h80_98w6x7p40000gn/T/parlor-audit-dsc01-apphost-05-7dr2h_e6/DerivedData/Build/Products/Debug-iphonesimulator/iosAppUITests-Runner.app/Frameworks/XCTestCore.framework /Applications/Xcode.app/Contents/Developer/Platforms/iPhoneSimulator.platform/Developer/Library/PrivateFrameworks/XCTestCore.framework (in target 'iosAppUITests' from project 'iosApp')
    cd /var/folders/6m/vxwlbjsn7vs6h80_98w6x7p40000gn/T/parlor-audit-dsc01-apphost-05-7dr2h_e6/copy/iosApp
    builtin-copy -exclude .DS_Store -exclude CVS -exclude .svn -exclude .git -exclude .hg -exclude Headers -exclude PrivateHeaders -exclude Modules -exclude \*.tbd -resolve-src-symlinks /Applications/Xcode.app/Contents/Developer/Platforms/iPhoneSimulator.platform/Developer/Library/PrivateFrameworks/XCTestCore.framework /var/folders/6m/vxwlbjsn7vs6h80_98w6x7p40000gn/T/parlor-audit-dsc01-apphost-05-7dr2h_e6/DerivedData/Build/Products/Debug-iphonesimulator/iosAppUITests-Runner.app/Frameworks

Copy /var/folders/6m/vxwlbjsn7vs6h80_98w6x7p40000gn/T/parlor-audit-dsc01-apphost-05-7dr2h_e6/DerivedData/Build/Products/Debug-iphonesimulator/iosAppUITests-Runner.app/Frameworks/XCTest.framework /Applications/Xcode.app/Contents/Developer/Platforms/iPhoneSimulator.platform/Developer/Library/Frameworks/XCTest.framework (in target 'iosAppUITests' from project 'iosApp')
    cd /var/folders/6m/vxwlbjsn7vs6h80_98w6x7p40000gn/T/parlor-audit-dsc01-apphost-05-7dr2h_e6/copy/iosApp
    builtin-copy -exclude .DS_Store -exclude CVS -exclude .svn -exclude .git -exclude .hg -exclude Headers -exclude PrivateHeaders -exclude Modules -exclude \*.tbd -resolve-src-symlinks /Applications/Xcode.app/Contents/Developer/Platforms/iPhoneSimulator.platform/Developer/Library/Frameworks/XCTest.framework /var/folders/6m/vxwlbjsn7vs6h80_98w6x7p40000gn/T/parlor-audit-dsc01-apphost-05-7dr2h_e6/DerivedData/Build/Products/Debug-iphonesimulator/iosAppUITests-Runner.app/Frameworks

Copy /var/folders/6m/vxwlbjsn7vs6h80_98w6x7p40000gn/T/parlor-audit-dsc01-apphost-05-7dr2h_e6/DerivedData/Build/Products/Debug-iphonesimulator/iosAppUITests-Runner.app/Frameworks/XCTAutomationSupport.framework /Applications/Xcode.app/Contents/Developer/Platforms/iPhoneSimulator.platform/Developer/Library/PrivateFrameworks/XCTAutomationSupport.framework (in target 'iosAppUITests' from project 'iosApp')
    cd /var/folders/6m/vxwlbjsn7vs6h80_98w6x7p40000gn/T/parlor-audit-dsc01-apphost-05-7dr2h_e6/copy/iosApp
    builtin-copy -exclude .DS_Store -exclude CVS -exclude .svn -exclude .git -exclude .hg -exclude Headers -exclude PrivateHeaders -exclude Modules -exclude \*.tbd -resolve-src-symlinks /Applications/Xcode.app/Contents/Developer/Platforms/iPhoneSimulator.platform/Developer/Library/PrivateFrameworks/XCTAutomationSupport.framework /var/folders/6m/vxwlbjsn7vs6h80_98w6x7p40000gn/T/parlor-audit-dsc01-apphost-05-7dr2h_e6/DerivedData/Build/Products/Debug-iphonesimulator/iosAppUITests-Runner.app/Frameworks

Copy /var/folders/6m/vxwlbjsn7vs6h80_98w6x7p40000gn/T/parlor-audit-dsc01-apphost-05-7dr2h_e6/DerivedData/Build/Products/Debug-iphonesimulator/iosAppUITests-Runner.app/Frameworks/Testing.framework /Applications/Xcode.app/Contents/Developer/Platforms/iPhoneSimulator.platform/Developer/Library/Frameworks/Testing.framework (in target 'iosAppUITests' from project 'iosApp')
    cd /var/folders/6m/vxwlbjsn7vs6h80_98w6x7p40000gn/T/parlor-audit-dsc01-apphost-05-7dr2h_e6/copy/iosApp
    builtin-copy -exclude .DS_Store -exclude CVS -exclude .svn -exclude .git -exclude .hg -exclude Headers -exclude PrivateHeaders -exclude Modules -exclude \*.tbd -resolve-src-symlinks /Applications/Xcode.app/Contents/Developer/Platforms/iPhoneSimulator.platform/Developer/Library/Frameworks/Testing.framework /var/folders/6m/vxwlbjsn7vs6h80_98w6x7p40000gn/T/parlor-audit-dsc01-apphost-05-7dr2h_e6/DerivedData/Build/Products/Debug-iphonesimulator/iosAppUITests-Runner.app/Frameworks

RegisterExecutionPolicyException /var/folders/6m/vxwlbjsn7vs6h80_98w6x7p40000gn/T/parlor-audit-dsc01-apphost-05-7dr2h_e6/DerivedData/Build/Products/Debug-iphonesimulator/iosAppUITests-Runner.app/PlugIns/iosAppUITests.xctest (in target 'iosAppUITests' from project 'iosApp')
    cd /var/folders/6m/vxwlbjsn7vs6h80_98w6x7p40000gn/T/parlor-audit-dsc01-apphost-05-7dr2h_e6/copy/iosApp
    builtin-RegisterExecutionPolicyException /var/folders/6m/vxwlbjsn7vs6h80_98w6x7p40000gn/T/parlor-audit-dsc01-apphost-05-7dr2h_e6/DerivedData/Build/Products/Debug-iphonesimulator/iosAppUITests-Runner.app/PlugIns/iosAppUITests.xctest

Touch /var/folders/6m/vxwlbjsn7vs6h80_98w6x7p40000gn/T/parlor-audit-dsc01-apphost-05-7dr2h_e6/DerivedData/Build/Products/Debug-iphonesimulator/iosAppUITests-Runner.app/PlugIns/iosAppUITests.xctest (in target 'iosAppUITests' from project 'iosApp')
    cd /var/folders/6m/vxwlbjsn7vs6h80_98w6x7p40000gn/T/parlor-audit-dsc01-apphost-05-7dr2h_e6/copy/iosApp
    /usr/bin/touch -c /var/folders/6m/vxwlbjsn7vs6h80_98w6x7p40000gn/T/parlor-audit-dsc01-apphost-05-7dr2h_e6/DerivedData/Build/Products/Debug-iphonesimulator/iosAppUITests-Runner.app/PlugIns/iosAppUITests.xctest

2026-09-06 19:28:33.491056+0300 iosAppUITests-Runner[8092:2892014] [Default] Running tests...
objc[8092]: Class UIAccessibilityLoaderWebShared is implemented in both /Library/Developer/CoreSimulator/Volumes/iOS_23F77/Library/Developer/CoreSimulator/Profiles/Runtimes/iOS 26.5.simruntime/Contents/Resources/RuntimeRoot/System/Library/AccessibilityBundles/WebCore.axbundle/WebCore (0x10aea8310) and /Library/Developer/CoreSimulator/Volumes/iOS_23F77/Library/Developer/CoreSimulator/Profiles/Runtimes/iOS 26.5.simruntime/Contents/Resources/RuntimeRoot/System/Library/AccessibilityBundles/WebKit.axbundle/WebKit (0x10a33c398). This may cause spurious casting failures and mysterious crashes. One of the duplicates must be removed or renamed.
    t =      nans Interface orientation changed to Portrait
Test Suite 'All tests' started at 2026-09-06 19:28:36.235.
Test Suite 'iosAppUITests.xctest' started at 2026-09-06 19:28:36.236.
Test Suite 'ComposeContainerViewControllerTests' started at 2026-09-06 19:28:36.236.
Test Case '-[iosAppUITests.ComposeContainerViewControllerTests testChildUsesFullBoundsAcrossSizesAndOpposingSemanticDirections]' started.
    t =     0.00s Start Test at 2026-09-06 19:28:36.237
    t =     0.23s Set Up
    t =     0.24s Tear Down
Test Case '-[iosAppUITests.ComposeContainerViewControllerTests testChildUsesFullBoundsAcrossSizesAndOpposingSemanticDirections]' passed (0.258 seconds).
Test Case '-[iosAppUITests.ComposeContainerViewControllerTests testDefaultAppearanceForwardingReachesTheSameChildExactlyOnce]' started.
    t =     0.00s Start Test at 2026-09-06 19:28:36.495
    t =     0.01s Set Up
    t =     0.01s Tear Down
Test Case '-[iosAppUITests.ComposeContainerViewControllerTests testDefaultAppearanceForwardingReachesTheSameChildExactlyOnce]' passed (0.037 seconds).
Test Case '-[iosAppUITests.ComposeContainerViewControllerTests testOneStableChildKeepsItsExplicitSemanticsIndependentOfTheOuterView]' started.
    t =     0.00s Start Test at 2026-09-06 19:28:36.532
    t =     0.01s Set Up
    t =     0.01s Tear Down
Test Case '-[iosAppUITests.ComposeContainerViewControllerTests testOneStableChildKeepsItsExplicitSemanticsIndependentOfTheOuterView]' passed (0.036 seconds).
Test Case '-[iosAppUITests.ComposeContainerViewControllerTests testSystemDecorationAndOrientationPoliciesStillBelongToTheChild]' started.
    t =     0.00s Start Test at 2026-09-06 19:28:36.569
    t =     0.01s Set Up
    t =     0.01s Tear Down
Test Case '-[iosAppUITests.ComposeContainerViewControllerTests testSystemDecorationAndOrientationPoliciesStillBelongToTheChild]' passed (0.038 seconds).
Test Suite 'ComposeContainerViewControllerTests' passed at 2026-09-06 19:28:36.606.
	 Executed 4 tests, with 0 failures (0 unexpected) in 0.368 (0.370) seconds
Test Suite 'IOSAppLaunchUITests' started at 2026-09-06 19:28:36.607.
Test Case '-[iosAppUITests.IOSAppLaunchUITests testDSC01ActualSettingsLocalSessionsAndOSInvestigation]' started.
    t =     0.00s Start Test at 2026-09-06 19:28:36.607
    t =     0.01s Set Up
DSC01_CATALOG_GEOMETRY_CONTRACT {"schemaVersion":1,"cases":14,"passed":true}
    t =     0.02s Setting device orientation to Portrait
    t =     0.02s     Device orientation changed to Portrait
    t =     0.06s     Wait for com.apple.springboard to idle
    t =     0.09s Open com.parlor.app.debug
    t =     0.09s     Launch com.parlor.app.debug
2026-09-06 19:28:36.865 xcodebuild[7145:2882179] [MT] IDELaunchParametersSnapshot: The operation couldn’t be completed. (DebuggerLLDB.DebuggerVersionStore.StoreError error 0.)
2026-09-06 19:28:36.865 xcodebuild[7145:2882179] [MT] IDELaunchParametersSnapshot: no debugger version
    t =     0.88s         Setting up automation session
    t =     1.60s         Wait for com.parlor.app.debug to idle
    t =     3.52s Wait for com.parlor.app.debug to become Running Foreground
    t =     3.52s Waiting 30.0s for "parlor-home-brand" StaticText to exist
    t =     4.56s     Checking `Expect predicate `existsNoRetry == 1` for object "parlor-home-brand" StaticText`
    t =     4.56s         Checking existence of `"parlor-home-brand" StaticText`
    t =     4.63s Waiting 10.0s for "parlor-dsc01-observe" Button to exist
    t =     5.69s     Checking `Expect predicate `existsNoRetry == 1` for object "parlor-dsc01-observe" Button`
    t =     5.69s         Checking existence of `"parlor-dsc01-observe" Button`
    t =     5.72s Checking existence of `Alert (First Match)`
    t =     5.76s Waiting 10.0s for "parlor-dsc01-state" StaticText to exist
    t =     6.79s     Checking `Expect predicate `existsNoRetry == 1` for object "parlor-dsc01-state" StaticText`
    t =     6.79s         Checking existence of `"parlor-dsc01-state" StaticText`
    t =     6.82s Find the "parlor-dsc01-state" StaticText
    t =     6.83s Tap "parlor-dsc01-observe" Button
    t =     6.83s     Wait for com.parlor.app.debug to idle
    t =     6.83s     Find the "parlor-dsc01-observe" Button
    t =     6.85s     Check for interrupting elements affecting "parlor-dsc01-observe" Button
    t =     6.86s     Synthesize event
    t =     7.27s     Wait for com.parlor.app.debug to idle
    t =     8.31s Find the "parlor-dsc01-state" StaticText
    t =     8.34s Waiting 10.0s for "parlor-dsc01-state" StaticText to exist
    t =     9.36s     Checking `Expect predicate `existsNoRetry == 1` for object "parlor-dsc01-state" StaticText`
    t =     9.36s         Checking existence of `"parlor-dsc01-state" StaticText`
    t =     9.38s Find the "parlor-dsc01-state" StaticText
    t =     9.40s Waiting 15.0s for Any (First Match) to exist
    t =    10.46s     Checking `Expect predicate `existsNoRetry == 1` for object Any (First Match)`
    t =    10.46s         Checking existence of `Any (First Match)`
    t =    10.49s Get all elements bound by index for: Elements matching predicate 'label == "Open settings., SETTINGS"'
    t =    10.50s Find the Any (Element at index 0)
    t =    10.52s Tap "Open settings., SETTINGS" Button
    t =    10.52s     Wait for com.parlor.app.debug to idle
    t =    10.52s     Find the "Open settings., SETTINGS" Button
    t =    10.53s     Check for interrupting elements affecting "Open settings., SETTINGS" Button
    t =    10.54s     Synthesize event
    t =    10.83s     Wait for com.parlor.app.debug to idle
    t =    10.83s Waiting 15.0s for Any (First Match) to exist
    t =    11.87s     Checking `Expect predicate `existsNoRetry == 1` for object Any (First Match)`
    t =    11.88s         Checking existence of `Any (First Match)`
    t =    11.91s Checking existence of `Any (First Match)`
    t =    11.93s Waiting 10.0s for "parlor-dsc01-state" StaticText to exist
    t =    12.97s     Checking `Expect predicate `existsNoRetry == 1` for object "parlor-dsc01-state" StaticText`
    t =    12.97s         Checking existence of `"parlor-dsc01-state" StaticText`
    t =    12.99s Find the "parlor-dsc01-state" StaticText
    t =    13.00s Tap "parlor-dsc01-observe" Button
    t =    13.01s     Wait for com.parlor.app.debug to idle
    t =    13.01s     Find the "parlor-dsc01-observe" Button
    t =    13.02s     Check for interrupting elements affecting "parlor-dsc01-observe" Button
    t =    13.04s     Synthesize event
    t =    13.32s     Wait for com.parlor.app.debug to idle
    t =    14.37s Find the "parlor-dsc01-state" StaticText
    t =    14.39s Waiting 10.0s for "parlor-dsc01-state" StaticText to exist
    t =    15.41s     Checking `Expect predicate `existsNoRetry == 1` for object "parlor-dsc01-state" StaticText`
    t =    15.41s         Checking existence of `"parlor-dsc01-state" StaticText`
    t =    15.43s Find the "parlor-dsc01-state" StaticText
    t =    15.45s Waiting 15.0s for Any (First Match) to exist
    t =    16.49s     Checking `Expect predicate `existsNoRetry == 1` for object Any (First Match)`
    t =    16.49s         Checking existence of `Any (First Match)`
    t =    16.50s Get all elements bound by index for: Elements matching predicate 'label == "العربية"'
    t =    16.52s Find the Any (Element at index 0)
    t =    16.53s Tap "العربية" Button
    t =    16.53s     Wait for com.parlor.app.debug to idle
    t =    16.53s     Find the "العربية" Button
    t =    16.55s     Check for interrupting elements affecting "العربية" Button
    t =    16.56s     Synthesize event
    t =    16.84s     Wait for com.parlor.app.debug to idle
    t =    16.84s Waiting 15.0s for Any (First Match) to exist
    t =    17.86s     Checking `Expect predicate `existsNoRetry == 1` for object Any (First Match)`
    t =    17.86s         Checking existence of `Any (First Match)`
    t =    17.89s Checking existence of `Any (First Match)`
    t =    17.91s Waiting 10.0s for "parlor-dsc01-state" StaticText to exist
    t =    18.94s     Checking `Expect predicate `existsNoRetry == 1` for object "parlor-dsc01-state" StaticText`
    t =    18.94s         Checking existence of `"parlor-dsc01-state" StaticText`
    t =    18.95s Find the "parlor-dsc01-state" StaticText
    t =    18.96s Tap "parlor-dsc01-observe" Button
    t =    18.96s     Wait for com.parlor.app.debug to idle
    t =    18.96s     Find the "parlor-dsc01-observe" Button
    t =    18.98s     Check for interrupting elements affecting "parlor-dsc01-observe" Button
    t =    18.99s     Synthesize event
    t =    19.28s     Wait for com.parlor.app.debug to idle
    t =    20.31s Find the "parlor-dsc01-state" StaticText
    t =    20.34s Waiting 10.0s for "parlor-dsc01-state" StaticText to exist
    t =    21.36s     Checking `Expect predicate `existsNoRetry == 1` for object "parlor-dsc01-state" StaticText`
    t =    21.36s         Checking existence of `"parlor-dsc01-state" StaticText`
    t =    21.39s Find the "parlor-dsc01-state" StaticText
    t =    21.41s Waiting 10.0s for "parlor-dsc01-state" StaticText to exist
    t =    22.44s     Checking `Expect predicate `existsNoRetry == 1` for object "parlor-dsc01-state" StaticText`
    t =    22.44s         Checking existence of `"parlor-dsc01-state" StaticText`
    t =    22.46s Find the "parlor-dsc01-state" StaticText
    t =    22.47s Tap "parlor-dsc01-observe" Button
    t =    22.47s     Wait for com.parlor.app.debug to idle
    t =    22.47s     Find the "parlor-dsc01-observe" Button
    t =    22.48s     Check for interrupting elements affecting "parlor-dsc01-observe" Button
    t =    22.50s     Synthesize event
    t =    22.78s     Wait for com.parlor.app.debug to idle
    t =    23.84s Find the "parlor-dsc01-state" StaticText
    t =    23.86s Waiting 10.0s for "parlor-dsc01-state" StaticText to exist
    t =    24.87s     Checking `Expect predicate `existsNoRetry == 1` for object "parlor-dsc01-state" StaticText`
    t =    24.87s         Checking existence of `"parlor-dsc01-state" StaticText`
    t =    24.90s Find the "parlor-dsc01-state" StaticText
    t =    24.92s Terminate com.parlor.app.debug:8127
    t =    25.98s Wait for com.parlor.app.debug to become Not Running
    t =    25.98s Open com.parlor.app.debug
    t =    25.98s     Launch com.parlor.app.debug
2026-09-06 19:29:02.588 xcodebuild[7145:2882179] [MT] IDELaunchParametersSnapshot: The operation couldn’t be completed. (DebuggerLLDB.DebuggerVersionStore.StoreError error 0.)
2026-09-06 19:29:02.588 xcodebuild[7145:2882179] [MT] IDELaunchParametersSnapshot: no debugger version
    t =    26.19s         Setting up automation session
    t =    26.78s         Wait for com.parlor.app.debug to idle
    t =    28.03s Wait for com.parlor.app.debug to become Running Foreground
    t =    28.03s Waiting 30.0s for "parlor-home-brand" StaticText to exist
    t =    29.04s     Checking `Expect predicate `existsNoRetry == 1` for object "parlor-home-brand" StaticText`
    t =    29.05s         Checking existence of `"parlor-home-brand" StaticText`
    t =    29.11s Waiting 10.0s for "parlor-dsc01-observe" Button to exist
    t =    30.16s     Checking `Expect predicate `existsNoRetry == 1` for object "parlor-dsc01-observe" Button`
    t =    30.16s         Checking existence of `"parlor-dsc01-observe" Button`
    t =    30.17s Checking existence of `Alert (First Match)`
    t =    30.19s Waiting 10.0s for "parlor-dsc01-state" StaticText to exist
    t =    31.19s     Checking `Expect predicate `existsNoRetry == 1` for object "parlor-dsc01-state" StaticText`
    t =    31.19s         Checking existence of `"parlor-dsc01-state" StaticText`
    t =    31.21s Find the "parlor-dsc01-state" StaticText
    t =    31.22s Tap "parlor-dsc01-observe" Button
    t =    31.22s     Wait for com.parlor.app.debug to idle
    t =    31.23s     Find the "parlor-dsc01-observe" Button
    t =    31.24s     Check for interrupting elements affecting "parlor-dsc01-observe" Button
    t =    31.25s     Synthesize event
    t =    31.54s     Wait for com.parlor.app.debug to idle
    t =    32.56s Find the "parlor-dsc01-state" StaticText
    t =    32.58s Waiting 10.0s for "parlor-dsc01-state" StaticText to exist
    t =    33.59s     Checking `Expect predicate `existsNoRetry == 1` for object "parlor-dsc01-state" StaticText`
    t =    33.59s         Checking existence of `"parlor-dsc01-state" StaticText`
    t =    33.62s Find the "parlor-dsc01-state" StaticText
    t =    33.64s Waiting 15.0s for Any (First Match) to exist
    t =    34.66s     Checking `Expect predicate `existsNoRetry == 1` for object Any (First Match)`
    t =    34.66s         Checking existence of `Any (First Match)`
    t =    34.68s Get all elements bound by index for: Elements matching predicate 'label == "افتح الإعدادات., الإعدادات"'
    t =    34.69s Find the Any (Element at index 0)
    t =    34.71s Tap "افتح الإعدادات., الإعدادات" Button
    t =    34.71s     Wait for com.parlor.app.debug to idle
    t =    34.71s     Find the "افتح الإعدادات., الإعدادات" Button
    t =    34.73s     Check for interrupting elements affecting "افتح الإعدادات., الإعدادات" Button
    t =    34.74s     Synthesize event
    t =    35.03s     Wait for com.parlor.app.debug to idle
    t =    35.03s Waiting 15.0s for Any (First Match) to exist
    t =    36.06s     Checking `Expect predicate `existsNoRetry == 1` for object Any (First Match)`
    t =    36.06s         Checking existence of `Any (First Match)`
    t =    36.10s Checking existence of `Any (First Match)`
    t =    36.11s Waiting 10.0s for "parlor-dsc01-state" StaticText to exist
    t =    37.14s     Checking `Expect predicate `existsNoRetry == 1` for object "parlor-dsc01-state" StaticText`
    t =    37.14s         Checking existence of `"parlor-dsc01-state" StaticText`
    t =    37.17s Find the "parlor-dsc01-state" StaticText
    t =    37.18s Tap "parlor-dsc01-observe" Button
    t =    37.18s     Wait for com.parlor.app.debug to idle
    t =    37.19s     Find the "parlor-dsc01-observe" Button
    t =    37.20s     Check for interrupting elements affecting "parlor-dsc01-observe" Button
    t =    37.21s     Synthesize event
    t =    37.50s     Wait for com.parlor.app.debug to idle
    t =    38.54s Find the "parlor-dsc01-state" StaticText
    t =    38.57s Waiting 10.0s for "parlor-dsc01-state" StaticText to exist
    t =    39.61s     Checking `Expect predicate `existsNoRetry == 1` for object "parlor-dsc01-state" StaticText`
    t =    39.61s         Checking existence of `"parlor-dsc01-state" StaticText`
    t =    39.64s Find the "parlor-dsc01-state" StaticText
    t =    39.65s Waiting 15.0s for Any (First Match) to exist
    t =    40.69s     Checking `Expect predicate `existsNoRetry == 1` for object Any (First Match)`
    t =    40.69s         Checking existence of `Any (First Match)`
    t =    40.72s Get all elements bound by index for: Elements matching predicate 'label == "لغة النظام"'
    t =    40.74s Find the Any (Element at index 0)
    t =    40.75s Tap "لغة النظام" Button
    t =    40.76s     Wait for com.parlor.app.debug to idle
    t =    40.76s     Find the "لغة النظام" Button
    t =    40.77s     Check for interrupting elements affecting "لغة النظام" Button
    t =    40.78s     Synthesize event
    t =    41.06s     Wait for com.parlor.app.debug to idle
    t =    41.06s Waiting 15.0s for Any (First Match) to exist
    t =    42.09s     Checking `Expect predicate `existsNoRetry == 1` for object Any (First Match)`
    t =    42.09s         Checking existence of `Any (First Match)`
    t =    42.13s Checking existence of `Any (First Match)`
    t =    42.14s Waiting 10.0s for "parlor-dsc01-state" StaticText to exist
    t =    43.16s     Checking `Expect predicate `existsNoRetry == 1` for object "parlor-dsc01-state" StaticText`
    t =    43.16s         Checking existence of `"parlor-dsc01-state" StaticText`
    t =    43.18s Find the "parlor-dsc01-state" StaticText
    t =    43.20s Tap "parlor-dsc01-observe" Button
    t =    43.20s     Wait for com.parlor.app.debug to idle
    t =    43.20s     Find the "parlor-dsc01-observe" Button
    t =    43.21s     Check for interrupting elements affecting "parlor-dsc01-observe" Button
    t =    43.23s     Synthesize event
    t =    43.51s     Wait for com.parlor.app.debug to idle
    t =    44.58s Find the "parlor-dsc01-state" StaticText
    t =    44.61s Waiting 10.0s for "parlor-dsc01-state" StaticText to exist
    t =    45.66s     Checking `Expect predicate `existsNoRetry == 1` for object "parlor-dsc01-state" StaticText`
    t =    45.66s         Checking existence of `"parlor-dsc01-state" StaticText`
    t =    45.68s Find the "parlor-dsc01-state" StaticText
    t =    45.70s Waiting 10.0s for "parlor-dsc01-state" StaticText to exist
    t =    46.76s     Checking `Expect predicate `existsNoRetry == 1` for object "parlor-dsc01-state" StaticText`
    t =    46.76s         Checking existence of `"parlor-dsc01-state" StaticText`
    t =    46.79s Find the "parlor-dsc01-state" StaticText
    t =    46.80s Tap "parlor-dsc01-observe" Button
    t =    46.80s     Wait for com.parlor.app.debug to idle
    t =    46.80s     Find the "parlor-dsc01-observe" Button
    t =    46.82s     Check for interrupting elements affecting "parlor-dsc01-observe" Button
    t =    46.83s     Synthesize event
    t =    47.11s     Wait for com.parlor.app.debug to idle
    t =    48.16s Find the "parlor-dsc01-state" StaticText
    t =    48.19s Waiting 10.0s for "parlor-dsc01-state" StaticText to exist
    t =    49.23s     Checking `Expect predicate `existsNoRetry == 1` for object "parlor-dsc01-state" StaticText`
    t =    49.23s         Checking existence of `"parlor-dsc01-state" StaticText`
    t =    49.25s Find the "parlor-dsc01-state" StaticText
    t =    49.26s Terminate com.parlor.app.debug:8293
    t =    50.33s Wait for com.parlor.app.debug to become Not Running
    t =    50.33s Open com.parlor.app.debug
    t =    50.33s     Launch com.parlor.app.debug
2026-09-06 19:29:26.940 xcodebuild[7145:2882179] [MT] IDELaunchParametersSnapshot: The operation couldn’t be completed. (DebuggerLLDB.DebuggerVersionStore.StoreError error 0.)
2026-09-06 19:29:26.940 xcodebuild[7145:2882179] [MT] IDELaunchParametersSnapshot: no debugger version
    t =    50.54s         Setting up automation session
    t =    51.14s         Wait for com.parlor.app.debug to idle
    t =    52.38s Wait for com.parlor.app.debug to become Running Foreground
    t =    52.38s Waiting 30.0s for "parlor-home-brand" StaticText to exist
    t =    53.41s     Checking `Expect predicate `existsNoRetry == 1` for object "parlor-home-brand" StaticText`
    t =    53.41s         Checking existence of `"parlor-home-brand" StaticText`
    t =    53.49s Waiting 10.0s for "parlor-dsc01-observe" Button to exist
    t =    54.52s     Checking `Expect predicate `existsNoRetry == 1` for object "parlor-dsc01-observe" Button`
    t =    54.52s         Checking existence of `"parlor-dsc01-observe" Button`
    t =    54.55s Checking existence of `Alert (First Match)`
    t =    54.57s Waiting 10.0s for "parlor-dsc01-state" StaticText to exist
    t =    55.59s     Checking `Expect predicate `existsNoRetry == 1` for object "parlor-dsc01-state" StaticText`
    t =    55.59s         Checking existence of `"parlor-dsc01-state" StaticText`
    t =    55.62s Find the "parlor-dsc01-state" StaticText
    t =    55.64s Tap "parlor-dsc01-observe" Button
    t =    55.64s     Wait for com.parlor.app.debug to idle
    t =    55.64s     Find the "parlor-dsc01-observe" Button
    t =    55.65s     Check for interrupting elements affecting "parlor-dsc01-observe" Button
    t =    55.66s     Synthesize event
    t =    55.94s     Wait for com.parlor.app.debug to idle
    t =    57.00s Find the "parlor-dsc01-state" StaticText
    t =    57.02s Waiting 10.0s for "parlor-dsc01-state" StaticText to exist
    t =    58.06s     Checking `Expect predicate `existsNoRetry == 1` for object "parlor-dsc01-state" StaticText`
    t =    58.06s         Checking existence of `"parlor-dsc01-state" StaticText`
    t =    58.08s Find the "parlor-dsc01-state" StaticText
    t =    58.10s Waiting 15.0s for Any (First Match) to exist
    t =    59.14s     Checking `Expect predicate `existsNoRetry == 1` for object Any (First Match)`
    t =    59.14s         Checking existence of `Any (First Match)`
    t =    59.18s Get all elements bound by index for: Elements matching predicate 'label == "افتح الإعدادات., الإعدادات"'
    t =    59.19s Find the Any (Element at index 0)
    t =    59.21s Tap "افتح الإعدادات., الإعدادات" Button
    t =    59.21s     Wait for com.parlor.app.debug to idle
    t =    59.21s     Find the "افتح الإعدادات., الإعدادات" Button
    t =    59.22s     Check for interrupting elements affecting "افتح الإعدادات., الإعدادات" Button
    t =    59.23s     Synthesize event
    t =    59.51s     Wait for com.parlor.app.debug to idle
    t =    59.52s Waiting 15.0s for Any (First Match) to exist
    t =    60.56s     Checking `Expect predicate `existsNoRetry == 1` for object Any (First Match)`
    t =    60.56s         Checking existence of `Any (First Match)`
    t =    60.58s Checking existence of `Any (First Match)`
    t =    60.60s Waiting 10.0s for "parlor-dsc01-state" StaticText to exist
    t =    61.64s     Checking `Expect predicate `existsNoRetry == 1` for object "parlor-dsc01-state" StaticText`
    t =    61.64s         Checking existence of `"parlor-dsc01-state" StaticText`
    t =    61.68s Find the "parlor-dsc01-state" StaticText
    t =    61.69s Tap "parlor-dsc01-observe" Button
    t =    61.69s     Wait for com.parlor.app.debug to idle
    t =    61.70s     Find the "parlor-dsc01-observe" Button
    t =    61.71s     Check for interrupting elements affecting "parlor-dsc01-observe" Button
    t =    61.72s     Synthesize event
    t =    62.01s     Wait for com.parlor.app.debug to idle
    t =    63.06s Find the "parlor-dsc01-state" StaticText
    t =    63.08s Waiting 10.0s for "parlor-dsc01-state" StaticText to exist
    t =    64.14s     Checking `Expect predicate `existsNoRetry == 1` for object "parlor-dsc01-state" StaticText`
    t =    64.14s         Checking existence of `"parlor-dsc01-state" StaticText`
    t =    64.17s Find the "parlor-dsc01-state" StaticText
    t =    64.19s Waiting 15.0s for Any (First Match) to exist
    t =    65.23s     Checking `Expect predicate `existsNoRetry == 1` for object Any (First Match)`
    t =    65.23s         Checking existence of `Any (First Match)`
    t =    65.27s Get all elements bound by index for: Elements matching predicate 'label == "English"'
    t =    65.28s Find the Any (Element at index 0)
    t =    65.30s Tap "English" Button
    t =    65.30s     Wait for com.parlor.app.debug to idle
    t =    65.30s     Find the "English" Button
    t =    65.31s     Check for interrupting elements affecting "English" Button
    t =    65.33s     Synthesize event
    t =    65.61s     Wait for com.parlor.app.debug to idle
    t =    65.61s Waiting 15.0s for Any (First Match) to exist
    t =    66.66s     Checking `Expect predicate `existsNoRetry == 1` for object Any (First Match)`
    t =    66.66s         Checking existence of `Any (First Match)`
    t =    66.69s Checking existence of `Any (First Match)`
    t =    66.70s Waiting 10.0s for "parlor-dsc01-state" StaticText to exist
    t =    67.74s     Checking `Expect predicate `existsNoRetry == 1` for object "parlor-dsc01-state" StaticText`
    t =    67.74s         Checking existence of `"parlor-dsc01-state" StaticText`
    t =    67.77s Find the "parlor-dsc01-state" StaticText
    t =    67.79s Tap "parlor-dsc01-observe" Button
    t =    67.79s     Wait for com.parlor.app.debug to idle
    t =    67.79s     Find the "parlor-dsc01-observe" Button
    t =    67.81s     Check for interrupting elements affecting "parlor-dsc01-observe" Button
    t =    67.82s     Synthesize event
    t =    68.11s     Wait for com.parlor.app.debug to idle
    t =    69.16s Find the "parlor-dsc01-state" StaticText
    t =    69.18s Waiting 10.0s for "parlor-dsc01-state" StaticText to exist
    t =    70.24s     Checking `Expect predicate `existsNoRetry == 1` for object "parlor-dsc01-state" StaticText`
    t =    70.24s         Checking existence of `"parlor-dsc01-state" StaticText`
    t =    70.27s Find the "parlor-dsc01-state" StaticText
    t =    70.29s Waiting 10.0s for "parlor-dsc01-state" StaticText to exist
    t =    71.34s     Checking `Expect predicate `existsNoRetry == 1` for object "parlor-dsc01-state" StaticText`
    t =    71.34s         Checking existence of `"parlor-dsc01-state" StaticText`
    t =    71.37s Find the "parlor-dsc01-state" StaticText
    t =    71.38s Tap "parlor-dsc01-observe" Button
    t =    71.38s     Wait for com.parlor.app.debug to idle
    t =    71.38s     Find the "parlor-dsc01-observe" Button
    t =    71.39s     Check for interrupting elements affecting "parlor-dsc01-observe" Button
    t =    71.41s     Synthesize event
    t =    71.68s     Wait for com.parlor.app.debug to idle
    t =    72.74s Find the "parlor-dsc01-state" StaticText
    t =    72.76s Waiting 10.0s for "parlor-dsc01-state" StaticText to exist
    t =    73.79s     Checking `Expect predicate `existsNoRetry == 1` for object "parlor-dsc01-state" StaticText`
    t =    73.79s         Checking existence of `"parlor-dsc01-state" StaticText`
    t =    73.82s Find the "parlor-dsc01-state" StaticText
    t =    73.84s Terminate com.parlor.app.debug:8377
    t =    74.91s Wait for com.parlor.app.debug to become Not Running
    t =    74.91s Open com.parlor.app.debug
    t =    74.91s     Launch com.parlor.app.debug
2026-09-06 19:29:51.517 xcodebuild[7145:2882179] [MT] IDELaunchParametersSnapshot: The operation couldn’t be completed. (DebuggerLLDB.DebuggerVersionStore.StoreError error 0.)
2026-09-06 19:29:51.517 xcodebuild[7145:2882179] [MT] IDELaunchParametersSnapshot: no debugger version
    t =    75.12s         Setting up automation session
    t =    75.70s         Wait for com.parlor.app.debug to idle
    t =    76.93s Wait for com.parlor.app.debug to become Running Foreground
    t =    76.94s Waiting 30.0s for "parlor-home-brand" StaticText to exist
    t =    77.96s     Checking `Expect predicate `existsNoRetry == 1` for object "parlor-home-brand" StaticText`
    t =    77.97s         Checking existence of `"parlor-home-brand" StaticText`
    t =    78.04s Waiting 10.0s for "parlor-dsc01-observe" Button to exist
    t =    79.09s     Checking `Expect predicate `existsNoRetry == 1` for object "parlor-dsc01-observe" Button`
    t =    79.09s         Checking existence of `"parlor-dsc01-observe" Button`
    t =    79.12s Checking existence of `Alert (First Match)`
    t =    79.14s Waiting 10.0s for "parlor-dsc01-state" StaticText to exist
    t =    80.18s     Checking `Expect predicate `existsNoRetry == 1` for object "parlor-dsc01-state" StaticText`
    t =    80.18s         Checking existence of `"parlor-dsc01-state" StaticText`
    t =    80.21s Find the "parlor-dsc01-state" StaticText
    t =    80.22s Tap "parlor-dsc01-observe" Button
    t =    80.22s     Wait for com.parlor.app.debug to idle
    t =    80.23s     Find the "parlor-dsc01-observe" Button
    t =    80.24s     Check for interrupting elements affecting "parlor-dsc01-observe" Button
    t =    80.25s     Synthesize event
    t =    80.54s     Wait for com.parlor.app.debug to idle
    t =    81.58s Find the "parlor-dsc01-state" StaticText
    t =    81.61s Waiting 10.0s for "parlor-dsc01-state" StaticText to exist
    t =    82.64s     Checking `Expect predicate `existsNoRetry == 1` for object "parlor-dsc01-state" StaticText`
    t =    82.64s         Checking existence of `"parlor-dsc01-state" StaticText`
    t =    82.67s Find the "parlor-dsc01-state" StaticText
    t =    82.69s Waiting 15.0s for Any (First Match) to exist
    t =    83.72s     Checking `Expect predicate `existsNoRetry == 1` for object Any (First Match)`
    t =    83.72s         Checking existence of `Any (First Match)`
    t =    83.75s Get all elements bound by index for: Elements matching predicate 'label == "Open settings., SETTINGS"'
    t =    83.76s Find the Any (Element at index 0)
    t =    83.78s Tap "Open settings., SETTINGS" Button
    t =    83.78s     Wait for com.parlor.app.debug to idle
    t =    83.78s     Find the "Open settings., SETTINGS" Button
    t =    83.79s     Check for interrupting elements affecting "Open settings., SETTINGS" Button
    t =    83.80s     Synthesize event
    t =    84.08s     Wait for com.parlor.app.debug to idle
    t =    84.08s Waiting 15.0s for Any (First Match) to exist
    t =    85.12s     Checking `Expect predicate `existsNoRetry == 1` for object Any (First Match)`
    t =    85.13s         Checking existence of `Any (First Match)`
    t =    85.16s Checking existence of `Any (First Match)`
    t =    85.18s Waiting 10.0s for "parlor-dsc01-state" StaticText to exist
    t =    86.23s     Checking `Expect predicate `existsNoRetry == 1` for object "parlor-dsc01-state" StaticText`
    t =    86.23s         Checking existence of `"parlor-dsc01-state" StaticText`
    t =    86.25s Find the "parlor-dsc01-state" StaticText
    t =    86.27s Tap "parlor-dsc01-observe" Button
    t =    86.27s     Wait for com.parlor.app.debug to idle
    t =    86.27s     Find the "parlor-dsc01-observe" Button
    t =    86.28s     Check for interrupting elements affecting "parlor-dsc01-observe" Button
    t =    86.30s     Synthesize event
    t =    86.58s     Wait for com.parlor.app.debug to idle
    t =    87.63s Find the "parlor-dsc01-state" StaticText
    t =    87.64s Waiting 10.0s for "parlor-dsc01-state" StaticText to exist
    t =    88.67s     Checking `Expect predicate `existsNoRetry == 1` for object "parlor-dsc01-state" StaticText`
    t =    88.67s         Checking existence of `"parlor-dsc01-state" StaticText`
    t =    88.70s Find the "parlor-dsc01-state" StaticText
    t =    88.72s Waiting 15.0s for Any (First Match) to exist
    t =    89.76s     Checking `Expect predicate `existsNoRetry == 1` for object Any (First Match)`
    t =    89.76s         Checking existence of `Any (First Match)`
    t =    89.78s Get all elements bound by index for: Elements matching predicate 'label == "System language"'
    t =    89.80s Find the Any (Element at index 0)
    t =    89.82s Tap "System language" Button
    t =    89.82s     Wait for com.parlor.app.debug to idle
    t =    89.82s     Find the "System language" Button
    t =    89.83s     Check for interrupting elements affecting "System language" Button
    t =    89.84s     Synthesize event
    t =    90.13s     Wait for com.parlor.app.debug to idle
    t =    90.13s Waiting 15.0s for Any (First Match) to exist
    t =    91.18s     Checking `Expect predicate `existsNoRetry == 1` for object Any (First Match)`
    t =    91.18s         Checking existence of `Any (First Match)`
    t =    91.21s Checking existence of `Any (First Match)`
    t =    91.23s Waiting 10.0s for "parlor-dsc01-state" StaticText to exist
    t =    92.26s     Checking `Expect predicate `existsNoRetry == 1` for object "parlor-dsc01-state" StaticText`
    t =    92.26s         Checking existence of `"parlor-dsc01-state" StaticText`
    t =    92.28s Find the "parlor-dsc01-state" StaticText
    t =    92.30s Tap "parlor-dsc01-observe" Button
    t =    92.30s     Wait for com.parlor.app.debug to idle
    t =    92.30s     Find the "parlor-dsc01-observe" Button
    t =    92.31s     Check for interrupting elements affecting "parlor-dsc01-observe" Button
    t =    92.32s     Synthesize event
    t =    92.61s     Wait for com.parlor.app.debug to idle
    t =    93.66s Find the "parlor-dsc01-state" StaticText
    t =    93.69s Waiting 10.0s for "parlor-dsc01-state" StaticText to exist
    t =    94.74s     Checking `Expect predicate `existsNoRetry == 1` for object "parlor-dsc01-state" StaticText`
    t =    94.74s         Checking existence of `"parlor-dsc01-state" StaticText`
    t =    94.77s Find the "parlor-dsc01-state" StaticText
    t =    94.79s Waiting 10.0s for "parlor-dsc01-state" StaticText to exist
    t =    95.84s     Checking `Expect predicate `existsNoRetry == 1` for object "parlor-dsc01-state" StaticText`
    t =    95.84s         Checking existence of `"parlor-dsc01-state" StaticText`
    t =    95.87s Find the "parlor-dsc01-state" StaticText
    t =    95.89s Tap "parlor-dsc01-observe" Button
    t =    95.89s     Wait for com.parlor.app.debug to idle
    t =    95.89s     Find the "parlor-dsc01-observe" Button
    t =    95.90s     Check for interrupting elements affecting "parlor-dsc01-observe" Button
    t =    95.92s     Synthesize event
    t =    96.20s     Wait for com.parlor.app.debug to idle
    t =    97.25s Find the "parlor-dsc01-state" StaticText
    t =    97.28s Waiting 10.0s for "parlor-dsc01-state" StaticText to exist
    t =    98.31s     Checking `Expect predicate `existsNoRetry == 1` for object "parlor-dsc01-state" StaticText`
    t =    98.31s         Checking existence of `"parlor-dsc01-state" StaticText`
    t =    98.33s Find the "parlor-dsc01-state" StaticText
    t =    98.35s Tap "parlor-dsc01-complete" Button
    t =    98.35s     Wait for com.parlor.app.debug to idle
    t =    98.35s     Find the "parlor-dsc01-complete" Button
    t =    98.37s     Check for interrupting elements affecting "parlor-dsc01-complete" Button
    t =    98.38s     Synthesize event
    t =    98.66s     Wait for com.parlor.app.debug to idle
    t =    98.67s Waiting 10.0s for "parlor-dsc01-state" StaticText to exist
    t =    99.71s     Checking `Expect predicate `existsNoRetry == 1` for object "parlor-dsc01-state" StaticText`
    t =    99.71s         Checking existence of `"parlor-dsc01-state" StaticText`
    t =    99.74s Find the "parlor-dsc01-state" StaticText
    t =    99.76s Tap "parlor-dsc01-observe" Button
    t =    99.76s     Wait for com.parlor.app.debug to idle
    t =    99.76s     Find the "parlor-dsc01-observe" Button
    t =    99.77s     Check for interrupting elements affecting "parlor-dsc01-observe" Button
    t =    99.79s     Synthesize event
    t =   100.07s     Wait for com.parlor.app.debug to idle
    t =   101.11s Find the "parlor-dsc01-state" StaticText
    t =   101.14s Waiting 10.0s for "parlor-dsc01-state" StaticText to exist
    t =   102.16s     Checking `Expect predicate `existsNoRetry == 1` for object "parlor-dsc01-state" StaticText`
    t =   102.16s         Checking existence of `"parlor-dsc01-state" StaticText`
    t =   102.18s Find the "parlor-dsc01-state" StaticText
    t =   102.19s Terminate com.parlor.app.debug:8542
    t =   103.24s Wait for com.parlor.app.debug to become Not Running
    t =   103.24s Open com.parlor.app.debug
    t =   103.24s     Launch com.parlor.app.debug
2026-09-06 19:30:19.853 xcodebuild[7145:2882179] [MT] IDELaunchParametersSnapshot: The operation couldn’t be completed. (DebuggerLLDB.DebuggerVersionStore.StoreError error 0.)
2026-09-06 19:30:19.853 xcodebuild[7145:2882179] [MT] IDELaunchParametersSnapshot: no debugger version
    t =   103.46s         Setting up automation session
    t =   104.05s         Wait for com.parlor.app.debug to idle
    t =   105.27s Wait for com.parlor.app.debug to become Running Foreground
    t =   105.27s Waiting 30.0s for "parlor-home-brand" StaticText to exist
    t =   106.29s     Checking `Expect predicate `existsNoRetry == 1` for object "parlor-home-brand" StaticText`
    t =   106.29s         Checking existence of `"parlor-home-brand" StaticText`
    t =   106.36s Waiting 10.0s for "parlor-dsc01-observe" Button to exist
    t =   107.38s     Checking `Expect predicate `existsNoRetry == 1` for object "parlor-dsc01-observe" Button`
    t =   107.38s         Checking existence of `"parlor-dsc01-observe" Button`
    t =   107.39s Checking existence of `Alert (First Match)`
    t =   107.41s Waiting 10.0s for "parlor-dsc01-state" StaticText to exist
    t =   108.44s     Checking `Expect predicate `existsNoRetry == 1` for object "parlor-dsc01-state" StaticText`
    t =   108.44s         Checking existence of `"parlor-dsc01-state" StaticText`
    t =   108.47s Find the "parlor-dsc01-state" StaticText
    t =   108.48s Tap "parlor-dsc01-observe" Button
    t =   108.48s     Wait for com.parlor.app.debug to idle
    t =   108.49s     Find the "parlor-dsc01-observe" Button
    t =   108.50s     Check for interrupting elements affecting "parlor-dsc01-observe" Button
    t =   108.51s     Synthesize event
    t =   108.79s     Wait for com.parlor.app.debug to idle
    t =   109.83s Find the "parlor-dsc01-state" StaticText
    t =   109.84s Waiting 10.0s for "parlor-dsc01-state" StaticText to exist
    t =   110.88s     Checking `Expect predicate `existsNoRetry == 1` for object "parlor-dsc01-state" StaticText`
    t =   110.88s         Checking existence of `"parlor-dsc01-state" StaticText`
    t =   110.89s Find the "parlor-dsc01-state" StaticText
    t =   110.91s Waiting 10.0s for "parlor-dsc01-state" StaticText to exist
    t =   111.94s     Checking `Expect predicate `existsNoRetry == 1` for object "parlor-dsc01-state" StaticText`
    t =   111.94s         Checking existence of `"parlor-dsc01-state" StaticText`
    t =   111.97s Find the "parlor-dsc01-state" StaticText
    t =   111.98s Tap "parlor-dsc01-observe" Button
    t =   111.98s     Wait for com.parlor.app.debug to idle
    t =   111.98s     Find the "parlor-dsc01-observe" Button
    t =   112.00s     Check for interrupting elements affecting "parlor-dsc01-observe" Button
    t =   112.01s     Synthesize event
    t =   112.29s     Wait for com.parlor.app.debug to idle
    t =   113.34s Find the "parlor-dsc01-state" StaticText
    t =   113.37s Waiting 10.0s for "parlor-dsc01-state" StaticText to exist
    t =   114.39s     Checking `Expect predicate `existsNoRetry == 1` for object "parlor-dsc01-state" StaticText`
    t =   114.39s         Checking existence of `"parlor-dsc01-state" StaticText`
    t =   114.42s Find the "parlor-dsc01-state" StaticText
    t =   114.44s Waiting 15.0s for Any (First Match) to exist
    t =   115.47s     Checking `Expect predicate `existsNoRetry == 1` for object Any (First Match)`
    t =   115.47s         Checking existence of `Any (First Match)`
    t =   115.49s Get all elements bound by index for: Elements matching predicate 'label == "افتح الإعدادات., الإعدادات"'
    t =   115.51s Find the Any (Element at index 0)
    t =   115.52s Tap "افتح الإعدادات., الإعدادات" Button
    t =   115.52s     Wait for com.parlor.app.debug to idle
    t =   115.53s     Find the "افتح الإعدادات., الإعدادات" Button
    t =   115.54s     Check for interrupting elements affecting "افتح الإعدادات., الإعدادات" Button
    t =   115.55s     Synthesize event
    t =   115.83s     Wait for com.parlor.app.debug to idle
    t =   115.83s Waiting 15.0s for Any (First Match) to exist
    t =   116.86s     Checking `Expect predicate `existsNoRetry == 1` for object Any (First Match)`
    t =   116.86s         Checking existence of `Any (First Match)`
    t =   116.89s Checking existence of `Any (First Match)`
    t =   116.91s Waiting 10.0s for "parlor-dsc01-state" StaticText to exist
    t =   117.96s     Checking `Expect predicate `existsNoRetry == 1` for object "parlor-dsc01-state" StaticText`
    t =   117.96s         Checking existence of `"parlor-dsc01-state" StaticText`
    t =   117.99s Find the "parlor-dsc01-state" StaticText
    t =   118.00s Tap "parlor-dsc01-observe" Button
    t =   118.00s     Wait for com.parlor.app.debug to idle
    t =   118.01s     Find the "parlor-dsc01-observe" Button
    t =   118.02s     Check for interrupting elements affecting "parlor-dsc01-observe" Button
    t =   118.03s     Synthesize event
    t =   118.31s     Wait for com.parlor.app.debug to idle
    t =   119.36s Find the "parlor-dsc01-state" StaticText
    t =   119.39s Waiting 10.0s for "parlor-dsc01-state" StaticText to exist
    t =   120.41s     Checking `Expect predicate `existsNoRetry == 1` for object "parlor-dsc01-state" StaticText`
    t =   120.41s         Checking existence of `"parlor-dsc01-state" StaticText`
    t =   120.42s Find the "parlor-dsc01-state" StaticText
    t =   120.43s Waiting 15.0s for Any (First Match) to exist
    t =   121.47s     Checking `Expect predicate `existsNoRetry == 1` for object Any (First Match)`
    t =   121.47s         Checking existence of `Any (First Match)`
    t =   121.51s Get all elements bound by index for: Elements matching predicate 'label == "English"'
    t =   121.52s Find the Any (Element at index 0)
    t =   121.54s Tap "English" Button
    t =   121.54s     Wait for com.parlor.app.debug to idle
    t =   121.54s     Find the "English" Button
    t =   121.56s     Check for interrupting elements affecting "English" Button
    t =   121.57s     Synthesize event
    t =   121.85s     Wait for com.parlor.app.debug to idle
    t =   121.86s Waiting 15.0s for Any (First Match) to exist
    t =   122.86s     Checking `Expect predicate `existsNoRetry == 1` for object Any (First Match)`
    t =   122.86s         Checking existence of `Any (First Match)`
    t =   122.89s Checking existence of `Any (First Match)`
    t =   122.90s Waiting 10.0s for "parlor-dsc01-state" StaticText to exist
    t =   123.94s     Checking `Expect predicate `existsNoRetry == 1` for object "parlor-dsc01-state" StaticText`
    t =   123.94s         Checking existence of `"parlor-dsc01-state" StaticText`
    t =   123.97s Find the "parlor-dsc01-state" StaticText
    t =   123.99s Tap "parlor-dsc01-observe" Button
    t =   123.99s     Wait for com.parlor.app.debug to idle
    t =   123.99s     Find the "parlor-dsc01-observe" Button
    t =   124.00s     Check for interrupting elements affecting "parlor-dsc01-observe" Button
    t =   124.01s     Synthesize event
    t =   124.29s     Wait for com.parlor.app.debug to idle
    t =   125.34s Find the "parlor-dsc01-state" StaticText
    t =   125.37s Waiting 10.0s for "parlor-dsc01-state" StaticText to exist
    t =   126.39s     Checking `Expect predicate `existsNoRetry == 1` for object "parlor-dsc01-state" StaticText`
    t =   126.39s         Checking existence of `"parlor-dsc01-state" StaticText`
    t =   126.40s Find the "parlor-dsc01-state" StaticText
    t =   126.41s Waiting 10.0s for "parlor-dsc01-state" StaticText to exist
    t =   127.44s     Checking `Expect predicate `existsNoRetry == 1` for object "parlor-dsc01-state" StaticText`
    t =   127.44s         Checking existence of `"parlor-dsc01-state" StaticText`
    t =   127.45s Find the "parlor-dsc01-state" StaticText
    t =   127.46s Tap "parlor-dsc01-observe" Button
    t =   127.46s     Wait for com.parlor.app.debug to idle
    t =   127.46s     Find the "parlor-dsc01-observe" Button
    t =   127.48s     Check for interrupting elements affecting "parlor-dsc01-observe" Button
    t =   127.49s     Synthesize event
    t =   127.78s     Wait for com.parlor.app.debug to idle
    t =   128.82s Find the "parlor-dsc01-state" StaticText
    t =   128.85s Waiting 10.0s for "parlor-dsc01-state" StaticText to exist
    t =   129.86s     Checking `Expect predicate `existsNoRetry == 1` for object "parlor-dsc01-state" StaticText`
    t =   129.86s         Checking existence of `"parlor-dsc01-state" StaticText`
    t =   129.89s Find the "parlor-dsc01-state" StaticText
    t =   129.90s Waiting 15.0s for Any (First Match) to exist
    t =   130.93s     Checking `Expect predicate `existsNoRetry == 1` for object Any (First Match)`
    t =   130.93s         Checking existence of `Any (First Match)`
    t =   130.97s Get all elements bound by index for: Elements matching predicate 'label == "Open the game library., GAMES"'
    t =   130.98s Find the Any (Element at index 0)
    t =   131.00s Tap "Open the game library., GAMES" Button
    t =   131.00s     Wait for com.parlor.app.debug to idle
    t =   131.00s     Find the "Open the game library., GAMES" Button
    t =   131.01s     Check for interrupting elements affecting "Open the game library., GAMES" Button
    t =   131.03s     Synthesize event
    t =   131.31s     Wait for com.parlor.app.debug to idle
    t =   131.31s Waiting 15.0s for "parlor-home-brand" StaticText to exist
    t =   132.36s     Checking `Expect predicate `existsNoRetry == 1` for object "parlor-home-brand" StaticText`
    t =   132.36s         Checking existence of `"parlor-home-brand" StaticText`
    t =   132.38s Waiting 10.0s for "parlor-dsc01-state" StaticText to exist
    t =   133.39s     Checking `Expect predicate `existsNoRetry == 1` for object "parlor-dsc01-state" StaticText`
    t =   133.39s         Checking existence of `"parlor-dsc01-state" StaticText`
    t =   133.40s Find the "parlor-dsc01-state" StaticText
    t =   133.41s Tap "parlor-dsc01-observe" Button
    t =   133.41s     Wait for com.parlor.app.debug to idle
    t =   133.42s     Find the "parlor-dsc01-observe" Button
    t =   133.43s     Check for interrupting elements affecting "parlor-dsc01-observe" Button
    t =   133.44s     Synthesize event
    t =   133.72s     Wait for com.parlor.app.debug to idle
    t =   134.76s Find the "parlor-dsc01-state" StaticText
    t =   134.78s Waiting 10.0s for "parlor-dsc01-state" StaticText to exist
    t =   135.79s     Checking `Expect predicate `existsNoRetry == 1` for object "parlor-dsc01-state" StaticText`
    t =   135.79s         Checking existence of `"parlor-dsc01-state" StaticText`
    t =   135.80s Find the "parlor-dsc01-state" StaticText
    t =   135.81s Get number of matches for: Elements matching predicate 'label BEGINSWITH "Open Whodunit and pick how you want to play."'
    t =   135.82s Get number of matches for: Elements matching predicate '"parlor-dsc01-overlay" IN identifiers'
    t =   135.83s Get number of matches for: Elements matching predicate 'label == "Open the game library., GAMES"'
    t =   135.84s Get number of matches for: Elements matching predicate 'label == "Open settings., SETTINGS"'
    t =   135.85s Find the Button (First Match)
    t =   135.87s Find the "Open Whodunit and pick how you want to play., CASE FILE · 1" Button
    t =   135.89s Find the "Open Whodunit and pick how you want to play., CASE FILE · 1" Button
    t =   135.90s Find the Target Application 'com.parlor.app.debug'
    t =   135.91s Find the "parlor-dsc01-overlay" Any
    t =   135.92s Find the Any (First Match)
    t =   135.93s Find the Any (First Match)
    t =   135.95s Get number of matches for: Elements matching predicate 'label BEGINSWITH "Start a pass-and-play session on this device."'
    t =   135.95s Checking existence of `Alert (First Match)`
    t =   135.97s Checking existence of `Keyboard (First Match)`
DSC01_CATALOG_METADATA {"elapsedMilliseconds":176,"fields":{"alertPresent":false,"enabled":true,"foreground":true,"hittable":true,"index":1,"keyboardPresent":false,"overlay":{"present":true,"rectangle":[68.666666666666657,134,265,49],"validFiniteRectangle":true},"overlayCountCapped16":1,"successorCountCapped16":0,"tabCountsCapped16":[1,1],"tabs":[{"present":true,"rectangle":[24,778.66668701171875,173,53.33331298828125],"validFiniteRectangle":true},{"present":true,"rectangle":[205,778.66668701171875,173,53.33331298828125],"validFiniteRectangle":true}],"target":{"present":true,"rectangle":[24,671.66668701171875,354,99],"validFiniteRectangle":true},"targetCountCapped16":1,"viewport":{"present":true,"rectangle":[0,0,402,874],"validFiniteRectangle":true},"window":1},"game":"whodunit","kind":"search","ordinal":1,"schemaVersion":1}
    t =   136.25s Get number of matches for: Elements matching predicate 'label BEGINSWITH "Open Whodunit and pick how you want to play."'
    t =   136.27s Get number of matches for: Elements matching predicate '"parlor-dsc01-overlay" IN identifiers'
    t =   136.28s Get number of matches for: Elements matching predicate 'label == "Open the game library., GAMES"'
    t =   136.29s Get number of matches for: Elements matching predicate 'label == "Open settings., SETTINGS"'
    t =   136.30s Find the Button (First Match)
    t =   136.32s Find the "Open Whodunit and pick how you want to play., CASE FILE · 1" Button
    t =   136.35s Find the "Open Whodunit and pick how you want to play., CASE FILE · 1" Button
    t =   136.36s Find the Target Application 'com.parlor.app.debug'
    t =   136.37s Find the "parlor-dsc01-overlay" Any
    t =   136.38s Find the Any (First Match)
    t =   136.39s Find the Any (First Match)
    t =   136.40s Get number of matches for: Elements matching predicate 'label BEGINSWITH "Start a pass-and-play session on this device."'
    t =   136.41s Checking existence of `Alert (First Match)`
    t =   136.43s Checking existence of `Keyboard (First Match)`
DSC01_CATALOG_METADATA {"elapsedMilliseconds":632,"fields":{"alertPresent":false,"enabled":true,"foreground":true,"hittable":true,"index":2,"keyboardPresent":false,"overlay":{"present":true,"rectangle":[68.666666666666657,134,265,49],"validFiniteRectangle":true},"overlayCountCapped16":1,"successorCountCapped16":0,"tabCountsCapped16":[1,1],"tabs":[{"present":true,"rectangle":[24,778.66668701171875,173,53.33331298828125],"validFiniteRectangle":true},{"present":true,"rectangle":[205,778.66668701171875,173,53.33331298828125],"validFiniteRectangle":true}],"target":{"present":true,"rectangle":[24,671.66668701171875,354,99],"validFiniteRectangle":true},"targetCountCapped16":1,"viewport":{"present":true,"rectangle":[0,0,402,874],"validFiniteRectangle":true},"window":1},"game":"whodunit","kind":"search","ordinal":2,"schemaVersion":1}
    t =   136.69s Get number of matches for: Elements matching predicate 'label BEGINSWITH "Open Whodunit and pick how you want to play."'
    t =   136.72s Get number of matches for: Elements matching predicate '"parlor-dsc01-overlay" IN identifiers'
    t =   136.73s Get number of matches for: Elements matching predicate 'label == "Open the game library., GAMES"'
    t =   136.74s Get number of matches for: Elements matching predicate 'label == "Open settings., SETTINGS"'
    t =   136.75s Find the Button (First Match)
    t =   136.77s Find the "Open Whodunit and pick how you want to play., CASE FILE · 1" Button
    t =   136.79s Find the "Open Whodunit and pick how you want to play., CASE FILE · 1" Button
    t =   136.81s Find the Target Application 'com.parlor.app.debug'
    t =   136.82s Find the "parlor-dsc01-overlay" Any
    t =   136.82s Find the Any (First Match)
    t =   136.84s Find the Any (First Match)
    t =   136.85s Get number of matches for: Elements matching predicate 'label BEGINSWITH "Start a pass-and-play session on this device."'
    t =   136.86s Checking existence of `Alert (First Match)`
    t =   136.87s Checking existence of `Keyboard (First Match)`
DSC01_CATALOG_METADATA {"elapsedMilliseconds":1079,"fields":{"alertPresent":false,"enabled":true,"foreground":true,"hittable":true,"index":3,"keyboardPresent":false,"overlay":{"present":true,"rectangle":[68.666666666666657,134,265,49],"validFiniteRectangle":true},"overlayCountCapped16":1,"successorCountCapped16":0,"tabCountsCapped16":[1,1],"tabs":[{"present":true,"rectangle":[24,778.66668701171875,173,53.33331298828125],"validFiniteRectangle":true},{"present":true,"rectangle":[205,778.66668701171875,173,53.33331298828125],"validFiniteRectangle":true}],"target":{"present":true,"rectangle":[24,671.66668701171875,354,99],"validFiniteRectangle":true},"targetCountCapped16":1,"viewport":{"present":true,"rectangle":[0,0,402,874],"validFiniteRectangle":true},"window":1},"game":"whodunit","kind":"search","ordinal":3,"schemaVersion":1}
    t =   137.14s Get number of matches for: Elements matching predicate 'label BEGINSWITH "Open Whodunit and pick how you want to play."'
    t =   137.16s Get number of matches for: Elements matching predicate '"parlor-dsc01-overlay" IN identifiers'
    t =   137.17s Get number of matches for: Elements matching predicate 'label == "Open the game library., GAMES"'
    t =   137.18s Get number of matches for: Elements matching predicate 'label == "Open settings., SETTINGS"'
    t =   137.18s Find the Button (First Match)
    t =   137.20s Find the "Open Whodunit and pick how you want to play., CASE FILE · 1" Button
    t =   137.23s Find the "Open Whodunit and pick how you want to play., CASE FILE · 1" Button
    t =   137.24s Find the Target Application 'com.parlor.app.debug'
    t =   137.25s Find the "parlor-dsc01-overlay" Any
    t =   137.26s Find the Any (First Match)
    t =   137.27s Find the Any (First Match)
    t =   137.28s Get number of matches for: Elements matching predicate 'label BEGINSWITH "Start a pass-and-play session on this device."'
    t =   137.29s Checking existence of `Alert (First Match)`
    t =   137.31s Checking existence of `Keyboard (First Match)`
DSC01_CATALOG_METADATA {"elapsedMilliseconds":1512,"fields":{"alertPresent":false,"enabled":true,"foreground":true,"hittable":true,"index":4,"keyboardPresent":false,"overlay":{"present":true,"rectangle":[68.666666666666657,134,265,49],"validFiniteRectangle":true},"overlayCountCapped16":1,"successorCountCapped16":0,"tabCountsCapped16":[1,1],"tabs":[{"present":true,"rectangle":[24,778.66668701171875,173,53.33331298828125],"validFiniteRectangle":true},{"present":true,"rectangle":[205,778.66668701171875,173,53.33331298828125],"validFiniteRectangle":true}],"target":{"present":true,"rectangle":[24,671.66668701171875,354,99],"validFiniteRectangle":true},"targetCountCapped16":1,"viewport":{"present":true,"rectangle":[0,0,402,874],"validFiniteRectangle":true},"window":1},"game":"whodunit","kind":"search","ordinal":4,"schemaVersion":1}
    t =   137.58s Get number of matches for: Elements matching predicate 'label BEGINSWITH "Open Whodunit and pick how you want to play."'
    t =   137.60s Get number of matches for: Elements matching predicate '"parlor-dsc01-overlay" IN identifiers'
    t =   137.62s Get number of matches for: Elements matching predicate 'label == "Open the game library., GAMES"'
    t =   137.63s Get number of matches for: Elements matching predicate 'label == "Open settings., SETTINGS"'
    t =   137.64s Find the Button (First Match)
    t =   137.66s Find the "Open Whodunit and pick how you want to play., CASE FILE · 1" Button
    t =   137.68s Find the "Open Whodunit and pick how you want to play., CASE FILE · 1" Button
    t =   137.70s Find the Target Application 'com.parlor.app.debug'
    t =   137.70s Find the "parlor-dsc01-overlay" Any
    t =   137.71s Find the Any (First Match)
    t =   137.72s Find the Any (First Match)
    t =   137.73s Get number of matches for: Elements matching predicate 'label BEGINSWITH "Start a pass-and-play session on this device."'
    t =   137.74s Checking existence of `Alert (First Match)`
    t =   137.76s Checking existence of `Keyboard (First Match)`
DSC01_CATALOG_METADATA {"elapsedMilliseconds":1961,"fields":{"alertPresent":false,"enabled":true,"foreground":true,"hittable":true,"index":5,"keyboardPresent":false,"overlay":{"present":true,"rectangle":[68.666666666666657,134,265,49],"validFiniteRectangle":true},"overlayCountCapped16":1,"successorCountCapped16":0,"tabCountsCapped16":[1,1],"tabs":[{"present":true,"rectangle":[24,778.66668701171875,173,53.33331298828125],"validFiniteRectangle":true},{"present":true,"rectangle":[205,778.66668701171875,173,53.33331298828125],"validFiniteRectangle":true}],"target":{"present":true,"rectangle":[24,671.66668701171875,354,99],"validFiniteRectangle":true},"targetCountCapped16":1,"viewport":{"present":true,"rectangle":[0,0,402,874],"validFiniteRectangle":true},"window":1},"game":"whodunit","kind":"search","ordinal":5,"schemaVersion":1}
    t =   138.03s Get number of matches for: Elements matching predicate 'label BEGINSWITH "Open Whodunit and pick how you want to play."'
    t =   138.05s Get number of matches for: Elements matching predicate '"parlor-dsc01-overlay" IN identifiers'
    t =   138.06s Get number of matches for: Elements matching predicate 'label == "Open the game library., GAMES"'
    t =   138.07s Get number of matches for: Elements matching predicate 'label == "Open settings., SETTINGS"'
    t =   138.08s Find the Button (First Match)
    t =   138.10s Find the "Open Whodunit and pick how you want to play., CASE FILE · 1" Button
    t =   138.12s Find the "Open Whodunit and pick how you want to play., CASE FILE · 1" Button
    t =   138.14s Find the Target Application 'com.parlor.app.debug'
    t =   138.15s Find the "parlor-dsc01-overlay" Any
    t =   138.15s Find the Any (First Match)
    t =   138.17s Find the Any (First Match)
    t =   138.18s Get number of matches for: Elements matching predicate 'label BEGINSWITH "Start a pass-and-play session on this device."'
    t =   138.19s Checking existence of `Alert (First Match)`
    t =   138.21s Checking existence of `Keyboard (First Match)`
DSC01_CATALOG_METADATA {"elapsedMilliseconds":2411,"fields":{"alertPresent":false,"enabled":true,"foreground":true,"hittable":true,"index":6,"keyboardPresent":false,"overlay":{"present":true,"rectangle":[68.666666666666657,134,265,49],"validFiniteRectangle":true},"overlayCountCapped16":1,"successorCountCapped16":0,"tabCountsCapped16":[1,1],"tabs":[{"present":true,"rectangle":[24,778.66668701171875,173,53.33331298828125],"validFiniteRectangle":true},{"present":true,"rectangle":[205,778.66668701171875,173,53.33331298828125],"validFiniteRectangle":true}],"target":{"present":true,"rectangle":[24,671.66668701171875,354,99],"validFiniteRectangle":true},"targetCountCapped16":1,"viewport":{"present":true,"rectangle":[0,0,402,874],"validFiniteRectangle":true},"window":1},"game":"whodunit","kind":"search","ordinal":6,"schemaVersion":1}
    t =   138.22s Get number of matches for: Elements matching predicate 'label BEGINSWITH "Open Whodunit and pick how you want to play."'
    t =   138.23s Get number of matches for: Elements matching predicate '"parlor-dsc01-overlay" IN identifiers'
    t =   138.24s Get number of matches for: Elements matching predicate 'label == "Open the game library., GAMES"'
    t =   138.25s Get number of matches for: Elements matching predicate 'label == "Open settings., SETTINGS"'
    t =   138.26s Find the Button (First Match)
    t =   138.28s Find the "Open Whodunit and pick how you want to play., CASE FILE · 1" Button
    t =   138.30s Find the "Open Whodunit and pick how you want to play., CASE FILE · 1" Button
    t =   138.31s Find the Target Application 'com.parlor.app.debug'
    t =   138.32s Find the "parlor-dsc01-overlay" Any
    t =   138.33s Find the Any (First Match)
    t =   138.34s Find the Any (First Match)
    t =   138.36s Get number of matches for: Elements matching predicate 'label BEGINSWITH "Start a pass-and-play session on this device."'
    t =   138.36s Checking existence of `Alert (First Match)`
    t =   138.38s Checking existence of `Keyboard (First Match)`
    t =   138.39s Get number of matches for: Elements matching predicate 'label BEGINSWITH "Open Whodunit and pick how you want to play."'
    t =   138.40s Find the Button (First Match)
    t =   138.42s Find the "Open Whodunit and pick how you want to play., CASE FILE · 1" Button
    t =   138.44s Find the "Open Whodunit and pick how you want to play., CASE FILE · 1" Button
    t =   138.46s Find the "Open Whodunit and pick how you want to play., CASE FILE · 1" Button
    t =   138.48s Find the "Open Whodunit and pick how you want to play., CASE FILE · 1" Button
DSC01_CATALOG_METADATA {"elapsedMilliseconds":2683,"fields":{"activationTargetFrame":{"present":true,"rectangle":[24,671.66668701171875,354,99],"validFiniteRectangle":true},"actualCoordinatePoint":[201,713.16668701171875],"alertPresent":false,"enabled":true,"foreground":true,"hittable":true,"keyboardPresent":false,"normalizedPoint":[0.5,0.41919191919191917],"overlay":{"present":true,"rectangle":[68.666666666666657,134,265,49],"validFiniteRectangle":true},"overlayCountCapped16":1,"plannedPoint":[201,713.16668701171875],"successorCountCapped16":0,"tabCountsCapped16":[1,1],"tabs":[{"present":true,"rectangle":[24,778.66668701171875,173,53.33331298828125],"validFiniteRectangle":true},{"present":true,"rectangle":[205,778.66668701171875,173,53.33331298828125],"validFiniteRectangle":true}],"target":{"present":true,"rectangle":[24,671.66668701171875,354,99],"validFiniteRectangle":true},"targetCountCapped16":1,"viewport":{"present":true,"rectangle":[0,0,402,874],"validFiniteRectangle":true},"visibleInterior":{"present":true,"rectangle":[36,683.66668701171875,330,59],"validFiniteRectangle":true}},"game":"whodunit","kind":"before-activation","ordinal":7,"schemaVersion":1}
    t =   138.50s Tap "Open Whodunit and pick how you want to play., CASE FILE · 1" Button[0.50, 0.42]
    t =   138.50s     Wait for com.parlor.app.debug to idle
    t =   138.50s     Find the "Open Whodunit and pick how you want to play., CASE FILE · 1" Button
    t =   138.51s     Check for interrupting elements affecting "Open Whodunit and pick how you want to play., CASE FILE · 1" Button
    t =   138.53s     Synthesize event
    t =   138.53s         Find the "Open Whodunit and pick how you want to play., CASE FILE · 1" Button
    t =   138.55s         Find the "Open Whodunit and pick how you want to play., CASE FILE · 1" Button
    t =   138.57s         Find the "Open Whodunit and pick how you want to play., CASE FILE · 1" Button
    t =   138.87s     Wait for com.parlor.app.debug to idle
    t =   138.87s Get number of matches for: Elements matching predicate 'label BEGINSWITH "Open Whodunit and pick how you want to play."'
    t =   138.88s Get number of matches for: Elements matching predicate '"parlor-dsc01-overlay" IN identifiers'
    t =   138.89s Get number of matches for: Elements matching predicate 'label == "Open the game library., GAMES"'
    t =   138.92s Get number of matches for: Elements matching predicate 'label == "Open settings., SETTINGS"'
    t =   138.93s Find the Button (First Match)
    t =   138.95s Find the "Open Whodunit and pick how you want to play., CASE FILE · 1, Whodunit, Seven mysteries. One guilty guest., Trade secrets, reveal evidence, and accuse carefully." Button
    t =   138.98s Find the "Open Whodunit and pick how you want to play., CASE FILE · 1, Whodunit, Seven mysteries. One guilty guest., Trade secrets, reveal evidence, and accuse carefully." Button
    t =   139.00s Find the Target Application 'com.parlor.app.debug'
    t =   139.01s Find the "parlor-dsc01-overlay" Any
    t =   139.02s Get number of matches for: Elements matching predicate 'label BEGINSWITH "Start a pass-and-play session on this device."'
    t =   139.04s Checking existence of `Alert (First Match)`
    t =   139.06s Checking existence of `Keyboard (First Match)`
DSC01_CATALOG_METADATA {"elapsedMilliseconds":3274,"fields":{"alertPresent":false,"enabled":true,"foreground":true,"hittable":true,"keyboardPresent":false,"overlay":{"present":true,"rectangle":[68.666666666666657,134,265,49],"validFiniteRectangle":true},"overlayCountCapped16":1,"successorCountCapped16":1,"tabCountsCapped16":[0,0],"tabs":[],"target":{"present":true,"rectangle":[0,671.66668701171875,37,202.33331298828125],"validFiniteRectangle":true},"targetCountCapped16":1,"viewport":{"present":true,"rectangle":[0,0,402,874],"validFiniteRectangle":true}},"game":"whodunit","kind":"after-activation","ordinal":8,"schemaVersion":1}
    t =   140.11s Get number of matches for: Elements matching predicate 'label BEGINSWITH "Open Whodunit and pick how you want to play."'
    t =   140.14s Get number of matches for: Elements matching predicate '"parlor-dsc01-overlay" IN identifiers'
    t =   140.15s Get number of matches for: Elements matching predicate 'label == "Open the game library., GAMES"'
    t =   140.16s Get number of matches for: Elements matching predicate 'label == "Open settings., SETTINGS"'
    t =   140.17s Find the Target Application 'com.parlor.app.debug'
    t =   140.18s Find the "parlor-dsc01-overlay" Any
    t =   140.19s Get number of matches for: Elements matching predicate 'label BEGINSWITH "Start a pass-and-play session on this device."'
    t =   140.20s Checking existence of `Alert (First Match)`
    t =   140.22s Checking existence of `Keyboard (First Match)`
    t =   140.23s Get number of matches for: Elements matching predicate 'label BEGINSWITH "Open Whodunit and pick how you want to play."'
    t =   140.24s Get number of matches for: Elements matching predicate '"parlor-dsc01-overlay" IN identifiers'
    t =   140.25s Get number of matches for: Elements matching predicate 'label == "Open the game library., GAMES"'
    t =   140.26s Get number of matches for: Elements matching predicate 'label == "Open settings., SETTINGS"'
    t =   140.27s Find the Target Application 'com.parlor.app.debug'
    t =   140.28s Find the "parlor-dsc01-overlay" Any
    t =   140.28s Get number of matches for: Elements matching predicate 'label BEGINSWITH "Start a pass-and-play session on this device."'
    t =   140.29s Checking existence of `Alert (First Match)`
    t =   140.31s Checking existence of `Keyboard (First Match)`
DSC01_CATALOG_METADATA {"elapsedMilliseconds":4517,"fields":{"alertPresent":false,"enabled":false,"foreground":true,"hittable":false,"keyboardPresent":false,"overlay":{"present":true,"rectangle":[68.666666666666657,134,265,49],"validFiniteRectangle":true},"overlayCountCapped16":1,"successorCountCapped16":1,"tabCountsCapped16":[0,0],"tabs":[],"target":{"present":false},"targetCountCapped16":0,"viewport":{"present":true,"rectangle":[0,0,402,874],"validFiniteRectangle":true}},"game":"whodunit","kind":"successor","ordinal":9,"schemaVersion":1}
    t =   140.33s Waiting 15.0s for Any (First Match) to exist
    t =   141.34s     Checking `Expect predicate `existsNoRetry == 1` for object Any (First Match)`
    t =   141.34s         Checking existence of `Any (First Match)`
    t =   141.35s Get number of matches for: Elements matching predicate 'label BEGINSWITH "Start a pass-and-play session on this device."'
    t =   141.36s Get all elements bound by index for: Elements matching predicate 'label BEGINSWITH "Start a pass-and-play session on this device."'
    t =   141.37s Find the Any (Element at index 0)
    t =   141.39s Tap "Start a pass-and-play session on this device., Pass and Play, Hand one phone around. Private turns stay covered between players., 1 phone · 6 players" Button
    t =   141.39s     Wait for com.parlor.app.debug to idle
    t =   141.39s     Find the "Start a pass-and-play session on this device., Pass and Play, Hand one phone around. Private turns stay covered between players., 1 phone · 6 players" Button
    t =   141.40s     Check for interrupting elements affecting "Start a pass-and-play session on this device., Pass and Play, Hand one phone around. Private turns stay covered between players., 1 phone · 6 players" Button
    t =   141.41s     Synthesize event
    t =   141.70s     Wait for com.parlor.app.debug to idle
    t =   141.72s Waiting 15.0s for Any (First Match) to exist
    t =   142.74s     Checking `Expect predicate `existsNoRetry == 1` for object Any (First Match)`
    t =   142.74s         Checking existence of `Any (First Match)`
    t =   142.75s Get number of matches for: Elements matching predicate 'label BEGINSWITH "Continue with "'
    t =   142.76s Get all elements bound by index for: Elements matching predicate 'label BEGINSWITH "Continue with "'
    t =   142.77s Find the Any (Element at index 0)
    t =   142.79s Tap "Continue with The Last Dinner., Continue with this story" Button
    t =   142.79s     Wait for com.parlor.app.debug to idle
    t =   142.79s     Find the "Continue with The Last Dinner., Continue with this story" Button
    t =   142.80s     Check for interrupting elements affecting "Continue with The Last Dinner., Continue with this story" Button
    t =   142.81s     Synthesize event
    t =   143.10s     Wait for com.parlor.app.debug to idle
    t =   143.10s Waiting 15.0s for Any (First Match) to exist
    t =   144.13s     Checking `Expect predicate `existsNoRetry == 1` for object Any (First Match)`
    t =   144.13s         Checking existence of `Any (First Match)`
    t =   144.15s Get number of matches for: Elements matching predicate 'label BEGINSWITH "Choose Classic Vote mode and proceed to player setup."'
    t =   144.16s Get all elements bound by index for: Elements matching predicate 'label BEGINSWITH "Choose Classic Vote mode and proceed to player setup."'
    t =   144.16s Find the Any (Element at index 0)
    t =   144.18s Tap "Choose Classic Vote mode and proceed to player setup., Choose Classic Vote" Button
    t =   144.18s     Wait for com.parlor.app.debug to idle
    t =   144.18s     Find the "Choose Classic Vote mode and proceed to player setup., Choose Classic Vote" Button
    t =   144.19s     Check for interrupting elements affecting "Choose Classic Vote mode and proceed to player setup., Choose Classic Vote" Button
    t =   144.20s     Synthesize event
    t =   144.48s     Wait for com.parlor.app.debug to idle
    t =   144.49s Waiting 15.0s for Any (First Match) to exist
    t =   145.51s     Checking `Expect predicate `existsNoRetry == 1` for object Any (First Match)`
    t =   145.51s         Checking existence of `Any (First Match)`
    t =   145.55s Get all elements bound by index for: Elements matching predicate 'label == "6"'
    t =   145.56s Find the Any (Element at index 0)
    t =   145.57s Tap "6" Button
    t =   145.57s     Wait for com.parlor.app.debug to idle
    t =   145.58s     Find the "6" Button
    t =   145.59s     Check for interrupting elements affecting "6" Button
    t =   145.59s     Synthesize event
    t =   145.88s     Wait for com.parlor.app.debug to idle
    t =   145.88s Waiting 10.0s for "dsc01-player-1" Any to exist
    t =   146.91s     Checking `Expect predicate `existsNoRetry == 1` for object "dsc01-player-1" Any`
    t =   146.91s         Checking existence of `"dsc01-player-1" Any`
    t =   146.95s Get number of matches for: Elements matching predicate '"dsc01-player-1" IN identifiers'
    t =   147.97s Checking existence of `"dsc01-player-1" Any`
    t =   148.03s Find the "dsc01-player-1" Any
    t =   148.06s Tap "dsc01-player-1" TextView
    t =   148.06s     Wait for com.parlor.app.debug to idle
    t =   148.06s     Find the "dsc01-player-1" TextView
    t =   148.08s     Check for interrupting elements affecting "dsc01-player-1" TextView
    t =   148.10s     Synthesize event
    t =   148.38s     Wait for com.parlor.app.debug to idle
    t =   148.60s Type 'Audit Player 1' into "dsc01-player-1" TextView
    t =   148.60s     Wait for com.parlor.app.debug to idle
    t =   149.09s     Find the "dsc01-player-1" TextView
    t =   149.24s     Check for interrupting elements affecting "dsc01-player-1" TextView
    t =   149.28s     Synthesize event
    t =   149.71s     Wait for com.parlor.app.debug to idle
    t =   150.74s Find the "dsc01-player-1" TextView
    t =   150.84s Type '
' into "dsc01-player-1" TextView
    t =   150.84s     Wait for com.parlor.app.debug to idle
    t =   150.84s     Find the "dsc01-player-1" TextView
    t =   150.91s     Check for interrupting elements affecting "dsc01-player-1" TextView
    t =   150.94s     Synthesize event
    t =   151.15s     Wait for com.parlor.app.debug to idle
    t =   151.15s Waiting 10.0s for "dsc01-player-2" Any to exist
    t =   152.16s     Checking `Expect predicate `existsNoRetry == 1` for object "dsc01-player-2" Any`
    t =   152.16s         Checking existence of `"dsc01-player-2" Any`
    t =   152.24s Get number of matches for: Elements matching predicate '"dsc01-player-2" IN identifiers'
    t =   153.31s Checking existence of `"dsc01-player-2" Any`
    t =   153.41s Find the "dsc01-player-2" Any
    t =   153.49s Type 'Audit Player 2' into "dsc01-player-2" TextView
    t =   153.49s     Wait for com.parlor.app.debug to idle
    t =   153.49s     Find the "dsc01-player-2" TextView
    t =   153.56s     Check for interrupting elements affecting "dsc01-player-2" TextView
    t =   153.59s     Synthesize event
    t =   154.03s     Wait for com.parlor.app.debug to idle
    t =   155.04s Find the "dsc01-player-2" TextView
    t =   155.13s Type '
' into "dsc01-player-2" TextView
    t =   155.13s     Wait for com.parlor.app.debug to idle
    t =   155.13s     Find the "dsc01-player-2" TextView
    t =   155.20s     Check for interrupting elements affecting "dsc01-player-2" TextView
    t =   155.23s     Synthesize event
    t =   155.44s     Wait for com.parlor.app.debug to idle
    t =   155.44s Waiting 10.0s for "dsc01-player-3" Any to exist
    t =   156.46s     Checking `Expect predicate `existsNoRetry == 1` for object "dsc01-player-3" Any`
    t =   156.46s         Checking existence of `"dsc01-player-3" Any`
    t =   156.54s Get number of matches for: Elements matching predicate '"dsc01-player-3" IN identifiers'
    t =   157.59s Checking existence of `"dsc01-player-3" Any`
    t =   157.69s Find the "dsc01-player-3" Any
    t =   157.77s Type 'Audit Player 3' into "dsc01-player-3" TextView
    t =   157.77s     Wait for com.parlor.app.debug to idle
    t =   157.77s     Find the "dsc01-player-3" TextView
    t =   157.84s     Check for interrupting elements affecting "dsc01-player-3" TextView
    t =   157.87s     Synthesize event
    t =   158.30s     Wait for com.parlor.app.debug to idle
    t =   159.34s Find the "dsc01-player-3" TextView
    t =   159.43s Type '
' into "dsc01-player-3" TextView
    t =   159.43s     Wait for com.parlor.app.debug to idle
    t =   159.43s     Find the "dsc01-player-3" TextView
    t =   159.50s     Check for interrupting elements affecting "dsc01-player-3" TextView
    t =   159.53s     Synthesize event
    t =   159.74s     Wait for com.parlor.app.debug to idle
    t =   159.75s Waiting 10.0s for "dsc01-player-4" Any to exist
    t =   160.77s     Checking `Expect predicate `existsNoRetry == 1` for object "dsc01-player-4" Any`
    t =   160.77s         Checking existence of `"dsc01-player-4" Any`
    t =   160.87s Get number of matches for: Elements matching predicate '"dsc01-player-4" IN identifiers'
    t =   161.92s Checking existence of `"dsc01-player-4" Any`
    t =   162.02s Find the "dsc01-player-4" Any
    t =   162.10s Type 'Audit Player 4' into "dsc01-player-4" TextView
    t =   162.10s     Wait for com.parlor.app.debug to idle
    t =   162.10s     Find the "dsc01-player-4" TextView
    t =   162.18s     Check for interrupting elements affecting "dsc01-player-4" TextView
    t =   162.20s     Synthesize event
    t =   162.63s     Wait for com.parlor.app.debug to idle
    t =   163.66s Find the "dsc01-player-4" TextView
    t =   163.74s Type '
' into "dsc01-player-4" TextView
    t =   163.74s     Wait for com.parlor.app.debug to idle
    t =   163.75s     Find the "dsc01-player-4" TextView
    t =   163.82s     Check for interrupting elements affecting "dsc01-player-4" TextView
    t =   163.84s     Synthesize event
    t =   164.06s     Wait for com.parlor.app.debug to idle
    t =   164.06s Waiting 10.0s for "dsc01-player-5" Any to exist
    t =   165.09s     Checking `Expect predicate `existsNoRetry == 1` for object "dsc01-player-5" Any`
    t =   165.09s         Checking existence of `"dsc01-player-5" Any`
    t =   165.16s Get number of matches for: Elements matching predicate '"dsc01-player-5" IN identifiers'
    t =   166.21s Checking existence of `"dsc01-player-5" Any`
    t =   166.28s Find the "dsc01-player-5" Any
    t =   166.36s Type 'Audit Player 5' into "dsc01-player-5" TextView
    t =   166.36s     Wait for com.parlor.app.debug to idle
    t =   166.36s     Find the "dsc01-player-5" TextView
    t =   166.44s     Check for interrupting elements affecting "dsc01-player-5" TextView
    t =   166.46s     Synthesize event
    t =   166.89s     Wait for com.parlor.app.debug to idle
    t =   167.91s Find the "dsc01-player-5" TextView
    t =   168.01s Type '
' into "dsc01-player-5" TextView
    t =   168.01s     Wait for com.parlor.app.debug to idle
    t =   168.01s     Find the "dsc01-player-5" TextView
    t =   168.08s     Check for interrupting elements affecting "dsc01-player-5" TextView
    t =   168.11s     Synthesize event
    t =   168.32s     Wait for com.parlor.app.debug to idle
    t =   168.33s Waiting 10.0s for "dsc01-player-6" Any to exist
    t =   169.34s     Checking `Expect predicate `existsNoRetry == 1` for object "dsc01-player-6" Any`
    t =   169.34s         Checking existence of `"dsc01-player-6" Any`
    t =   169.42s Get number of matches for: Elements matching predicate '"dsc01-player-6" IN identifiers'
    t =   170.46s Checking existence of `"dsc01-player-6" Any`
    t =   170.56s Find the "dsc01-player-6" Any
    t =   170.64s Type 'Audit Player 6' into "dsc01-player-6" TextView
    t =   170.64s     Wait for com.parlor.app.debug to idle
    t =   170.64s     Find the "dsc01-player-6" TextView
    t =   170.72s     Check for interrupting elements affecting "dsc01-player-6" TextView
    t =   170.74s     Synthesize event
    t =   171.17s     Wait for com.parlor.app.debug to idle
    t =   172.23s Find the "dsc01-player-6" TextView
    t =   172.32s Type '
' into "dsc01-player-6" TextView
    t =   172.32s     Wait for com.parlor.app.debug to idle
    t =   172.32s     Find the "dsc01-player-6" TextView
    t =   172.40s     Check for interrupting elements affecting "dsc01-player-6" TextView
    t =   172.42s     Synthesize event
    t =   172.63s     Wait for com.parlor.app.debug to idle
    t =   173.91s Checking existence of `Keyboard (First Match)`
    t =   173.95s Waiting 15.0s for Any (First Match) to exist
    t =   174.97s     Checking `Expect predicate `existsNoRetry == 1` for object Any (First Match)`
    t =   174.98s         Checking existence of `Any (First Match)`
    t =   175.00s Get number of matches for: Elements matching predicate 'label BEGINSWITH "Confirm player names and continue to the case intro."'
    t =   175.02s Get all elements bound by index for: Elements matching predicate 'label BEGINSWITH "Confirm player names and continue to the case intro."'
    t =   175.03s Find the Any (Element at index 0)
    t =   175.05s Tap "Confirm player names and continue to the case intro., Begin" Button
    t =   175.05s     Wait for com.parlor.app.debug to idle
    t =   175.05s     Find the "Confirm player names and continue to the case intro., Begin" Button
    t =   175.06s     Check for interrupting elements affecting "Confirm player names and continue to the case intro., Begin" Button
    t =   175.07s     Synthesize event
    t =   175.36s     Wait for com.parlor.app.debug to idle
    t =   175.36s Waiting 10.0s for "parlor-dsc01-state" StaticText to exist
    t =   176.39s     Checking `Expect predicate `existsNoRetry == 1` for object "parlor-dsc01-state" StaticText`
    t =   176.39s         Checking existence of `"parlor-dsc01-state" StaticText`
    t =   176.42s Find the "parlor-dsc01-state" StaticText
    t =   176.43s Tap "parlor-dsc01-observe" Button
    t =   176.43s     Wait for com.parlor.app.debug to idle
    t =   176.44s     Find the "parlor-dsc01-observe" Button
    t =   176.45s     Check for interrupting elements affecting "parlor-dsc01-observe" Button
    t =   176.46s     Synthesize event
    t =   176.74s     Wait for com.parlor.app.debug to idle
    t =   177.79s Find the "parlor-dsc01-state" StaticText
    t =   177.82s Waiting 10.0s for "parlor-dsc01-state" StaticText to exist
    t =   178.84s     Checking `Expect predicate `existsNoRetry == 1` for object "parlor-dsc01-state" StaticText`
    t =   178.84s         Checking existence of `"parlor-dsc01-state" StaticText`
    t =   178.86s Find the "parlor-dsc01-state" StaticText
    t =   178.87s Tap "parlor-dsc01-capture" Button
    t =   178.87s     Wait for com.parlor.app.debug to idle
    t =   178.87s     Find the "parlor-dsc01-capture" Button
    t =   178.88s     Check for interrupting elements affecting "parlor-dsc01-capture" Button
    t =   178.89s     Synthesize event
    t =   179.18s     Wait for com.parlor.app.debug to idle
    t =   179.18s Waiting 10.0s for "parlor-dsc01-state" StaticText to exist
    t =   180.19s     Checking `Expect predicate `existsNoRetry == 1` for object "parlor-dsc01-state" StaticText`
    t =   180.19s         Checking existence of `"parlor-dsc01-state" StaticText`
    t =   180.22s Find the "parlor-dsc01-state" StaticText
    t =   180.23s Tap "parlor-dsc01-observe" Button
    t =   180.23s     Wait for com.parlor.app.debug to idle
    t =   180.24s     Find the "parlor-dsc01-observe" Button
    t =   180.25s     Check for interrupting elements affecting "parlor-dsc01-observe" Button
    t =   180.26s     Synthesize event
    t =   180.55s     Wait for com.parlor.app.debug to idle
    t =   181.58s Find the "parlor-dsc01-state" StaticText
    t =   181.61s Waiting 10.0s for "parlor-dsc01-state" StaticText to exist
    t =   182.63s     Checking `Expect predicate `existsNoRetry == 1` for object "parlor-dsc01-state" StaticText`
    t =   182.63s         Checking existence of `"parlor-dsc01-state" StaticText`
    t =   182.65s Find the "parlor-dsc01-state" StaticText
    t =   182.67s Pressing Home button
    t =   183.13s Wait for com.parlor.app.debug to become Running Background
    t =   183.68s Open com.parlor.app.debug
    t =   183.68s     Activate com.parlor.app.debug
    t =   183.70s         Wait for com.parlor.app.debug to idle
    t =   183.72s Wait for com.parlor.app.debug to become Running Foreground
    t =   183.72s Waiting 10.0s for "parlor-dsc01-state" StaticText to exist
    t =   184.74s     Checking `Expect predicate `existsNoRetry == 1` for object "parlor-dsc01-state" StaticText`
    t =   184.74s         Checking existence of `"parlor-dsc01-state" StaticText`
    t =   184.76s Find the "parlor-dsc01-state" StaticText
    t =   184.78s Tap "parlor-dsc01-observe" Button
    t =   184.78s     Wait for com.parlor.app.debug to idle
    t =   184.78s     Find the "parlor-dsc01-observe" Button
    t =   184.79s     Check for interrupting elements affecting "parlor-dsc01-observe" Button
    t =   184.80s     Synthesize event
    t =   185.09s     Wait for com.parlor.app.debug to idle
    t =   186.15s Find the "parlor-dsc01-state" StaticText
    t =   186.18s Waiting 10.0s for "parlor-dsc01-state" StaticText to exist
    t =   187.19s     Checking `Expect predicate `existsNoRetry == 1` for object "parlor-dsc01-state" StaticText`
    t =   187.19s         Checking existence of `"parlor-dsc01-state" StaticText`
    t =   187.22s Find the "parlor-dsc01-state" StaticText
    t =   187.24s Waiting 10.0s for "parlor-dsc01-state" StaticText to exist
    t =   188.26s     Checking `Expect predicate `existsNoRetry == 1` for object "parlor-dsc01-state" StaticText`
    t =   188.26s         Checking existence of `"parlor-dsc01-state" StaticText`
    t =   188.28s Find the "parlor-dsc01-state" StaticText
    t =   188.30s Tap "parlor-dsc01-window" Button
    t =   188.30s     Wait for com.parlor.app.debug to idle
    t =   188.30s     Find the "parlor-dsc01-window" Button
    t =   188.32s     Check for interrupting elements affecting "parlor-dsc01-window" Button
    t =   188.33s     Synthesize event
    t =   188.61s     Wait for com.parlor.app.debug to idle
    t =   189.66s Find the "parlor-dsc01-state" StaticText
    t =   190.69s Find the "parlor-dsc01-state" StaticText
    t =   190.72s Waiting 10.0s for "parlor-dsc01-state" StaticText to exist
    t =   191.74s     Checking `Expect predicate `existsNoRetry == 1` for object "parlor-dsc01-state" StaticText`
    t =   191.74s         Checking existence of `"parlor-dsc01-state" StaticText`
    t =   191.76s Find the "parlor-dsc01-state" StaticText
    t =   191.78s Waiting 10.0s for "parlor-dsc01-state" StaticText to exist
    t =   192.79s     Checking `Expect predicate `existsNoRetry == 1` for object "parlor-dsc01-state" StaticText`
    t =   192.79s         Checking existence of `"parlor-dsc01-state" StaticText`
    t =   192.81s Find the "parlor-dsc01-state" StaticText
    t =   192.83s Tap "parlor-dsc01-window" Button
    t =   192.83s     Wait for com.parlor.app.debug to idle
    t =   192.83s     Find the "parlor-dsc01-window" Button
    t =   192.84s     Check for interrupting elements affecting "parlor-dsc01-window" Button
    t =   192.86s     Synthesize event
    t =   193.14s     Wait for com.parlor.app.debug to idle
    t =   194.16s Find the "parlor-dsc01-state" StaticText
    t =   195.24s Find the "parlor-dsc01-state" StaticText
    t =   195.27s Waiting 10.0s for "parlor-dsc01-state" StaticText to exist
    t =   196.29s     Checking `Expect predicate `existsNoRetry == 1` for object "parlor-dsc01-state" StaticText`
    t =   196.29s         Checking existence of `"parlor-dsc01-state" StaticText`
    t =   196.31s Find the "parlor-dsc01-state" StaticText
    t =   196.32s Waiting 10.0s for "parlor-dsc01-state" StaticText to exist
    t =   197.36s     Checking `Expect predicate `existsNoRetry == 1` for object "parlor-dsc01-state" StaticText`
    t =   197.36s         Checking existence of `"parlor-dsc01-state" StaticText`
    t =   197.38s Find the "parlor-dsc01-state" StaticText
    t =   197.39s Setting device orientation to Landscape Left
    t =   197.39s     Device orientation changed to Landscape Left
    t =   197.44s     Interface orientation changed to Landscape Right
    t =   197.44s     Wait for com.parlor.app.debug to idle
    t =   197.47s Wait for com.parlor.app.debug to become Running Foreground
    t =   197.47s Waiting 10.0s for "parlor-dsc01-state" StaticText to exist
    t =   198.49s     Checking `Expect predicate `existsNoRetry == 1` for object "parlor-dsc01-state" StaticText`
    t =   198.49s         Checking existence of `"parlor-dsc01-state" StaticText`
    t =   198.51s Find the "parlor-dsc01-state" StaticText
    t =   198.52s Tap "parlor-dsc01-window-landscape" Button
    t =   198.52s     Wait for com.parlor.app.debug to idle
    t =   198.52s     Find the "parlor-dsc01-window-landscape" Button
    t =   198.53s     Check for interrupting elements affecting "parlor-dsc01-window-landscape" Button
    t =   198.55s     Synthesize event
    t =   198.83s     Wait for com.parlor.app.debug to idle
    t =   199.88s Find the "parlor-dsc01-state" StaticText
    t =   200.85s Find the "parlor-dsc01-state" StaticText
    t =   200.87s Waiting 10.0s for "parlor-dsc01-state" StaticText to exist
    t =   201.89s     Checking `Expect predicate `existsNoRetry == 1` for object "parlor-dsc01-state" StaticText`
    t =   201.89s         Checking existence of `"parlor-dsc01-state" StaticText`
    t =   201.91s Find the "parlor-dsc01-state" StaticText
    t =   201.93s Setting device orientation to Portrait
    t =   201.93s     Device orientation changed to Portrait
    t =   201.96s     Interface orientation changed to Portrait
    t =   201.96s     Wait for com.parlor.app.debug to idle
    t =   201.97s Wait for com.parlor.app.debug to become Running Foreground
    t =   201.97s Waiting 10.0s for "parlor-dsc01-state" StaticText to exist
    t =   202.99s     Checking `Expect predicate `existsNoRetry == 1` for object "parlor-dsc01-state" StaticText`
    t =   202.99s         Checking existence of `"parlor-dsc01-state" StaticText`
    t =   203.01s Find the "parlor-dsc01-state" StaticText
    t =   203.02s Tap "parlor-dsc01-window-portrait" Button
    t =   203.02s     Wait for com.parlor.app.debug to idle
    t =   203.02s     Find the "parlor-dsc01-window-portrait" Button
    t =   203.03s     Check for interrupting elements affecting "parlor-dsc01-window-portrait" Button
    t =   203.05s     Synthesize event
    t =   203.35s     Wait for com.parlor.app.debug to idle
    t =   204.36s Find the "parlor-dsc01-state" StaticText
    t =   205.42s Find the "parlor-dsc01-state" StaticText
    t =   205.44s Waiting 10.0s for "parlor-dsc01-state" StaticText to exist
    t =   206.47s     Checking `Expect predicate `existsNoRetry == 1` for object "parlor-dsc01-state" StaticText`
    t =   206.47s         Checking existence of `"parlor-dsc01-state" StaticText`
    t =   206.49s Find the "parlor-dsc01-state" StaticText
    t =   206.51s Waiting 10.0s for "parlor-dsc01-state" StaticText to exist
    t =   207.54s     Checking `Expect predicate `existsNoRetry == 1` for object "parlor-dsc01-state" StaticText`
    t =   207.54s         Checking existence of `"parlor-dsc01-state" StaticText`
    t =   207.56s Find the "parlor-dsc01-state" StaticText
    t =   207.57s Tap "parlor-dsc01-observe" Button
    t =   207.57s     Wait for com.parlor.app.debug to idle
    t =   207.57s     Find the "parlor-dsc01-observe" Button
    t =   207.59s     Check for interrupting elements affecting "parlor-dsc01-observe" Button
    t =   207.60s     Synthesize event
    t =   207.88s     Wait for com.parlor.app.debug to idle
    t =   208.89s Find the "parlor-dsc01-state" StaticText
    t =   208.91s Waiting 10.0s for "parlor-dsc01-state" StaticText to exist
    t =   209.94s     Checking `Expect predicate `existsNoRetry == 1` for object "parlor-dsc01-state" StaticText`
    t =   209.94s         Checking existence of `"parlor-dsc01-state" StaticText`
    t =   209.95s Find the "parlor-dsc01-state" StaticText
    t =   209.96s Tap "parlor-dsc01-synthetic-ar" Button
    t =   209.96s     Wait for com.parlor.app.debug to idle
    t =   209.97s     Find the "parlor-dsc01-synthetic-ar" Button
    t =   209.98s     Check for interrupting elements affecting "parlor-dsc01-synthetic-ar" Button
    t =   209.99s     Synthesize event
    t =   210.28s     Wait for com.parlor.app.debug to idle
    t =   210.29s Waiting 10.0s for "parlor-dsc01-state" StaticText to exist
    t =   211.29s     Checking `Expect predicate `existsNoRetry == 1` for object "parlor-dsc01-state" StaticText`
    t =   211.29s         Checking existence of `"parlor-dsc01-state" StaticText`
    t =   211.31s Find the "parlor-dsc01-state" StaticText
    t =   211.32s Tap "parlor-dsc01-observe" Button
    t =   211.32s     Wait for com.parlor.app.debug to idle
    t =   211.33s     Find the "parlor-dsc01-observe" Button
    t =   211.34s     Check for interrupting elements affecting "parlor-dsc01-observe" Button
    t =   211.35s     Synthesize event
    t =   211.65s     Wait for com.parlor.app.debug to idle
    t =   212.69s Find the "parlor-dsc01-state" StaticText
    t =   212.71s Waiting 10.0s for "parlor-dsc01-state" StaticText to exist
    t =   213.74s     Checking `Expect predicate `existsNoRetry == 1` for object "parlor-dsc01-state" StaticText`
    t =   213.74s         Checking existence of `"parlor-dsc01-state" StaticText`
    t =   213.76s Find the "parlor-dsc01-state" StaticText
    t =   213.78s Waiting 10.0s for "parlor-dsc01-state" StaticText to exist
    t =   214.79s     Checking `Expect predicate `existsNoRetry == 1` for object "parlor-dsc01-state" StaticText`
    t =   214.79s         Checking existence of `"parlor-dsc01-state" StaticText`
    t =   214.81s Find the "parlor-dsc01-state" StaticText
    t =   214.82s Tap "parlor-dsc01-observe" Button
    t =   214.82s     Wait for com.parlor.app.debug to idle
    t =   214.82s     Find the "parlor-dsc01-observe" Button
    t =   214.83s     Check for interrupting elements affecting "parlor-dsc01-observe" Button
    t =   214.85s     Synthesize event
    t =   215.13s     Wait for com.parlor.app.debug to idle
    t =   216.16s Find the "parlor-dsc01-state" StaticText
    t =   216.18s Waiting 10.0s for "parlor-dsc01-state" StaticText to exist
    t =   217.22s     Checking `Expect predicate `existsNoRetry == 1` for object "parlor-dsc01-state" StaticText`
    t =   217.22s         Checking existence of `"parlor-dsc01-state" StaticText`
    t =   217.25s Find the "parlor-dsc01-state" StaticText
    t =   217.26s Pressing Home button
    t =   217.73s Wait for com.parlor.app.debug to become Running Background
    t =   218.28s Open com.parlor.app.debug
    t =   218.28s     Activate com.parlor.app.debug
    t =   218.30s         Wait for com.parlor.app.debug to idle
    t =   218.31s Wait for com.parlor.app.debug to become Running Foreground
    t =   218.31s Waiting 10.0s for "parlor-dsc01-state" StaticText to exist
    t =   219.34s     Checking `Expect predicate `existsNoRetry == 1` for object "parlor-dsc01-state" StaticText`
    t =   219.34s         Checking existence of `"parlor-dsc01-state" StaticText`
    t =   219.37s Find the "parlor-dsc01-state" StaticText
    t =   219.39s Tap "parlor-dsc01-observe" Button
    t =   219.39s     Wait for com.parlor.app.debug to idle
    t =   219.39s     Find the "parlor-dsc01-observe" Button
    t =   219.40s     Check for interrupting elements affecting "parlor-dsc01-observe" Button
    t =   219.41s     Synthesize event
    t =   219.70s     Wait for com.parlor.app.debug to idle
    t =   220.72s Find the "parlor-dsc01-state" StaticText
    t =   220.75s Waiting 10.0s for "parlor-dsc01-state" StaticText to exist
    t =   221.76s     Checking `Expect predicate `existsNoRetry == 1` for object "parlor-dsc01-state" StaticText`
    t =   221.76s         Checking existence of `"parlor-dsc01-state" StaticText`
    t =   221.78s Find the "parlor-dsc01-state" StaticText
    t =   221.79s Waiting 10.0s for "parlor-dsc01-state" StaticText to exist
    t =   222.81s     Checking `Expect predicate `existsNoRetry == 1` for object "parlor-dsc01-state" StaticText`
    t =   222.81s         Checking existence of `"parlor-dsc01-state" StaticText`
    t =   222.83s Find the "parlor-dsc01-state" StaticText
    t =   222.85s Tap "parlor-dsc01-window" Button
    t =   222.85s     Wait for com.parlor.app.debug to idle
    t =   222.85s     Find the "parlor-dsc01-window" Button
    t =   222.86s     Check for interrupting elements affecting "parlor-dsc01-window" Button
    t =   222.87s     Synthesize event
    t =   223.16s     Wait for com.parlor.app.debug to idle
    t =   224.19s Find the "parlor-dsc01-state" StaticText
    t =   225.26s Find the "parlor-dsc01-state" StaticText
    t =   225.28s Waiting 10.0s for "parlor-dsc01-state" StaticText to exist
    t =   226.31s     Checking `Expect predicate `existsNoRetry == 1` for object "parlor-dsc01-state" StaticText`
    t =   226.31s         Checking existence of `"parlor-dsc01-state" StaticText`
    t =   226.34s Find the "parlor-dsc01-state" StaticText
    t =   226.35s Waiting 10.0s for "parlor-dsc01-state" StaticText to exist
    t =   227.36s     Checking `Expect predicate `existsNoRetry == 1` for object "parlor-dsc01-state" StaticText`
    t =   227.36s         Checking existence of `"parlor-dsc01-state" StaticText`
    t =   227.38s Find the "parlor-dsc01-state" StaticText
    t =   227.40s Tap "parlor-dsc01-window" Button
    t =   227.40s     Wait for com.parlor.app.debug to idle
    t =   227.40s     Find the "parlor-dsc01-window" Button
    t =   227.42s     Check for interrupting elements affecting "parlor-dsc01-window" Button
    t =   227.43s     Synthesize event
    t =   227.71s     Wait for com.parlor.app.debug to idle
    t =   228.74s Find the "parlor-dsc01-state" StaticText
    t =   229.78s Find the "parlor-dsc01-state" StaticText
    t =   229.80s Waiting 10.0s for "parlor-dsc01-state" StaticText to exist
    t =   230.84s     Checking `Expect predicate `existsNoRetry == 1` for object "parlor-dsc01-state" StaticText`
    t =   230.84s         Checking existence of `"parlor-dsc01-state" StaticText`
    t =   230.85s Find the "parlor-dsc01-state" StaticText
    t =   230.86s Waiting 10.0s for "parlor-dsc01-state" StaticText to exist
    t =   231.89s     Checking `Expect predicate `existsNoRetry == 1` for object "parlor-dsc01-state" StaticText`
    t =   231.89s         Checking existence of `"parlor-dsc01-state" StaticText`
    t =   231.92s Find the "parlor-dsc01-state" StaticText
    t =   231.93s Setting device orientation to Landscape Left
    t =   231.93s     Device orientation changed to Landscape Left
    t =   231.96s     Interface orientation changed to Landscape Right
    t =   231.97s     Wait for com.parlor.app.debug to idle
    t =   231.97s Wait for com.parlor.app.debug to become Running Foreground
    t =   231.97s Waiting 10.0s for "parlor-dsc01-state" StaticText to exist
    t =   232.99s     Checking `Expect predicate `existsNoRetry == 1` for object "parlor-dsc01-state" StaticText`
    t =   232.99s         Checking existence of `"parlor-dsc01-state" StaticText`
    t =   233.01s Find the "parlor-dsc01-state" StaticText
    t =   233.02s Tap "parlor-dsc01-window-landscape" Button
    t =   233.02s     Wait for com.parlor.app.debug to idle
    t =   233.02s     Find the "parlor-dsc01-window-landscape" Button
    t =   233.04s     Check for interrupting elements affecting "parlor-dsc01-window-landscape" Button
    t =   233.05s     Synthesize event
    t =   233.34s     Wait for com.parlor.app.debug to idle
    t =   234.36s Find the "parlor-dsc01-state" StaticText
    t =   235.43s Find the "parlor-dsc01-state" StaticText
    t =   235.44s Waiting 10.0s for "parlor-dsc01-state" StaticText to exist
    t =   236.46s     Checking `Expect predicate `existsNoRetry == 1` for object "parlor-dsc01-state" StaticText`
    t =   236.46s         Checking existence of `"parlor-dsc01-state" StaticText`
    t =   236.48s Find the "parlor-dsc01-state" StaticText
    t =   236.50s Setting device orientation to Portrait
    t =   236.50s     Device orientation changed to Portrait
    t =   236.53s     Interface orientation changed to Portrait
    t =   236.53s     Wait for com.parlor.app.debug to idle
    t =   236.54s Wait for com.parlor.app.debug to become Running Foreground
    t =   236.54s Waiting 10.0s for "parlor-dsc01-state" StaticText to exist
    t =   237.57s     Checking `Expect predicate `existsNoRetry == 1` for object "parlor-dsc01-state" StaticText`
    t =   237.57s         Checking existence of `"parlor-dsc01-state" StaticText`
    t =   237.60s Find the "parlor-dsc01-state" StaticText
    t =   237.62s Tap "parlor-dsc01-window-portrait" Button
    t =   237.62s     Wait for com.parlor.app.debug to idle
    t =   237.62s     Find the "parlor-dsc01-window-portrait" Button
    t =   237.64s     Check for interrupting elements affecting "parlor-dsc01-window-portrait" Button
    t =   237.65s     Synthesize event
    t =   237.94s     Wait for com.parlor.app.debug to idle
    t =   239.01s Find the "parlor-dsc01-state" StaticText
    t =   239.96s Find the "parlor-dsc01-state" StaticText
    t =   239.98s Waiting 10.0s for "parlor-dsc01-state" StaticText to exist
    t =   241.01s     Checking `Expect predicate `existsNoRetry == 1` for object "parlor-dsc01-state" StaticText`
    t =   241.02s         Checking existence of `"parlor-dsc01-state" StaticText`
    t =   241.04s Find the "parlor-dsc01-state" StaticText
    t =   241.05s Waiting 10.0s for "parlor-dsc01-state" StaticText to exist
    t =   242.08s     Checking `Expect predicate `existsNoRetry == 1` for object "parlor-dsc01-state" StaticText`
    t =   242.08s         Checking existence of `"parlor-dsc01-state" StaticText`
    t =   242.10s Find the "parlor-dsc01-state" StaticText
    t =   242.11s Tap "parlor-dsc01-observe" Button
    t =   242.11s     Wait for com.parlor.app.debug to idle
    t =   242.11s     Find the "parlor-dsc01-observe" Button
    t =   242.12s     Check for interrupting elements affecting "parlor-dsc01-observe" Button
    t =   242.13s     Synthesize event
    t =   242.42s     Wait for com.parlor.app.debug to idle
    t =   243.46s Find the "parlor-dsc01-state" StaticText
    t =   243.49s Waiting 10.0s for "parlor-dsc01-state" StaticText to exist
    t =   244.53s     Checking `Expect predicate `existsNoRetry == 1` for object "parlor-dsc01-state" StaticText`
    t =   244.53s         Checking existence of `"parlor-dsc01-state" StaticText`
    t =   244.56s Find the "parlor-dsc01-state" StaticText
    t =   244.57s Tap "parlor-dsc01-synthetic-en" Button
    t =   244.57s     Wait for com.parlor.app.debug to idle
    t =   244.57s     Find the "parlor-dsc01-synthetic-en" Button
    t =   244.59s     Check for interrupting elements affecting "parlor-dsc01-synthetic-en" Button
    t =   244.60s     Synthesize event
    t =   244.89s     Wait for com.parlor.app.debug to idle
    t =   244.89s Waiting 10.0s for "parlor-dsc01-state" StaticText to exist
    t =   245.91s     Checking `Expect predicate `existsNoRetry == 1` for object "parlor-dsc01-state" StaticText`
    t =   245.91s         Checking existence of `"parlor-dsc01-state" StaticText`
    t =   245.94s Find the "parlor-dsc01-state" StaticText
    t =   245.96s Tap "parlor-dsc01-observe" Button
    t =   245.96s     Wait for com.parlor.app.debug to idle
    t =   245.96s     Find the "parlor-dsc01-observe" Button
    t =   245.97s     Check for interrupting elements affecting "parlor-dsc01-observe" Button
    t =   245.98s     Synthesize event
    t =   246.28s     Wait for com.parlor.app.debug to idle
    t =   247.34s Find the "parlor-dsc01-state" StaticText
    t =   247.36s Waiting 10.0s for "parlor-dsc01-state" StaticText to exist
    t =   248.39s     Checking `Expect predicate `existsNoRetry == 1` for object "parlor-dsc01-state" StaticText`
    t =   248.39s         Checking existence of `"parlor-dsc01-state" StaticText`
    t =   248.42s Find the "parlor-dsc01-state" StaticText
    t =   248.44s Waiting 10.0s for "parlor-dsc01-state" StaticText to exist
    t =   249.47s     Checking `Expect predicate `existsNoRetry == 1` for object "parlor-dsc01-state" StaticText`
    t =   249.47s         Checking existence of `"parlor-dsc01-state" StaticText`
    t =   249.50s Find the "parlor-dsc01-state" StaticText
    t =   249.52s Tap "parlor-dsc01-observe" Button
    t =   249.52s     Wait for com.parlor.app.debug to idle
    t =   249.52s     Find the "parlor-dsc01-observe" Button
    t =   249.53s     Check for interrupting elements affecting "parlor-dsc01-observe" Button
    t =   249.54s     Synthesize event
    t =   249.83s     Wait for com.parlor.app.debug to idle
    t =   250.86s Find the "parlor-dsc01-state" StaticText
    t =   250.88s Waiting 10.0s for "parlor-dsc01-state" StaticText to exist
    t =   251.93s     Checking `Expect predicate `existsNoRetry == 1` for object "parlor-dsc01-state" StaticText`
    t =   251.93s         Checking existence of `"parlor-dsc01-state" StaticText`
    t =   251.95s Find the "parlor-dsc01-state" StaticText
    t =   251.96s Pressing Home button
    t =   252.43s Wait for com.parlor.app.debug to become Running Background
    t =   253.00s Open com.parlor.app.debug
    t =   253.00s     Activate com.parlor.app.debug
    t =   253.03s         Wait for com.parlor.app.debug to idle
    t =   253.04s Wait for com.parlor.app.debug to become Running Foreground
    t =   253.04s Waiting 10.0s for "parlor-dsc01-state" StaticText to exist
    t =   254.06s     Checking `Expect predicate `existsNoRetry == 1` for object "parlor-dsc01-state" StaticText`
    t =   254.06s         Checking existence of `"parlor-dsc01-state" StaticText`
    t =   254.08s Find the "parlor-dsc01-state" StaticText
    t =   254.10s Tap "parlor-dsc01-observe" Button
    t =   254.10s     Wait for com.parlor.app.debug to idle
    t =   254.10s     Find the "parlor-dsc01-observe" Button
    t =   254.11s     Check for interrupting elements affecting "parlor-dsc01-observe" Button
    t =   254.13s     Synthesize event
    t =   254.41s     Wait for com.parlor.app.debug to idle
    t =   255.48s Find the "parlor-dsc01-state" StaticText
    t =   255.51s Waiting 10.0s for "parlor-dsc01-state" StaticText to exist
    t =   256.56s     Checking `Expect predicate `existsNoRetry == 1` for object "parlor-dsc01-state" StaticText`
    t =   256.56s         Checking existence of `"parlor-dsc01-state" StaticText`
    t =   256.58s Find the "parlor-dsc01-state" StaticText
    t =   256.60s Waiting 10.0s for "parlor-dsc01-state" StaticText to exist
    t =   257.64s     Checking `Expect predicate `existsNoRetry == 1` for object "parlor-dsc01-state" StaticText`
    t =   257.64s         Checking existence of `"parlor-dsc01-state" StaticText`
    t =   257.67s Find the "parlor-dsc01-state" StaticText
    t =   257.69s Tap "parlor-dsc01-window" Button
    t =   257.69s     Wait for com.parlor.app.debug to idle
    t =   257.69s     Find the "parlor-dsc01-window" Button
    t =   257.71s     Check for interrupting elements affecting "parlor-dsc01-window" Button
    t =   257.72s     Synthesize event
    t =   258.01s     Wait for com.parlor.app.debug to idle
    t =   259.06s Find the "parlor-dsc01-state" StaticText
    t =   260.03s Find the "parlor-dsc01-state" StaticText
    t =   260.05s Waiting 10.0s for "parlor-dsc01-state" StaticText to exist
    t =   261.09s     Checking `Expect predicate `existsNoRetry == 1` for object "parlor-dsc01-state" StaticText`
    t =   261.09s         Checking existence of `"parlor-dsc01-state" StaticText`
    t =   261.12s Find the "parlor-dsc01-state" StaticText
    t =   261.14s Waiting 10.0s for "parlor-dsc01-state" StaticText to exist
    t =   262.19s     Checking `Expect predicate `existsNoRetry == 1` for object "parlor-dsc01-state" StaticText`
    t =   262.19s         Checking existence of `"parlor-dsc01-state" StaticText`
    t =   262.21s Find the "parlor-dsc01-state" StaticText
    t =   262.22s Tap "parlor-dsc01-window" Button
    t =   262.22s     Wait for com.parlor.app.debug to idle
    t =   262.22s     Find the "parlor-dsc01-window" Button
    t =   262.23s     Check for interrupting elements affecting "parlor-dsc01-window" Button
    t =   262.24s     Synthesize event
    t =   262.53s     Wait for com.parlor.app.debug to idle
    t =   263.58s Find the "parlor-dsc01-state" StaticText
    t =   264.56s Find the "parlor-dsc01-state" StaticText
    t =   264.59s Waiting 10.0s for "parlor-dsc01-state" StaticText to exist
    t =   265.64s     Checking `Expect predicate `existsNoRetry == 1` for object "parlor-dsc01-state" StaticText`
    t =   265.64s         Checking existence of `"parlor-dsc01-state" StaticText`
    t =   265.67s Find the "parlor-dsc01-state" StaticText
    t =   265.69s Waiting 10.0s for "parlor-dsc01-state" StaticText to exist
    t =   266.74s     Checking `Expect predicate `existsNoRetry == 1` for object "parlor-dsc01-state" StaticText`
    t =   266.74s         Checking existence of `"parlor-dsc01-state" StaticText`
    t =   266.76s Find the "parlor-dsc01-state" StaticText
    t =   266.78s Tap "parlor-dsc01-observe" Button
    t =   266.78s     Wait for com.parlor.app.debug to idle
    t =   266.78s     Find the "parlor-dsc01-observe" Button
    t =   266.79s     Check for interrupting elements affecting "parlor-dsc01-observe" Button
    t =   266.81s     Synthesize event
    t =   267.09s     Wait for com.parlor.app.debug to idle
    t =   268.14s Find the "parlor-dsc01-state" StaticText
    t =   268.16s Waiting 10.0s for "parlor-dsc01-state" StaticText to exist
    t =   269.19s     Checking `Expect predicate `existsNoRetry == 1` for object "parlor-dsc01-state" StaticText`
    t =   269.19s         Checking existence of `"parlor-dsc01-state" StaticText`
    t =   269.22s Find the "parlor-dsc01-state" StaticText
    t =   269.24s Tap "parlor-dsc01-synthetic-system" Button
    t =   269.24s     Wait for com.parlor.app.debug to idle
    t =   269.24s     Find the "parlor-dsc01-synthetic-system" Button
    t =   269.25s     Check for interrupting elements affecting "parlor-dsc01-synthetic-system" Button
    t =   269.26s     Synthesize event
    t =   269.56s     Wait for com.parlor.app.debug to idle
    t =   269.56s Waiting 10.0s for "parlor-dsc01-state" StaticText to exist
    t =   270.61s     Checking `Expect predicate `existsNoRetry == 1` for object "parlor-dsc01-state" StaticText`
    t =   270.61s         Checking existence of `"parlor-dsc01-state" StaticText`
    t =   270.63s Find the "parlor-dsc01-state" StaticText
    t =   270.65s Tap "parlor-dsc01-observe" Button
    t =   270.65s     Wait for com.parlor.app.debug to idle
    t =   270.65s     Find the "parlor-dsc01-observe" Button
    t =   270.66s     Check for interrupting elements affecting "parlor-dsc01-observe" Button
    t =   270.67s     Synthesize event
    t =   270.96s     Wait for com.parlor.app.debug to idle
    t =   271.99s Find the "parlor-dsc01-state" StaticText
    t =   272.02s Waiting 10.0s for "parlor-dsc01-state" StaticText to exist
    t =   273.04s     Checking `Expect predicate `existsNoRetry == 1` for object "parlor-dsc01-state" StaticText`
    t =   273.04s         Checking existence of `"parlor-dsc01-state" StaticText`
    t =   273.07s Find the "parlor-dsc01-state" StaticText
    t =   273.08s Waiting 10.0s for "parlor-dsc01-state" StaticText to exist
    t =   274.09s     Checking `Expect predicate `existsNoRetry == 1` for object "parlor-dsc01-state" StaticText`
    t =   274.09s         Checking existence of `"parlor-dsc01-state" StaticText`
    t =   274.12s Find the "parlor-dsc01-state" StaticText
    t =   274.13s Tap "parlor-dsc01-observe" Button
    t =   274.13s     Wait for com.parlor.app.debug to idle
    t =   274.14s     Find the "parlor-dsc01-observe" Button
    t =   274.15s     Check for interrupting elements affecting "parlor-dsc01-observe" Button
    t =   274.16s     Synthesize event
    t =   274.45s     Wait for com.parlor.app.debug to idle
    t =   275.48s Find the "parlor-dsc01-state" StaticText
    t =   275.51s Waiting 10.0s for "parlor-dsc01-state" StaticText to exist
    t =   276.54s     Checking `Expect predicate `existsNoRetry == 1` for object "parlor-dsc01-state" StaticText`
    t =   276.54s         Checking existence of `"parlor-dsc01-state" StaticText`
    t =   276.57s Find the "parlor-dsc01-state" StaticText
    t =   276.58s Pressing Home button
    t =   277.05s Wait for com.parlor.app.debug to become Running Background
    t =   277.60s Open com.parlor.app.debug
    t =   277.60s     Activate com.parlor.app.debug
    t =   277.62s         Wait for com.parlor.app.debug to idle
    t =   277.64s Wait for com.parlor.app.debug to become Running Foreground
    t =   277.64s Waiting 10.0s for "parlor-dsc01-state" StaticText to exist
    t =   278.67s     Checking `Expect predicate `existsNoRetry == 1` for object "parlor-dsc01-state" StaticText`
    t =   278.67s         Checking existence of `"parlor-dsc01-state" StaticText`
    t =   278.70s Find the "parlor-dsc01-state" StaticText
    t =   278.71s Tap "parlor-dsc01-observe" Button
    t =   278.71s     Wait for com.parlor.app.debug to idle
    t =   278.71s     Find the "parlor-dsc01-observe" Button
    t =   278.72s     Check for interrupting elements affecting "parlor-dsc01-observe" Button
    t =   278.74s     Synthesize event
    t =   279.03s     Wait for com.parlor.app.debug to idle
    t =   280.06s Find the "parlor-dsc01-state" StaticText
    t =   280.09s Waiting 10.0s for "parlor-dsc01-state" StaticText to exist
    t =   281.14s     Checking `Expect predicate `existsNoRetry == 1` for object "parlor-dsc01-state" StaticText`
    t =   281.14s         Checking existence of `"parlor-dsc01-state" StaticText`
    t =   281.16s Find the "parlor-dsc01-state" StaticText
    t =   281.18s Waiting 10.0s for "parlor-dsc01-state" StaticText to exist
    t =   282.23s     Checking `Expect predicate `existsNoRetry == 1` for object "parlor-dsc01-state" StaticText`
    t =   282.23s         Checking existence of `"parlor-dsc01-state" StaticText`
    t =   282.26s Find the "parlor-dsc01-state" StaticText
    t =   282.27s Tap "parlor-dsc01-window" Button
    t =   282.27s     Wait for com.parlor.app.debug to idle
    t =   282.27s     Find the "parlor-dsc01-window" Button
    t =   282.28s     Check for interrupting elements affecting "parlor-dsc01-window" Button
    t =   282.30s     Synthesize event
    t =   282.58s     Wait for com.parlor.app.debug to idle
    t =   283.59s Find the "parlor-dsc01-state" StaticText
    t =   284.68s Find the "parlor-dsc01-state" StaticText
    t =   284.71s Waiting 10.0s for "parlor-dsc01-state" StaticText to exist
    t =   285.76s     Checking `Expect predicate `existsNoRetry == 1` for object "parlor-dsc01-state" StaticText`
    t =   285.76s         Checking existence of `"parlor-dsc01-state" StaticText`
    t =   285.78s Find the "parlor-dsc01-state" StaticText
    t =   285.79s Waiting 10.0s for "parlor-dsc01-state" StaticText to exist
    t =   286.84s     Checking `Expect predicate `existsNoRetry == 1` for object "parlor-dsc01-state" StaticText`
    t =   286.84s         Checking existence of `"parlor-dsc01-state" StaticText`
    t =   286.87s Find the "parlor-dsc01-state" StaticText
    t =   286.89s Tap "parlor-dsc01-window" Button
    t =   286.89s     Wait for com.parlor.app.debug to idle
    t =   286.89s     Find the "parlor-dsc01-window" Button
    t =   286.90s     Check for interrupting elements affecting "parlor-dsc01-window" Button
    t =   286.91s     Synthesize event
    t =   287.19s     Wait for com.parlor.app.debug to idle
    t =   288.23s Find the "parlor-dsc01-state" StaticText
    t =   289.21s Find the "parlor-dsc01-state" StaticText
    t =   289.24s Waiting 10.0s for "parlor-dsc01-state" StaticText to exist
    t =   290.27s     Checking `Expect predicate `existsNoRetry == 1` for object "parlor-dsc01-state" StaticText`
    t =   290.27s         Checking existence of `"parlor-dsc01-state" StaticText`
    t =   290.30s Find the "parlor-dsc01-state" StaticText
    t =   290.31s Tap "parlor-dsc01-complete" Button
    t =   290.31s     Wait for com.parlor.app.debug to idle
    t =   290.31s     Find the "parlor-dsc01-complete" Button
    t =   290.33s     Check for interrupting elements affecting "parlor-dsc01-complete" Button
    t =   290.34s     Synthesize event
    t =   290.63s     Wait for com.parlor.app.debug to idle
    t =   290.63s Waiting 10.0s for "parlor-dsc01-state" StaticText to exist
    t =   291.67s     Checking `Expect predicate `existsNoRetry == 1` for object "parlor-dsc01-state" StaticText`
    t =   291.67s         Checking existence of `"parlor-dsc01-state" StaticText`
    t =   291.70s Find the "parlor-dsc01-state" StaticText
    t =   291.72s Tap "parlor-dsc01-observe" Button
    t =   291.72s     Wait for com.parlor.app.debug to idle
    t =   291.72s     Find the "parlor-dsc01-observe" Button
    t =   291.73s     Check for interrupting elements affecting "parlor-dsc01-observe" Button
    t =   291.75s     Synthesize event
    t =   292.04s     Wait for com.parlor.app.debug to idle
    t =   293.06s Find the "parlor-dsc01-state" StaticText
    t =   293.09s Waiting 10.0s for "parlor-dsc01-state" StaticText to exist
    t =   294.13s     Checking `Expect predicate `existsNoRetry == 1` for object "parlor-dsc01-state" StaticText`
    t =   294.13s         Checking existence of `"parlor-dsc01-state" StaticText`
    t =   294.16s Find the "parlor-dsc01-state" StaticText
    t =   294.17s Terminate com.parlor.app.debug:8653
    t =   295.24s Wait for com.parlor.app.debug to become Not Running
    t =   295.24s Open com.parlor.app.debug
    t =   295.25s     Launch com.parlor.app.debug
2026-09-06 19:33:31.856 xcodebuild[7145:2882179] [MT] IDELaunchParametersSnapshot: The operation couldn’t be completed. (DebuggerLLDB.DebuggerVersionStore.StoreError error 0.)
2026-09-06 19:33:31.856 xcodebuild[7145:2882179] [MT] IDELaunchParametersSnapshot: no debugger version
    t =   295.46s         Setting up automation session
    t =   296.10s         Wait for com.parlor.app.debug to idle
    t =   297.33s Wait for com.parlor.app.debug to become Running Foreground
    t =   297.34s Waiting 30.0s for "parlor-home-brand" StaticText to exist
    t =   298.36s     Checking `Expect predicate `existsNoRetry == 1` for object "parlor-home-brand" StaticText`
    t =   298.36s         Checking existence of `"parlor-home-brand" StaticText`
    t =   298.44s Waiting 10.0s for "parlor-dsc01-observe" Button to exist
    t =   299.49s     Checking `Expect predicate `existsNoRetry == 1` for object "parlor-dsc01-observe" Button`
    t =   299.49s         Checking existence of `"parlor-dsc01-observe" Button`
    t =   299.52s Checking existence of `Alert (First Match)`
    t =   299.54s Waiting 10.0s for "parlor-dsc01-state" StaticText to exist
    t =   300.58s     Checking `Expect predicate `existsNoRetry == 1` for object "parlor-dsc01-state" StaticText`
    t =   300.58s         Checking existence of `"parlor-dsc01-state" StaticText`
    t =   300.61s Find the "parlor-dsc01-state" StaticText
    t =   300.62s Tap "parlor-dsc01-observe" Button
    t =   300.62s     Wait for com.parlor.app.debug to idle
    t =   300.63s     Find the "parlor-dsc01-observe" Button
    t =   300.64s     Check for interrupting elements affecting "parlor-dsc01-observe" Button
    t =   300.65s     Synthesize event
    t =   300.94s     Wait for com.parlor.app.debug to idle
    t =   301.99s Find the "parlor-dsc01-state" StaticText
    t =   302.01s Waiting 10.0s for "parlor-dsc01-state" StaticText to exist
    t =   303.04s     Checking `Expect predicate `existsNoRetry == 1` for object "parlor-dsc01-state" StaticText`
    t =   303.04s         Checking existence of `"parlor-dsc01-state" StaticText`
    t =   303.07s Find the "parlor-dsc01-state" StaticText
    t =   303.09s Waiting 10.0s for "parlor-dsc01-state" StaticText to exist
    t =   304.14s     Checking `Expect predicate `existsNoRetry == 1` for object "parlor-dsc01-state" StaticText`
    t =   304.14s         Checking existence of `"parlor-dsc01-state" StaticText`
    t =   304.17s Find the "parlor-dsc01-state" StaticText
    t =   304.18s Tap "parlor-dsc01-observe" Button
    t =   304.18s     Wait for com.parlor.app.debug to idle
    t =   304.18s     Find the "parlor-dsc01-observe" Button
    t =   304.20s     Check for interrupting elements affecting "parlor-dsc01-observe" Button
    t =   304.21s     Synthesize event
    t =   304.50s     Wait for com.parlor.app.debug to idle
    t =   305.54s Find the "parlor-dsc01-state" StaticText
    t =   305.57s Waiting 10.0s for "parlor-dsc01-state" StaticText to exist
    t =   306.63s     Checking `Expect predicate `existsNoRetry == 1` for object "parlor-dsc01-state" StaticText`
    t =   306.63s         Checking existence of `"parlor-dsc01-state" StaticText`
    t =   306.66s Find the "parlor-dsc01-state" StaticText
    t =   306.68s Waiting 15.0s for Any (First Match) to exist
    t =   307.73s     Checking `Expect predicate `existsNoRetry == 1` for object Any (First Match)`
    t =   307.73s         Checking existence of `Any (First Match)`
    t =   307.76s Get all elements bound by index for: Elements matching predicate 'label == "افتح الإعدادات., الإعدادات"'
    t =   307.77s Find the Any (Element at index 0)
    t =   307.79s Tap "افتح الإعدادات., الإعدادات" Button
    t =   307.79s     Wait for com.parlor.app.debug to idle
    t =   307.79s     Find the "افتح الإعدادات., الإعدادات" Button
    t =   307.80s     Check for interrupting elements affecting "افتح الإعدادات., الإعدادات" Button
    t =   307.81s     Synthesize event
    t =   308.09s     Wait for com.parlor.app.debug to idle
    t =   308.10s Waiting 15.0s for Any (First Match) to exist
    t =   309.14s     Checking `Expect predicate `existsNoRetry == 1` for object Any (First Match)`
    t =   309.14s         Checking existence of `Any (First Match)`
    t =   309.18s Checking existence of `Any (First Match)`
    t =   309.19s Waiting 10.0s for "parlor-dsc01-state" StaticText to exist
    t =   310.24s     Checking `Expect predicate `existsNoRetry == 1` for object "parlor-dsc01-state" StaticText`
    t =   310.24s         Checking existence of `"parlor-dsc01-state" StaticText`
    t =   310.26s Find the "parlor-dsc01-state" StaticText
    t =   310.28s Tap "parlor-dsc01-observe" Button
    t =   310.28s     Wait for com.parlor.app.debug to idle
    t =   310.28s     Find the "parlor-dsc01-observe" Button
    t =   310.29s     Check for interrupting elements affecting "parlor-dsc01-observe" Button
    t =   310.31s     Synthesize event
    t =   310.59s     Wait for com.parlor.app.debug to idle
    t =   311.62s Find the "parlor-dsc01-state" StaticText
    t =   311.64s Waiting 10.0s for "parlor-dsc01-state" StaticText to exist
    t =   312.69s     Checking `Expect predicate `existsNoRetry == 1` for object "parlor-dsc01-state" StaticText`
    t =   312.69s         Checking existence of `"parlor-dsc01-state" StaticText`
    t =   312.72s Find the "parlor-dsc01-state" StaticText
    t =   312.74s Waiting 15.0s for Any (First Match) to exist
    t =   313.76s     Checking `Expect predicate `existsNoRetry == 1` for object Any (First Match)`
    t =   313.76s         Checking existence of `Any (First Match)`
    t =   313.79s Get all elements bound by index for: Elements matching predicate 'label == "English"'
    t =   313.80s Find the Any (Element at index 0)
    t =   313.82s Tap "English" Button
    t =   313.82s     Wait for com.parlor.app.debug to idle
    t =   313.82s     Find the "English" Button
    t =   313.84s     Check for interrupting elements affecting "English" Button
    t =   313.85s     Synthesize event
    t =   314.13s     Wait for com.parlor.app.debug to idle
    t =   314.14s Waiting 15.0s for Any (First Match) to exist
    t =   315.18s     Checking `Expect predicate `existsNoRetry == 1` for object Any (First Match)`
    t =   315.18s         Checking existence of `Any (First Match)`
    t =   315.21s Checking existence of `Any (First Match)`
    t =   315.23s Waiting 10.0s for "parlor-dsc01-state" StaticText to exist
    t =   316.28s     Checking `Expect predicate `existsNoRetry == 1` for object "parlor-dsc01-state" StaticText`
    t =   316.28s         Checking existence of `"parlor-dsc01-state" StaticText`
    t =   316.31s Find the "parlor-dsc01-state" StaticText
    t =   316.32s Tap "parlor-dsc01-observe" Button
    t =   316.32s     Wait for com.parlor.app.debug to idle
    t =   316.32s     Find the "parlor-dsc01-observe" Button
    t =   316.34s     Check for interrupting elements affecting "parlor-dsc01-observe" Button
    t =   316.35s     Synthesize event
    t =   316.63s     Wait for com.parlor.app.debug to idle
    t =   317.66s Find the "parlor-dsc01-state" StaticText
    t =   317.69s Waiting 10.0s for "parlor-dsc01-state" StaticText to exist
    t =   318.72s     Checking `Expect predicate `existsNoRetry == 1` for object "parlor-dsc01-state" StaticText`
    t =   318.72s         Checking existence of `"parlor-dsc01-state" StaticText`
    t =   318.75s Find the "parlor-dsc01-state" StaticText
    t =   318.76s Waiting 10.0s for "parlor-dsc01-state" StaticText to exist
    t =   319.79s     Checking `Expect predicate `existsNoRetry == 1` for object "parlor-dsc01-state" StaticText`
    t =   319.79s         Checking existence of `"parlor-dsc01-state" StaticText`
    t =   319.82s Find the "parlor-dsc01-state" StaticText
    t =   319.83s Tap "parlor-dsc01-observe" Button
    t =   319.83s     Wait for com.parlor.app.debug to idle
    t =   319.84s     Find the "parlor-dsc01-observe" Button
    t =   319.85s     Check for interrupting elements affecting "parlor-dsc01-observe" Button
    t =   319.86s     Synthesize event
    t =   320.15s     Wait for com.parlor.app.debug to idle
    t =   321.18s Find the "parlor-dsc01-state" StaticText
    t =   321.21s Waiting 10.0s for "parlor-dsc01-state" StaticText to exist
    t =   322.26s     Checking `Expect predicate `existsNoRetry == 1` for object "parlor-dsc01-state" StaticText`
    t =   322.26s         Checking existence of `"parlor-dsc01-state" StaticText`
    t =   322.28s Find the "parlor-dsc01-state" StaticText
    t =   322.30s Waiting 15.0s for Any (First Match) to exist
    t =   323.34s     Checking `Expect predicate `existsNoRetry == 1` for object Any (First Match)`
    t =   323.34s         Checking existence of `Any (First Match)`
    t =   323.37s Get all elements bound by index for: Elements matching predicate 'label == "Open the game library., GAMES"'
    t =   323.39s Find the Any (Element at index 0)
    t =   323.41s Tap "Open the game library., GAMES" Button
    t =   323.41s     Wait for com.parlor.app.debug to idle
    t =   323.41s     Find the "Open the game library., GAMES" Button
    t =   323.42s     Check for interrupting elements affecting "Open the game library., GAMES" Button
    t =   323.43s     Synthesize event
    t =   323.72s     Wait for com.parlor.app.debug to idle
    t =   323.72s Waiting 15.0s for "parlor-home-brand" StaticText to exist
    t =   324.76s     Checking `Expect predicate `existsNoRetry == 1` for object "parlor-home-brand" StaticText`
    t =   324.76s         Checking existence of `"parlor-home-brand" StaticText`
    t =   324.78s Waiting 10.0s for "parlor-dsc01-state" StaticText to exist
    t =   325.84s     Checking `Expect predicate `existsNoRetry == 1` for object "parlor-dsc01-state" StaticText`
    t =   325.84s         Checking existence of `"parlor-dsc01-state" StaticText`
    t =   325.87s Find the "parlor-dsc01-state" StaticText
    t =   325.89s Tap "parlor-dsc01-observe" Button
    t =   325.89s     Wait for com.parlor.app.debug to idle
    t =   325.89s     Find the "parlor-dsc01-observe" Button
    t =   325.90s     Check for interrupting elements affecting "parlor-dsc01-observe" Button
    t =   325.91s     Synthesize event
    t =   326.20s     Wait for com.parlor.app.debug to idle
    t =   327.25s Find the "parlor-dsc01-state" StaticText
    t =   327.28s Waiting 10.0s for "parlor-dsc01-state" StaticText to exist
    t =   328.32s     Checking `Expect predicate `existsNoRetry == 1` for object "parlor-dsc01-state" StaticText`
    t =   328.32s         Checking existence of `"parlor-dsc01-state" StaticText`
    t =   328.35s Find the "parlor-dsc01-state" StaticText
    t =   328.36s Get number of matches for: Elements matching predicate 'label BEGINSWITH "Open the Mafia game."'
    t =   328.38s Get number of matches for: Elements matching predicate '"parlor-dsc01-overlay" IN identifiers'
    t =   328.39s Get number of matches for: Elements matching predicate 'label == "Open the game library., GAMES"'
    t =   328.39s Get number of matches for: Elements matching predicate 'label == "Open settings., SETTINGS"'
    t =   328.40s Find the Button (First Match)
    t =   328.42s Find the "Open the Mafia game." Button
    t =   328.45s Find the "Open the Mafia game." Button
    t =   328.46s Find the Target Application 'com.parlor.app.debug'
    t =   328.47s Find the "parlor-dsc01-overlay" Any
    t =   328.48s Find the Any (First Match)
    t =   328.49s Find the Any (First Match)
    t =   328.50s Get number of matches for: Elements matching predicate 'label BEGINSWITH "Start a pass-and-play session on this device."'
    t =   328.51s Checking existence of `Alert (First Match)`
    t =   328.53s Checking existence of `Keyboard (First Match)`
DSC01_CATALOG_METADATA {"elapsedMilliseconds":177,"fields":{"alertPresent":false,"enabled":true,"foreground":true,"hittable":false,"index":1,"keyboardPresent":false,"overlay":{"present":true,"rectangle":[68.666666666666657,134,265,49],"validFiniteRectangle":true},"overlayCountCapped16":1,"successorCountCapped16":0,"tabCountsCapped16":[1,1],"tabs":[{"present":true,"rectangle":[24,778.66668701171875,173,53.33331298828125],"validFiniteRectangle":true},{"present":true,"rectangle":[205,778.66668701171875,173,53.33331298828125],"validFiniteRectangle":true}],"target":{"present":true,"rectangle":[24,1065,354,371],"validFiniteRectangle":true},"targetCountCapped16":1,"viewport":{"present":true,"rectangle":[0,0,402,874],"validFiniteRectangle":true},"window":1},"game":"mafia","kind":"search","ordinal":1,"schemaVersion":1}
    t =   328.79s Get number of matches for: Elements matching predicate 'label BEGINSWITH "Open the Mafia game."'
    t =   328.82s Get number of matches for: Elements matching predicate '"parlor-dsc01-overlay" IN identifiers'
    t =   328.84s Get number of matches for: Elements matching predicate 'label == "Open the game library., GAMES"'
    t =   328.85s Get number of matches for: Elements matching predicate 'label == "Open settings., SETTINGS"'
    t =   328.86s Find the Button (First Match)
    t =   328.88s Find the "Open the Mafia game." Button
    t =   328.90s Find the "Open the Mafia game." Button
    t =   328.92s Find the Target Application 'com.parlor.app.debug'
    t =   328.92s Find the "parlor-dsc01-overlay" Any
    t =   328.93s Find the Any (First Match)
    t =   328.95s Find the Any (First Match)
    t =   328.96s Get number of matches for: Elements matching predicate 'label BEGINSWITH "Start a pass-and-play session on this device."'
    t =   328.97s Checking existence of `Alert (First Match)`
    t =   328.98s Checking existence of `Keyboard (First Match)`
DSC01_CATALOG_METADATA {"elapsedMilliseconds":634,"fields":{"alertPresent":false,"enabled":true,"foreground":true,"hittable":false,"index":2,"keyboardPresent":false,"overlay":{"present":true,"rectangle":[68.666666666666657,134,265,49],"validFiniteRectangle":true},"overlayCountCapped16":1,"successorCountCapped16":0,"tabCountsCapped16":[1,1],"tabs":[{"present":true,"rectangle":[24,778.66668701171875,173,53.33331298828125],"validFiniteRectangle":true},{"present":true,"rectangle":[205,778.66668701171875,173,53.33331298828125],"validFiniteRectangle":true}],"target":{"present":true,"rectangle":[24,1065,354,371],"validFiniteRectangle":true},"targetCountCapped16":1,"viewport":{"present":true,"rectangle":[0,0,402,874],"validFiniteRectangle":true},"window":1},"game":"mafia","kind":"search","ordinal":2,"schemaVersion":1}
    t =   329.26s Get number of matches for: Elements matching predicate 'label BEGINSWITH "Open the Mafia game."'
    t =   329.28s Get number of matches for: Elements matching predicate '"parlor-dsc01-overlay" IN identifiers'
    t =   329.30s Get number of matches for: Elements matching predicate 'label == "Open the game library., GAMES"'
    t =   329.31s Get number of matches for: Elements matching predicate 'label == "Open settings., SETTINGS"'
    t =   329.32s Find the Button (First Match)
    t =   329.34s Find the "Open the Mafia game." Button
    t =   329.36s Find the "Open the Mafia game." Button
    t =   329.38s Find the Target Application 'com.parlor.app.debug'
    t =   329.38s Find the "parlor-dsc01-overlay" Any
    t =   329.39s Find the Any (First Match)
    t =   329.40s Find the Any (First Match)
    t =   329.42s Get number of matches for: Elements matching predicate 'label BEGINSWITH "Start a pass-and-play session on this device."'
    t =   329.42s Checking existence of `Alert (First Match)`
    t =   329.44s Checking existence of `Keyboard (First Match)`
DSC01_CATALOG_METADATA {"elapsedMilliseconds":1091,"fields":{"alertPresent":false,"enabled":true,"foreground":true,"hittable":false,"index":3,"keyboardPresent":false,"overlay":{"present":true,"rectangle":[68.666666666666657,134,265,49],"validFiniteRectangle":true},"overlayCountCapped16":1,"successorCountCapped16":0,"tabCountsCapped16":[1,1],"tabs":[{"present":true,"rectangle":[24,778.66668701171875,173,53.33331298828125],"validFiniteRectangle":true},{"present":true,"rectangle":[205,778.66668701171875,173,53.33331298828125],"validFiniteRectangle":true}],"target":{"present":true,"rectangle":[24,1065,354,371],"validFiniteRectangle":true},"targetCountCapped16":1,"viewport":{"present":true,"rectangle":[0,0,402,874],"validFiniteRectangle":true},"window":1},"game":"mafia","kind":"search","ordinal":3,"schemaVersion":1}
    t =   329.71s Get number of matches for: Elements matching predicate 'label BEGINSWITH "Open the Mafia game."'
    t =   329.74s Get number of matches for: Elements matching predicate '"parlor-dsc01-overlay" IN identifiers'
    t =   329.75s Get number of matches for: Elements matching predicate 'label == "Open the game library., GAMES"'
    t =   329.77s Get number of matches for: Elements matching predicate 'label == "Open settings., SETTINGS"'
    t =   329.78s Find the Button (First Match)
    t =   329.80s Find the "Open the Mafia game." Button
    t =   329.82s Find the "Open the Mafia game." Button
    t =   329.83s Find the Target Application 'com.parlor.app.debug'
    t =   329.84s Find the "parlor-dsc01-overlay" Any
    t =   329.85s Find the Any (First Match)
    t =   329.86s Find the Any (First Match)
    t =   329.87s Get number of matches for: Elements matching predicate 'label BEGINSWITH "Start a pass-and-play session on this device."'
    t =   329.88s Checking existence of `Alert (First Match)`
    t =   329.90s Checking existence of `Keyboard (First Match)`
DSC01_CATALOG_METADATA {"elapsedMilliseconds":1549,"fields":{"alertPresent":false,"enabled":true,"foreground":true,"hittable":false,"index":4,"keyboardPresent":false,"overlay":{"present":true,"rectangle":[68.666666666666657,134,265,49],"validFiniteRectangle":true},"overlayCountCapped16":1,"successorCountCapped16":0,"tabCountsCapped16":[1,1],"tabs":[{"present":true,"rectangle":[24,778.66668701171875,173,53.33331298828125],"validFiniteRectangle":true},{"present":true,"rectangle":[205,778.66668701171875,173,53.33331298828125],"validFiniteRectangle":true}],"target":{"present":true,"rectangle":[24,1065,354,371],"validFiniteRectangle":true},"targetCountCapped16":1,"viewport":{"present":true,"rectangle":[0,0,402,874],"validFiniteRectangle":true},"window":1},"game":"mafia","kind":"search","ordinal":4,"schemaVersion":1}
    t =   330.18s Get number of matches for: Elements matching predicate 'label BEGINSWITH "Open the Mafia game."'
    t =   330.20s Get number of matches for: Elements matching predicate '"parlor-dsc01-overlay" IN identifiers'
    t =   330.22s Get number of matches for: Elements matching predicate 'label == "Open the game library., GAMES"'
    t =   330.23s Get number of matches for: Elements matching predicate 'label == "Open settings., SETTINGS"'
    t =   330.24s Find the Button (First Match)
    t =   330.26s Find the "Open the Mafia game." Button
    t =   330.28s Find the "Open the Mafia game." Button
    t =   330.29s Find the Target Application 'com.parlor.app.debug'
    t =   330.30s Find the "parlor-dsc01-overlay" Any
    t =   330.31s Find the Any (First Match)
    t =   330.32s Find the Any (First Match)
    t =   330.33s Get number of matches for: Elements matching predicate 'label BEGINSWITH "Start a pass-and-play session on this device."'
    t =   330.34s Checking existence of `Alert (First Match)`
    t =   330.36s Checking existence of `Keyboard (First Match)`
DSC01_CATALOG_METADATA {"elapsedMilliseconds":2009,"fields":{"alertPresent":false,"enabled":true,"foreground":true,"hittable":false,"index":5,"keyboardPresent":false,"overlay":{"present":true,"rectangle":[68.666666666666657,134,265,49],"validFiniteRectangle":true},"overlayCountCapped16":1,"successorCountCapped16":0,"tabCountsCapped16":[1,1],"tabs":[{"present":true,"rectangle":[24,778.66668701171875,173,53.33331298828125],"validFiniteRectangle":true},{"present":true,"rectangle":[205,778.66668701171875,173,53.33331298828125],"validFiniteRectangle":true}],"target":{"present":true,"rectangle":[24,1065,354,371],"validFiniteRectangle":true},"targetCountCapped16":1,"viewport":{"present":true,"rectangle":[0,0,402,874],"validFiniteRectangle":true},"window":1},"game":"mafia","kind":"search","ordinal":5,"schemaVersion":1}
    t =   330.63s Get number of matches for: Elements matching predicate 'label BEGINSWITH "Open the Mafia game."'
    t =   330.66s Get number of matches for: Elements matching predicate '"parlor-dsc01-overlay" IN identifiers'
    t =   330.68s Get number of matches for: Elements matching predicate 'label == "Open the game library., GAMES"'
    t =   330.69s Get number of matches for: Elements matching predicate 'label == "Open settings., SETTINGS"'
    t =   330.70s Find the Button (First Match)
    t =   330.72s Find the "Open the Mafia game." Button
    t =   330.74s Find the "Open the Mafia game." Button
    t =   330.76s Find the Target Application 'com.parlor.app.debug'
    t =   330.76s Find the "parlor-dsc01-overlay" Any
    t =   330.77s Find the Any (First Match)
    t =   330.78s Find the Any (First Match)
    t =   330.80s Get number of matches for: Elements matching predicate 'label BEGINSWITH "Start a pass-and-play session on this device."'
    t =   330.80s Checking existence of `Alert (First Match)`
    t =   330.82s Checking existence of `Keyboard (First Match)`
DSC01_CATALOG_METADATA {"elapsedMilliseconds":2472,"fields":{"alertPresent":false,"enabled":true,"foreground":true,"hittable":false,"index":6,"keyboardPresent":false,"overlay":{"present":true,"rectangle":[68.666666666666657,134,265,49],"validFiniteRectangle":true},"overlayCountCapped16":1,"successorCountCapped16":0,"tabCountsCapped16":[1,1],"tabs":[{"present":true,"rectangle":[24,778.66668701171875,173,53.33331298828125],"validFiniteRectangle":true},{"present":true,"rectangle":[205,778.66668701171875,173,53.33331298828125],"validFiniteRectangle":true}],"target":{"present":true,"rectangle":[24,1065,354,371],"validFiniteRectangle":true},"targetCountCapped16":1,"viewport":{"present":true,"rectangle":[0,0,402,874],"validFiniteRectangle":true},"window":1},"game":"mafia","kind":"search","ordinal":6,"schemaVersion":1}
    t =   330.84s Swipe up Target Application 'com.parlor.app.debug'
    t =   330.84s     Wait for com.parlor.app.debug to idle
    t =   330.84s     Find the Target Application 'com.parlor.app.debug'
    t =   330.85s     Check for interrupting elements affecting "بارلور" Application
    t =   330.85s     Synthesize event
    t =   331.34s     Wait for com.parlor.app.debug to idle
    t =   331.34s Get number of matches for: Elements matching predicate 'label BEGINSWITH "Open the Mafia game."'
    t =   331.36s Get number of matches for: Elements matching predicate '"parlor-dsc01-overlay" IN identifiers'
    t =   331.37s Get number of matches for: Elements matching predicate 'label == "Open the game library., GAMES"'
    t =   331.38s Get number of matches for: Elements matching predicate 'label == "Open settings., SETTINGS"'
    t =   331.39s Find the Button (First Match)
    t =   331.41s Find the "Open the Mafia game." Button
    t =   331.43s Find the "Open the Mafia game." Button
    t =   331.45s Find the Target Application 'com.parlor.app.debug'
    t =   331.45s Find the "parlor-dsc01-overlay" Any
    t =   331.46s Find the Any (First Match)
    t =   331.48s Find the Any (First Match)
    t =   331.49s Get number of matches for: Elements matching predicate 'label BEGINSWITH "Start a pass-and-play session on this device."'
    t =   331.50s Checking existence of `Alert (First Match)`
    t =   331.51s Checking existence of `Keyboard (First Match)`
DSC01_CATALOG_METADATA {"elapsedMilliseconds":3166,"fields":{"alertPresent":false,"enabled":true,"foreground":true,"hittable":false,"index":1,"keyboardPresent":false,"overlay":{"present":true,"rectangle":[68.666666666666657,134,265,49],"validFiniteRectangle":true},"overlayCountCapped16":1,"successorCountCapped16":0,"tabCountsCapped16":[1,1],"tabs":[{"present":true,"rectangle":[24,778.66668701171875,173,53.33331298828125],"validFiniteRectangle":true},{"present":true,"rectangle":[205,778.66668701171875,173,53.33331298828125],"validFiniteRectangle":true}],"target":{"present":true,"rectangle":[24,882.33331298828125,354,370.99993896484375],"validFiniteRectangle":true},"targetCountCapped16":1,"viewport":{"present":true,"rectangle":[0,0,402,874],"validFiniteRectangle":true},"window":2},"game":"mafia","kind":"search","ordinal":7,"schemaVersion":1}
    t =   331.79s Get number of matches for: Elements matching predicate 'label BEGINSWITH "Open the Mafia game."'
    t =   331.80s Get number of matches for: Elements matching predicate '"parlor-dsc01-overlay" IN identifiers'
    t =   331.81s Get number of matches for: Elements matching predicate 'label == "Open the game library., GAMES"'
    t =   331.82s Get number of matches for: Elements matching predicate 'label == "Open settings., SETTINGS"'
    t =   331.83s Find the Button (First Match)
    t =   331.85s Find the "Open the Mafia game." Button
    t =   331.87s Find the "Open the Mafia game." Button
    t =   331.89s Find the Target Application 'com.parlor.app.debug'
    t =   331.89s Find the "parlor-dsc01-overlay" Any
    t =   331.90s Find the Any (First Match)
    t =   331.91s Find the Any (First Match)
    t =   331.93s Get number of matches for: Elements matching predicate 'label BEGINSWITH "Start a pass-and-play session on this device."'
    t =   331.94s Checking existence of `Alert (First Match)`
    t =   331.95s Checking existence of `Keyboard (First Match)`
DSC01_CATALOG_METADATA {"elapsedMilliseconds":3605,"fields":{"alertPresent":false,"enabled":true,"foreground":true,"hittable":false,"index":2,"keyboardPresent":false,"overlay":{"present":true,"rectangle":[68.666666666666657,134,265,49],"validFiniteRectangle":true},"overlayCountCapped16":1,"successorCountCapped16":0,"tabCountsCapped16":[1,1],"tabs":[{"present":true,"rectangle":[24,778.66668701171875,173,53.33331298828125],"validFiniteRectangle":true},{"present":true,"rectangle":[205,778.66668701171875,173,53.33331298828125],"validFiniteRectangle":true}],"target":{"present":true,"rectangle":[24,882.33331298828125,354,370.99993896484375],"validFiniteRectangle":true},"targetCountCapped16":1,"viewport":{"present":true,"rectangle":[0,0,402,874],"validFiniteRectangle":true},"window":2},"game":"mafia","kind":"search","ordinal":8,"schemaVersion":1}
    t =   332.23s Get number of matches for: Elements matching predicate 'label BEGINSWITH "Open the Mafia game."'
    t =   332.25s Get number of matches for: Elements matching predicate '"parlor-dsc01-overlay" IN identifiers'
    t =   332.27s Get number of matches for: Elements matching predicate 'label == "Open the game library., GAMES"'
    t =   332.28s Get number of matches for: Elements matching predicate 'label == "Open settings., SETTINGS"'
    t =   332.29s Find the Button (First Match)
    t =   332.31s Find the "Open the Mafia game." Button
    t =   332.33s Find the "Open the Mafia game." Button
    t =   332.35s Find the Target Application 'com.parlor.app.debug'
    t =   332.36s Find the "parlor-dsc01-overlay" Any
    t =   332.36s Find the Any (First Match)
    t =   332.38s Find the Any (First Match)
    t =   332.39s Get number of matches for: Elements matching predicate 'label BEGINSWITH "Start a pass-and-play session on this device."'
    t =   332.40s Checking existence of `Alert (First Match)`
    t =   332.41s Checking existence of `Keyboard (First Match)`
DSC01_CATALOG_METADATA {"elapsedMilliseconds":4067,"fields":{"alertPresent":false,"enabled":true,"foreground":true,"hittable":false,"index":3,"keyboardPresent":false,"overlay":{"present":true,"rectangle":[68.666666666666657,134,265,49],"validFiniteRectangle":true},"overlayCountCapped16":1,"successorCountCapped16":0,"tabCountsCapped16":[1,1],"tabs":[{"present":true,"rectangle":[24,778.66668701171875,173,53.33331298828125],"validFiniteRectangle":true},{"present":true,"rectangle":[205,778.66668701171875,173,53.33331298828125],"validFiniteRectangle":true}],"target":{"present":true,"rectangle":[24,882.33331298828125,354,370.99993896484375],"validFiniteRectangle":true},"targetCountCapped16":1,"viewport":{"present":true,"rectangle":[0,0,402,874],"validFiniteRectangle":true},"window":2},"game":"mafia","kind":"search","ordinal":9,"schemaVersion":1}
    t =   332.69s Get number of matches for: Elements matching predicate 'label BEGINSWITH "Open the Mafia game."'
    t =   332.72s Get number of matches for: Elements matching predicate '"parlor-dsc01-overlay" IN identifiers'
    t =   332.74s Get number of matches for: Elements matching predicate 'label == "Open the game library., GAMES"'
    t =   332.75s Get number of matches for: Elements matching predicate 'label == "Open settings., SETTINGS"'
    t =   332.76s Find the Button (First Match)
    t =   332.78s Find the "Open the Mafia game." Button
    t =   332.80s Find the "Open the Mafia game." Button
    t =   332.82s Find the Target Application 'com.parlor.app.debug'
    t =   332.82s Find the "parlor-dsc01-overlay" Any
    t =   332.83s Find the Any (First Match)
    t =   332.85s Find the Any (First Match)
    t =   332.86s Get number of matches for: Elements matching predicate 'label BEGINSWITH "Start a pass-and-play session on this device."'
    t =   332.87s Checking existence of `Alert (First Match)`
    t =   332.88s Checking existence of `Keyboard (First Match)`
DSC01_CATALOG_METADATA {"elapsedMilliseconds":4536,"fields":{"alertPresent":false,"enabled":true,"foreground":true,"hittable":false,"index":4,"keyboardPresent":false,"overlay":{"present":true,"rectangle":[68.666666666666657,134,265,49],"validFiniteRectangle":true},"overlayCountCapped16":1,"successorCountCapped16":0,"tabCountsCapped16":[1,1],"tabs":[{"present":true,"rectangle":[24,778.66668701171875,173,53.33331298828125],"validFiniteRectangle":true},{"present":true,"rectangle":[205,778.66668701171875,173,53.33331298828125],"validFiniteRectangle":true}],"target":{"present":true,"rectangle":[24,882.33331298828125,354,370.99993896484375],"validFiniteRectangle":true},"targetCountCapped16":1,"viewport":{"present":true,"rectangle":[0,0,402,874],"validFiniteRectangle":true},"window":2},"game":"mafia","kind":"search","ordinal":10,"schemaVersion":1}
    t =   333.16s Get number of matches for: Elements matching predicate 'label BEGINSWITH "Open the Mafia game."'
    t =   333.18s Get number of matches for: Elements matching predicate '"parlor-dsc01-overlay" IN identifiers'
    t =   333.20s Get number of matches for: Elements matching predicate 'label == "Open the game library., GAMES"'
    t =   333.21s Get number of matches for: Elements matching predicate 'label == "Open settings., SETTINGS"'
    t =   333.22s Find the Button (First Match)
    t =   333.26s Find the "Open the Mafia game." Button
    t =   333.28s Find the "Open the Mafia game." Button
    t =   333.30s Find the Target Application 'com.parlor.app.debug'
    t =   333.31s Find the "parlor-dsc01-overlay" Any
    t =   333.31s Find the Any (First Match)
    t =   333.33s Find the Any (First Match)
    t =   333.34s Get number of matches for: Elements matching predicate 'label BEGINSWITH "Start a pass-and-play session on this device."'
    t =   333.35s Checking existence of `Alert (First Match)`
    t =   333.36s Checking existence of `Keyboard (First Match)`
DSC01_CATALOG_METADATA {"elapsedMilliseconds":5016,"fields":{"alertPresent":false,"enabled":true,"foreground":true,"hittable":false,"index":5,"keyboardPresent":false,"overlay":{"present":true,"rectangle":[68.666666666666657,134,265,49],"validFiniteRectangle":true},"overlayCountCapped16":1,"successorCountCapped16":0,"tabCountsCapped16":[1,1],"tabs":[{"present":true,"rectangle":[24,778.66668701171875,173,53.33331298828125],"validFiniteRectangle":true},{"present":true,"rectangle":[205,778.66668701171875,173,53.33331298828125],"validFiniteRectangle":true}],"target":{"present":true,"rectangle":[24,882.33331298828125,354,370.99993896484375],"validFiniteRectangle":true},"targetCountCapped16":1,"viewport":{"present":true,"rectangle":[0,0,402,874],"validFiniteRectangle":true},"window":2},"game":"mafia","kind":"search","ordinal":11,"schemaVersion":1}
    t =   333.64s Get number of matches for: Elements matching predicate 'label BEGINSWITH "Open the Mafia game."'
    t =   333.67s Get number of matches for: Elements matching predicate '"parlor-dsc01-overlay" IN identifiers'
    t =   333.69s Get number of matches for: Elements matching predicate 'label == "Open the game library., GAMES"'
    t =   333.70s Get number of matches for: Elements matching predicate 'label == "Open settings., SETTINGS"'
    t =   333.71s Find the Button (First Match)
    t =   333.73s Find the "Open the Mafia game." Button
    t =   333.75s Find the "Open the Mafia game." Button
    t =   333.77s Find the Target Application 'com.parlor.app.debug'
    t =   333.77s Find the "parlor-dsc01-overlay" Any
    t =   333.78s Find the Any (First Match)
    t =   333.79s Find the Any (First Match)
    t =   333.81s Get number of matches for: Elements matching predicate 'label BEGINSWITH "Start a pass-and-play session on this device."'
    t =   333.81s Checking existence of `Alert (First Match)`
    t =   333.83s Checking existence of `Keyboard (First Match)`
DSC01_CATALOG_METADATA {"elapsedMilliseconds":5484,"fields":{"alertPresent":false,"enabled":true,"foreground":true,"hittable":false,"index":6,"keyboardPresent":false,"overlay":{"present":true,"rectangle":[68.666666666666657,134,265,49],"validFiniteRectangle":true},"overlayCountCapped16":1,"successorCountCapped16":0,"tabCountsCapped16":[1,1],"tabs":[{"present":true,"rectangle":[24,778.66668701171875,173,53.33331298828125],"validFiniteRectangle":true},{"present":true,"rectangle":[205,778.66668701171875,173,53.33331298828125],"validFiniteRectangle":true}],"target":{"present":true,"rectangle":[24,882.33331298828125,354,370.99993896484375],"validFiniteRectangle":true},"targetCountCapped16":1,"viewport":{"present":true,"rectangle":[0,0,402,874],"validFiniteRectangle":true},"window":2},"game":"mafia","kind":"search","ordinal":12,"schemaVersion":1}
    t =   333.85s Swipe up Target Application 'com.parlor.app.debug'
    t =   333.85s     Wait for com.parlor.app.debug to idle
    t =   333.85s     Find the Target Application 'com.parlor.app.debug'
    t =   333.86s     Check for interrupting elements affecting "بارلور" Application
    t =   333.87s     Synthesize event
    t =   334.35s     Wait for com.parlor.app.debug to idle
    t =   334.35s Get number of matches for: Elements matching predicate 'label BEGINSWITH "Open the Mafia game."'
    t =   334.39s Get number of matches for: Elements matching predicate '"parlor-dsc01-overlay" IN identifiers'
    t =   334.40s Get number of matches for: Elements matching predicate 'label == "Open the game library., GAMES"'
    t =   334.41s Get number of matches for: Elements matching predicate 'label == "Open settings., SETTINGS"'
    t =   334.42s Find the Button (First Match)
    t =   334.44s Find the "Open the Mafia game., AFTER DARK · 2, Mafia, حرامية وظباط" Button
    t =   334.47s Find the "Open the Mafia game., AFTER DARK · 2, Mafia, حرامية وظباط" Button
    t =   334.48s Find the Target Application 'com.parlor.app.debug'
    t =   334.50s Find the "parlor-dsc01-overlay" Any
    t =   334.50s Find the Any (First Match)
    t =   334.52s Find the Any (First Match)
    t =   334.53s Get number of matches for: Elements matching predicate 'label BEGINSWITH "Start a pass-and-play session on this device."'
    t =   334.54s Checking existence of `Alert (First Match)`
    t =   334.56s Checking existence of `Keyboard (First Match)`
DSC01_CATALOG_METADATA {"elapsedMilliseconds":6216,"fields":{"alertPresent":false,"enabled":true,"foreground":true,"hittable":true,"index":1,"keyboardPresent":false,"overlay":{"present":true,"rectangle":[68.666666666666657,134,265,49],"validFiniteRectangle":true},"overlayCountCapped16":1,"successorCountCapped16":0,"tabCountsCapped16":[1,1],"tabs":[{"present":true,"rectangle":[24,778.66668701171875,173,53.33331298828125],"validFiniteRectangle":true},{"present":true,"rectangle":[205,778.66668701171875,173,53.33331298828125],"validFiniteRectangle":true}],"target":{"present":true,"rectangle":[24,598.33331298828125,354,172.33331298828125],"validFiniteRectangle":true},"targetCountCapped16":1,"viewport":{"present":true,"rectangle":[0,0,402,874],"validFiniteRectangle":true},"window":3},"game":"mafia","kind":"search","ordinal":13,"schemaVersion":1}
    t =   334.84s Get number of matches for: Elements matching predicate 'label BEGINSWITH "Open the Mafia game."'
    t =   334.86s Get number of matches for: Elements matching predicate '"parlor-dsc01-overlay" IN identifiers'
    t =   334.87s Get number of matches for: Elements matching predicate 'label == "Open the game library., GAMES"'
    t =   334.88s Get number of matches for: Elements matching predicate 'label == "Open settings., SETTINGS"'
    t =   334.90s Find the Button (First Match)
    t =   334.92s Find the "Open the Mafia game., AFTER DARK · 2, Mafia, حرامية وظباط, Hidden roles. Quiet choices. A town deciding whom to trust." Button
    t =   334.95s Find the "Open the Mafia game., AFTER DARK · 2, Mafia, حرامية وظباط, Hidden roles. Quiet choices. A town deciding whom to trust." Button
    t =   334.96s Find the Target Application 'com.parlor.app.debug'
    t =   334.97s Find the "parlor-dsc01-overlay" Any
    t =   334.98s Find the Any (First Match)
    t =   334.99s Find the Any (First Match)
    t =   335.01s Get number of matches for: Elements matching predicate 'label BEGINSWITH "Start a pass-and-play session on this device."'
    t =   335.02s Checking existence of `Alert (First Match)`
    t =   335.04s Checking existence of `Keyboard (First Match)`
DSC01_CATALOG_METADATA {"elapsedMilliseconds":6691,"fields":{"alertPresent":false,"enabled":true,"foreground":true,"hittable":true,"index":2,"keyboardPresent":false,"overlay":{"present":true,"rectangle":[68.666666666666657,134,265,49],"validFiniteRectangle":true},"overlayCountCapped16":1,"successorCountCapped16":0,"tabCountsCapped16":[1,1],"tabs":[{"present":true,"rectangle":[24,778.66668701171875,173,53.33331298828125],"validFiniteRectangle":true},{"present":true,"rectangle":[205,778.66668701171875,173,53.33331298828125],"validFiniteRectangle":true}],"target":{"present":true,"rectangle":[24,473,354,297.6666259765625],"validFiniteRectangle":true},"targetCountCapped16":1,"viewport":{"present":true,"rectangle":[0,0,402,874],"validFiniteRectangle":true},"window":3},"game":"mafia","kind":"search","ordinal":14,"schemaVersion":1}
    t =   335.31s Get number of matches for: Elements matching predicate 'label BEGINSWITH "Open the Mafia game."'
    t =   335.32s Get number of matches for: Elements matching predicate '"parlor-dsc01-overlay" IN identifiers'
    t =   335.34s Get number of matches for: Elements matching predicate 'label == "Open the game library., GAMES"'
    t =   335.35s Get number of matches for: Elements matching predicate 'label == "Open settings., SETTINGS"'
    t =   335.36s Find the Button (First Match)
    t =   335.38s Find the "Open the Mafia game., AFTER DARK · 2, Mafia, حرامية وظباط, Hidden roles. Quiet choices. A town deciding whom to trust." Button
    t =   335.41s Find the "Open the Mafia game., AFTER DARK · 2, Mafia, حرامية وظباط, Hidden roles. Quiet choices. A town deciding whom to trust." Button
    t =   335.43s Find the Target Application 'com.parlor.app.debug'
    t =   335.43s Find the "parlor-dsc01-overlay" Any
    t =   335.44s Find the Any (First Match)
    t =   335.46s Find the Any (First Match)
    t =   335.47s Get number of matches for: Elements matching predicate 'label BEGINSWITH "Start a pass-and-play session on this device."'
    t =   335.48s Checking existence of `Alert (First Match)`
    t =   335.50s Checking existence of `Keyboard (First Match)`
DSC01_CATALOG_METADATA {"elapsedMilliseconds":7156,"fields":{"alertPresent":false,"enabled":true,"foreground":true,"hittable":true,"index":3,"keyboardPresent":false,"overlay":{"present":true,"rectangle":[68.666666666666657,134,265,49],"validFiniteRectangle":true},"overlayCountCapped16":1,"successorCountCapped16":0,"tabCountsCapped16":[1,1],"tabs":[{"present":true,"rectangle":[24,778.66668701171875,173,53.33331298828125],"validFiniteRectangle":true},{"present":true,"rectangle":[205,778.66668701171875,173,53.33331298828125],"validFiniteRectangle":true}],"target":{"present":true,"rectangle":[24,424,354,346.6666259765625],"validFiniteRectangle":true},"targetCountCapped16":1,"viewport":{"present":true,"rectangle":[0,0,402,874],"validFiniteRectangle":true},"window":3},"game":"mafia","kind":"search","ordinal":15,"schemaVersion":1}
    t =   335.78s Get number of matches for: Elements matching predicate 'label BEGINSWITH "Open the Mafia game."'
    t =   335.79s Get number of matches for: Elements matching predicate '"parlor-dsc01-overlay" IN identifiers'
    t =   335.81s Get number of matches for: Elements matching predicate 'label == "Open the game library., GAMES"'
    t =   335.82s Get number of matches for: Elements matching predicate 'label == "Open settings., SETTINGS"'
    t =   335.83s Find the Button (First Match)
    t =   335.85s Find the "Open the Mafia game., AFTER DARK · 2, Mafia, حرامية وظباط, Hidden roles. Quiet choices. A town deciding whom to trust." Button
    t =   335.88s Find the "Open the Mafia game., AFTER DARK · 2, Mafia, حرامية وظباط, Hidden roles. Quiet choices. A town deciding whom to trust." Button
    t =   335.90s Find the Target Application 'com.parlor.app.debug'
    t =   335.90s Find the "parlor-dsc01-overlay" Any
    t =   335.91s Find the Any (First Match)
    t =   335.93s Find the Any (First Match)
    t =   335.94s Get number of matches for: Elements matching predicate 'label BEGINSWITH "Start a pass-and-play session on this device."'
    t =   335.95s Checking existence of `Alert (First Match)`
    t =   335.97s Checking existence of `Keyboard (First Match)`
DSC01_CATALOG_METADATA {"elapsedMilliseconds":7624,"fields":{"alertPresent":false,"enabled":true,"foreground":true,"hittable":true,"index":4,"keyboardPresent":false,"overlay":{"present":true,"rectangle":[68.666666666666657,134,265,49],"validFiniteRectangle":true},"overlayCountCapped16":1,"successorCountCapped16":0,"tabCountsCapped16":[1,1],"tabs":[{"present":true,"rectangle":[24,778.66668701171875,173,53.33331298828125],"validFiniteRectangle":true},{"present":true,"rectangle":[205,778.66668701171875,173,53.33331298828125],"validFiniteRectangle":true}],"target":{"present":true,"rectangle":[24,404.66665649414062,354,365.99996948242188],"validFiniteRectangle":true},"targetCountCapped16":1,"viewport":{"present":true,"rectangle":[0,0,402,874],"validFiniteRectangle":true},"window":3},"game":"mafia","kind":"search","ordinal":16,"schemaVersion":1}
    t =   336.25s Get number of matches for: Elements matching predicate 'label BEGINSWITH "Open the Mafia game."'
    t =   336.27s Get number of matches for: Elements matching predicate '"parlor-dsc01-overlay" IN identifiers'
    t =   336.28s Get number of matches for: Elements matching predicate 'label == "Open the game library., GAMES"'
    t =   336.29s Get number of matches for: Elements matching predicate 'label == "Open settings., SETTINGS"'
    t =   336.30s Find the Button (First Match)
    t =   336.32s Find the "Open the Mafia game., AFTER DARK · 2, Mafia, حرامية وظباط, Hidden roles. Quiet choices. A town deciding whom to trust." Button
    t =   336.36s Find the "Open the Mafia game., AFTER DARK · 2, Mafia, حرامية وظباط, Hidden roles. Quiet choices. A town deciding whom to trust." Button
    t =   336.37s Find the Target Application 'com.parlor.app.debug'
    t =   336.38s Find the "parlor-dsc01-overlay" Any
    t =   336.39s Find the Any (First Match)
    t =   336.40s Find the Any (First Match)
    t =   336.42s Get number of matches for: Elements matching predicate 'label BEGINSWITH "Start a pass-and-play session on this device."'
    t =   336.43s Checking existence of `Alert (First Match)`
    t =   336.45s Checking existence of `Keyboard (First Match)`
DSC01_CATALOG_METADATA {"elapsedMilliseconds":8107,"fields":{"alertPresent":false,"enabled":true,"foreground":true,"hittable":true,"index":5,"keyboardPresent":false,"overlay":{"present":true,"rectangle":[68.666666666666657,134,265,49],"validFiniteRectangle":true},"overlayCountCapped16":1,"successorCountCapped16":0,"tabCountsCapped16":[1,1],"tabs":[{"present":true,"rectangle":[24,778.66668701171875,173,53.33331298828125],"validFiniteRectangle":true},{"present":true,"rectangle":[205,778.66668701171875,173,53.33331298828125],"validFiniteRectangle":true}],"target":{"present":true,"rectangle":[24,397,354,371],"validFiniteRectangle":true},"targetCountCapped16":1,"viewport":{"present":true,"rectangle":[0,0,402,874],"validFiniteRectangle":true},"window":3},"game":"mafia","kind":"search","ordinal":17,"schemaVersion":1}
    t =   336.73s Get number of matches for: Elements matching predicate 'label BEGINSWITH "Open the Mafia game."'
    t =   336.75s Get number of matches for: Elements matching predicate '"parlor-dsc01-overlay" IN identifiers'
    t =   336.77s Get number of matches for: Elements matching predicate 'label == "Open the game library., GAMES"'
    t =   336.78s Get number of matches for: Elements matching predicate 'label == "Open settings., SETTINGS"'
    t =   336.80s Find the Button (First Match)
    t =   336.82s Find the "Open the Mafia game., AFTER DARK · 2, Mafia, حرامية وظباط, Hidden roles. Quiet choices. A town deciding whom to trust." Button
    t =   336.84s Find the "Open the Mafia game., AFTER DARK · 2, Mafia, حرامية وظباط, Hidden roles. Quiet choices. A town deciding whom to trust." Button
    t =   336.86s Find the Target Application 'com.parlor.app.debug'
    t =   336.86s Find the "parlor-dsc01-overlay" Any
    t =   336.87s Find the Any (First Match)
    t =   336.89s Find the Any (First Match)
    t =   336.91s Get number of matches for: Elements matching predicate 'label BEGINSWITH "Start a pass-and-play session on this device."'
    t =   336.92s Checking existence of `Alert (First Match)`
    t =   336.94s Checking existence of `Keyboard (First Match)`
DSC01_CATALOG_METADATA {"elapsedMilliseconds":8590,"fields":{"alertPresent":false,"enabled":true,"foreground":true,"hittable":true,"index":6,"keyboardPresent":false,"overlay":{"present":true,"rectangle":[68.666666666666657,134,265,49],"validFiniteRectangle":true},"overlayCountCapped16":1,"successorCountCapped16":0,"tabCountsCapped16":[1,1],"tabs":[{"present":true,"rectangle":[24,778.66668701171875,173,53.33331298828125],"validFiniteRectangle":true},{"present":true,"rectangle":[205,778.66668701171875,173,53.33331298828125],"validFiniteRectangle":true}],"target":{"present":true,"rectangle":[24,393.66665649414062,354,370.99996948242188],"validFiniteRectangle":true},"targetCountCapped16":1,"viewport":{"present":true,"rectangle":[0,0,402,874],"validFiniteRectangle":true},"window":3},"game":"mafia","kind":"search","ordinal":18,"schemaVersion":1}
    t =   336.95s Get number of matches for: Elements matching predicate 'label BEGINSWITH "Open the Mafia game."'
    t =   336.97s Get number of matches for: Elements matching predicate '"parlor-dsc01-overlay" IN identifiers'
    t =   336.98s Get number of matches for: Elements matching predicate 'label == "Open the game library., GAMES"'
    t =   336.99s Get number of matches for: Elements matching predicate 'label == "Open settings., SETTINGS"'
    t =   337.00s Find the Button (First Match)
    t =   337.02s Find the "Open the Mafia game., AFTER DARK · 2, Mafia, حرامية وظباط, Hidden roles. Quiet choices. A town deciding whom to trust." Button
    t =   337.05s Find the "Open the Mafia game., AFTER DARK · 2, Mafia, حرامية وظباط, Hidden roles. Quiet choices. A town deciding whom to trust." Button
    t =   337.06s Find the Target Application 'com.parlor.app.debug'
    t =   337.07s Find the "parlor-dsc01-overlay" Any
    t =   337.08s Find the Any (First Match)
    t =   337.09s Find the Any (First Match)
    t =   337.11s Get number of matches for: Elements matching predicate 'label BEGINSWITH "Start a pass-and-play session on this device."'
    t =   337.11s Checking existence of `Alert (First Match)`
    t =   337.13s Checking existence of `Keyboard (First Match)`
DSC01_CATALOG_METADATA {"elapsedMilliseconds":8789,"fields":{"alertPresent":false,"enabled":true,"foreground":true,"hittable":true,"index":1,"keyboardPresent":false,"overlay":{"present":true,"rectangle":[68.666666666666657,134,265,49],"validFiniteRectangle":true},"overlayCountCapped16":1,"successorCountCapped16":0,"tabCountsCapped16":[1,1],"tabs":[{"present":true,"rectangle":[24,778.66668701171875,173,53.33331298828125],"validFiniteRectangle":true},{"present":true,"rectangle":[205,778.66668701171875,173,53.33331298828125],"validFiniteRectangle":true}],"target":{"present":true,"rectangle":[24,393,354,371],"validFiniteRectangle":true},"targetCountCapped16":1,"viewport":{"present":true,"rectangle":[0,0,402,874],"validFiniteRectangle":true},"window":4},"game":"mafia","kind":"search","ordinal":19,"schemaVersion":1}
    t =   337.41s Get number of matches for: Elements matching predicate 'label BEGINSWITH "Open the Mafia game."'
    t =   337.44s Get number of matches for: Elements matching predicate '"parlor-dsc01-overlay" IN identifiers'
    t =   337.45s Get number of matches for: Elements matching predicate 'label == "Open the game library., GAMES"'
    t =   337.47s Get number of matches for: Elements matching predicate 'label == "Open settings., SETTINGS"'
    t =   337.48s Find the Button (First Match)
    t =   337.50s Find the "Open the Mafia game., AFTER DARK · 2, Mafia, حرامية وظباط, Hidden roles. Quiet choices. A town deciding whom to trust." Button
    t =   337.52s Find the "Open the Mafia game., AFTER DARK · 2, Mafia, حرامية وظباط, Hidden roles. Quiet choices. A town deciding whom to trust." Button
    t =   337.54s Find the Target Application 'com.parlor.app.debug'
    t =   337.55s Find the "parlor-dsc01-overlay" Any
    t =   337.56s Find the Any (First Match)
    t =   337.58s Find the Any (First Match)
    t =   337.59s Get number of matches for: Elements matching predicate 'label BEGINSWITH "Start a pass-and-play session on this device."'
    t =   337.60s Checking existence of `Alert (First Match)`
    t =   337.62s Checking existence of `Keyboard (First Match)`
DSC01_CATALOG_METADATA {"elapsedMilliseconds":9272,"fields":{"alertPresent":false,"enabled":true,"foreground":true,"hittable":true,"index":2,"keyboardPresent":false,"overlay":{"present":true,"rectangle":[68.666666666666657,134,265,49],"validFiniteRectangle":true},"overlayCountCapped16":1,"successorCountCapped16":0,"tabCountsCapped16":[1,1],"tabs":[{"present":true,"rectangle":[24,778.66668701171875,173,53.33331298828125],"validFiniteRectangle":true},{"present":true,"rectangle":[205,778.66668701171875,173,53.33331298828125],"validFiniteRectangle":true}],"target":{"present":true,"rectangle":[24,392.66665649414062,354,370.99996948242188],"validFiniteRectangle":true},"targetCountCapped16":1,"viewport":{"present":true,"rectangle":[0,0,402,874],"validFiniteRectangle":true},"window":4},"game":"mafia","kind":"search","ordinal":20,"schemaVersion":1}
    t =   337.90s Get number of matches for: Elements matching predicate 'label BEGINSWITH "Open the Mafia game."'
    t =   337.92s Get number of matches for: Elements matching predicate '"parlor-dsc01-overlay" IN identifiers'
    t =   337.95s Get number of matches for: Elements matching predicate 'label == "Open the game library., GAMES"'
    t =   337.96s Get number of matches for: Elements matching predicate 'label == "Open settings., SETTINGS"'
    t =   337.97s Find the Button (First Match)
    t =   337.99s Find the "Open the Mafia game., AFTER DARK · 2, Mafia, حرامية وظباط, Hidden roles. Quiet choices. A town deciding whom to trust." Button
    t =   338.01s Find the "Open the Mafia game., AFTER DARK · 2, Mafia, حرامية وظباط, Hidden roles. Quiet choices. A town deciding whom to trust." Button
    t =   338.02s Find the Target Application 'com.parlor.app.debug'
    t =   338.03s Find the "parlor-dsc01-overlay" Any
    t =   338.04s Find the Any (First Match)
    t =   338.05s Find the Any (First Match)
    t =   338.07s Get number of matches for: Elements matching predicate 'label BEGINSWITH "Start a pass-and-play session on this device."'
    t =   338.07s Checking existence of `Alert (First Match)`
    t =   338.09s Checking existence of `Keyboard (First Match)`
DSC01_CATALOG_METADATA {"elapsedMilliseconds":9748,"fields":{"alertPresent":false,"enabled":true,"foreground":true,"hittable":true,"index":3,"keyboardPresent":false,"overlay":{"present":true,"rectangle":[68.666666666666657,134,265,49],"validFiniteRectangle":true},"overlayCountCapped16":1,"successorCountCapped16":0,"tabCountsCapped16":[1,1],"tabs":[{"present":true,"rectangle":[24,778.66668701171875,173,53.33331298828125],"validFiniteRectangle":true},{"present":true,"rectangle":[205,778.66668701171875,173,53.33331298828125],"validFiniteRectangle":true}],"target":{"present":true,"rectangle":[24,392,354,371],"validFiniteRectangle":true},"targetCountCapped16":1,"viewport":{"present":true,"rectangle":[0,0,402,874],"validFiniteRectangle":true},"window":4},"game":"mafia","kind":"search","ordinal":21,"schemaVersion":1}
    t =   338.38s Get number of matches for: Elements matching predicate 'label BEGINSWITH "Open the Mafia game."'
    t =   338.41s Get number of matches for: Elements matching predicate '"parlor-dsc01-overlay" IN identifiers'
    t =   338.42s Get number of matches for: Elements matching predicate 'label == "Open the game library., GAMES"'
    t =   338.44s Get number of matches for: Elements matching predicate 'label == "Open settings., SETTINGS"'
    t =   338.45s Find the Button (First Match)
    t =   338.47s Find the "Open the Mafia game., AFTER DARK · 2, Mafia, حرامية وظباط, Hidden roles. Quiet choices. A town deciding whom to trust." Button
    t =   338.49s Find the "Open the Mafia game., AFTER DARK · 2, Mafia, حرامية وظباط, Hidden roles. Quiet choices. A town deciding whom to trust." Button
    t =   338.50s Find the Target Application 'com.parlor.app.debug'
    t =   338.51s Find the "parlor-dsc01-overlay" Any
    t =   338.52s Find the Any (First Match)
    t =   338.53s Find the Any (First Match)
    t =   338.54s Get number of matches for: Elements matching predicate 'label BEGINSWITH "Start a pass-and-play session on this device."'
    t =   338.55s Checking existence of `Alert (First Match)`
    t =   338.57s Checking existence of `Keyboard (First Match)`
DSC01_CATALOG_METADATA {"elapsedMilliseconds":10227,"fields":{"alertPresent":false,"enabled":true,"foreground":true,"hittable":true,"index":4,"keyboardPresent":false,"overlay":{"present":true,"rectangle":[68.666666666666657,134,265,49],"validFiniteRectangle":true},"overlayCountCapped16":1,"successorCountCapped16":0,"tabCountsCapped16":[1,1],"tabs":[{"present":true,"rectangle":[24,778.66668701171875,173,53.33331298828125],"validFiniteRectangle":true},{"present":true,"rectangle":[205,778.66668701171875,173,53.33331298828125],"validFiniteRectangle":true}],"target":{"present":true,"rectangle":[24,392,354,371],"validFiniteRectangle":true},"targetCountCapped16":1,"viewport":{"present":true,"rectangle":[0,0,402,874],"validFiniteRectangle":true},"window":4},"game":"mafia","kind":"search","ordinal":22,"schemaVersion":1}
    t =   338.85s Get number of matches for: Elements matching predicate 'label BEGINSWITH "Open the Mafia game."'
    t =   338.88s Get number of matches for: Elements matching predicate '"parlor-dsc01-overlay" IN identifiers'
    t =   338.90s Get number of matches for: Elements matching predicate 'label == "Open the game library., GAMES"'
    t =   338.91s Get number of matches for: Elements matching predicate 'label == "Open settings., SETTINGS"'
    t =   338.92s Find the Button (First Match)
    t =   338.94s Find the "Open the Mafia game., AFTER DARK · 2, Mafia, حرامية وظباط, Hidden roles. Quiet choices. A town deciding whom to trust." Button
    t =   338.96s Find the "Open the Mafia game., AFTER DARK · 2, Mafia, حرامية وظباط, Hidden roles. Quiet choices. A town deciding whom to trust." Button
    t =   338.97s Find the Target Application 'com.parlor.app.debug'
    t =   338.98s Find the "parlor-dsc01-overlay" Any
    t =   338.99s Find the Any (First Match)
    t =   339.00s Find the Any (First Match)
    t =   339.01s Get number of matches for: Elements matching predicate 'label BEGINSWITH "Start a pass-and-play session on this device."'
    t =   339.02s Checking existence of `Alert (First Match)`
    t =   339.04s Checking existence of `Keyboard (First Match)`
DSC01_CATALOG_METADATA {"elapsedMilliseconds":10696,"fields":{"alertPresent":false,"enabled":true,"foreground":true,"hittable":true,"index":5,"keyboardPresent":false,"overlay":{"present":true,"rectangle":[68.666666666666657,134,265,49],"validFiniteRectangle":true},"overlayCountCapped16":1,"successorCountCapped16":0,"tabCountsCapped16":[1,1],"tabs":[{"present":true,"rectangle":[24,778.66668701171875,173,53.33331298828125],"validFiniteRectangle":true},{"present":true,"rectangle":[205,778.66668701171875,173,53.33331298828125],"validFiniteRectangle":true}],"target":{"present":true,"rectangle":[24,392,354,371],"validFiniteRectangle":true},"targetCountCapped16":1,"viewport":{"present":true,"rectangle":[0,0,402,874],"validFiniteRectangle":true},"window":4},"game":"mafia","kind":"search","ordinal":23,"schemaVersion":1}
    t =   339.32s Get number of matches for: Elements matching predicate 'label BEGINSWITH "Open the Mafia game."'
    t =   339.35s Get number of matches for: Elements matching predicate '"parlor-dsc01-overlay" IN identifiers'
    t =   339.37s Get number of matches for: Elements matching predicate 'label == "Open the game library., GAMES"'
    t =   339.38s Get number of matches for: Elements matching predicate 'label == "Open settings., SETTINGS"'
    t =   339.39s Find the Button (First Match)
    t =   339.41s Find the "Open the Mafia game., AFTER DARK · 2, Mafia, حرامية وظباط, Hidden roles. Quiet choices. A town deciding whom to trust." Button
    t =   339.43s Find the "Open the Mafia game., AFTER DARK · 2, Mafia, حرامية وظباط, Hidden roles. Quiet choices. A town deciding whom to trust." Button
    t =   339.44s Find the Target Application 'com.parlor.app.debug'
    t =   339.45s Find the "parlor-dsc01-overlay" Any
    t =   339.46s Find the Any (First Match)
    t =   339.47s Find the Any (First Match)
    t =   339.48s Get number of matches for: Elements matching predicate 'label BEGINSWITH "Start a pass-and-play session on this device."'
    t =   339.49s Checking existence of `Alert (First Match)`
    t =   339.51s Checking existence of `Keyboard (First Match)`
DSC01_CATALOG_METADATA {"elapsedMilliseconds":11167,"fields":{"alertPresent":false,"enabled":true,"foreground":true,"hittable":true,"index":6,"keyboardPresent":false,"overlay":{"present":true,"rectangle":[68.666666666666657,134,265,49],"validFiniteRectangle":true},"overlayCountCapped16":1,"successorCountCapped16":0,"tabCountsCapped16":[1,1],"tabs":[{"present":true,"rectangle":[24,778.66668701171875,173,53.33331298828125],"validFiniteRectangle":true},{"present":true,"rectangle":[205,778.66668701171875,173,53.33331298828125],"validFiniteRectangle":true}],"target":{"present":true,"rectangle":[24,392,354,371],"validFiniteRectangle":true},"targetCountCapped16":1,"viewport":{"present":true,"rectangle":[0,0,402,874],"validFiniteRectangle":true},"window":4},"game":"mafia","kind":"search","ordinal":24,"schemaVersion":1}
    t =   339.53s Get number of matches for: Elements matching predicate 'label BEGINSWITH "Open the Mafia game."'
    t =   339.54s Get number of matches for: Elements matching predicate '"parlor-dsc01-overlay" IN identifiers'
    t =   339.55s Get number of matches for: Elements matching predicate 'label == "Open the game library., GAMES"'
    t =   339.56s Get number of matches for: Elements matching predicate 'label == "Open settings., SETTINGS"'
    t =   339.57s Find the Button (First Match)
    t =   339.59s Find the "Open the Mafia game., AFTER DARK · 2, Mafia, حرامية وظباط, Hidden roles. Quiet choices. A town deciding whom to trust." Button
    t =   339.61s Find the "Open the Mafia game., AFTER DARK · 2, Mafia, حرامية وظباط, Hidden roles. Quiet choices. A town deciding whom to trust." Button
    t =   339.62s Find the Target Application 'com.parlor.app.debug'
    t =   339.63s Find the "parlor-dsc01-overlay" Any
    t =   339.64s Find the Any (First Match)
    t =   339.65s Find the Any (First Match)
    t =   339.67s Get number of matches for: Elements matching predicate 'label BEGINSWITH "Start a pass-and-play session on this device."'
    t =   339.67s Checking existence of `Alert (First Match)`
    t =   339.69s Checking existence of `Keyboard (First Match)`
DSC01_CATALOG_METADATA {"elapsedMilliseconds":11348,"fields":{"alertPresent":false,"enabled":true,"foreground":true,"hittable":true,"index":1,"keyboardPresent":false,"overlay":{"present":true,"rectangle":[68.666666666666657,134,265,49],"validFiniteRectangle":true},"overlayCountCapped16":1,"successorCountCapped16":0,"tabCountsCapped16":[1,1],"tabs":[{"present":true,"rectangle":[24,778.66668701171875,173,53.33331298828125],"validFiniteRectangle":true},{"present":true,"rectangle":[205,778.66668701171875,173,53.33331298828125],"validFiniteRectangle":true}],"target":{"present":true,"rectangle":[24,392,354,371],"validFiniteRectangle":true},"targetCountCapped16":1,"viewport":{"present":true,"rectangle":[0,0,402,874],"validFiniteRectangle":true},"window":5},"game":"mafia","kind":"search","ordinal":25,"schemaVersion":1}
    t =   339.98s Get number of matches for: Elements matching predicate 'label BEGINSWITH "Open the Mafia game."'
    t =   340.00s Get number of matches for: Elements matching predicate '"parlor-dsc01-overlay" IN identifiers'
    t =   340.01s Get number of matches for: Elements matching predicate 'label == "Open the game library., GAMES"'
    t =   340.03s Get number of matches for: Elements matching predicate 'label == "Open settings., SETTINGS"'
    t =   340.04s Find the Button (First Match)
    t =   340.06s Find the "Open the Mafia game., AFTER DARK · 2, Mafia, حرامية وظباط, Hidden roles. Quiet choices. A town deciding whom to trust." Button
    t =   340.08s Find the "Open the Mafia game., AFTER DARK · 2, Mafia, حرامية وظباط, Hidden roles. Quiet choices. A town deciding whom to trust." Button
    t =   340.09s Find the Target Application 'com.parlor.app.debug'
    t =   340.10s Find the "parlor-dsc01-overlay" Any
    t =   340.11s Find the Any (First Match)
    t =   340.12s Find the Any (First Match)
    t =   340.13s Get number of matches for: Elements matching predicate 'label BEGINSWITH "Start a pass-and-play session on this device."'
    t =   340.14s Checking existence of `Alert (First Match)`
    t =   340.16s Checking existence of `Keyboard (First Match)`
DSC01_CATALOG_METADATA {"elapsedMilliseconds":11815,"fields":{"alertPresent":false,"enabled":true,"foreground":true,"hittable":true,"index":2,"keyboardPresent":false,"overlay":{"present":true,"rectangle":[68.666666666666657,134,265,49],"validFiniteRectangle":true},"overlayCountCapped16":1,"successorCountCapped16":0,"tabCountsCapped16":[1,1],"tabs":[{"present":true,"rectangle":[24,778.66668701171875,173,53.33331298828125],"validFiniteRectangle":true},{"present":true,"rectangle":[205,778.66668701171875,173,53.33331298828125],"validFiniteRectangle":true}],"target":{"present":true,"rectangle":[24,392,354,371],"validFiniteRectangle":true},"targetCountCapped16":1,"viewport":{"present":true,"rectangle":[0,0,402,874],"validFiniteRectangle":true},"window":5},"game":"mafia","kind":"search","ordinal":26,"schemaVersion":1}
    t =   340.44s Get number of matches for: Elements matching predicate 'label BEGINSWITH "Open the Mafia game."'
    t =   340.47s Get number of matches for: Elements matching predicate '"parlor-dsc01-overlay" IN identifiers'
    t =   340.49s Get number of matches for: Elements matching predicate 'label == "Open the game library., GAMES"'
    t =   340.50s Get number of matches for: Elements matching predicate 'label == "Open settings., SETTINGS"'
    t =   340.52s Find the Button (First Match)
    t =   340.55s Find the "Open the Mafia game., AFTER DARK · 2, Mafia, حرامية وظباط, Hidden roles. Quiet choices. A town deciding whom to trust." Button
    t =   340.57s Find the "Open the Mafia game., AFTER DARK · 2, Mafia, حرامية وظباط, Hidden roles. Quiet choices. A town deciding whom to trust." Button
    t =   340.59s Find the Target Application 'com.parlor.app.debug'
    t =   340.59s Find the "parlor-dsc01-overlay" Any
    t =   340.60s Find the Any (First Match)
    t =   340.62s Find the Any (First Match)
    t =   340.63s Get number of matches for: Elements matching predicate 'label BEGINSWITH "Start a pass-and-play session on this device."'
    t =   340.64s Checking existence of `Alert (First Match)`
    t =   340.66s Checking existence of `Keyboard (First Match)`
DSC01_CATALOG_METADATA {"elapsedMilliseconds":12310,"fields":{"alertPresent":false,"enabled":true,"foreground":true,"hittable":true,"index":3,"keyboardPresent":false,"overlay":{"present":true,"rectangle":[68.666666666666657,134,265,49],"validFiniteRectangle":true},"overlayCountCapped16":1,"successorCountCapped16":0,"tabCountsCapped16":[1,1],"tabs":[{"present":true,"rectangle":[24,778.66668701171875,173,53.33331298828125],"validFiniteRectangle":true},{"present":true,"rectangle":[205,778.66668701171875,173,53.33331298828125],"validFiniteRectangle":true}],"target":{"present":true,"rectangle":[24,392,354,371],"validFiniteRectangle":true},"targetCountCapped16":1,"viewport":{"present":true,"rectangle":[0,0,402,874],"validFiniteRectangle":true},"window":5},"game":"mafia","kind":"search","ordinal":27,"schemaVersion":1}
    t =   340.93s Get number of matches for: Elements matching predicate 'label BEGINSWITH "Open the Mafia game."'
    t =   340.96s Get number of matches for: Elements matching predicate '"parlor-dsc01-overlay" IN identifiers'
    t =   340.98s Get number of matches for: Elements matching predicate 'label == "Open the game library., GAMES"'
    t =   340.99s Get number of matches for: Elements matching predicate 'label == "Open settings., SETTINGS"'
    t =   341.00s Find the Button (First Match)
    t =   341.02s Find the "Open the Mafia game., AFTER DARK · 2, Mafia, حرامية وظباط, Hidden roles. Quiet choices. A town deciding whom to trust." Button
    t =   341.04s Find the "Open the Mafia game., AFTER DARK · 2, Mafia, حرامية وظباط, Hidden roles. Quiet choices. A town deciding whom to trust." Button
    t =   341.05s Find the Target Application 'com.parlor.app.debug'
    t =   341.06s Find the "parlor-dsc01-overlay" Any
    t =   341.07s Find the Any (First Match)
    t =   341.08s Find the Any (First Match)
    t =   341.10s Get number of matches for: Elements matching predicate 'label BEGINSWITH "Start a pass-and-play session on this device."'
    t =   341.10s Checking existence of `Alert (First Match)`
    t =   341.12s Checking existence of `Keyboard (First Match)`
DSC01_CATALOG_METADATA {"elapsedMilliseconds":12778,"fields":{"alertPresent":false,"enabled":true,"foreground":true,"hittable":true,"index":4,"keyboardPresent":false,"overlay":{"present":true,"rectangle":[68.666666666666657,134,265,49],"validFiniteRectangle":true},"overlayCountCapped16":1,"successorCountCapped16":0,"tabCountsCapped16":[1,1],"tabs":[{"present":true,"rectangle":[24,778.66668701171875,173,53.33331298828125],"validFiniteRectangle":true},{"present":true,"rectangle":[205,778.66668701171875,173,53.33331298828125],"validFiniteRectangle":true}],"target":{"present":true,"rectangle":[24,392,354,371],"validFiniteRectangle":true},"targetCountCapped16":1,"viewport":{"present":true,"rectangle":[0,0,402,874],"validFiniteRectangle":true},"window":5},"game":"mafia","kind":"search","ordinal":28,"schemaVersion":1}
    t =   341.41s Get number of matches for: Elements matching predicate 'label BEGINSWITH "Open the Mafia game."'
    t =   341.44s Get number of matches for: Elements matching predicate '"parlor-dsc01-overlay" IN identifiers'
    t =   341.45s Get number of matches for: Elements matching predicate 'label == "Open the game library., GAMES"'
    t =   341.47s Get number of matches for: Elements matching predicate 'label == "Open settings., SETTINGS"'
    t =   341.48s Find the Button (First Match)
    t =   341.50s Find the "Open the Mafia game., AFTER DARK · 2, Mafia, حرامية وظباط, Hidden roles. Quiet choices. A town deciding whom to trust." Button
    t =   341.52s Find the "Open the Mafia game., AFTER DARK · 2, Mafia, حرامية وظباط, Hidden roles. Quiet choices. A town deciding whom to trust." Button
    t =   341.53s Find the Target Application 'com.parlor.app.debug'
    t =   341.54s Find the "parlor-dsc01-overlay" Any
    t =   341.55s Find the Any (First Match)
    t =   341.56s Find the Any (First Match)
    t =   341.57s Get number of matches for: Elements matching predicate 'label BEGINSWITH "Start a pass-and-play session on this device."'
    t =   341.58s Checking existence of `Alert (First Match)`
    t =   341.60s Checking existence of `Keyboard (First Match)`
DSC01_CATALOG_METADATA {"elapsedMilliseconds":13256,"fields":{"alertPresent":false,"enabled":true,"foreground":true,"hittable":true,"index":5,"keyboardPresent":false,"overlay":{"present":true,"rectangle":[68.666666666666657,134,265,49],"validFiniteRectangle":true},"overlayCountCapped16":1,"successorCountCapped16":0,"tabCountsCapped16":[1,1],"tabs":[{"present":true,"rectangle":[24,778.66668701171875,173,53.33331298828125],"validFiniteRectangle":true},{"present":true,"rectangle":[205,778.66668701171875,173,53.33331298828125],"validFiniteRectangle":true}],"target":{"present":true,"rectangle":[24,392,354,371],"validFiniteRectangle":true},"targetCountCapped16":1,"viewport":{"present":true,"rectangle":[0,0,402,874],"validFiniteRectangle":true},"window":5},"game":"mafia","kind":"search","ordinal":29,"schemaVersion":1}
    t =   341.87s Get number of matches for: Elements matching predicate 'label BEGINSWITH "Open the Mafia game."'
    t =   341.89s Get number of matches for: Elements matching predicate '"parlor-dsc01-overlay" IN identifiers'
    t =   341.90s Get number of matches for: Elements matching predicate 'label == "Open the game library., GAMES"'
    t =   341.91s Get number of matches for: Elements matching predicate 'label == "Open settings., SETTINGS"'
    t =   341.92s Find the Button (First Match)
    t =   341.93s Find the "Open the Mafia game., AFTER DARK · 2, Mafia, حرامية وظباط, Hidden roles. Quiet choices. A town deciding whom to trust." Button
    t =   341.96s Find the "Open the Mafia game., AFTER DARK · 2, Mafia, حرامية وظباط, Hidden roles. Quiet choices. A town deciding whom to trust." Button
    t =   341.97s Find the Target Application 'com.parlor.app.debug'
    t =   341.98s Find the "parlor-dsc01-overlay" Any
    t =   341.99s Find the Any (First Match)
    t =   342.00s Find the Any (First Match)
    t =   342.01s Get number of matches for: Elements matching predicate 'label BEGINSWITH "Start a pass-and-play session on this device."'
    t =   342.02s Checking existence of `Alert (First Match)`
    t =   342.04s Checking existence of `Keyboard (First Match)`
DSC01_CATALOG_METADATA {"elapsedMilliseconds":13694,"fields":{"alertPresent":false,"enabled":true,"foreground":true,"hittable":true,"index":6,"keyboardPresent":false,"overlay":{"present":true,"rectangle":[68.666666666666657,134,265,49],"validFiniteRectangle":true},"overlayCountCapped16":1,"successorCountCapped16":0,"tabCountsCapped16":[1,1],"tabs":[{"present":true,"rectangle":[24,778.66668701171875,173,53.33331298828125],"validFiniteRectangle":true},{"present":true,"rectangle":[205,778.66668701171875,173,53.33331298828125],"validFiniteRectangle":true}],"target":{"present":true,"rectangle":[24,392,354,371],"validFiniteRectangle":true},"targetCountCapped16":1,"viewport":{"present":true,"rectangle":[0,0,402,874],"validFiniteRectangle":true},"window":5},"game":"mafia","kind":"search","ordinal":30,"schemaVersion":1}
    t =   342.06s Get number of matches for: Elements matching predicate 'label BEGINSWITH "Open the Mafia game."'
    t =   342.07s Get number of matches for: Elements matching predicate '"parlor-dsc01-overlay" IN identifiers'
    t =   342.08s Get number of matches for: Elements matching predicate 'label == "Open the game library., GAMES"'
    t =   342.09s Get number of matches for: Elements matching predicate 'label == "Open settings., SETTINGS"'
    t =   342.10s Find the Button (First Match)
    t =   342.12s Find the "Open the Mafia game., AFTER DARK · 2, Mafia, حرامية وظباط, Hidden roles. Quiet choices. A town deciding whom to trust." Button
    t =   342.14s Find the "Open the Mafia game., AFTER DARK · 2, Mafia, حرامية وظباط, Hidden roles. Quiet choices. A town deciding whom to trust." Button
    t =   342.15s Find the Target Application 'com.parlor.app.debug'
    t =   342.16s Find the "parlor-dsc01-overlay" Any
    t =   342.17s Find the Any (First Match)
    t =   342.18s Find the Any (First Match)
    t =   342.19s Get number of matches for: Elements matching predicate 'label BEGINSWITH "Start a pass-and-play session on this device."'
    t =   342.20s Checking existence of `Alert (First Match)`
    t =   342.22s Checking existence of `Keyboard (First Match)`
    t =   342.24s Get number of matches for: Elements matching predicate 'label BEGINSWITH "Open the Mafia game."'
    t =   342.25s Find the Button (First Match)
    t =   342.27s Find the "Open the Mafia game., AFTER DARK · 2, Mafia, حرامية وظباط, Hidden roles. Quiet choices. A town deciding whom to trust." Button
    t =   342.29s Find the "Open the Mafia game., AFTER DARK · 2, Mafia, حرامية وظباط, Hidden roles. Quiet choices. A town deciding whom to trust." Button
    t =   342.31s Find the "Open the Mafia game., AFTER DARK · 2, Mafia, حرامية وظباط, Hidden roles. Quiet choices. A town deciding whom to trust." Button
    t =   342.33s Find the "Open the Mafia game., AFTER DARK · 2, Mafia, حرامية وظباط, Hidden roles. Quiet choices. A town deciding whom to trust." Button
DSC01_CATALOG_METADATA {"elapsedMilliseconds":13978,"fields":{"activationTargetFrame":{"present":true,"rectangle":[24,392,354,371],"validFiniteRectangle":true},"actualCoordinatePoint":[201,573.33334350585938],"alertPresent":false,"enabled":true,"foreground":true,"hittable":true,"keyboardPresent":false,"normalizedPoint":[0.5,0.4887691199618851],"overlay":{"present":true,"rectangle":[68.666666666666657,134,265,49],"validFiniteRectangle":true},"overlayCountCapped16":1,"plannedPoint":[201,573.33334350585938],"successorCountCapped16":0,"tabCountsCapped16":[1,1],"tabs":[{"present":true,"rectangle":[24,778.66668701171875,173,53.33331298828125],"validFiniteRectangle":true},{"present":true,"rectangle":[205,778.66668701171875,173,53.33331298828125],"validFiniteRectangle":true}],"target":{"present":true,"rectangle":[24,392,354,371],"validFiniteRectangle":true},"targetCountCapped16":1,"viewport":{"present":true,"rectangle":[0,0,402,874],"validFiniteRectangle":true},"visibleInterior":{"present":true,"rectangle":[36,404,330,338.66668701171875],"validFiniteRectangle":true}},"game":"mafia","kind":"before-activation","ordinal":31,"schemaVersion":1}
    t =   342.34s Tap "Open the Mafia game., AFTER DARK · 2, Mafia, حرامية وظباط, Hidden roles. Quiet choices. A town deciding whom to trust." Button[0.50, 0.49]
    t =   342.34s     Wait for com.parlor.app.debug to idle
    t =   342.35s     Find the "Open the Mafia game., AFTER DARK · 2, Mafia, حرامية وظباط, Hidden roles. Quiet choices. A town deciding whom to trust." Button
    t =   342.36s     Check for interrupting elements affecting "Open the Mafia game., AFTER DARK · 2, Mafia, حرامية وظباط, Hidden roles. Quiet choices. A town deciding whom to trust." Button
    t =   342.37s     Synthesize event
    t =   342.38s         Find the "Open the Mafia game., AFTER DARK · 2, Mafia, حرامية وظباط, Hidden roles. Quiet choices. A town deciding whom to trust." Button
    t =   342.39s         Find the "Open the Mafia game., AFTER DARK · 2, Mafia, حرامية وظباط, Hidden roles. Quiet choices. A town deciding whom to trust." Button
    t =   342.41s         Find the "Open the Mafia game., AFTER DARK · 2, Mafia, حرامية وظباط, Hidden roles. Quiet choices. A town deciding whom to trust." Button
    t =   342.71s     Wait for com.parlor.app.debug to idle
    t =   342.72s Get number of matches for: Elements matching predicate 'label BEGINSWITH "Open the Mafia game."'
    t =   342.74s Get number of matches for: Elements matching predicate '"parlor-dsc01-overlay" IN identifiers'
    t =   342.75s Get number of matches for: Elements matching predicate 'label == "Open the game library., GAMES"'
    t =   342.76s Get number of matches for: Elements matching predicate 'label == "Open settings., SETTINGS"'
    t =   342.79s Find the Button (First Match)
    t =   342.81s Find the "Open the Mafia game., AFTER DARK · 2, Mafia, حرامية وظباط, Hidden roles. Quiet choices. A town deciding whom to trust." Button
    t =   342.84s Find the "Open the Mafia game., AFTER DARK · 2, Mafia, حرامية وظباط, Hidden roles. Quiet choices. A town deciding whom to trust." Button
    t =   342.86s Find the Target Application 'com.parlor.app.debug'
    t =   342.86s Find the "parlor-dsc01-overlay" Any
    t =   342.87s Get number of matches for: Elements matching predicate 'label BEGINSWITH "Start a pass-and-play session on this device."'
    t =   342.88s Checking existence of `Alert (First Match)`
    t =   342.92s Checking existence of `Keyboard (First Match)`
DSC01_CATALOG_METADATA {"elapsedMilliseconds":14578,"fields":{"alertPresent":false,"enabled":true,"foreground":true,"hittable":true,"keyboardPresent":false,"overlay":{"present":true,"rectangle":[68.666666666666657,134,265,49],"validFiniteRectangle":true},"overlayCountCapped16":1,"successorCountCapped16":1,"tabCountsCapped16":[0,0],"tabs":[],"target":{"present":true,"rectangle":[0,421,37,371],"validFiniteRectangle":true},"targetCountCapped16":1,"viewport":{"present":true,"rectangle":[0,0,402,874],"validFiniteRectangle":true}},"game":"mafia","kind":"after-activation","ordinal":32,"schemaVersion":1}
    t =   343.99s Get number of matches for: Elements matching predicate 'label BEGINSWITH "Open the Mafia game."'
    t =   344.02s Get number of matches for: Elements matching predicate '"parlor-dsc01-overlay" IN identifiers'
    t =   344.03s Get number of matches for: Elements matching predicate 'label == "Open the game library., GAMES"'
    t =   344.05s Get number of matches for: Elements matching predicate 'label == "Open settings., SETTINGS"'
    t =   344.06s Find the Target Application 'com.parlor.app.debug'
    t =   344.06s Find the "parlor-dsc01-overlay" Any
    t =   344.07s Get number of matches for: Elements matching predicate 'label BEGINSWITH "Start a pass-and-play session on this device."'
    t =   344.08s Checking existence of `Alert (First Match)`
    t =   344.10s Checking existence of `Keyboard (First Match)`
    t =   344.12s Get number of matches for: Elements matching predicate 'label BEGINSWITH "Open the Mafia game."'
    t =   344.12s Get number of matches for: Elements matching predicate '"parlor-dsc01-overlay" IN identifiers'
    t =   344.13s Get number of matches for: Elements matching predicate 'label == "Open the game library., GAMES"'
    t =   344.14s Get number of matches for: Elements matching predicate 'label == "Open settings., SETTINGS"'
    t =   344.15s Find the Target Application 'com.parlor.app.debug'
    t =   344.16s Find the "parlor-dsc01-overlay" Any
    t =   344.16s Get number of matches for: Elements matching predicate 'label BEGINSWITH "Start a pass-and-play session on this device."'
    t =   344.17s Checking existence of `Alert (First Match)`
    t =   344.19s Checking existence of `Keyboard (First Match)`
DSC01_CATALOG_METADATA {"elapsedMilliseconds":15842,"fields":{"alertPresent":false,"enabled":false,"foreground":true,"hittable":false,"keyboardPresent":false,"overlay":{"present":true,"rectangle":[68.666666666666657,134,265,49],"validFiniteRectangle":true},"overlayCountCapped16":1,"successorCountCapped16":1,"tabCountsCapped16":[0,0],"tabs":[],"target":{"present":false},"targetCountCapped16":0,"viewport":{"present":true,"rectangle":[0,0,402,874],"validFiniteRectangle":true}},"game":"mafia","kind":"successor","ordinal":33,"schemaVersion":1}
    t =   344.21s Waiting 15.0s for Any (First Match) to exist
    t =   345.26s     Checking `Expect predicate `existsNoRetry == 1` for object Any (First Match)`
    t =   345.26s         Checking existence of `Any (First Match)`
    t =   345.29s Get number of matches for: Elements matching predicate 'label BEGINSWITH "Start a pass-and-play session on this device."'
    t =   345.30s Get all elements bound by index for: Elements matching predicate 'label BEGINSWITH "Start a pass-and-play session on this device."'
    t =   345.31s Find the Any (Element at index 0)
    t =   345.33s Tap "Start a pass-and-play session on this device., Pass and Play, Hand one phone around. Private turns stay covered between players., 1 phone · 5–16 players" Button
    t =   345.33s     Wait for com.parlor.app.debug to idle
    t =   345.33s     Find the "Start a pass-and-play session on this device., Pass and Play, Hand one phone around. Private turns stay covered between players., 1 phone · 5–16 players" Button
    t =   345.34s     Check for interrupting elements affecting "Start a pass-and-play session on this device., Pass and Play, Hand one phone around. Private turns stay covered between players., 1 phone · 5–16 players" Button
    t =   345.35s     Synthesize event
    t =   345.65s     Wait for com.parlor.app.debug to idle
    t =   345.65s Waiting 15.0s for Any (First Match) to exist
    t =   346.71s     Checking `Expect predicate `existsNoRetry == 1` for object Any (First Match)`
    t =   346.71s         Checking existence of `Any (First Match)`
    t =   346.74s Get number of matches for: Elements matching predicate 'label BEGINSWITH "Set up a 5-player game"'
    t =   346.76s Get all elements bound by index for: Elements matching predicate 'label BEGINSWITH "Set up a 5-player game"'
    t =   346.77s Find the Any (Element at index 0)
    t =   346.78s Tap "Set up a 5-player game, 5 players" Button
    t =   346.78s     Wait for com.parlor.app.debug to idle
    t =   346.79s     Find the "Set up a 5-player game, 5 players" Button
    t =   346.80s     Check for interrupting elements affecting "Set up a 5-player game, 5 players" Button
    t =   346.81s     Synthesize event
    t =   347.09s     Wait for com.parlor.app.debug to idle
    t =   347.10s Waiting 10.0s for "dsc01-player-1" Any to exist
    t =   348.14s     Checking `Expect predicate `existsNoRetry == 1` for object "dsc01-player-1" Any`
    t =   348.14s         Checking existence of `"dsc01-player-1" Any`
    t =   348.19s Get number of matches for: Elements matching predicate '"dsc01-player-1" IN identifiers'
    t =   349.26s Checking existence of `"dsc01-player-1" Any`
    t =   349.30s Find the "dsc01-player-1" Any
    t =   349.33s Tap "dsc01-player-1" TextView
    t =   349.33s     Wait for com.parlor.app.debug to idle
    t =   349.33s     Find the "dsc01-player-1" TextView
    t =   349.35s     Check for interrupting elements affecting "dsc01-player-1" TextView
    t =   349.37s     Synthesize event
    t =   349.66s     Wait for com.parlor.app.debug to idle
    t =   349.67s Type 'Audit Player 1' into "dsc01-player-1" TextView
    t =   349.67s     Wait for com.parlor.app.debug to idle
    t =   350.06s     Find the "dsc01-player-1" TextView
    t =   350.15s     Check for interrupting elements affecting "dsc01-player-1" TextView
    t =   350.18s     Synthesize event
    t =   350.61s     Wait for com.parlor.app.debug to idle
    t =   351.66s Find the "dsc01-player-1" TextView
    t =   351.76s Type '
' into "dsc01-player-1" TextView
    t =   351.76s     Wait for com.parlor.app.debug to idle
    t =   351.76s     Find the "dsc01-player-1" TextView
    t =   351.83s     Check for interrupting elements affecting "dsc01-player-1" TextView
    t =   351.85s     Synthesize event
    t =   352.06s     Wait for com.parlor.app.debug to idle
    t =   352.06s Waiting 10.0s for "dsc01-player-2" Any to exist
    t =   353.11s     Checking `Expect predicate `existsNoRetry == 1` for object "dsc01-player-2" Any`
    t =   353.11s         Checking existence of `"dsc01-player-2" Any`
    t =   353.22s Get number of matches for: Elements matching predicate '"dsc01-player-2" IN identifiers'
    t =   354.27s Checking existence of `"dsc01-player-2" Any`
    t =   354.37s Find the "dsc01-player-2" Any
    t =   354.46s Type 'Audit Player 2' into "dsc01-player-2" TextView
    t =   354.46s     Wait for com.parlor.app.debug to idle
    t =   354.46s     Find the "dsc01-player-2" TextView
    t =   354.54s     Check for interrupting elements affecting "dsc01-player-2" TextView
    t =   354.56s     Synthesize event
    t =   354.99s     Wait for com.parlor.app.debug to idle
    t =   356.04s Find the "dsc01-player-2" TextView
    t =   356.13s Type '
' into "dsc01-player-2" TextView
    t =   356.13s     Wait for com.parlor.app.debug to idle
    t =   356.13s     Find the "dsc01-player-2" TextView
    t =   356.20s     Check for interrupting elements affecting "dsc01-player-2" TextView
    t =   356.23s     Synthesize event
    t =   356.44s     Wait for com.parlor.app.debug to idle
    t =   356.44s Waiting 10.0s for "dsc01-player-3" Any to exist
    t =   357.49s     Checking `Expect predicate `existsNoRetry == 1` for object "dsc01-player-3" Any`
    t =   357.49s         Checking existence of `"dsc01-player-3" Any`
    t =   357.60s Get number of matches for: Elements matching predicate '"dsc01-player-3" IN identifiers'
    t =   358.66s Checking existence of `"dsc01-player-3" Any`
    t =   358.75s Find the "dsc01-player-3" Any
    t =   358.83s Type 'Audit Player 3' into "dsc01-player-3" TextView
    t =   358.83s     Wait for com.parlor.app.debug to idle
    t =   358.83s     Find the "dsc01-player-3" TextView
    t =   358.90s     Check for interrupting elements affecting "dsc01-player-3" TextView
    t =   358.93s     Synthesize event
    t =   359.36s     Wait for com.parlor.app.debug to idle
    t =   360.38s Find the "dsc01-player-3" TextView
    t =   360.48s Type '
' into "dsc01-player-3" TextView
    t =   360.48s     Wait for com.parlor.app.debug to idle
    t =   360.48s     Find the "dsc01-player-3" TextView
    t =   360.55s     Check for interrupting elements affecting "dsc01-player-3" TextView
    t =   360.57s     Synthesize event
    t =   360.79s     Wait for com.parlor.app.debug to idle
    t =   360.79s Waiting 10.0s for "dsc01-player-4" Any to exist
    t =   361.81s     Checking `Expect predicate `existsNoRetry == 1` for object "dsc01-player-4" Any`
    t =   361.81s         Checking existence of `"dsc01-player-4" Any`
    t =   361.91s Get number of matches for: Elements matching predicate '"dsc01-player-4" IN identifiers'
    t =   362.94s Checking existence of `"dsc01-player-4" Any`
    t =   363.03s Find the "dsc01-player-4" Any
    t =   363.11s Type 'Audit Player 4' into "dsc01-player-4" TextView
    t =   363.11s     Wait for com.parlor.app.debug to idle
    t =   363.11s     Find the "dsc01-player-4" TextView
    t =   363.18s     Check for interrupting elements affecting "dsc01-player-4" TextView
    t =   363.21s     Synthesize event
    t =   363.65s     Wait for com.parlor.app.debug to idle
    t =   364.69s Find the "dsc01-player-4" TextView
    t =   364.80s Type '
' into "dsc01-player-4" TextView
    t =   364.80s     Wait for com.parlor.app.debug to idle
    t =   364.80s     Find the "dsc01-player-4" TextView
    t =   364.86s     Check for interrupting elements affecting "dsc01-player-4" TextView
    t =   364.89s     Synthesize event
    t =   365.09s     Wait for com.parlor.app.debug to idle
    t =   365.10s Waiting 10.0s for "dsc01-player-5" Any to exist
    t =   366.13s     Checking `Expect predicate `existsNoRetry == 1` for object "dsc01-player-5" Any`
    t =   366.13s         Checking existence of `"dsc01-player-5" Any`
    t =   366.23s Get number of matches for: Elements matching predicate '"dsc01-player-5" IN identifiers'
    t =   367.27s Checking existence of `"dsc01-player-5" Any`
    t =   367.36s Find the "dsc01-player-5" Any
    t =   367.44s Type 'Audit Player 5' into "dsc01-player-5" TextView
    t =   367.44s     Wait for com.parlor.app.debug to idle
    t =   367.44s     Find the "dsc01-player-5" TextView
    t =   367.52s     Check for interrupting elements affecting "dsc01-player-5" TextView
    t =   367.54s     Synthesize event
    t =   367.98s     Wait for com.parlor.app.debug to idle
    t =   369.11s Find the "dsc01-player-5" TextView
    t =   369.20s Type '
' into "dsc01-player-5" TextView
    t =   369.20s     Wait for com.parlor.app.debug to idle
    t =   369.20s     Find the "dsc01-player-5" TextView
    t =   369.27s     Check for interrupting elements affecting "dsc01-player-5" TextView
    t =   369.30s     Synthesize event
    t =   369.51s     Wait for com.parlor.app.debug to idle
    t =   370.78s Checking existence of `Keyboard (First Match)`
    t =   370.81s Waiting 15.0s for Any (First Match) to exist
    t =   371.84s     Checking `Expect predicate `existsNoRetry == 1` for object Any (First Match)`
    t =   371.84s         Checking existence of `Any (First Match)`
    t =   371.88s Get number of matches for: Elements matching predicate 'label BEGINSWITH "Continue to settings"'
    t =   371.89s Get all elements bound by index for: Elements matching predicate 'label BEGINSWITH "Continue to settings"'
    t =   371.91s Find the Any (Element at index 0)
    t =   371.92s Tap "Continue to settings, Continue" Button
    t =   371.92s     Wait for com.parlor.app.debug to idle
    t =   371.92s     Find the "Continue to settings, Continue" Button
    t =   371.93s     Check for interrupting elements affecting "Continue to settings, Continue" Button
    t =   371.95s     Synthesize event
    t =   372.23s     Wait for com.parlor.app.debug to idle
    t =   372.24s Waiting 15.0s for Any (First Match) to exist
    t =   373.26s     Checking `Expect predicate `existsNoRetry == 1` for object Any (First Match)`
    t =   373.26s         Checking existence of `Any (First Match)`
    t =   373.29s Get number of matches for: Elements matching predicate 'label BEGINSWITH "Start the Mafia game with these settings"'
    t =   373.30s Get all elements bound by index for: Elements matching predicate 'label BEGINSWITH "Start the Mafia game with these settings"'
    t =   373.32s Find the Any (Element at index 0)
    t =   373.34s Swipe up Target Application 'com.parlor.app.debug'
    t =   373.34s     Wait for com.parlor.app.debug to idle
    t =   373.34s     Find the Target Application 'com.parlor.app.debug'
    t =   373.35s     Check for interrupting elements affecting "بارلور" Application
    t =   373.37s     Synthesize event
    t =   373.84s     Wait for com.parlor.app.debug to idle
    t =   373.85s Get number of matches for: Elements matching predicate 'label BEGINSWITH "Start the Mafia game with these settings"'
    t =   373.87s Get all elements bound by index for: Elements matching predicate 'label BEGINSWITH "Start the Mafia game with these settings"'
    t =   373.88s Find the Any (Element at index 0)
    t =   373.90s Swipe up Target Application 'com.parlor.app.debug'
    t =   373.90s     Wait for com.parlor.app.debug to idle
    t =   373.90s     Find the Target Application 'com.parlor.app.debug'
    t =   373.91s     Check for interrupting elements affecting "بارلور" Application
    t =   373.95s     Synthesize event
    t =   374.43s     Wait for com.parlor.app.debug to idle
    t =   374.44s Get number of matches for: Elements matching predicate 'label BEGINSWITH "Start the Mafia game with these settings"'
    t =   374.46s Get all elements bound by index for: Elements matching predicate 'label BEGINSWITH "Start the Mafia game with these settings"'
    t =   374.48s Find the Any (Element at index 0)
    t =   374.50s Swipe up Target Application 'com.parlor.app.debug'
    t =   374.50s     Wait for com.parlor.app.debug to idle
    t =   374.50s     Find the Target Application 'com.parlor.app.debug'
    t =   374.51s     Check for interrupting elements affecting "بارلور" Application
    t =   374.52s     Synthesize event
    t =   375.00s     Wait for com.parlor.app.debug to idle
    t =   375.00s Get number of matches for: Elements matching predicate 'label BEGINSWITH "Start the Mafia game with these settings"'
    t =   375.02s Get all elements bound by index for: Elements matching predicate 'label BEGINSWITH "Start the Mafia game with these settings"'
    t =   375.05s Find the Any (Element at index 0)
    t =   375.07s Tap "Start the Mafia game with these settings" Button
    t =   375.07s     Wait for com.parlor.app.debug to idle
    t =   375.07s     Find the "Start the Mafia game with these settings" Button
    t =   375.08s     Check for interrupting elements affecting "Start the Mafia game with these settings" Button
    t =   375.10s     Synthesize event
    t =   375.39s     Wait for com.parlor.app.debug to idle
    t =   375.39s Waiting 10.0s for "parlor-dsc01-state" StaticText to exist
    t =   376.44s     Checking `Expect predicate `existsNoRetry == 1` for object "parlor-dsc01-state" StaticText`
    t =   376.44s         Checking existence of `"parlor-dsc01-state" StaticText`
    t =   376.48s Find the "parlor-dsc01-state" StaticText
    t =   376.50s Tap "parlor-dsc01-observe" Button
    t =   376.50s     Wait for com.parlor.app.debug to idle
    t =   376.50s     Find the "parlor-dsc01-observe" Button
    t =   376.51s     Check for interrupting elements affecting "parlor-dsc01-observe" Button
    t =   376.53s     Synthesize event
    t =   376.81s     Wait for com.parlor.app.debug to idle
    t =   377.85s Find the "parlor-dsc01-state" StaticText
    t =   377.87s Waiting 10.0s for "parlor-dsc01-state" StaticText to exist
    t =   378.91s     Checking `Expect predicate `existsNoRetry == 1` for object "parlor-dsc01-state" StaticText`
    t =   378.91s         Checking existence of `"parlor-dsc01-state" StaticText`
    t =   378.94s Find the "parlor-dsc01-state" StaticText
    t =   378.96s Waiting 10.0s for "parlor-dsc01-state" StaticText to exist
    t =   380.01s     Checking `Expect predicate `existsNoRetry == 1` for object "parlor-dsc01-state" StaticText`
    t =   380.01s         Checking existence of `"parlor-dsc01-state" StaticText`
    t =   380.04s Find the "parlor-dsc01-state" StaticText
    t =   380.06s Tap "parlor-dsc01-observe" Button
    t =   380.06s     Wait for com.parlor.app.debug to idle
    t =   380.07s     Find the "parlor-dsc01-observe" Button
    t =   380.08s     Check for interrupting elements affecting "parlor-dsc01-observe" Button
    t =   380.10s     Synthesize event
    t =   380.38s     Wait for com.parlor.app.debug to idle
    t =   381.44s Find the "parlor-dsc01-state" StaticText
    t =   381.48s Waiting 10.0s for "parlor-dsc01-state" StaticText to exist
    t =   382.51s     Checking `Expect predicate `existsNoRetry == 1` for object "parlor-dsc01-state" StaticText`
    t =   382.51s         Checking existence of `"parlor-dsc01-state" StaticText`
    t =   382.53s Find the "parlor-dsc01-state" StaticText
    t =   382.54s Waiting 10.0s for "parlor-dsc01-state" StaticText to exist
    t =   383.56s     Checking `Expect predicate `existsNoRetry == 1` for object "parlor-dsc01-state" StaticText`
    t =   383.56s         Checking existence of `"parlor-dsc01-state" StaticText`
    t =   383.59s Find the "parlor-dsc01-state" StaticText
    t =   383.60s Tap "parlor-dsc01-observe" Button
    t =   383.60s     Wait for com.parlor.app.debug to idle
    t =   383.61s     Find the "parlor-dsc01-observe" Button
    t =   383.62s     Check for interrupting elements affecting "parlor-dsc01-observe" Button
    t =   383.64s     Synthesize event
    t =   383.93s     Wait for com.parlor.app.debug to idle
    t =   384.96s Find the "parlor-dsc01-state" StaticText
    t =   384.99s Waiting 10.0s for "parlor-dsc01-state" StaticText to exist
    t =   386.03s     Checking `Expect predicate `existsNoRetry == 1` for object "parlor-dsc01-state" StaticText`
    t =   386.03s         Checking existence of `"parlor-dsc01-state" StaticText`
    t =   386.07s Find the "parlor-dsc01-state" StaticText
    t =   386.09s Waiting 10.0s for "parlor-dsc01-state" StaticText to exist
    t =   387.11s     Checking `Expect predicate `existsNoRetry == 1` for object "parlor-dsc01-state" StaticText`
    t =   387.11s         Checking existence of `"parlor-dsc01-state" StaticText`
    t =   387.14s Find the "parlor-dsc01-state" StaticText
    t =   387.16s Tap "parlor-dsc01-observe" Button
    t =   387.16s     Wait for com.parlor.app.debug to idle
    t =   387.16s     Find the "parlor-dsc01-observe" Button
    t =   387.17s     Check for interrupting elements affecting "parlor-dsc01-observe" Button
    t =   387.19s     Synthesize event
    t =   387.48s     Wait for com.parlor.app.debug to idle
    t =   388.53s Find the "parlor-dsc01-state" StaticText
    t =   388.56s Waiting 10.0s for "parlor-dsc01-state" StaticText to exist
    t =   389.59s     Checking `Expect predicate `existsNoRetry == 1` for object "parlor-dsc01-state" StaticText`
    t =   389.59s         Checking existence of `"parlor-dsc01-state" StaticText`
    t =   389.62s Find the "parlor-dsc01-state" StaticText
    t =   389.64s Waiting 10.0s for "parlor-dsc01-state" StaticText to exist
    t =   390.66s     Checking `Expect predicate `existsNoRetry == 1` for object "parlor-dsc01-state" StaticText`
    t =   390.66s         Checking existence of `"parlor-dsc01-state" StaticText`
    t =   390.69s Find the "parlor-dsc01-state" StaticText
    t =   390.71s Tap "parlor-dsc01-observe" Button
    t =   390.71s     Wait for com.parlor.app.debug to idle
    t =   390.71s     Find the "parlor-dsc01-observe" Button
    t =   390.73s     Check for interrupting elements affecting "parlor-dsc01-observe" Button
    t =   390.74s     Synthesize event
    t =   391.04s     Wait for com.parlor.app.debug to idle
    t =   392.08s Find the "parlor-dsc01-state" StaticText
    t =   392.11s Waiting 10.0s for "parlor-dsc01-state" StaticText to exist
    t =   393.14s     Checking `Expect predicate `existsNoRetry == 1` for object "parlor-dsc01-state" StaticText`
    t =   393.14s         Checking existence of `"parlor-dsc01-state" StaticText`
    t =   393.18s Find the "parlor-dsc01-state" StaticText
    t =   393.20s Waiting 10.0s for "parlor-dsc01-state" StaticText to exist
    t =   394.22s     Checking `Expect predicate `existsNoRetry == 1` for object "parlor-dsc01-state" StaticText`
    t =   394.22s         Checking existence of `"parlor-dsc01-state" StaticText`
    t =   394.26s Find the "parlor-dsc01-state" StaticText
    t =   394.27s Tap "parlor-dsc01-observe" Button
    t =   394.27s     Wait for com.parlor.app.debug to idle
    t =   394.28s     Find the "parlor-dsc01-observe" Button
    t =   394.29s     Check for interrupting elements affecting "parlor-dsc01-observe" Button
    t =   394.31s     Synthesize event
    t =   394.60s     Wait for com.parlor.app.debug to idle
    t =   395.63s Find the "parlor-dsc01-state" StaticText
    t =   395.66s Waiting 10.0s for "parlor-dsc01-state" StaticText to exist
    t =   396.69s     Checking `Expect predicate `existsNoRetry == 1` for object "parlor-dsc01-state" StaticText`
    t =   396.69s         Checking existence of `"parlor-dsc01-state" StaticText`
    t =   396.73s Find the "parlor-dsc01-state" StaticText
/var/folders/6m/vxwlbjsn7vs6h80_98w6x7p40000gn/T/parlor-audit-dsc01-apphost-05-7dr2h_e6/copy/iosApp/iosAppUITests/IOSAppLaunchUITests.swift:612: error: -[iosAppUITests.IOSAppLaunchUITests testDSC01ActualSettingsLocalSessionsAndOSInvestigation] : failed - Actual settings/owner never reached required state after bounded observations
    t =   396.79s Tear Down
Test Case '-[iosAppUITests.IOSAppLaunchUITests testDSC01ActualSettingsLocalSessionsAndOSInvestigation]' failed (397.462 seconds).
Test Suite 'IOSAppLaunchUITests' failed at 2026-09-06 19:35:14.069.
	 Executed 1 test, with 1 failure (0 unexpected) in 397.462 (397.463) seconds
Test Suite 'iosAppUITests.xctest' failed at 2026-09-06 19:35:14.070.
	 Executed 5 tests, with 1 failure (0 unexpected) in 397.830 (397.834) seconds
Test Suite 'All tests' failed at 2026-09-06 19:35:14.070.
	 Executed 5 tests, with 1 failure (0 unexpected) in 397.830 (397.835) seconds
2026-09-06 19:35:33.311 xcodebuild[7145:2882179] [MT] IDETestOperationsObserverDebug: 425.590 elapsed -- Testing started completed.
2026-09-06 19:35:33.311 xcodebuild[7145:2882179] [MT] IDETestOperationsObserverDebug: 0.000 sec, +0.000 sec -- start
2026-09-06 19:35:33.311 xcodebuild[7145:2882179] [MT] IDETestOperationsObserverDebug: 425.590 sec, +425.590 sec -- end

Test session results, code coverage, and logs:
	/var/folders/6m/vxwlbjsn7vs6h80_98w6x7p40000gn/T/parlor-audit-dsc01-apphost-05-7dr2h_e6/Results.xcresult

Failing tests:
	IOSAppLaunchUITests.testDSC01ActualSettingsLocalSessionsAndOSInvestigation()

** TEST FAILED **

Testing started
